date,close,volume,return,log_return,rolling_return_5d,rolling_return_10d,price_momentum,rolling_volume_mean,rolling_volume_std,volume_ratio_20d,obv,volatility_20d,true_range,atr_14d,rsi_14d,macd,symbol
2025-07-29,805.1,427366.132,-0.023019889087092182,-0.023288984451676764,0.04458053299426523,0.09806328423349697,71.89999999999998,315828.301915,156699.659557234,1.3531597054750923,1592468.2196999998,0.3254156322799046,18.970000000000027,16.061428571428564,75.6114915947701,38.17250721406674,BNBUSDT
2025-07-30,793.51,369598.736,-0.014395727238852407,-0.014500351024425949,0.01026163345852682,0.04847916281282205,36.68999999999994,323559.861915,155269.4954081561,1.1422885824357734,1222869.4836999997,0.33014020309422787,11.590000000000032,15.554285714285706,69.49393828067598,36.29669976662751,BNBUSDT
2025-07-31,783.14,335026.145,-0.013068518355156211,-0.013154662784285344,-0.012794816523591601,0.02208243063349946,16.91999999999996,326893.473965,154736.65682705113,1.0248786582869218,887843.3386999997,0.33815038862895824,10.370000000000005,15.434999999999993,64.4592530889907,33.586175985680825,BNBUSDT
2025-08-01,757.08,393831.558,-0.03327629797992693,-0.03384255132650542,-0.10298578199052133,-0.03762648090710319,-29.59999999999991,339845.79261500004,148526.99339837066,1.1588537111776418,494011.7806999997,0.36443747788863723,26.059999999999945,16.634285714285706,55.831329440054986,29.000937399632107,BNBUSDT
2025-08-02,736.42,209282.992,-0.02728905795952885,-0.027668320027964433,-0.10636232358901565,-0.05190926178644084,-40.32000000000005,346063.656065,139630.0099860704,0.604752878067875,284728.7886999997,0.38177994791957576,20.660000000000082,17.875714285714277,50.64333093582672,23.429927824811784,BNBUSDT
2025-08-03,751.21,142700.965,0.020083647918307523,0.019884631696773535,-0.06693578437461178,-0.025339284324155997,-19.529999999999973,340516.954515,145571.8782558138,0.41907154139578656,427429.75369999965,0.3851073699778295,14.790000000000077,17.244999999999997,48.83817255519198,19.97799806875821,BNBUSDT
2025-08-04,768.63,171505.406,0.023189254669133685,0.022924469535732017,-0.031354362263865565,-0.021414475778216424,-16.82000000000005,339644.100265,146577.29659571714,0.5049562346767884,598935.1596999996,0.39040055262684586,17.41999999999996,17.81785714285714,50.48306273802364,18.43545483459934,BNBUSDT
2025-08-05,755.13,179458.96,-0.01756371726318251,-0.017719789517981244,-0.035766274229384276,-0.04810346783647845,-38.15999999999997,336700.301365,149285.2422347156,0.5329931671354742,419476.19969999965,0.39012934421799694,13.5,17.320714285714285,43.494577095962725,15.939895835362677,BNBUSDT
2025-08-06,769.55,163684.71,0.01909604968680889,0.018916008568684573,0.016471178739366987,-0.08821090047393365,-74.45000000000005,324405.903115,153045.6682586617,0.5045676062866671,583160.9096999996,0.3911672805238495,14.419999999999959,17.64071428571429,48.544357614285126,14.953347948947908,BNBUSDT
2025-08-07,788.67,188106.802,0.024845689039048713,0.024542053978015545,0.07095135927867258,-0.042957515745021824,-35.40000000000009,305989.73896499997,145637.55964856996,0.6147487253535525,771267.7116999996,0.3972073601644458,19.120000000000005,18.577857142857145,53.446883771002334,15.535245212310201,BNBUSDT
2025-08-08,793.5,195309.718,0.006124234470691325,0.006105557562485255,0.0562958427070992,-0.0144081480561421,-11.600000000000023,306350.434365,145338.8352053304,0.6375369383916035,966577.4296999996,0.3972670120537417,4.830000000000041,17.872142857142858,51.608648735062545,16.199406940445215,BNBUSDT
2025-08-09,798.83,202384.753,0.006717076244486586,0.006694617204476799,0.039290686025786226,0.006704389358672236,5.32000000000005,303806.91186500003,146755.17251384995,0.6661624377062623,1168962.1826999995,0.3835375922677903,5.330000000000041,17.692857142857154,51.118288251917654,16.960338129833644,BNBUSDT
2025-08-10,807.22,162735.303,0.010502860433383887,0.01044808856845143,0.068981499874194,0.030748014403555013,24.08000000000004,295022.679415,149800.64191020624,0.5516026880465176,1331697.4856999996,0.38297151891498765,8.389999999999986,14.670000000000007,41.04586619924044,18.032516832290867,BNBUSDT
2025-08-11,805.09,316220.572,-0.0026386858601125107,-0.0026421733278855285,0.04618283412383861,0.06341469857874982,48.00999999999999,292880.005215,149141.2902639909,1.0796932749569774,1015476.9136999997,0.3727945027323128,2.1299999999999955,13.39857142857144,44.94082524789423,18.4971295839905,BNBUSDT
2025-08-12,832.47,268762.259,0.03400862015426842,0.03344311275774297,0.055536536193845354,0.13042828820510044,96.05000000000007,270863.760335,112455.4500836253,0.9922414820926916,1284239.1726999998,0.38600928325292616,27.379999999999995,13.999285714285723,56.9824991070973,20.83450846826804,BNBUSDT
2025-08-13,848.01,395861.313,0.01866733936358056,0.018495243005953416,0.06869565217391305,0.12885877451045635,96.79999999999995,272484.989135,114082.2421081171,1.4527820936362643,1680100.4856999998,0.38697219115054327,15.539999999999964,14.281428571428576,63.62908872661798,23.66801604463069,BNBUSDT
2025-08-14,840.42,592656.9793,-0.008950366151342593,-0.008990661296192526,0.05206364307800149,0.09339994535732399,71.78999999999996,287914.43205000006,134730.7219864782,2.0584483211910594,1087443.5063999998,0.38629849062718374,7.590000000000032,14.082857142857149,64.52627307770338,25.012809546970175,BNBUSDT
2025-08-15,827.81,252091.108,-0.015004402560624519,-0.015118107424731827,0.025507296647753863,0.09624832810244577,72.67999999999995,294080.7679,129795.19951313392,0.8572172529341386,835352.3983999998,0.39103319115064944,12.610000000000014,13.122142857142867,69.25044907735013,24.775450501259456,BNBUSDT
2025-08-16,838.71,114512.1,0.013167272683345388,0.013081337679505084,0.04175930641294756,0.089870703657982,69.16000000000008,279941.56012499996,133314.4695817124,0.4090571616049717,949864.4983999998,0.32024326156966865,10.900000000000091,12.425000000000011,79.4021270480023,25.176659790218082,BNBUSDT
2025-08-17,855.38,164953.856,0.01987576158624549,0.019680817511243086,0.0275205112496546,0.0845854413125895,66.71000000000004,262302.518365,123146.48770051292,0.6288687467745273,1114818.3543999998,0.315095042268752,16.66999999999996,12.559285714285718,79.62236250924187,26.533884620140384,BNBUSDT
2025-08-18,846.99,233741.603,-0.009808506161004482,-0.009856926438110805,-0.0012028160045282066,0.06741020793950847,53.49000000000001,252621.291915,116941.57282821501,0.9252648548668159,881076.7513999998,0.3044620265751196,8.389999999999986,11.91428571428572,73.48920863309351,26.62556920631721,BNBUSDT
2025-08-19,824.11,211802.026,-0.027013305942218957,-0.02738487206149716,-0.019406963185074066,0.03164628268843184,25.279999999999973,244731.456415,113917.97548098429,0.8654466781778949,669274.7253999999,0.31690648270441496,22.879999999999995,12.584285714285718,69.57656941764105,24.568791384019164,BNBUSDT
2025-08-20,869.05,392159.8615,0.05453155525354614,0.05309664486407008,0.04981819499643647,0.0765962191224201,61.82999999999993,247588.14224000002,116976.73821325292,1.5839202069696017,1061434.5869,0.36171668916452243,44.93999999999994,14.764285714285718,74.06869859700048,26.26232680661724,BNBUSDT
2025-08-21,839.49,277889.676,-0.034014153385881096,-0.03460609641513308,0.0009299996423077772,0.04272814219528254,34.39999999999998,241791.04814,112119.88618208666,1.1492967921587338,783544.9109,0.3627727335152711,29.559999999999945,15.51,61.70212765957448,24.931822345044566,BNBUSDT
2025-08-22,900.21,430842.5317,0.07232962870314119,0.06983350484529989,0.05240945544670206,0.081372301704566,67.74000000000001,252869.02512500001,119445.15740284746,1.7038169522226887,1214387.4426,0.4125456864742991,60.72000000000003,19.502142857142854,69.54180859246237,28.449041671789132,BNBUSDT
2025-08-23,880.42,209279.872,-0.02198375934504182,-0.022229003098532783,0.0394691790930235,0.03821888892819647,32.40999999999997,256197.970475,117118.28078090258,0.8168677980234886,1005107.5706,0.4262557497825634,19.790000000000077,20.535,64.19005878465336,29.301802777679768,BNBUSDT
2025-08-24,876.51,289492.317,-0.004441062220303937,-0.00445095303179575,0.06358374488842511,0.042942814307132204,36.09000000000003,262097.316025,115589.28643744151,1.1045222491800981,715615.2535999999,0.42473912408701026,3.909999999999968,20.215,62.24161690399632,29.324087942948267,BNBUSDT
2025-08-25,839.32,320570.155,-0.04242963571436709,-0.043356073122832926,-0.034209769288303216,0.013904156750945473,11.510000000000105,269152.87577499996,114581.87975297662,1.1910337352961544,395045.0985999999,0.4520455235694991,37.18999999999994,22.71928571428571,55.38089099883674,26.04064654316778,BNBUSDT
2025-08-26,863.7,194882.089,0.029047324024210175,0.028633446099745767,0.028838937926598307,0.029795757770862297,24.99000000000001,270712.744725,113275.41846504669,0.7198851653547691,589927.1876,0.45731234897195866,24.379999999999995,22.504999999999995,54.956041514584065,25.116233520055744,BNBUSDT
2025-08-27,855.18,135243.457,-0.009864536297325532,-0.009913513191245303,-0.0500216616122906,-0.00023381421122781187,-0.20000000000004547,268069.577475,115890.95319607471,0.5045087856439536,454683.73059999995,0.45511081855372665,8.520000000000095,22.003571428571433,51.163772114916405,23.426095299440135,BNBUSDT
2025-08-28,873.47,232414.922,0.02138731027386065,0.02116181129860086,-0.007893959701051667,0.03126365128277775,26.480000000000018,269924.83767499996,114958.1079577357,0.8610357016490517,687098.6525999999,0.4590671000454636,18.290000000000077,22.76785714285715,55.184313725490206,23.29398022289604,BNBUSDT
2025-08-29,862.3,180524.219,-0.012788075148545519,-0.012870546435316635,-0.016212022680859306,0.04634090109330047,38.18999999999994,268831.810975,115735.37842251545,0.6715136067613214,506574.4335999999,0.4634151298858786,11.170000000000073,22.665000000000013,55.434748353345306,22.033958664658826,BNBUSDT
2025-08-30,862.0,101039.981,-0.00034790676098794826,-0.00034796729458555785,0.02702187485106977,-0.008112306541625869,-7.0499999999999545,265747.044875,119473.88882700208,0.3802111178603186,405534.45259999984,0.46306727606716236,0.2999999999999545,21.907857142857146,53.796746111962435,20.77173141914932,BNBUSDT
2025-08-31,857.65,94241.193,-0.005046403712297032,-0.005059179807859102,-0.0070047470186408445,0.021632181443495435,18.159999999999968,254648.075925,124733.21639431734,0.3700840568210549,311293.2595999999,0.4635820566607453,4.350000000000023,21.02785714285715,50.38554298719385,19.199083504073087,BNBUSDT
2025-09-01,845.68,254185.715,-0.013956742260828991,-0.014055053395426429,-0.011108772422180113,-0.06057475477944041,-54.530000000000086,253919.248725,124688.98360180263,1.0010494134506855,57107.54459999988,0.4529497948649434,11.970000000000027,21.283571428571438,49.7801792126724,16.79328717740009,BNBUSDT
2025-09-02,851.8,164333.169,0.007236779869454146,0.007210720028705497,-0.024809094759980388,-0.032507212466777236,-28.620000000000005,242342.841525,121524.82137580459,0.678102014344201,221440.71359999987,0.44889172130426924,6.1200000000000045,20.08642857142858,54.92336687884497,15.205232651631718,BNBUSDT
2025-09-03,854.76,116453.022,0.003474994130077569,0.003468970289149726,-0.00874405659283306,-0.024814320429886738,-21.75,218532.64365999997,92448.30791357762,0.5328861631362558,337893.7355999999,0.4475516745920795,2.9600000000000364,17.08785714285716,47.01333444802074,14.02387673940143,BNBUSDT
2025-09-04,843.63,108195.902,-0.013021198933033884,-0.013106717928284713,-0.021310904872389846,0.00513510937425532,4.309999999999945,211337.88336,95255.843197312,0.5119569680543052,229697.8335999999,0.44665273514035464,11.129999999999995,15.771428571428592,50.937499999999986,12.050633483501429,BNBUSDT
2025-09-05,850.14,120856.951,0.007716653035098275,0.007687031954212297,-0.008756485745933684,-0.01569989579715181,-13.56000000000006,211655.12591,94926.39573627936,0.5710088545239901,350554.7845999999,0.4451512088475419,6.509999999999991,11.899285714285734,34.97208716009365,10.886632260405804,BNBUSDT
2025-09-06,860.85,144234.054,0.012597925047639347,0.01251923141829096,0.01793822722542804,0.00663018311934338,5.670000000000073,210619.13580999998,95573.75723235524,0.6848098272044658,494788.8385999999,0.44180479492995134,10.710000000000036,11.2507142857143,43.78769601930039,10.704960279229454,BNBUSDT
2025-09-07,880.05,136538.058,0.02230353720160294,0.0220584508174972,0.033165062221178765,0.007533172289832413,6.579999999999927,205758.95856,96799.69810228712,0.663582567464177,631326.8965999999,0.4463740976341715,19.199999999999932,12.342857142857156,51.024305555555536,11.97225476372978,BNBUSDT
2025-09-08,878.08,177574.781,-0.0022385091756149667,-0.002241018382567507,0.027282512050166297,0.01829989562797185,15.780000000000086,204047.59631,96989.60972208892,0.870261567454188,453752.1155999999,0.4332765788300145,1.9699999999999136,9.827142857142869,64.08634976013954,12.67156235399375,BNBUSDT
2025-09-09,880.01,150610.03,0.002197977405247853,0.002195565386639183,0.04312317011011935,0.020893271461716934,18.00999999999999,191970.104735,86840.66977430815,0.7845493974590761,604362.1455999999,0.38913868080808633,1.92999999999995,8.223571428571436,57.08329714236078,13.229007761135222,BNBUSDT
2025-09-10,893.77,306830.178,0.015636185952432324,0.015515200336169576,0.05132095890088695,0.0421150819098699,36.120000000000005,193417.129835,88571.5656765276,1.5863650663297002,911192.3236,0.3694536211093271,13.759999999999991,8.597857142857142,66.02974162997427,14.612658632700231,BNBUSDT
2025-09-11,902.77,179913.182,0.010069704733880025,0.010019343059770995,0.04869605622349993,0.06750780437044757,57.09000000000003,180870.66235,68716.34330644227,0.994706270560633,1091105.5056,0.267362270004907,9.0,7.934285714285709,63.18869283399351,16.24813827700109,BNBUSDT
2025-09-12,924.8,240267.9372,0.024402671776864615,0.02410968347812227,0.05084938355775237,0.08570086874853255,73.0,182420.06561,69732.46656373827,1.3171135335170545,1331373.4428,0.2668377170287762,22.029999999999973,8.709999999999988,75.62735771691,19.101711921088736,BNBUSDT
2025-09-13,933.68,251751.2324,0.009602076124567427,0.00955626918598517,0.06331997084548102,0.0923300107632552,78.91999999999996,180533.01138,67145.1080498893,1.3944886338271636,1583124.6752000002,0.26658112868247896,8.879999999999995,9.322857142857133,77.459393196445,21.828110509236126,BNBUSDT
2025-09-14,926.51,159814.975,-0.00767929054922456,-0.007708928128782138,0.05284030863285638,0.0982421203608217,82.88,172495.25238,58574.095769442116,0.9264891224248546,1423309.7002,0.21006781793296228,7.169999999999959,9.5242857142857,75.82120893955307,23.143458571069687,BNBUSDT
2025-09-15,919.68,175249.087,-0.007371749900162983,-0.007399055524710678,0.028989561072759074,0.08179829204601585,69.53999999999996,171513.60228000002,58343.22655938503,1.021779524599464,1248060.6132,0.1940219540093722,6.830000000000041,9.157142857142844,78.86115444617789,23.365415501895654,BNBUSDT
2025-09-16,955.65,284918.8385,0.039111430062630514,0.03836595378000151,0.05857527387928263,0.11012371493291506,94.79999999999995,178997.371355,62869.87304364554,1.5917487298454747,1532979.4517,0.22555354884133097,35.97000000000003,11.289285714285702,82.85352736475804,26.142442550242095,BNBUSDT
2025-09-17,989.98,362193.1958,0.035923193637838136,0.03529300367376316,0.07048010380622838,0.12491335719561403,109.93000000000006,185486.285045,74326.7866829367,1.9526683372419147,1895172.6475,0.24412944777819756,34.33000000000004,13.529999999999989,85.69316861999792,30.758831918032115,BNBUSDT
2025-09-18,981.04,402672.5617,-0.009030485464352922,-0.00907150745059954,0.05072401679376237,0.1172558309037901,102.95999999999992,196593.70218,88746.45004411344,2.0482475137037475,1492500.0858,0.2405522853673545,8.940000000000055,13.373571428571422,86.69550819847248,33.31197080256243,BNBUSDT
2025-09-19,984.1,333582.761,0.003119138873032723,0.003114284451169252,0.062157990739441615,0.11828274678696826,104.09000000000003,208220.84118,90778.61935028997,1.6020623061052222,1826082.8468,0.2395408145488647,3.060000000000059,13.127142857142855,86.44575035368376,35.17677225565524,BNBUSDT
2025-09-20,1043.77,380966.0766,0.06063408190224573,0.058866919753189556,0.13492736604036182,0.1678284122313347,150.0,222557.08536,94399.31843784256,1.7117679088210718,2207048.9233999997,0.30195808066685603,59.66999999999996,16.62428571428571,89.29706969150125,40.99692413764353,BNBUSDT
2025-09-21,1047.8,464411.2823,0.0038610038610038533,0.0038535693159899723,0.0964265159838853,0.160649999446149,145.02999999999997,233068.363725,108723.87478482808,1.9925968281476594,2671460.2057,0.2895491723557818,4.029999999999973,15.540714285714282,88.55081123316634,45.41115226013994,BNBUSDT
2025-09-22,992.9,588730.396,-0.052395495323535046,-0.05381805293457095,0.00294955453645529,0.07363754325259508,68.10000000000002,254288.22507500002,133251.2549383282,2.3152090342616503,2082729.8096999999,0.3667181369205163,54.89999999999998,19.321428571428573,71.22365988909426,43.97259990870384,BNBUSDT
2025-09-23,1015.98,420071.07,0.023245039782455512,0.022978988865755848,0.035615265432602294,0.08814583154828215,82.30000000000007,269469.12747500004,134014.5817716708,1.558883846680997,2502800.8797,0.37021940629098476,23.08000000000004,20.832142857142863,73.3104748842791,44.185556329559404,BNBUSDT
2025-09-24,1018.49,363049.882,0.00247052107324941,0.002467474353022014,0.034945635606137504,0.09927577683996947,91.98000000000002,282211.82647499995,129926.90885091937,1.2864446062899535,2865850.7616999997,0.3620276431191204,2.509999999999991,20.028571428571436,72.23965763195434,44.04909134499246,BNBUSDT
2025-09-25,945.9,635121.254,-0.07127217743915015,-0.07393956203920149,-0.09376586795941633,0.028509916492693188,26.220000000000027,307925.041625,146183.97038573542,2.0625839673457573,2230729.5077,0.46244183396849725,72.59000000000003,24.570714285714295,56.26907758946481,37.649535116685115,BNBUSDT
2025-09-26,960.8,384757.514,0.015752193677978532,0.01562941554664885,-0.08303111280778774,0.005389002249777564,5.149999999999977,319951.21462499996,141837.79160088443,1.202550565250882,2615487.0217,0.46319542805673247,14.899999999999977,24.061428571428582,55.343466128361925,33.39518724417428,BNBUSDT
2025-09-27,968.45,245246.415,0.007962114904246587,0.007930584522474558,-0.024624836337999723,-0.02174791409927468,-21.529999999999973,325386.632475,136418.62218879318,0.7537077142185388,2860733.4367,0.459246880304307,7.650000000000091,23.973571428571443,55.1798111015106,30.29169318743027,BNBUSDT
2025-09-28,993.01,188486.48,0.02536011151840567,0.025043879199671448,-0.02260871276993648,0.012201337356275044,11.970000000000027,325932.21742500004,135816.85116949584,0.5782996277235848,3049219.9167,0.4637448342496618,24.559999999999945,25.215714285714302,59.41872981700753,29.474178548244254,BNBUSDT
2025-09-29,1029.79,291982.5,0.03703890192445192,0.03636944245355086,0.011094856110516416,0.04642820851539464,45.68999999999994,333000.840925,129755.54532646506,0.8768221100851864,3341202.4167,0.4757147205183155,36.77999999999997,27.35500000000001,64.3757996709925,31.431804645198213,BNBUSDT
2025-09-30,1008.51,258830.971,-0.020664407306344,-0.02088090387995396,0.06619092927370751,-0.033781388620098274,-35.25999999999999,330600.88057499996,130705.49441387289,0.7829107126085882,3082371.4457,0.485659251793215,21.279999999999973,26.30571428571429,57.17660475724992,30.909810223778095,BNBUSDT
2025-10-01,1026.5,269007.811,0.017838196944006457,0.017680963397471633,0.06838051623646968,-0.020328306928803164,-21.299999999999955,335055.61202500004,126758.08501184503,0.8028751089234945,3351379.2567,0.4871955372803012,17.99000000000001,25.13857142857143,55.18838438370177,31.583691401026954,BNBUSDT
2025-10-02,1090.22,380679.445,0.06207501217730149,0.06022455326067091,0.12573700242655783,0.09801591298217338,97.32000000000005,342076.187415,125109.57123173856,1.1128498825852713,3732058.7016999996,0.5222419818780392,63.72000000000003,29.051428571428573,63.422010228166805,36.83480980028435,BNBUSDT
2025-10-03,1189.4,744996.7206,0.09097246427326611,0.08706946755283426,0.19777242928067196,0.17069233646331639,173.42000000000007,366738.461825,152076.41680974595,2.031411477521812,4477055.4223,0.5982806115961193,99.18000000000006,35.917142857142856,70.41404820618885,48.44095886180753,BNBUSDT
2025-10-04,1150.75,337438.509,-0.03249537581974116,-0.0330350745751426,0.11746084153079761,0.12985890877671857,132.26,375619.638525,144346.28434653042,0.89835161528047,4139616.9132999997,0.615801595570514,38.65000000000009,34.415714285714294,61.10165622016521,53.89887098850727,BNBUSDT
2025-10-05,1167.38,306730.178,0.01445144470997195,0.014348017837182548,0.1575294245966823,0.23414737287239684,221.48000000000013,382193.69307499996,137575.66000239635,0.8025516473915457,4446347.0912999995,0.611740117537468,16.63000000000011,35.31571428571431,62.09295740463575,58.8873905067079,BNBUSDT
2025-10-06,1223.19,587477.5601,0.047807911733968256,0.04670027876894204,0.19161227471992204,0.2730953372189844,262.3900000000001,397321.62915500003,142849.96951239352,1.4785944609897335,5033824.6514,0.6174723705013032,55.809999999999945,35.380714285714305,73.24611874911675,66.57677314339844,BNBUSDT
2025-10-07,1304.43,1351678.4887,0.06641650111593456,0.06430396342725074,0.19648327860431847,0.34692549950952545,335.98,446795.8938,256322.6906697567,3.0252706156360833,6385503.1401,0.6414224993035619,81.24000000000001,39.53500000000002,76.05738134383637,78.32319232435634,BNBUSDT
2025-10-08,1307.4,826555.123,0.0022768565580368882,0.002274268447903155,0.09920968555574228,0.3166030553569452,314.3900000000001,467990.021865,269659.7754803118,1.7661810816095442,7212058.2631,0.6371254451342435,2.9700000000000273,39.567857142857164,76.07726329091072,86.87057837981524,BNBUSDT
2025-10-09,1255.35,925627.604,-0.039811840293712875,-0.04062601403163661,0.09089724092982832,0.21903494887307118,225.55999999999995,497592.264015,286122.21217815875,1.8602130116156645,6286430.6591,0.6655336566451137,52.05000000000018,38.10071428571432,79.00676777713201,88.42513351295452,BNBUSDT
2025-10-10,1102.47,1505025.673,-0.12178276974548918,-0.12986130108056812,-0.05560314550531964,0.09316714757414402,93.96000000000004,553795.243835,362273.33333504264,2.717657274515007,4781404.986099999,0.795038328503315,152.87999999999988,47.956428571428596,60.55049970955778,76.43984042908414,BNBUSDT
2025-10-11,1135.07,1050905.245,0.029569965622647354,0.02914120595612567,-0.07204113833500936,0.10576716999512903,108.56999999999994,583119.94197,378050.9221570676,1.8022111222086559,5832310.2310999995,0.8002184758659991,32.59999999999991,49.73857142857144,61.963983111698305,68.77911404794258,BNBUSDT
2025-10-12,1302.65,1205248.016,0.14763847163611077,0.1377063281219985,-0.0013645806980826514,0.1948505806167562,212.43000000000006,613945.82297,402853.9411202151,1.9631178695369895,7037558.247099999,0.9158020483813614,167.58000000000015,59.95428571428574,68.44500571864278,75.36151800519133,BNBUSDT
2025-10-13,1294.55,1483076.9719,-0.006218093885541065,-0.006237506747161615,-0.009828667584518946,0.08840591895073135,105.14999999999986,667096.118065,443955.7301586438,2.223183334062653,5554481.275199999,0.9183554577209438,8.100000000000136,57.905714285714325,66.32950115952039,79.01369753858899,BNBUSDT
2025-10-14,1208.52,1398659.782,-0.06645552508593722,-0.06876667394933336,-0.03730433743577488,0.05020204214642621,57.76999999999998,718876.6130649999,466450.9904841362,1.945618700873685,4155821.4931999994,0.9611945658427253,86.02999999999997,62.530714285714325,61.423529008601484,74.11185873952945,BNBUSDT
2025-10-15,1162.57,707327.747,-0.038021712507860905,-0.038763398745632366,0.054513955028254735,-0.004120337850571532,-4.810000000000173,722486.937715,466047.87032205384,0.9790180418168614,3448493.7461999995,0.9305146530566778,45.950000000000045,64.52785714285719,57.53107738628941,65.76128009366175,BNBUSDT
2025-10-16,1144.83,716826.497,-0.015259296214421458,-0.015376917352803122,0.008598588633300208,-0.0640620018149266,-78.36000000000013,739090.386865,459248.19099293626,0.9698766344946836,2731667.2491999995,0.935348360114387,17.74000000000001,61.243571428571464,53.1845908025332,57.05423095409401,BNBUSDT
2025-10-17,1071.15,1066221.771,-0.06435890044810133,-0.06652331668638924,-0.17771465858058577,-0.17883673328580296,-233.27999999999997,780139.154665,449368.10399400204,1.3667071632340346,1665445.4781999995,0.9723798685540707,73.67999999999984,59.42214285714288,42.89286100659927,43.704671303958776,BNBUSDT
2025-10-18,1092.43,419996.517,0.019866498622975293,0.01967173502719502,-0.15613147425746388,-0.16442557748202535,-214.97000000000003,791714.656515,436111.53522806335,0.530489758581402,2085441.9951999995,0.9711853322717302,21.279999999999973,58.18142857142858,46.42006531293737,34.44510552332349,BNBUSDT
2025-10-19,1109.88,409987.572,0.015973563523520973,0.01584732866374528,-0.08162049448912712,-0.11588003345680475,-145.4699999999998,797614.9101150001,429746.51224615093,0.5140169357426981,2495429.5671999995,0.9652731126511511,17.450000000000045,58.24000000000001,46.47395015698588,28.189945945636964,BNBUSDT
2025-10-20,1100.19,481311.055,-0.008730673586333726,-0.008769009210617714,-0.053656984095581284,-0.002068083485264882,-2.2799999999999727,808738.914315,417778.8610012412,0.5951377465342685,2014118.5121999995,0.9619079538303207,9.690000000000055,54.9457142857143,42.00509593884873,22.194935496502012,BNBUSDT
2025-10-21,1057.16,541524.501,-0.039111426208200406,-0.03989682492186873,-0.07657905540560594,-0.06863893856766534,-77.90999999999985,822364.7488149999,403447.3140306008,0.6584967336942867,1472594.0111999996,0.9738484661504315,43.02999999999997,52.21642857142859,33.087561385989645,13.812463657475973,BNBUSDT
2025-10-22,1071.82,397249.062,0.013867342691739948,0.01377207086276585,0.00062549596228334,-0.1772003224196831,-230.83000000000015,823193.2296650001,402508.49489115283,0.4825708566160841,1869843.0731999995,0.9499613749569499,14.659999999999854,53.05142857142857,34.140725980180946,8.25705166214243,BNBUSDT
2025-10-23,1126.72,774946.718,0.05122128715642571,0.049952618882239216,0.03138873886656346,-0.12964350546521952,-167.82999999999993,824690.7295349999,402257.8946575363,0.9396816166915711,2644789.7911999994,0.9095523138602615,54.90000000000009,53.254999999999995,41.37371407111338,8.189910621215631,BNBUSDT
2025-10-24,1109.01,342712.642,-0.015718190854870806,-0.015843031524422933,-0.0007838685263272804,-0.08234038327872106,-99.50999999999999,824954.436185,401923.24627939786,0.41543220688026583,2302077.1491999994,0.9038172383437817,17.710000000000036,43.60000000000001,50.535714285714285,6.631211394036882,BNBUSDT
2025-10-25,1116.53,162716.583,0.006780822535414455,0.006757936159006421,0.014851980112525975,-0.039601916443741,-46.039999999999964,817753.7564350001,412838.0094405619,0.19897992729420583,2464793.7321999995,0.9025638965254096,7.519999999999982,41.80857142857144,48.41625093965694,5.934324975090249,BNBUSDT
2025-10-26,1138.19,240939.545,0.019399389178974324,0.019213619727013357,0.07664875704718299,-0.005799987771110016,-6.639999999999873,800426.85568,429929.7553920234,0.30101381942677397,2705733.2771999994,0.8878255547335302,21.660000000000082,31.385714285714293,31.2858443331816,7.04856695483204,BNBUSDT
2025-10-27,1138.88,494467.695,0.0006062256740966276,0.0006060419935434898,0.06256647571420593,0.0632311067544229,67.73000000000002,757566.315995,414534.89629707194,0.65270549199453,3200200.9721999993,0.8503853397004032,0.6900000000000546,30.856428571428573,31.982221810690078,7.896265748591759,BNBUSDT
2025-10-28,1103.45,351579.17,-0.031109511098623255,-0.03160368802765903,-0.020652868503266086,0.010087602867002943,11.019999999999982,733817.518345,423875.00790092896,0.4791098075621399,2848621.8021999993,0.8546280977754203,35.430000000000064,27.242142857142863,36.225386087731735,5.644106504402316,BNBUSDT
2025-10-29,1107.7,459713.496,0.0038515564819430193,0.0038441582287183063,-0.0011812337129510908,-0.001964176307348575,-2.1800000000000637,710521.812945,425578.15365145804,0.6470082798648511,3308335.298199999,0.8464651014417789,4.25,24.26357142857143,41.92351850216375,4.15430531303582,BNBUSDT
2025-10-30,1079.05,508291.657,-0.02586440371941867,-0.026204769135414543,-0.03356828746204765,-0.01921486288731955,-21.1400000000001,660685.112145,383968.56024261634,0.7693402615805359,2800043.641199999,0.7314603678080145,28.65000000000009,25.04285714285715,40.61893896177982,0.6542695612467924,BNBUSDT
2025-10-31,1088.9,537669.646,0.009128399981465307,0.00908698796454273,-0.04330559924089994,0.030023837451284674,31.74000000000001,635023.332195,373524.8715499988,0.84669274141709,3337713.287199999,0.7240228461744702,9.850000000000136,20.48357142857146,53.09481465983191,-1.3096247692003544,BNBUSDT
2025-11-01,1094.53,163493.548,0.005170355404536586,0.005157035011414702,-0.038941767350379464,0.02118825922263068,22.710000000000036,582935.608795,362289.3066426763,0.2804658791353669,3501206.835199999,0.4666375108557413,5.629999999999882,19.36571428571431,50.387282384184104,-2.3842471104999277,BNBUSDT
2025-11-02,1083.25,132402.548,-0.010305793354225101,-0.010359265743411287,-0.018306221396529154,-0.03858101391650104,-43.47000000000003,515401.8876,307393.6947417668,0.256891856986672,3368804.287199999,0.4666271281348607,11.279999999999973,18.92500000000002,44.97452349499904,-4.098845843877143,BNBUSDT
2025-11-03,993.54,685198.885,-0.08281560120009235,-0.08644673773757094,-0.10306039541392076,-0.10411989071333894,-115.47000000000003,479728.84275,231535.1488039442,1.4283045419411569,2683605.4021999994,0.49627067180137274,89.71000000000004,24.640714285714303,34.54213409861727,-12.551835212262631,BNBUSDT
2025-11-04,936.77,985275.518,-0.05713911870684618,-0.058836535022903654,-0.13185672582364116,-0.1609988088094364,-179.76,493626.2313,253239.5796133275,1.9959950576475778,1698329.8841999993,0.5152370436773531,56.76999999999998,25.622142857142876,33.21903487496864,-23.56016779191191,BNBUSDT
2025-11-05,959.33,526144.027,0.024082752436564103,0.023797336278459556,-0.11899164294241904,-0.15714423778103837,-178.86,484092.1078,247927.88289109326,1.086867599207739,2224473.911199999,0.528885751755056,22.56000000000006,26.186428571428603,34.65808352199889,-30.116779724208072,BNBUSDT
2025-11-06,950.4,312622.425,-0.00930857994642098,-0.009352175529623129,-0.1316820918567787,-0.16549592582186012,-188.48000000000013,446412.1404999999,209011.17771796184,0.7003000067378321,1911851.486199999,0.4857829615086061,8.930000000000064,22.902857142857176,22.50499001996012,-35.62287990222694,BNBUSDT
2025-11-07,991.15,452713.504,0.04287668350168361,0.04198293652783957,-0.08502192476344339,-0.10177171598169388,-112.30000000000007,448047.98985,208921.56394774807,1.0104129786444571,2364564.990199999,0.5080789419813587,40.75,24.548571428571456,32.853235567970216,-36.28010505705947,BNBUSDT
2025-11-08,991.03,301705.689,-0.00012107148262119338,-0.00012107881236476668,-0.0025263200273768494,-0.10532635190033413,-116.67000000000007,442633.89570000005,211348.72692293237,0.6816145169426526,2062859.301199999,0.5027208177336983,0.12000000000000455,24.02000000000003,31.3399547995718,-36.39114920905581,BNBUSDT
2025-11-09,996.63,256660.748,0.005650686659334214,0.005634781418365556,0.06390042379666294,-0.07638200268754924,-82.41999999999996,431401.38035000005,215121.03130185613,0.594946515451037,2319520.049199999,0.5039571358855468,5.600000000000023,22.872857142857168,27.89644619324217,-35.616712015217445,BNBUSDT
2025-11-10,991.98,281128.796,-0.004665723488155082,-0.0046766419509120805,0.03403416968092321,-0.08900725502800999,-96.92000000000007,418381.5951,215983.49788394777,0.6719435063409174,2038391.2531999988,0.48707857955397854,4.649999999999977,23.155714285714307,27.34283422789808,-34.97501094294864,BNBUSDT
2025-11-11,958.08,283951.869,-0.0341740760902437,-0.03477166400009976,0.008080808080808133,-0.1246653814879446,-136.44999999999993,412716.73545,218042.9110848228,0.6880066753057567,1754439.3841999988,0.495163601057867,33.89999999999998,23.046428571428585,27.472493413916027,-36.77795157358764,BNBUSDT
2025-11-12,952.86,216987.116,-0.005448396793587218,-0.005463293440598661,-0.03863189224638042,-0.1203692591737826,-130.39,384818.75535,204533.49850602946,0.5638683483673921,1537452.268199999,0.4482776913482643,5.220000000000027,23.1157142857143,26.076880291700164,-38.187800197893694,BNBUSDT
2025-11-13,927.15,334345.078,-0.026981928090170637,-0.027352623577218203,-0.0644581899639769,-0.06682166797511924,-66.38999999999999,384400.37714999996,204632.6946569373,0.8697834286190945,1203107.190199999,0.45262639001049415,25.710000000000036,22.9057142857143,26.315953598602988,-40.90813401810021,BNBUSDT
2025-11-14,915.25,438193.008,-0.01283503208758019,-0.0129181127730464,-0.08165517794969046,-0.022972554629204556,-21.519999999999982,398174.1984,198092.46036784162,1.100505783048749,764914.182199999,0.44917441420911225,11.899999999999977,23.052142857142858,23.096706225017797,-43.522547877030206,BNBUSDT
2025-11-15,932.28,161984.705,0.018606937995083284,0.018435946749984108,-0.06018266497308422,-0.02819676232370516,-27.050000000000068,394226.4564,202136.3377137052,0.4108925273032487,926898.887199999,0.44850649380512997,17.029999999999973,23.866428571428578,25.720527938227647,-43.71637585337669,BNBUSDT
2025-11-16,926.56,252157.877,-0.006135495773801902,-0.006154395272850093,-0.032899131596526465,-0.025084175084175153,-23.840000000000032,382110.9655,203071.46193599005,0.659907460834175,674741.010199999,0.4471200217724298,5.720000000000027,23.469285714285725,26.155765894634314,-43.826339357883285,BNBUSDT
2025-11-17,907.36,332891.856,-0.020721809704714156,-0.020939519211761733,-0.04775098125642807,-0.08453816274025117,-83.78999999999996,381176.5998,203262.23971974791,0.8733271039582845,341849.15419999894,0.4420693474317286,19.199999999999932,18.43285714285715,33.302332790823854,-44.944671569586376,BNBUSDT
2025-11-18,932.79,357275.458,0.02802636219361654,0.02764081086138212,0.006083158065038008,-0.05876714125707594,-58.24000000000001,376054.69789999997,202468.1608179454,0.9500624776000173,699124.6121999989,0.4596298039991285,25.42999999999995,16.194285714285716,49.12226534932956,-43.280063797335515,BNBUSDT
2025-11-19,897.77,296358.274,-0.037543284126116294,-0.03826618435204225,-0.019098606937995144,-0.09919428473957237,-98.86000000000001,365458.02875,200721.4468707644,0.8109228712628194,402766.33819999895,0.467403915229605,35.01999999999998,17.08428571428571,37.131031022660736,-44.276282052155125,BNBUSDT
2025-11-20,866.51,301802.981,-0.034819608585717976,-0.0354402610050901,-0.07054747500750846,-0.12648440492751878,-125.47000000000003,353664.69550000003,196964.64487036245,0.853359085145099,100963.35719999892,0.47114788616618974,31.25999999999999,18.679285714285705,33.960460403043854,-47.045897128698584,BNBUSDT
2025-11-21,830.46,654486.049,-0.04160367451039226,-0.04249388563330224,-0.103716974615783,-0.1332039078156313,-127.62,378214.32055,202534.09002559824,1.7304634262611873,-553522.6918000011,0.4791348753630035,36.049999999999955,18.343571428571416,18.71422452396712,-51.555471366689176,BNBUSDT
2025-11-22,833.78,167225.62,0.003997784360474821,0.0039898144548263645,-0.08109239992946571,-0.12497113951682304,-119.08000000000004,379955.47415,200448.6109161246,0.4401189912425953,-386297.0718000011,0.4829827279197426,3.3199999999999363,18.57214285714284,19.76077843159875,-54.2362435318762,BNBUSDT
2025-11-23,843.6,167524.177,0.011777687159682415,0.011708870013127516,-0.09561637667642231,-0.09011486814431313,-83.54999999999995,354071.73874999996,192212.52324092502,0.47313625648694907,-218772.8948000011,0.41196303132943923,9.82000000000005,18.873571428571413,21.042273776633976,-54.93512493158835,BNBUSDT
2025-11-24,864.92,248464.802,0.025272641062114687,0.024958568501074672,-0.03659066353297613,-0.05499043977055451,-50.33000000000004,317231.20294999995,123022.79213557683,0.7832293913381576,29691.90719999891,0.3840338572281515,21.319999999999936,20.064285714285695,27.3834104663581,-53.15589953328197,BNBUSDT
2025-11-25,862.57,158750.859,-0.0027170142903388816,-0.002720712073137042,-0.004546975799471387,-0.07477367314540684,-69.70999999999992,298861.54455,117491.34451505324,0.5311852993299402,-129058.95180000109,0.3698358423165357,2.349999999999909,17.810714285714262,30.848205333868037,-51.343618670981755,BNBUSDT
2025-11-26,891.78,159649.392,0.033863918290689465,0.03330316035630148,0.0738385954772054,-0.03753669487135203,-34.77999999999997,291212.8929,121460.56947978675,0.5482222658830639,30590.440199998906,0.3941810074989164,29.209999999999923,19.524285714285686,38.827101778005385,-47.008485588883445,BNBUSDT
2025-11-27,895.74,141249.084,0.004440557088071007,0.004430726904695154,0.07431216867758894,-0.012806383353905826,-11.620000000000005,275639.6719,119617.13509899944,0.5124410540266645,171839.5241999989,0.3568419772573589,3.9600000000000364,17.970714285714255,43.75770102150323,-42.76040712753718,BNBUSDT
2025-11-28,887.19,174843.677,-0.00954518052113329,-0.009591027736609114,0.051671408250355766,-0.048885601260733824,-45.59999999999991,269296.5713,121510.80047567404,0.64926068741225,-3004.1528000010876,0.35676876059820567,8.549999999999955,17.73142857142854,44.34821140831454,-39.62689372189493,BNBUSDT
2025-11-29,872.9,80059.932,-0.016107034569821654,-0.016238162815640597,0.009226286824215002,-0.027701972665604813,-24.870000000000005,260466.53050000002,128682.4052965158,0.3073712843117093,-83064.08480000109,0.3562883773430336,14.290000000000077,17.53571428571426,37.90631364562117,-37.86021633887731,BNBUSDT
2025-11-30,875.31,106230.587,0.0027609119028524365,0.0027571075862314583,0.014769815783066687,0.010155681988667231,8.799999999999955,251721.62005000003,133072.27855987268,0.4220161421927095,23166.50219999891,0.3577306825350175,2.409999999999968,17.299285714285684,39.4194640571452,-35.852361222964646,BNBUSDT
2025-12-01,826.61,342746.385,-0.055637431310050056,-0.05724510957326222,-0.07307856197716922,-0.004635984875851928,-3.8500000000000227,254661.34585,134463.90128609372,1.3458908883717422,-319579.88280000107,0.3870655507976711,48.69999999999993,19.406428571428542,35.13931318782433,-37.75558173074853,BNBUSDT
2025-12-02,876.61,233149.68,0.06048801732376807,0.058729195876980986,-0.02135664366892176,0.051368466501954924,42.83000000000004,255469.47405,134273.99657760863,0.9126322464435355,-86430.20280000108,0.45544642786843165,50.0,21.161428571428548,40.51846351178019,-34.82784188094104,BNBUSDT
2025-12-03,920.76,227309.929,0.05036447222824281,0.0491372203463197,0.037838568964934094,0.09146514935988614,77.15999999999997,250117.7166,133092.6448014043,0.9088117870655469,140879.72619999893,0.4849613945215559,44.14999999999998,21.813571428571404,53.76403942499755,-28.615192803388936,BNBUSDT
2025-12-04,899.92,165779.563,-0.02263347669316651,-0.022893545493003722,0.03095429029671215,0.040466170281644454,35.0,236497.04435,126613.69855443772,0.7009794285405833,-24899.836800001067,0.4896513482073814,20.840000000000032,21.06928571428569,55.66328779197885,-25.084083779057323,BNBUSDT
2025-12-05,883.57,137493.999,-0.018168281625033256,-0.018335351529477142,0.009436656727330961,0.024345850191868523,21.0,235272.50905,127487.68136779501,0.5844031653132065,-162393.83580000108,0.4881229494290843,16.34999999999991,19.662142857142832,59.64689214226035,-23.33596036934955,BNBUSDT
2025-12-06,890.38,81289.981,0.00770736896906854,0.007677818939056738,0.07714641729473382,-0.001569893920025045,-1.3999999999999773,226729.11425,131943.92359712612,0.3585334916907346,-81103.85480000108,0.4891268976641525,6.809999999999945,19.911428571428548,60.15210216673843,-21.157163277762606,BNBUSDT
2025-12-07,894.37,131888.814,0.004481232732092,0.004471221904781935,0.020259864706083652,-0.0015294616741464706,-1.3700000000000045,216678.96214999998,131084.3087845318,0.6086830612964519,50784.959199998935,0.484174120840113,3.990000000000009,19.494999999999973,59.30091964972705,-18.890730647285523,BNBUSDT
2025-12-08,897.12,121354.06,0.003074790075695777,0.0030700725764304924,-0.0256744428515574,0.011192641936901948,9.92999999999995,204882.89225,128352.99623422272,0.5923093854606594,172139.01919999893,0.4727939000426493,2.75,18.168571428571404,56.329611574146895,-16.68038336531879,BNBUSDT
2025-12-09,897.3,209645.573,0.00020064205457459572,0.00020062192864959006,-0.0029113698995466564,0.0279528010081338,24.399999999999977,200547.25720000002,126552.3241566669,1.0453674407071372,381784.5921999989,0.4532379018597276,0.17999999999994998,18.013571428571407,56.88568143066734,-14.744180983546244,BNBUSDT
2025-12-10,893.43,186333.021,-0.004312938816449341,-0.0043222663661621535,0.0111592743076383,0.020701237275936535,18.120000000000005,194773.75920000003,124303.74122434197,0.9566638841152478,195451.5711999989,0.4343760600228082,3.8700000000000045,16.203571428571415,50.363676438175,-13.367906399723893,BNBUSDT
2025-12-11,885.91,182476.864,-0.008416999653022561,-0.008452622627820412,-0.005020328399110485,0.07173878854598903,59.299999999999955,171173.29995,61238.60678877663,1.0660357897715462,12974.707199998898,0.40530909234450896,7.519999999999982,16.457857142857126,47.86684605702876,-12.737173818099905,BNBUSDT
2025-12-12,881.58,110640.466,-0.004887629668927862,-0.004899613194119337,-0.014300569115690331,0.005669567994889491,4.970000000000027,168344.04225,62719.81055856698,0.6572282839430273,-97665.7588000011,0.40640302583513754,4.329999999999927,16.156428571428552,48.75989212608868,-12.443270241977416,BNBUSDT
2025-12-13,896.82,92401.054,0.01728714353773908,0.01713942090986825,-0.00033440342429102987,-0.026000260654242102,-23.93999999999994,164587.8861,64980.24363661209,0.5614085956718536,-5264.704800001098,0.4084287466939632,15.240000000000009,16.22428571428569,55.26547503742188,-10.855473762200745,BNBUSDT
2025-12-14,877.27,110914.028,-0.021799246225552626,-0.02204036030423972,-0.022322523124930327,-0.025168903902569095,-22.649999999999977,157710.34740000003,62880.73274040691,0.703276797169746,-116178.7328000011,0.40913479154116056,19.550000000000068,17.44857142857141,50.401178974946795,-11.04730872804862,BNBUSDT
2025-12-15,858.6,210867.871,-0.02128193144641899,-0.021511656931078316,-0.03898458748866718,-0.028260352886585127,-24.970000000000027,160316.198,63996.12445228867,1.3153247995564366,-327046.6038000011,0.4166237510075717,18.66999999999996,15.303571428571413,57.46557759626605,-12.561056251399009,BNBUSDT
2025-12-16,875.63,240835.336,0.019834614488702496,0.019640471491503015,-0.011603887528078394,-0.016565960601091723,-14.75,164375.4952,66478.29247292779,1.4651535236865403,-86211.26780000108,0.4043364284517977,17.029999999999973,12.94857142857141,49.72969991173874,-12.245376319535126,BNBUSDT
2025-12-17,843.07,378073.209,-0.037184655619382556,-0.03789363595404156,-0.043682932915900974,-0.05735881123025144,-51.299999999999955,176216.70145,81529.94371184023,2.145501566474816,-464284.47680000105,0.42396407832276706,32.559999999999945,12.120714285714266,27.108256231952353,-14.455879206883424,BNBUSDT
2025-12-18,830.07,432024.878,-0.015419834651926867,-0.015539956744074745,-0.07442965143507063,-0.07473916532905289,-67.04999999999995,189075.7615,99584.48732444184,2.2849299908809306,-896309.354800001,0.4257332947578713,13.0,11.560714285714264,28.421377818968153,-17.060052361280327,BNBUSDT
2025-12-19,856.17,1227346.957,0.03144313130217924,0.030958919970738047,-0.024051888244212227,-0.04583751253761281,-41.129999999999995,246440.11275,250129.81688825897,4.980305126889291,331037.6021999989,0.4395262299080732,26.09999999999991,12.257142857142835,42.01631701631698,-16.82389113055092,BNBUSDT
2025-12-20,854.17,57015.132,-0.002335984675940539,-0.0023387173446212228,-0.005159562077801105,-0.043943006167243115,-39.25999999999999,243979.34,251818.18679409832,0.23368836066201343,274022.47019999893,0.43938087773444084,2.0,11.91357142857141,39.14503267581986,-16.60668342977374,BNBUSDT
2025-12-21,858.64,69986.817,0.0052331503096574306,0.005219504963305238,-0.01940317257289037,-0.03078190786874513,-27.269999999999982,230341.3616,253567.61421449378,0.30383955583945804,344009.2871999989,0.38896475811866454,4.470000000000027,11.947857142857126,39.31966282058945,-15.890675306033586,BNBUSDT
2025-12-22,858.66,147275.988,2.3292648839934316e-05,2.329237757040171e-05,0.0184919401710415,-0.025998774926836,-22.920000000000073,226047.677,254243.7102343012,0.6515262176306285,491285.2751999989,0.32224876729658725,0.01999999999998181,11.752857142857124,38.31287224990881,-15.147014521837832,BNBUSDT
2025-12-23,844.3,103894.874,-0.016723732327114327,-0.016865152875385196,0.01714313250689692,-0.0585624763051672,-52.520000000000095,219876.92424999998,255704.96669846258,0.47251376811998497,387390.4011999989,0.26349924414293624,14.360000000000014,12.765714285714271,35.172336615935535,-15.537285821720616,BNBUSDT
2025-12-24,846.58,84917.781,0.002700461921118169,0.0026968222249259843,-0.011201046521134739,-0.03498352844620234,-30.68999999999994,215833.83515,257240.01534038672,0.39344054161380176,472308.18219999893,0.25519990533146375,2.2800000000000864,12.652142857142849,36.775249816518965,-15.484110505996568,BNBUSDT
2025-12-25,829.64,72777.087,-0.020009922275508574,-0.020212832139702402,-0.028717936710490832,-0.03372932681108787,-28.960000000000036,212597.98954999997,258680.3324652617,0.3423225551381984,399531.09519999893,0.2567377637595801,16.940000000000055,13.324999999999998,34.91825247922809,-16.617330865403687,BNBUSDT
2025-12-26,834.72,120232.786,0.006123137746492535,0.006104467513404876,-0.02785800801267113,-0.0467206468485547,-40.90999999999997,214545.1298,257784.94548923106,0.5604079016479263,519763.8811999989,0.25592015335720003,5.080000000000041,13.378571428571433,37.490656700480514,-16.91056811718522,BNBUSDT
2025-12-27,845.04,89882.366,0.012363427257044313,0.012287624240824205,-0.015861924393822946,0.002336698020330319,1.9699999999999136,212444.8074,258663.4671323642,0.4230857280063603,609646.2471999989,0.2605048490221062,10.319999999999936,13.027142857142858,35.804364513652786,-16.124351512544763,BNBUSDT
2025-12-28,859.32,91601.986,0.016898608349900757,0.016757415291942124,0.01778988511192714,0.035237991976580396,29.25,210957.2037,259299.6842992815,0.4342207063488868,701248.233199999,0.2690535826852823,14.280000000000086,12.650714285714287,44.93252780757723,-14.185471249506918,BNBUSDT
2025-12-29,852.46,127151.447,-0.007983056370153174,-0.008015091571107434,0.006945592855961635,-0.004333251573869545,-3.7099999999999227,206832.4974,259976.88355902312,0.6147556529963362,574096.7861999989,0.2697278018984115,6.860000000000014,11.807142857142862,48.14277071990321,-13.051984191576821,BNBUSDT
2025-12-30,861.65,73233.047,0.010780564483964028,0.010722868491844716,0.038582999855358846,0.00875703899692093,7.480000000000018,201177.4987,261670.8080700618,0.36402205750259686,647329.833199999,0.2736176826914508,9.18999999999994,11.24714285714286,45.56077734027689,-11.2820785571123,BNBUSDT
2025-12-31,864.3,149994.618,0.0030754946904194558,0.0030707750310063333,0.035437032777458244,0.0065918196217273906,5.659999999999968,199553.38640000002,261893.69507171883,0.7516515790884116,797324.451199999,0.2728979411193561,2.6499999999999773,9.110714285714291,58.32222657781258,-9.555433646268398,BNBUSDT
2026-01-01,864.39,80713.662,0.0001041305102396084,0.00010412508903436567,0.022898324339676313,0.006673188456432166,5.730000000000018,198057.0462,262513.2011567357,0.4075273440082234,878038.113199999,0.27255239903765316,0.09000000000003183,8.188571428571436,64.96859734822047,-8.086575854054217,BNBUSDT
2026-01-02,881.25,129071.742,0.019505084510464066,0.0193172982788517,0.02552017874598511,0.043764064905839284,36.950000000000045,199890.58060000002,261863.6629390689,0.6457119770855275,1007109.855199999,0.2746151692401515,16.860000000000014,7.528571428571444,61.89753320683111,-5.49864936894005,BNBUSDT
2026-01-03,878.63,79965.205,-0.0029730496453900246,-0.0029774779366849085,0.030699387654552712,0.037858205958090085,32.049999999999955,198343.13945,262507.78020624816,0.40316597398700704,927144.650199999,0.26336063018096223,2.6200000000000045,7.572857142857158,61.5355593284286,-3.617411816569188,BNBUSDT
2026-01-04,895.43,118687.107,0.01912067650774496,0.01894017363476491,0.03920385307259333,0.07929945518538162,65.78999999999996,193734.10125,263084.90811204305,0.6126288879150025,1045831.757199999,0.2586397984139903,16.799999999999955,8.453571428571438,65.54288128432611,-0.7621127448646803,BNBUSDT
2026-01-05,910.31,140352.785,0.016617714394201677,0.016481151015777806,0.05323383084577116,0.09055731263178068,75.58999999999992,188709.9737,263097.5314560378,0.7437486331439195,1186184.5421999989,0.25597379842104456,14.879999999999995,9.515000000000011,69.38668268148034,2.6706385249306095,BNBUSDT
2026-01-06,917.64,166897.189,0.008052201997121866,0.00801995600379787,0.06160413702148326,0.08591309287134341,72.60000000000002,178151.1727,259308.13891350114,0.9368290226247835,1353081.7311999989,0.2102500236662687,7.330000000000041,9.012857142857156,79.06165794896177,5.9144107331756,BNBUSDT
2026-01-07,900.3,148651.79,-0.018896299202301625,-0.019077115729703026,0.021617021276595594,0.04768887026951529,40.979999999999905,163982.5183,252354.8928765208,0.9065099837535548,1204429.9411999988,0.21489211030839717,17.340000000000032,10.088571428571438,69.0172755593316,7.005179150083563,BNBUSDT
2026-01-08,892.26,134522.755,-0.008930356547817375,-0.008970471185783887,0.015512786952414537,0.04668840766722182,39.799999999999955,109341.3082,32757.12743154644,1.23030131260127,1069907.186199999,0.19363206739253933,8.039999999999964,9.452857142857145,73.65875774520175,7.138571167318219,BNBUSDT
2026-01-09,896.86,81581.367,0.005155447963598014,0.005142204140802716,0.0015969980903030034,0.04086345964138571,35.210000000000036,110569.61995,31110.98061217811,0.7378280493040621,1151488.553199999,0.19316206183125179,4.600000000000023,9.418571428571429,73.5628697102988,7.528680911108154,BNBUSDT
2026-01-10,907.93,124912.493,0.012343063577369806,0.012267509049049618,-0.0026144939635948106,0.050480157352771116,43.629999999999995,113315.90375000001,29733.80301788571,1.102338585019669,1276401.046199999,0.1961166998886368,11.069999999999936,9.472142857142858,73.71238971419953,8.631602437882407,BNBUSDT
2026-01-11,904.32,98621.081,-0.003976077450904669,-0.00398400306239165,-0.014515496273048156,0.046194426127095456,39.930000000000064,110883.1584,28784.286000716696,0.889414428873267,1177779.965199999,0.19739558717535272,3.6099999999999,8.709999999999988,68.45169755617519,9.109371697459096,BNBUSDT
2026-01-12,905.78,108522.173,0.0016144727530076342,0.0016131708928959617,0.006086859935577005,0.02783546099290768,24.529999999999973,111114.52334999999,28743.726848105947,0.9766695633312097,1286302.138199999,0.18376496081185378,1.4599999999999227,8.324285714285695,72.8762656598593,9.496349075219086,BNBUSDT
2026-01-13,943.73,311914.997,0.04189759102651869,0.04104365733669566,0.05768497971443298,0.07409262146751194,65.10000000000002,122464.38414999998,52693.75721237439,2.546985388159485,1598217.135199999,0.22849382440716534,37.950000000000045,10.378571428571417,78.24501032346873,12.718666404515716,BNBUSDT
2026-01-14,948.47,183208.698,0.005022622995983994,0.0050100517014480045,0.05754521329973472,0.05923411098578346,53.04000000000008,127985.96470000001,52998.16087454984,1.4314749154678208,1781425.833199999,0.20769329247086527,4.740000000000009,10.527857142857133,78.55349752357695,15.476451589525709,BNBUSDT
2026-01-15,931.2,131201.468,-0.01820827227007704,-0.018376083009974224,0.025629729164142745,0.022948226428359586,20.8900000000001,128534.39880000001,52970.45261170358,1.0207498477053598,1650224.365199999,0.22589833220644184,17.269999999999982,11.754999999999987,70.29835328431675,16.08307586166154,BNBUSDT
2026-01-16,938.16,77470.383,0.007474226804123685,0.007446433175635658,0.03742038216560495,0.02236171047469604,20.519999999999982,127913.79965000002,53517.02107585503,0.6056452330551967,1727694.7481999989,0.22461386231070987,6.959999999999923,11.047857142857124,68.39723281825825,16.93028204795985,BNBUSDT
2026-01-17,947.12,86187.331,0.009550609704101598,0.009505290950571682,0.04564022168738546,0.05200488725980246,46.82000000000005,127643.06690000002,53723.6808526769,0.6752214052293348,1813882.0791999989,0.22108307183259862,8.960000000000036,11.500714285714269,71.26886528787036,18.115867726136912,BNBUSDT
2026-01-18,932.51,76848.25,-0.015425711631049888,-0.01554592578232052,-0.011888993674038173,0.04511016968148307,40.25,125127.90705,54912.27211854559,0.6141575593467901,1737033.8291999989,0.2283252629177759,14.610000000000014,11.344285714285702,61.673592746505506,17.67282667369875,BNBUSDT
2026-01-19,923.6,209440.56,-0.009554857320564936,-0.009600797840719953,-0.0262211772644364,0.02981513279664605,26.74000000000001,131938.28269999998,56559.106285827256,1.587413112509763,1527593.2691999988,0.2323926990649275,8.909999999999968,10.917857142857128,54.347399411187475,16.413545773085275,BNBUSDT
2026-01-20,884.2,163760.229,-0.04265915980944124,-0.04359579608819738,-0.050472508591065335,-0.02613637615234643,-23.729999999999905,132626.56325,56873.28851917562,1.234746833417626,1363833.0401999988,0.28455477341682833,39.39999999999998,13.208571428571409,40.958252217175,12.096860785161994,BNBUSDT
2026-01-21,883.36,201618.221,-0.0009500113096584384,-0.0009504628564083428,-0.05841221113669304,-0.023177636234961163,-20.960000000000036,138671.7912,57487.23057124312,1.4539238244151271,1162214.8191999989,0.28463771337569327,0.8400000000000318,12.029999999999982,44.97090606816293,8.50997812185858,BNBUSDT
2026-01-22,888.06,98786.472,0.005320594095272524,0.0053064897414178075,-0.06235746262353248,-0.019563249354147882,-17.720000000000027,137157.5277,58148.48043467278,0.7202409787968203,1261001.291199999,0.27691317219761796,4.699999999999932,11.79142857142855,48.72788950811726,5.97769138426338,BNBUSDT
2026-01-23,891.63,96135.61,0.00401999864873992,0.004011940044005873,-0.043838671971346166,-0.05520646795163875,-52.10000000000002,137966.04794999998,57419.248384803934,0.6968062898695216,1357136.901199999,0.27685249980453797,3.57000000000005,11.717857142857124,48.40597378847911,4.210370534190133,BNBUSDT
2026-01-24,887.17,51272.563,-0.0050020748516761415,-0.005014627103784951,-0.03944348202685155,-0.06463040475713522,-61.30000000000007,134595.32075,60506.31909057811,0.3809386739025992,1305864.338199999,0.268899577688928,4.460000000000036,11.245714285714273,43.40701219512195,2.42195254015337,BNBUSDT
2026-01-25,866.02,120780.226,-0.023839850310537924,-0.02412861823339457,-0.020560959059036543,-0.06999570446735404,-65.18000000000006,133616.6928,60566.54997560309,0.9039306651661116,1185084.112199999,0.2733976094678984,21.149999999999977,12.498571428571422,39.055892101954484,-0.6940097348344807,BNBUSDT
2026-01-26,879.41,102700.704,0.015461536685065003,0.015343225087661125,-0.004471563122622757,-0.06262258037008617,-58.75,130406.86855000001,60410.86519773665,0.7875406038189082,1287784.8161999988,0.2783565407149577,13.389999999999986,13.350714285714284,42.945802792787966,-2.0592336285162673,BNBUSDT
2026-01-27,898.36,138529.639,0.021548538224491542,0.021319650763882286,0.011598315429137696,-0.05148238871526312,-48.75999999999999,129900.76100000001,60292.25287969227,1.066426693220065,1426314.4551999988,0.2827430288901938,18.950000000000045,11.993571428571427,36.4897861949854,-1.5937055266600737,BNBUSDT
2026-01-28,902.91,110273.24,0.005064784718820992,0.0050520018402144705,0.012650987517243584,-0.031742286945984466,-29.600000000000023,128688.28525,60438.064945184786,0.856901930006873,1536587.6951999988,0.28121201703842924,4.5499999999999545,11.979999999999993,36.41783925590266,-0.8478506830215338,BNBUSDT
2026-01-29,868.69,270228.686,-0.03789967992380183,-0.03863655093001539,-0.020830280555023117,-0.05945214378518837,-54.90999999999997,138120.65120000002,67057.5820671714,1.9564683749478293,1266359.0091999988,0.31208620454209135,34.219999999999914,13.190714285714275,33.07521524882222,-2.9836299287973134,BNBUSDT
2026-01-30,858.81,295951.354,-0.011373447374782852,-0.01143861965425335,-0.008325442830419694,-0.0287152228002715,-25.3900000000001,146672.59425,75641.47694218603,2.0177685921035655,970407.6551999988,0.30956876231598446,9.88000000000011,13.399285714285716,28.850151927075004,-5.411107914190893,BNBUSDT
2026-01-31,781.38,407306.151,-0.09015963950117012,-0.0944861228838007,-0.11147246449323978,-0.11544557145444667,-101.98000000000002,162106.84775000002,94470.15875324563,2.512578318888444,563101.5041999987,0.4388352371704661,77.42999999999995,18.289999999999996,17.636491447317027,-13.42806521996431,BNBUSDT
2026-02-01,758.54,259125.52,-0.0292303360720777,-0.02966605414706444,-0.1556391647001203,-0.145846001396302,-129.51999999999998,169637.01510000002,95964.58886186659,1.5275293534683279,303975.98419999867,0.44451490542552213,22.840000000000032,18.877857142857142,17.08729047637064,-21.378125043918203,BNBUSDT
2026-02-02,773.94,306663.484,0.020302159411501153,0.020098818144497318,-0.14283815662690624,-0.13199421284613566,-117.68999999999994,169374.43945,95561.13890823514,1.8105653072317813,610639.4681999986,0.4178873509887955,15.400000000000091,19.341428571428576,22.365019573085178,-26.13468900805401,BNBUSDT
2026-02-03,754.78,243948.823,-0.024756441067783186,-0.02506803514707933,-0.1311284808159413,-0.14922731832681446,-132.39,172411.44569999998,96978.61347315181,1.4149224374840912,366690.64519999863,0.4175048966604159,19.160000000000082,17.8957142857143,24.171788935898462,-31.09194352117413,BNBUSDT
2026-02-04,697.27,424472.167,-0.07619438776862131,-0.07925360584563294,-0.18809748372748336,-0.19485693171058405,-168.75,187074.98064999998,111503.63170105574,2.268994846478954,-57781.521800001385,0.47722062713346014,57.50999999999999,21.94357142857144,19.712899970704086,-39.20920054973067,BNBUSDT
2026-02-05,608.3,799178.67,-0.1275976307599639,-0.13650452888572798,-0.22150554147789814,-0.3082862373636871,-271.11,223160.39500000002,173636.45534664602,3.5811850485387424,-856960.1918000014,0.6172372073115708,88.97000000000003,27.96285714285716,14.268928170021468,-52.21936830088191,BNBUSDT
2026-02-06,657.21,593322.593,0.0804044057208615,0.07733542078885822,-0.13358557228359735,-0.268433590097511,-241.14999999999998,248517.15809999997,188936.34095698403,2.3874512228296725,-263637.59880000143,0.7078375811493023,48.91000000000008,31.20142857142859,23.167437388398,-57.91577473496477,BNBUSDT
2026-02-07,647.0,217520.601,-0.015535369212276162,-0.01565730761461727,-0.16401788252319305,-0.28342802715663795,-255.90999999999997,255550.77564999997,184781.95041397688,0.8511834896479212,-481158.19980000146,0.7078341944304448,10.210000000000036,31.612142857142878,22.866439207357047,-62.53323533448872,BNBUSDT
2026-02-08,639.93,124172.092,-0.010927357032457619,-0.010987499129064644,-0.15216354434404733,-0.26333905075458464,-228.7600000000001,251287.35225,186873.68175569386,0.4941438193692457,-605330.2918000014,0.7076560852423912,7.07000000000005,30.606428571428598,23.617820719270014,-66.00226303685679,BNBUSDT
2026-02-09,636.39,148751.241,-0.005531855046645662,-0.00554721241946716,-0.08731194515754304,-0.2589862717015404,-222.41999999999996,250536.90285,187273.3829185573,0.5937298629777485,-754081.5328000014,0.702190953291651,3.5399999999999636,29.902857142857165,20.975062105866627,-68.25039285453124,BNBUSDT
2026-02-10,619.85,153549.27,-0.025990351828281355,-0.026334069668212924,0.018987341772152,-0.2067240011262126,-161.52999999999997,248133.45529999997,188240.2036781231,0.6188172804604475,-907630.8028000015,0.701007710831664,16.539999999999964,29.730714285714303,16.54373783725346,-70.55339606946677,BNBUSDT
2026-02-11,608.11,236351.539,-0.018940066145035073,-0.019121726629597165,-0.07470975791603907,-0.19831518443325324,-150.42999999999995,255011.70865,184980.96574666354,0.9268262239848335,-1143982.3418000014,0.6962210099885247,11.740000000000009,30.244285714285734,15.18822918142746,-72.49024022852495,BNBUSDT
2026-02-12,614.29,121298.457,0.010162635049579816,0.010111342691630465,-0.050556414219474544,-0.20628214073442397,-159.6500000000001,256269.85099999997,183926.065893181,0.47332316511941164,-1022683.8848000015,0.6991108237354232,6.17999999999995,28.241428571428596,17.828418230563017,-72.68861966677821,BNBUSDT
2026-02-13,618.94,211419.814,0.007569714629898083,0.007541208107221436,-0.032800462550591325,-0.1799729722568164,-135.83999999999992,264277.21355000004,177919.62070661303,0.7999925955023752,-811264.0708000015,0.7035025197716583,4.650000000000091,27.867857142857165,19.259259259259295,-71.64474464356613,BNBUSDT
2026-02-14,632.77,113845.924,0.02234465376288486,0.02209866953235402,-0.005688335768946673,-0.0925036212657937,-64.5,263930.49844999996,178220.47558363082,0.43134811879865953,-697418.1468000015,0.716419389467048,13.829999999999927,23.32500000000002,27.245444801714925,-68.90718165223393,BNBUSDT
2026-02-15,615.16,132426.591,-0.027830017225848325,-0.028224610414041854,-0.0075663466967815785,0.011277330264672036,6.860000000000014,265416.7928,176924.34750572252,0.4989382533146184,-829844.7378000015,0.7087954283783423,17.610000000000014,22.95142857142859,27.688908253454514,-67.38188664019606,BNBUSDT
2026-02-16,627.19,105660.883,0.019555887899083357,0.01936712845981953,0.03137590238608157,-0.04567794160161898,-30.019999999999982,263773.35500000004,178312.24139969796,0.40057451216025963,-724183.8548000015,0.707402117080211,12.030000000000086,22.710714285714307,26.92247208680611,-64.4593120679134,BNBUSDT
2026-02-17,617.74,91934.084,-0.01506720451537824,-0.015181868072073713,0.005616239886698571,-0.04522411128284387,-29.25999999999999,262856.3972,179188.15261990565,0.3497502247588441,-816117.9388000015,0.7027325847944451,9.450000000000045,22.017142857142876,27.770568388268913,-62.188812764068985,BNBUSDT
2026-02-18,604.8,97256.01,-0.020947324116942445,-0.02116983209414532,-0.02284551006559621,-0.05489662931883177,-35.129999999999995,254207.7634,182948.46082030673,0.38258473580512214,-913373.9488000015,0.6988785442699806,12.940000000000055,18.83357142857145,32.46482345355939,-60.733477836395195,BNBUSDT
2026-02-19,607.83,109354.363,0.005009920634920784,0.004997412740846467,-0.039414005088736714,-0.04487814076273977,-28.559999999999945,244877.91384999998,185448.48985671927,0.4465668678759859,-804019.5858000015,0.7030312114941676,3.0300000000000864,12.695000000000025,49.867776965059385,-58.65942935646399,BNBUSDT
2026-02-20,625.91,159590.806,0.029745159008275124,0.029311353189985106,0.01747512842187393,0.009776558844881711,6.059999999999945,232492.1466,182274.30447238663,0.686435255271543,-644428.7798000015,0.6633737031771595,18.079999999999927,10.492857142857158,39.34649421375085,-54.92369987097413,BNBUSDT
2026-02-21,625.61,81656.565,-0.00047930213608982086,-0.0004794170380752959,-0.0025191728184442708,0.02877768824719218,17.5,223618.69885,185205.68849190645,0.3651598252737083,-726085.3448000015,0.660261782511739,0.2999999999999545,9.785000000000009,42.19286079275861,-51.3948667997671,BNBUSDT
2026-02-22,614.8,68568.879,-0.017279135563689985,-0.0174301620936389,-0.00475928384109825,0.000830226765859754,0.5099999999999909,211713.96859999996,187227.88706390365,0.32387508227928996,-794654.2238000014,0.6517623729118828,10.81000000000006,10.052142857142867,41.071555460811496,-48.906751239137634,BNBUSDT
2026-02-23,596.41,245062.961,-0.029912166558230258,-0.03036866164413809,-0.013872354497354467,-0.03640094354864787,-22.530000000000086,211769.67549999998,187238.1483263037,1.1572146031833535,-1039717.1848000014,0.6535007606166154,18.389999999999986,11.112857142857154,37.1513047949608,-47.86703960344062,BNBUSDT
2026-02-24,583.6,168285.85,-0.021478513103401986,-0.021712533371672026,-0.039863119622262855,-0.07770595951135473,-49.16999999999996,198960.35965,180565.08978372675,0.8458260243198148,-1208003.0348000014,0.6082563968865924,12.809999999999945,10.84642857142858,38.06387882779059,-47.52883772814005,BNBUSDT
2026-02-25,629.42,221645.31,0.0785126799177518,0.07558294377170408,0.005607834992251259,0.0231809610507836,14.259999999999991,170083.69165,113101.40515689761,1.3031543932860068,-986357.7248000014,0.5021006891554117,45.819999999999936,13.280714285714291,55.73065132038938,-43.067068877370275,BNBUSDT
2026-02-26,625.74,126675.344,-0.00584665247370586,-0.005863811059158155,0.00020779718994257124,-0.0023118991055343097,-1.4500000000000455,146751.3292,53759.58342992114,0.8631972513677239,-1113033.0688000014,0.4084651171931346,3.67999999999995,13.102142857142862,53.12108161151394,-39.374149477167634,BNBUSDT
2026-02-27,614.03,128167.72,-0.018713842810112902,-0.01889116247278843,-0.0012524398178268559,-0.006005762942338233,-3.7100000000000364,142283.68515,51221.719916693866,0.9007899947550663,-1241200.7888000014,0.41000021912163603,11.710000000000036,13.606428571428571,48.711218436663316,-36.96625935476186,BNBUSDT
2026-02-28,617.14,172105.1,0.005064899109163967,0.0050521156541080674,0.034757968511594406,0.020403439153439118,12.340000000000032,144680.33555,51450.55651465615,1.1895541943951484,-1069095.6888000013,0.4094675974229783,3.1100000000000136,12.840714285714293,45.652778550369916,-34.410376673620476,BNBUSDT
2026-03-01,617.96,169960.927,0.0013287098551382215,0.0013278279013526663,0.05887594242631944,0.016665844068242786,10.129999999999995,145740.81985,51756.55516151743,1.1661861596149103,-899134.7618000013,0.4092963299892938,0.82000000000005,11.64142857142858,50.85900110443001,-31.95035033741442,BNBUSDT
2026-03-02,637.79,202581.15,0.03208945562819587,0.03158534511298728,0.013297956849162684,0.018980364589158194,11.879999999999995,148192.41384999998,53284.60033114928,1.3670143075275916,-696553.6118000012,0.4144528334114164,19.829999999999927,12.198571428571427,53.1034078931959,-28.076992377852093,BNBUSDT
2026-03-03,633.56,150191.056,-0.006632277081798144,-0.006654368362616858,0.012497203311279348,0.012707597384952196,7.949999999999932,143884.3897,49100.59802307413,1.0438314838263516,-846744.6678000012,0.4085666716087609,4.230000000000018,11.825714285714282,54.77772408794394,-25.059780388134186,BNBUSDT
2026-03-04,657.99,199919.683,0.038559883831050135,0.03783502644722456,0.07159259319577216,0.07025048796356548,43.190000000000055,147815.451,50329.05965984873,1.3524951664220812,-646824.9848000013,0.42774412894734826,24.430000000000064,12.646428571428569,65.0211804574979,-20.46145440886073,BNBUSDT
2026-03-05,647.85,128037.624,-0.01541056854967393,-0.015530545566624036,0.04976180445279854,0.0862493921966434,51.440000000000055,143646.34149999998,48191.115498275256,0.8913392618495614,-774862.6088000012,0.4327917598013963,10.139999999999986,13.154285714285704,60.865551694178976,-17.43448728083888,BNBUSDT
2026-03-06,627.31,115031.736,-0.031704869954464865,-0.03221835176330013,0.015130429153990432,0.07489718985606575,43.70999999999992,143705.6321,48153.23627077654,0.8004678335776932,-889894.3448000012,0.4425530109117779,20.540000000000077,13.33,50.375093773443346,-16.50276674143913,BNBUSDT
2026-03-07,620.26,63118.814,-0.011238462642074842,-0.011302091338338555,-0.027485535991470522,-0.014553080613898484,-9.159999999999968,140240.24325,51392.600936499904,0.45007632999809416,-953013.1588000013,0.43255627198807034,7.0499999999999545,13.812142857142858,48.61664167140714,-16.147113706394293,BNBUSDT
2026-03-08,611.98,81939.554,-0.013349240641021498,-0.013439142733411472,-0.03406149378117296,-0.021989963882762753,-13.759999999999991,139054.17680000002,52494.55727606824,0.5892635222158965,-1034952.7128000013,0.42934789316150973,8.279999999999973,13.631428571428566,49.261161182142125,-16.344968294819182,BNBUSDT
2026-03-09,634.64,121341.376,0.0370273538350927,0.036358306753977845,-0.0354868615024545,0.03356513525397786,20.610000000000014,140524.54140000002,51507.839492316714,0.8634888596049884,-913611.3368000012,0.44602617929057414,22.659999999999968,13.936428571428564,59.79703756855108,-14.506079800908992,BNBUSDT
2026-03-10,642.0,100783.446,0.011597125929661,0.011530394696213772,-0.009029868025005827,0.04028259390089772,24.860000000000014,140700.9132,51357.7031417885,0.7162956068148674,-812827.8908000012,0.4389971859503081,7.360000000000014,13.547142857142855,65.39597173890118,-12.312921239573143,BNBUSDT
2026-03-11,651.46,120145.814,0.01473520249221183,0.014627694213410158,0.03849771245476741,0.05421062851964531,33.5,141240.48575,51066.90291380299,0.8506471311112721,-692682.0768000012,0.4408399795743754,9.460000000000036,10.950000000000005,57.18851924331379,-9.699672552035622,BNBUSDT
2026-03-12,651.72,101534.056,0.00039910355202166237,0.0003990239313829263,0.05072066552735954,0.021841044858025516,13.930000000000064,138337.64825,51616.031725227345,0.7339582339618095,-591148.0208000012,0.43013721935149996,0.2599999999999909,10.705714285714294,58.66693354683746,-7.520977169468779,BNBUSDT
2026-03-13,655.73,231981.0,0.00615294911925357,0.006134097018976001,0.07148926435504421,0.03499273944062131,22.170000000000073,145853.87,53825.51744235654,1.5905028779832857,-359167.0208000012,0.43020010943295467,4.009999999999991,10.155714285714291,64.66450977633986,-5.4084269162387955,BNBUSDT
2026-03-14,657.7,55240.265,0.0030042853003522385,0.0029997814535749775,0.0363355603176605,-0.0004407361814008359,-0.2899999999999636,145187.4393,54904.46880981885,0.38047550990865914,-303926.7558000012,0.4236849939690711,1.9700000000000273,10.07428571428572,64.37889960294953,-3.53450945953432,BNBUSDT
2026-03-15,673.77,92999.094,0.024433632355177037,0.024139906076435604,0.0494859813084112,0.04000926140310246,25.91999999999996,137584.24595,50714.809307296884,0.6759428985335801,-210927.66180000122,0.41018802218001044,16.069999999999936,11.163571428571426,67.85462921492098,-0.7441238799564189,BNBUSDT
2026-03-16,679.71,226915.256,0.008816064829244574,0.008777430233731556,0.0433641359408099,0.08353126843187586,52.40000000000009,140515.71625,54160.296334292325,1.614874563897759,15987.59419999877,0.3967283783596852,5.940000000000055,10.171428571428578,64.71910112359552,1.924401846265141,BNBUSDT
2026-03-17,668.61,147117.033,-0.01633049388709895,-0.01646530611753821,0.025916037562143224,0.07795118176248672,48.35000000000002,136789.3024,50740.443475912514,1.075501010815887,-131129.43880000123,0.3052653005453677,11.100000000000023,10.662142857142864,61.74047028873854,3.1077265395013,BNBUSDT
2026-03-18,652.27,144505.186,-0.0244387610116511,-0.024742343863893162,-0.0052765619996035795,0.06583548481976531,40.289999999999964,137680.79450000002,50710.015111954155,1.0495667643754043,-275634.6248000012,0.3193798576375064,16.340000000000032,10.084285714285718,47.97421731123387,2.695941310105013,BNBUSDT
2026-03-19,639.15,117679.658,-0.020114369816180422,-0.020319418022010424,-0.028204348487152253,0.007106391024833014,4.509999999999991,137156.3914,50867.55450396391,0.8579961662654242,-393314.2828000012,0.3206364869507498,13.120000000000005,10.297142857142862,46.982519422863476,1.2959848903773263,BNBUSDT
2026-03-20,642.11,96688.002,0.004631150747085977,0.004620459962846772,-0.04698932870267303,0.0001713395638629489,0.11000000000001364,133385.5365,50935.74140514606,0.724876208748465,-296626.28080000123,0.32058876855978147,2.9600000000000364,9.041428571428574,55.846105229894164,0.42050923514489114,BNBUSDT
2026-03-21,630.7,54236.699,-0.01776954104436934,-0.01792931490727196,-0.0721042797663709,-0.03186688361526413,-20.75999999999999,127599.32509999999,53089.65591456461,0.4250547481931784,-350862.97980000125,0.3283337842116267,11.409999999999968,9.352857142857147,53.986558729188964,-1.1803962979876133,BNBUSDT
2026-03-22,626.41,102353.579,-0.006801966069446719,-0.006825204880337216,-0.06311601681099599,-0.03883569631129946,-25.31000000000006,122587.94655,50296.23563856647,0.8349399910883817,-453216.5588000013,0.3082494597397544,4.290000000000077,9.067857142857154,55.683339897597456,-2.763437427387771,BNBUSDT
2026-03-23,639.11,257556.874,0.020274261266582716,0.02007147474815355,-0.020175694114400455,-0.025345797813124293,-16.620000000000005,127956.23744999999,58464.034761258896,2.012851261749882,-195659.68480000127,0.3161029530723477,12.700000000000045,8.356428571428589,51.91041969399095,-2.95911423899895,BNBUSDT
2026-03-24,638.3,101174.299,-0.0012673874606876634,-0.0012681912754103299,-0.001329891261832139,-0.029496731032385703,-19.40000000000009,123018.96825,56192.25739856941,0.8224284469236718,-296833.98380000127,0.28253991966723613,0.8100000000000591,7.888571428571448,48.324882289025695,-3.143315567309628,BNBUSDT
2026-03-25,647.66,117518.94,0.014663951120162944,0.014557475033559478,0.00864337886031974,-0.03875209641272248,-26.110000000000014,122493.03405000002,56192.03788370625,0.9593928414903197,-179315.04380000127,0.28288214558139707,9.360000000000014,7.88142857142859,48.2780496646728,-2.505144920632347,BNBUSDT
2026-03-26,628.86,94718.073,-0.029027576197387495,-0.029457210885430095,-0.0029173933724433443,-0.07481131659089912,-50.85000000000002,121477.3509,56516.64987858277,0.7797179663390239,-274033.11680000124,0.2790185037606707,18.799999999999955,9.205714285714302,41.131284916201125,-3.4763201128863557,BNBUSDT
2026-03-27,613.95,131734.63,-0.023709569697547894,-0.023995164803619226,-0.019891125620599803,-0.08175169381253644,-54.65999999999997,124908.1417,54845.51941188385,1.0546520683687348,-405767.74680000124,0.28916791539635456,14.909999999999968,9.984285714285729,35.05508656460155,-5.386997883308936,BNBUSDT
2026-03-28,611.08,70087.882,-0.004674647772619944,-0.0046856081089996626,-0.04385786484329768,-0.06314869609210905,-41.18999999999994,124315.5581,55395.481114299866,0.5637901085849688,-475855.6288000012,0.2856149057948847,2.8700000000000045,10.04857142857144,33.43048052317319,-7.051523226137988,BNBUSDT
2026-03-29,606.09,83411.719,-0.008165870262486052,-0.008199393603961188,-0.05046216512611612,-0.05172494719549392,-33.059999999999945,122419.07525,56146.83408601066,0.6813621065970272,-559267.3478000013,0.25103318417110176,4.990000000000009,9.257142857142876,23.888888888888957,-8.673341962244649,BNBUSDT
2026-03-30,609.29,122880.083,0.005279743932419256,0.005265854949822218,-0.05924404780285952,-0.051112737692918686,-32.82000000000005,123523.90709999998,55915.618563070355,0.9947878583578257,-436387.2648000013,0.24741029181333918,3.199999999999932,9.06142857142858,22.244994482106264,-9.589885508057591,BNBUSDT
2026-03-31,617.43,139130.615,0.013359812240476554,0.013271356909095342,-0.018175746589066066,-0.021040114158871193,-13.270000000000095,124473.14715,56016.30790345459,1.1177560637422992,-297256.6498000013,0.2461849764227393,8.139999999999986,8.850000000000007,29.34624697336561,-9.549344006822025,BNBUSDT
2026-04-01,610.81,126557.565,-0.010721863207165172,-0.010779756570835028,-0.005114422998615642,-0.024903816988873118,-15.600000000000023,125724.3226,55755.831588514804,1.0066275354105587,-423814.2148000013,0.24757053825847422,6.6200000000000045,8.155714285714291,31.844456121912756,-9.93684745734322,BNBUSDT
2026-04-02,583.52,297618.319,-0.044678377891651966,-0.04570721812127324,-0.04510047784250848,-0.08698033202422129,-55.59000000000003,129006.18855,63704.57886146259,2.3070080772493298,-721432.5338000013,0.28520797213736293,27.289999999999964,9.167857142857144,28.328788469030002,-12.304186656955608,BNBUSDT
2026-04-03,588.31,76506.375,0.008208801754866935,0.008175292795779214,-0.02933557722450475,-0.07831740560864797,-49.99000000000001,130069.49405000001,62576.01716661086,0.5881961451360008,-644926.1588000013,0.2878911333349639,4.789999999999964,9.298571428571424,29.33630357965889,-13.636612677655307,BNBUSDT
2026-04-04,593.36,59665.434,0.008583909843449922,0.008547277572153286,-0.026145185379704117,-0.08384028657011389,-54.299999999999955,128402.81104999999,64042.0754091405,0.4646738923555678,-585260.7248000012,0.2711140126904465,5.050000000000068,8.844285714285718,34.921660474882884,-14.12228420181998,BNBUSDT
2026-04-05,601.5,78031.95,0.013718484562491584,0.013625237986430947,-0.025800495602740336,-0.04350729892185867,-27.360000000000014,120958.64575,60546.011613660135,0.6451126293301775,-507228.77480000124,0.2752409968606055,8.139999999999986,9.119285714285711,40.244380042296555,-13.692513638680339,BNBUSDT
2026-04-06,600.11,104959.549,-0.0023108894430590166,-0.0023135636687556887,-0.017517722368657895,-0.022542552325107934,-13.840000000000032,118850.77154999999,60320.8169202248,0.8831204680555564,-612188.3238000013,0.272714824801968,1.3899999999999864,8.311428571428564,33.241663801993795,-13.310641959426448,BNBUSDT
2026-04-07,620.1,163526.892,0.03331055973071595,0.03276778360985431,0.06268851110501794,0.014760751456437848,9.019999999999982,119801.85684999998,60893.839294850855,1.3649779419090866,-448661.4318000013,0.2949514342996749,19.99000000000001,9.68142857142856,43.286114800059046,-11.265122644233998,BNBUSDT
2026-04-08,601.16,162114.686,-0.030543460732140093,-0.031019633289938803,0.021842226037293244,-0.008134105495883559,-4.930000000000064,122023.60825,61618.64115343729,1.3285518132512688,-610776.1178000013,0.30541497336600515,18.940000000000055,10.365714285714278,33.97877618522601,-11.045013521000897,BNBUSDT
2026-04-09,603.03,107305.176,0.0031106527380397875,0.0031058246675208677,0.01629702035863545,-0.010274253639481978,-6.259999999999991,122554.46695,61434.34017370043,0.8755713167417927,-503470.9418000013,0.30496623686650315,1.8700000000000045,9.156428571428567,39.92511116311722,-10.597520464097443,BNBUSDT
2026-04-10,605.54,104265.932,0.004162313649403782,0.004153675184317156,0.006716541978387225,-0.019257243736132024,-11.889999999999986,125055.92860000001,59494.09160589408,0.8337544102647204,-399205.0098000013,0.30074604425339097,2.509999999999991,8.270714285714282,46.36842559806543,-9.925923106533787,BNBUSDT
2026-04-11,607.05,94267.47,0.0024936420385111013,0.002490538072252618,0.011564546499808204,-0.006155760383752762,-3.759999999999991,124651.62315000003,59683.66391668006,0.756247432787641,-304937.5398000013,0.3005307069316628,1.509999999999991,8.173571428571424,48.23909813859998,-9.166171067342589,BNBUSDT
2026-04-12,592.19,103774.251,-0.024479037970512985,-0.02478363065216543,-0.045008869537171425,0.014858102550041163,8.670000000000073,116962.492,50923.192544425125,0.8872438439495629,-408711.7908000013,0.2997136548839691,14.8599999999999,8.878571428571417,44.40868865647627,-9.651879058661848,BNBUSDT
2026-04-13,614.71,138504.5,0.0380283355004305,0.037323082541080216,0.02253975647082318,0.04487430096377776,26.40000000000009,118829.00204999998,50998.12850773989,1.165578247823045,-270207.2908000013,0.33429306891617383,22.519999999999982,10.25857142857142,51.8869238267651,-8.125959347488333,BNBUSDT
2026-04-14,613.75,173382.031,-0.0015617120268094364,-0.0015629327701687124,0.017776893355222922,0.03436362410678173,20.389999999999986,121622.15659999999,52432.23976704453,1.4255793175106386,-443589.3218000013,0.32869290960422004,0.9600000000000364,9.745714285714282,48.651421870419256,-6.914415877509214,BNBUSDT
2026-04-15,622.59,114943.22,0.014403258655804496,0.0143005170929483,0.02815668659378412,0.035062344139650925,21.090000000000032,122633.41395,52079.8886448707,0.9372912022726902,-328646.10180000134,0.3181543389092902,8.840000000000032,9.904285714285711,54.24780037501805,-5.181218960830279,BNBUSDT
2026-04-16,635.77,131546.701,0.021169630093641034,0.02094866651253231,0.04731076517585042,0.05942243921947643,35.65999999999997,122624.0175,52078.17706939907,1.072764566696732,-197099.40080000134,0.31423371191089605,13.17999999999995,8.896428571428569,70.9755118426335,-2.712859906898757,BNBUSDT
2026-04-17,643.12,153486.838,0.011560784560454396,0.011494469305494557,0.0860028031543929,0.03712304467021443,23.019999999999982,126793.9653,50977.44231438282,1.2105216335560096,-43612.56280000135,0.314988322132013,7.350000000000023,9.079285714285716,71.56006608449377,-0.16171979448051843,BNBUSDT
2026-04-18,629.9,119665.359,-0.020556039308371687,-0.020770255391822062,0.02471083925753592,0.04780757202741359,28.74000000000001,128606.6473,49988.61674973844,0.9304756908937786,-163277.92180000135,0.3236331986671112,13.220000000000027,9.66285714285714,63.50532229450028,0.7842927698868607,BNBUSDT
2026-04-19,616.06,100590.742,-0.021971741546277235,-0.022216715240285987,0.0037637474541749594,0.021607548546506816,13.029999999999973,127492.18025,50370.01560111678,0.7889953862484048,-263868.6638000014,0.334389955198017,13.840000000000032,10.070000000000002,55.16385302879839,0.4124873115434866,BNBUSDT
2026-04-20,629.26,92147.711,0.021426484433334503,0.021200164436395552,0.010713310525385822,0.03917164844601517,23.720000000000027,125143.03504999999,50891.54600520535,0.7363391095891437,-171720.95280000137,0.33960521813168326,13.200000000000045,10.913571428571434,59.5392368610511,1.16947748165569,BNBUSDT
2026-04-21,631.72,105373.239,0.003909353844198105,0.0039017321778611475,-0.006370228227189023,0.040639156576888436,24.670000000000073,124083.81875,51080.66108393983,0.8492101553733008,-66347.71380000137,0.336770749088798,2.4600000000000364,9.661428571428578,54.29543102173592,1.945472885798722,BNBUSDT
2026-04-22,637.47,134986.339,0.009102133856772054,0.009060959099896843,-0.008785296678691323,0.07646194633479109,45.27999999999997,115952.21975,30998.83607621641,1.1641548500842736,68638.62519999864,0.28880872285875636,5.75,8.719285714285718,64.87261407389204,2.989965320545707,BNBUSDT
2026-04-23,638.54,98409.256,0.0016785103612717567,0.0016771032371169082,0.013716462930623896,0.038766247498820405,23.829999999999927,117047.3638,29899.324955247543,0.8407643949004513,167047.88119999864,0.2886531433827059,1.0699999999999363,8.662142857142856,64.64088397790056,3.85958229568314,BNBUSDT
2026-04-24,636.21,70625.818,-0.003648949165283244,-0.0036556228197855557,0.032707853131188624,0.0365947046843178,22.460000000000036,117595.383,28875.130957851383,0.6005832558919426,96422.06319999864,0.28948856718603105,2.3299999999999272,8.649285714285709,62.66413411512102,4.311053346908352,BNBUSDT
2026-04-25,628.53,58918.337,-0.012071485830150497,-0.01214493793105158,-0.001160092807424573,0.009540789283476903,5.939999999999941,116639.70234999999,30522.773685158965,0.5051310644055326,37503.72619999864,0.2920552583580285,7.680000000000064,9.09,58.43941537010845,4.002991596763877,BNBUSDT
2026-04-26,635.76,54446.34,0.011503030881580889,0.011437374043893452,0.006395238396758041,-1.5728958585592423e-05,-0.009999999999990905,114114.0419,33486.18228716705,0.4771221761447396,91950.06619999863,0.29323858864032953,7.230000000000018,8.545000000000007,68.21031513834319,4.292766674607833,BNBUSDT
2026-04-27,626.83,103945.488,-0.014046180948785625,-0.014145762138426728,-0.01669098153638604,-0.02532964299042162,-16.289999999999964,111134.97170000002,31447.061805265697,0.9353085388872239,-11995.421800001364,0.2761063850099574,8.92999999999995,7.57428571428572,55.71482459449265,3.758513340444324,BNBUSDT
2026-04-28,624.55,62347.742,-0.003637349839669568,-0.0036439810815789937,-0.021909355717731116,-0.008493411652643279,-5.350000000000023,106146.62449999999,30841.72377549591,0.5873737605287674,-74343.16380000136,0.2511355720564613,2.2800000000000864,7.668571428571438,55.02980625931443,3.115226388146084,BNBUSDT
2026-04-29,617.39,101813.172,-0.011464254263069407,-0.011530475430003904,-0.029581427516071845,0.002158880628510218,1.330000000000041,105872.0243,30855.31178959613,0.9616626552024848,-176156.33580000137,0.255592245223887,7.159999999999968,7.548571428571433,47.53974261922784,2.004557392605875,BNBUSDT
2026-04-30,615.38,78612.445,-0.0032556406809309824,-0.0032609518096032293,-0.020921833484479624,-0.022057655023360767,-13.879999999999995,104589.34994999999,31453.018521702394,0.7516295400782345,-254768.78080000138,0.2558466549317081,2.009999999999991,6.750714285714293,39.21278171622052,0.9511892919108504,BNBUSDT
2026-05-01,615.34,88053.74,-6.500048750357479e-05,-6.500260012681083e-05,-0.0321190386309298,-0.025929209143291332,-16.379999999999995,104278.66345000001,31590.7296337784,0.844408022569453,-342822.5208000014,0.2558003394764454,0.03999999999996362,6.228571428571432,34.07110091743121,0.11187024672904045,BNBUSDT
2026-05-02,618.03,51973.994,0.0043715669386028555,0.00436203939662,-0.014038894118022505,-0.030495552731893305,-19.440000000000055,101688.65060000001,33688.09758590051,0.5111090932305085,-290848.5268000014,0.2378540295616493,2.689999999999941,5.476428571428569,42.2590322159906,-0.3324038798004949,BNBUSDT
2026-05-03,617.27,72850.13,-0.0012297137679400105,-0.0012304704863438484,-0.011656392602673926,-0.033310364268487436,-21.269999999999982,98405.9321,33105.572077135825,0.7403022200528498,-363698.6568000014,0.19679565821739564,0.7599999999999909,4.542142857142851,50.95140745400223,-0.737320601385818,BNBUSDT
2026-05-04,622.63,206649.001,0.008683396244755226,0.008645912394703284,0.008487341874666043,-0.02134515332987541,-13.580000000000041,100069.28060000001,37601.37955371821,2.0650593245096234,-157049.6558000014,0.1988726120003006,5.360000000000014,3.982142857142849,44.053811659192824,-0.6185821855181075,BNBUSDT
2026-05-05,630.42,147021.795,0.012511443393347532,0.012433822051575163,0.024440183301374763,0.003007016371533666,1.8899999999999864,101673.20934999999,38929.93972240969,1.446022958652677,-10027.860800001392,0.19726229534264006,7.789999999999964,4.36285714285713,48.93582187295344,0.10292035894258333,BNBUSDT
2026-05-06,647.74,241695.256,0.027473747660289982,0.027103117339507387,0.05265381740176167,0.01884358877563863,11.980000000000018,107180.6371,49684.46583733312,2.255027237564349,231667.3951999986,0.2069696747424554,17.32000000000005,5.189285714285704,57.06813489332416,2.0486796703125947,BNBUSDT
2026-05-07,637.02,144173.809,-0.016549850248556597,-0.016688329014709638,0.030726663754186756,0.016256401257119135,10.18999999999994,106714.98565,49269.54363245393,1.3510174613418973,87493.5861999986,0.21196322047591756,10.720000000000027,5.8785714285714255,49.07654921020657,2.69463149921728,BNBUSDT
2026-05-08,649.36,107752.676,0.019371448306175765,0.019186210199383685,0.05198697490563298,0.039724601713233554,24.81000000000006,106119.35150000002,49176.66310879396,1.0153913916445294,195246.2621999986,0.20894706405165372,12.340000000000032,6.593571428571432,57.12273859820169,4.154398527570265,BNBUSDT
2026-05-09,649.75,98352.892,0.0006005913514846029,0.0006004110686794479,0.04355716878402904,0.052414195241257566,32.360000000000014,106007.459,49192.44789456537,0.9277921848876691,293599.1541999986,0.18963687897574613,0.38999999999998636,6.072857142857141,62.47941660785699,5.281858181948564,BNBUSDT
2026-05-10,663.55,119277.217,0.02123893805309729,0.021016535361658564,0.05255226674280644,0.07827683707627808,48.16999999999996,107363.93430000001,49164.19055481653,1.1109616816640817,412876.3711999986,0.1893926909494627,13.799999999999955,6.542142857142851,65.17087018233431,7.205858102821139,BNBUSDT
2026-05-11,670.6,183665.245,0.010624670333810649,0.01056862514886999,0.03529193812332121,0.08980401079078226,55.25999999999999,111278.53459999998,52030.69957240385,1.6505002124641568,596541.6161999987,0.1914392397787871,7.050000000000068,6.407857142857146,74.39527365956971,9.193540569569564,BNBUSDT
2026-05-12,664.95,161617.089,-0.008425290784372153,-0.00846098417295589,0.043844777244042676,0.07591864472598431,46.92000000000007,112610.07209999999,53001.05782917334,1.4351921278984778,434924.5271999986,0.1941916852582674,5.649999999999977,6.648571428571423,71.70176192522567,10.195359703693498,BNBUSDT
2026-05-13,671.68,226062.768,0.010121061733964876,0.01007018677309586,0.034372305038807394,0.08814619210394148,54.40999999999997,118992.74769999999,58592.35200765553,1.8998029070640583,660987.2951999987,0.1962026395014217,6.7299999999999045,6.617857142857133,79.29843497031843,11.400940396198735,BNBUSDT
2026-05-14,678.27,159800.03,0.009811219628394596,0.00976340212406652,0.04389380530973441,0.08936286398021287,55.639999999999986,123451.45829999998,58109.00960934832,1.2944361468105883,820787.3251999987,0.1963293674130196,6.590000000000032,6.944999999999993,82.34084130412427,12.741256432820137,BNBUSDT
2026-05-15,672.38,166504.371,-0.008683857460893174,-0.008721781864122551,0.01330721121241818,0.06655880206846243,41.960000000000036,128830.76000000001,56785.27179761363,1.292427142399843,654282.9541999986,0.19315917054590745,5.889999999999986,7.362857142857138,77.66783081102056,13.176304536351836,BNBUSDT
2026-05-16,656.2,129778.336,-0.0240637734614354,-0.024358036365210677,-0.021473307485833537,0.013060795998394381,8.460000000000036,132597.3598,54022.84373052433,0.9787399703564836,524504.6181999986,0.2136576254098834,16.17999999999995,8.326428571428567,66.3721369134426,12.076284622750109,BNBUSDT
2026-05-17,649.48,95811.952,-0.010240780249923809,-0.0102935778080876,-0.023264907135874924,0.019559825437192035,12.460000000000036,132190.683,54279.88577679478,0.7248010966098118,428692.66619999864,0.21034653463013897,6.720000000000027,8.752142857142855,63.14371990532933,10.54075580585129,BNBUSDT
2026-05-18,643.53,126181.22,-0.009161175093921337,-0.009203396722792908,-0.04190983801810377,-0.008978070715781716,-5.830000000000041,135382.3569,51775.91168794308,0.9320359232126796,302511.4461999986,0.21315622969747042,5.9500000000000455,8.794285714285715,58.487654320987644,8.742939715051875,BNBUSDT
2026-05-19,640.02,80953.937,-0.0054542911752365475,-0.005469220130674299,-0.05639347162634345,-0.014974990380915765,-9.730000000000018,134339.39515,52689.73880176042,0.6026075739704565,221557.5091999986,0.20930980508005773,3.509999999999991,8.488571428571431,54.039044092898024,6.954759704140088,BNBUSDT
2026-05-20,649.5,82942.653,0.014812037123839827,0.014703410245207714,-0.03402837681073201,-0.02117398839575002,-14.049999999999955,134555.90555,52457.07895659171,0.6164177830840663,304500.1621999986,0.2132147079806374,9.480000000000018,7.928571428571429,50.792792792792795,6.230746764489709,BNBUSDT
2026-05-21,658.58,103055.678,0.013979984603541329,0.013883165924411812,0.0036269430051814044,-0.01792424694303607,-12.019999999999982,135306.00245,51861.00733193546,0.7616489744280373,407555.84019999864,0.21652561687393904,9.080000000000041,7.811428571428572,59.85735186539871,6.316824982547246,BNBUSDT
2026-05-22,650.44,123907.62,-0.01235992590118129,-0.012436945077544162,0.0014781055613721783,-0.021821189563125065,-14.509999999999991,138902.68375,48138.33941490559,0.8920462632889913,283648.22019999864,0.22364965893004657,8.139999999999986,7.511428571428569,50.51350323316852,5.662933843047654,BNBUSDT
2026-05-23,656.26,113009.638,0.008947789188856747,0.00890799492745128,0.019781517567168505,-0.022957360647927527,-15.419999999999959,140910.65915000002,46029.49018552257,0.8019949568165794,396657.8581999986,0.22422327404057846,5.819999999999936,7.899285714285709,52.94330409621123,5.550364615883609,BNBUSDT
2026-05-24,656.57,73668.177,0.0004723737543048667,0.00047226222094522765,0.025858566919783943,-0.031993159066448396,-21.699999999999932,134261.61795,45636.661282329245,0.5486912650451937,470326.03519999865,0.2234344335587984,0.3100000000000591,6.935714285714288,46.40576725025752,5.423646678750629,BNBUSDT
2026-05-25,663.15,114244.753,0.010021779855917679,0.009971894834443646,0.021016166281755178,-0.01372735655432944,-9.230000000000018,132622.76585,45742.71771028215,0.8614264094688989,584570.7881999987,0.22216316513406653,6.579999999999927,6.902142857142849,46.145089516713206,5.787458589216158,BNBUSDT
2026-05-26,656.43,122333.282,-0.01013345396969012,-0.010185146929692223,-0.0032645995930640215,0.0003505028954584599,0.2299999999999045,126654.66715,37872.521336609854,0.9658805692104336,462237.50619999866,0.20588801915492444,6.720000000000027,6.978571428571423,45.639713408392986,5.470474090701032,BNBUSDT
2026-05-27,648.84,101737.594,-0.011562542845390822,-0.011629908828755734,-0.002459873316524197,-0.0009854037075813782,-0.6399999999999864,124532.8564,38027.779431602175,0.8169538300255352,360499.9121999987,0.2010349814284789,7.589999999999918,7.0399999999999965,38.413149350649384,4.554312741827857,BNBUSDT
2026-05-28,638.24,145257.685,-0.01633684729671414,-0.016471765024817304,-0.027458629201840723,-0.00822028499059868,-5.289999999999964,126408.10685000001,38081.45075652522,1.1491168455862368,215242.22719999868,0.1976753666976603,10.600000000000023,7.326428571428567,30.486497026420977,2.939037465738238,BNBUSDT
2026-05-29,643.1,115255.263,0.00761469039859608,0.007585844983720913,-0.020515710434531043,0.004812349614074618,3.080000000000041,127253.2254,37610.7118567816,0.9057158483623002,330497.4901999987,0.19988519696244972,4.860000000000014,7.25285714285714,35.582036635808564,2.0277074065143097,BNBUSDT
2026-05-30,718.74,566380.966,0.11761778883532892,0.11119944583047722,0.0838271884189099,0.10660508083140874,69.24000000000001,149608.41285000002,105044.15488061609,3.785756129689467,896878.4561999987,0.4608849916733704,75.63999999999999,11.5,69.42236024844719,7.324554711606538,BNBUSDT
2026-05-31,710.55,380165.732,-0.011394941147007343,-0.011460360933424249,0.08244595768017926,0.07891220504722263,51.969999999999914,159433.4372,116915.93978605092,2.384479307957867,516712.7241999987,0.4635480436958517,8.190000000000055,11.605000000000002,68.794238936419,10.737702261617756,BNBUSDT
2026-06-01,693.1,533342.526,-0.024558440644571022,-0.024865029113931382,0.0682140435238272,0.0655863723018264,42.65999999999997,178019.70905,143748.98642598727,2.9959745965554925,-16629.801800001238,0.4724036667898796,17.449999999999932,12.426428571428564,64.24670920273613,11.897430943118025,BNBUSDT
2026-06-02,650.69,310137.34,-0.06118886163612747,-0.06314095060625106,0.01950676861368761,-0.008487489714442353,-5.569999999999936,182223.43765,146432.1572899515,1.70196185517961,-326767.14180000126,0.5222733831899877,42.40999999999997,15.204999999999993,52.506224456240915,9.287333118730999,BNBUSDT
2026-06-03,620.63,300913.443,-0.046197113833008174,-0.0472982471559402,-0.03494013372725868,-0.0547390224956974,-35.940000000000055,189279.10830000002,148677.3290819864,1.5897868798233343,-627680.5848000012,0.5441455824612896,30.06000000000006,16.674999999999994,43.81666309702291,4.7385974088124385,BNBUSDT
2026-06-04,604.53,401431.765,-0.025941382143950587,-0.026283794546755362,-0.1589030803906838,-0.08839629043202901,-58.620000000000005,201025.478,155888.71410810892,1.9969198381908586,-1029112.3498000012,0.5495815745133142,16.100000000000023,17.176428571428566,38.7615918825633,-0.1635584597426032,BNBUSDT
2026-06-05,572.22,534838.035,-0.05344647908292388,-0.05492776379611646,-0.19468017732742238,-0.12828481330834962,-84.20999999999992,221278.46295000002,171659.93501831128,2.417036108574434,-1563950.3848000013,0.5726836163929678,32.309999999999945,18.902857142857133,35.22143288996372,-6.579850852943878,BNBUSDT
2026-06-06,574.53,226190.523,0.0040369088811993414,0.004028782427701685,-0.17107199538306173,-0.11452746439800265,-74.31000000000006,227797.3915,169101.01106089074,0.9929460627735063,-1337759.8618000012,0.5735977124597873,2.3099999999999454,18.65214285714285,34.35070654463293,-11.347603003139284,BNBUSDT
2026-06-07,604.44,192844.362,0.05205994465040997,0.05075009429898161,-0.0710783937051438,-0.052958134870894846,-33.799999999999955,231130.5486,167643.34889255997,0.8343525473724419,-1144915.4998000013,0.6085332054576139,29.910000000000082,20.766428571428566,41.03463694837134,-12.56772103530784,BNBUSDT
2026-06-08,601.86,121475.506,-0.0042684137383364185,-0.004277549422110773,-0.030243462288319867,-0.06412688539884936,-41.24000000000001,233156.62705,165969.34877903125,0.5210038742495181,-1266391.0058000013,0.6084701249851125,2.580000000000041,20.48071428571429,39.312244969134724,-13.586244040165866,BNBUSDT
2026-06-09,593.44,134636.725,-0.013989964443558267,-0.01408874638216808,-0.018344829867831036,-0.17433286028327344,-125.29999999999995,235741.33065,163896.46751188755,0.571120577918058,-1401027.7308000014,0.6062547198082675,8.419999999999959,20.602142857142855,39.080539472315664,-14.901084069155218,BNBUSDT
2026-06-10,586.53,114846.002,-0.01164397411701279,-0.011712296060772402,0.0250078641082101,-0.1745408486383787,-124.01999999999998,236330.84685,163414.5900652794,0.48595434548962263,-1515873.7328000015,0.6030847807626881,6.910000000000082,20.553571428571438,39.172893136403125,-16.3126415383731,BNBUSDT
2026-06-11,605.76,115805.929,0.0327860467495269,0.03226005034044966,0.05435747480549313,-0.1260135622565287,-87.34000000000003,235925.76229999997,163717.70130566254,0.4908574963201465,-1400067.8038000015,0.6170193816201034,19.230000000000018,21.17000000000001,44.52054794520548,-15.698646489602197,BNBUSDT
2026-06-12,603.83,105336.327,-0.0031860802958266765,-0.0031911666562275103,-0.0010091985970485107,-0.07201586008698457,-46.860000000000014,235542.09675000003,164029.60447003835,0.44720807215961067,-1505404.1308000016,0.6154421310361535,1.92999999999995,20.96071428571429,43.308911228488675,-15.192654397378988,BNBUSDT
2026-06-13,609.65,73491.153,0.009638474405047726,0.009592320641543244,0.012943209384242094,-0.017691700368979935,-10.980000000000018,235533.24555000002,164038.80359577131,0.31202029602398096,-1431912.9778000016,0.6170771736644218,5.819999999999936,15.973571428571429,25.609265304297267,-14.158812679570019,BNBUSDT
2026-06-14,616.79,122027.611,0.011711637824981525,0.011643587400653296,0.0393468589916417,0.020280217689775615,12.259999999999991,235922.38844999997,163744.90022161126,0.5172362479106634,-1309885.3668000016,0.617579219897663,7.139999999999986,15.898571428571424,28.937909964956418,-12.617896089496526,BNBUSDT
2026-06-15,617.87,170537.642,0.0017510011511212564,0.0017494699357849459,0.053432901982848335,0.07977700884275274,45.64999999999998,238332.60645,162333.63168928138,0.7155447361575229,-1139347.7248000016,0.6171785845146718,1.080000000000041,14.729285714285718,31.75888657194122,-11.180677723034478,BNBUSDT
2026-06-16,604.94,192189.417,-0.020926732160486794,-0.02114879978361144,-0.0013536714210247158,0.05293022122430524,30.410000000000082,242855.19759999998,159564.18795275092,0.7913745264639129,-1331537.1418000015,0.6199265073843102,12.92999999999995,12.623571428571429,37.05652690544899,-10.958689798051068,BNBUSDT
2026-06-17,601.63,169384.189,-0.005471617019869868,-0.0054866411455124515,-0.0036434095689185098,-0.004648931242141607,-2.810000000000059,244061.5228,158877.22530515367,0.6940225032472838,-1500921.3308000015,0.6179747981257773,3.310000000000059,10.712857142857144,43.665822109614616,-10.923927864824236,BNBUSDT
2026-06-18,578.48,151568.812,-0.038478799262004815,-0.03923866454689161,-0.05112769621914204,-0.038846243312398276,-23.379999999999995,245877.20025,157529.51218707277,0.616441100866163,-1652490.1428000014,0.6297631491128136,23.149999999999977,11.216428571428569,41.705406610201884,-12.618927172241001,BNBUSDT
2026-06-19,581.42,94343.191,0.005082284607937915,0.005069413391224244,-0.057345287699216874,-0.020254785656511398,-12.020000000000095,222275.31149999998,141531.9019340174,0.4244429593342399,-1558146.9518000013,0.43757057002534017,2.939999999999941,9.118571428571427,53.60332132226223,-13.5685827302201,BNBUSDT
2026-06-20,588.03,84540.17,0.011368717966358188,0.011304579747372607,-0.04829494877563245,0.002557413943020892,1.5,207494.03340000001,139598.32729904103,0.4074342216724194,-1473606.7818000014,0.4441444576695588,6.610000000000014,9.425714285714289,55.115186420127316,-13.630693691825059,BNBUSDT
2026-06-21,584.23,63361.252,-0.00646225532710909,-0.006483226093518191,-0.03423480014546898,-0.035542128895932334,-21.529999999999973,183994.9697,120048.03103626314,0.3443640448611678,-1536968.0338000015,0.4403892736757343,3.7999999999999545,7.560714285714279,40.45347189418986,-13.827154488617339,BNBUSDT
2026-06-22,590.15,105431.63,0.010132995566814351,0.010082000963302768,-0.01908149527117997,-0.022655383137638152,-13.680000000000064,173759.6842,117425.03649755123,0.6067669291954204,-1431536.4038000014,0.3970766489444305,5.919999999999959,7.799285714285702,44.63778734316327,-13.351251642929014,BNBUSDT
2026-06-23,578.08,108854.882,-0.020452427348979008,-0.02066447447574786,-0.0006914672935969257,-0.0517838103830065,-31.569999999999936,164156.75615,114290.57500432293,0.6631154547214169,-1540391.2858000014,0.37093785513379723,12.069999999999936,8.059999999999986,43.19390287132221,-13.789091275020155,BNBUSDT
2026-06-24,564.67,160907.998,-0.023197481317464796,-0.023470777685142545,-0.02880877850779129,-0.08450201851521588,-52.120000000000005,152130.5678,99737.2642289712,1.057696689935052,-1701299.2838000013,0.3688369560768802,13.410000000000082,8.5242857142857,40.84129378247023,-15.044730972242292,BNBUSDT
2026-06-25,560.62,156267.916,-0.007172330741849087,-0.007198175558512312,-0.046613268030542554,-0.0926570314143752,-57.25,133202.06185,43157.765106773964,1.1731643927252016,-1857567.1998000012,0.31824565346536876,4.0499999999999545,7.439999999999982,28.33141321044542,-16.180121265254115,BNBUSDT
2026-06-26,567.64,186203.407,0.01252185080803403,0.012444100810661633,-0.028396350752272315,-0.06165900750487663,-37.30000000000007,131202.70605,39384.47550119647,1.4192040134373431,-1671363.7928000013,0.3213779126714402,7.019999999999982,7.803571428571412,33.437070938215044,-16.325283218294544,BNBUSDT
2026-06-27,557.2,81411.91,-0.01839193855260368,-0.01856317306068604,-0.05583326272981437,-0.07384937586224083,-44.42999999999995,125631.08344999999,38065.15975388055,0.6480236241248464,-1752775.7028000013,0.2603197601125283,10.43999999999994,8.133571428571413,26.969351014314555,-17.08579149240552,BNBUSDT
2026-06-28,551.07,76867.857,-0.011001435750179422,-0.011062399079568089,-0.046723636866869644,-0.04738279629373521,-27.409999999999968,123400.701,39597.48973109957,0.6229126445562089,-1829643.5598000013,0.26152931866248097,6.1299999999999955,8.061428571428555,20.884281410597183,-17.975924282750043,BNBUSDT
2026-06-29,559.52,105794.124,0.015333805142722312,0.015217430488983184,-0.009120371190252663,-0.037666402944515065,-21.899999999999977,121958.57095,39691.84670604829,0.8674595247870933,-1723849.4358000013,0.2677138911606908,8.449999999999932,8.58785714285712,25.734009814522082,-17.794393856008583,BNBUSDT
2026-06-30,546.52,106315.52,-0.02323420074349447,-0.023508369844778648,-0.025150725981948563,-0.07059163648113187,-41.50999999999999,121532.04685,39817.93377598807,0.8747941201979353,-1830164.9558000013,0.27582870913961544,13.0,8.592857142857124,25.719035743973322,-18.486421084561357,BNBUSDT
2026-07-01,550.44,162073.172,0.007172656078460182,0.007147054926793929,-0.030300894933408373,-0.057836810845043884,-33.789999999999964,123845.40900000001,40799.67148193673,1.3086732347098953,-1668091.7838000013,0.24448670633951894,3.9200000000000728,8.636428571428553,28.831362170209232,-18.50522964158074,BNBUSDT
2026-07-02,558.96,152316.814,0.0154785262698931,0.015359955847114238,0.0031586503948313194,-0.05285097009234929,-31.18999999999994,126194.43334999999,41029.72423544635,1.207001053505662,-1515774.9698000012,0.2547439002532349,8.519999999999982,7.591428571428553,40.8167105758374,-17.629421762988272,BNBUSDT
2026-07-03,573.81,104658.991,0.026567196221554124,0.026220416826356948,0.041265175023136536,-0.007386520896761839,-4.2700000000000955,127752.82525,39485.43699376189,0.819230344183719,-1411115.9788000013,0.2729624951663428,14.849999999999909,8.442142857142837,46.78060749640408,-15.55772702320212,BNBUSDT
2026-07-04,575.37,96714.134,0.0027186699430126193,0.0027149810443025855,0.02832785244495284,0.018949120725379576,10.700000000000045,126487.1514,40079.84046847611,0.7646162707400492,-1314401.8448000012,0.26841362157804494,1.5600000000000591,8.081428571428555,44.40516174650875,-13.632863884928724,BNBUSDT
2026-07-05,589.87,132836.834,0.02520117489615381,0.024888861523659392,0.07932006147990922,0.05217437836680827,29.25,124602.111,38763.98479626678,1.0660881499832695,-1181565.0108000012,0.28659602184230626,14.5,8.845714285714271,52.27713178294574,-10.812724800698106,BNBUSDT
2026-07-06,586.01,140805.495,-0.006543814738840803,-0.006565319360688086,0.06462103044836853,0.032362060460855435,18.370000000000005,122032.9149,35624.336874439585,1.1538321043579365,-1322370.5058000013,0.27853912498315975,3.8600000000000136,8.698571428571418,48.30021349975365,-8.7879124150395,BNBUSDT
2026-07-07,576.82,93068.489,-0.01568232624016641,-0.01580659484441788,0.031952196937169,0.035211773151471615,19.620000000000005,118217.12989999999,34349.87526417737,0.7872673704625273,-1415438.9948000014,0.28282378064964075,9.18999999999994,8.492857142857133,49.470142977291836,-7.834479207870686,BNBUSDT
2026-07-08,568.66,99416.988,-0.014146527512915785,-0.014247543448037874,-0.008975096286227058,0.031919719817808945,17.589999999999918,115609.53869999999,33657.31693489286,0.8599375892155515,-1514855.9828000013,0.2527313847859816,8.160000000000082,8.117857142857133,51.755389353277614,-7.649145735497655,BNBUSDT
2026-07-09,568.72,85621.609,0.00010551120177271223,0.00010550563585736997,-0.011557780210994628,0.016442665141549906,9.200000000000045,115173.45959999999,34002.08953751488,0.7434144055181269,-1429234.3738000013,0.25182775124112794,0.06000000000005912,7.832857142857141,53.69323363122379,-7.411985371268088,BNBUSDT
2026-07-10,575.43,87506.374,0.011798424532282858,0.011729365780478547,-0.024479970162917364,0.05289833857864301,28.909999999999968,115321.76979999998,33867.64411569356,0.7588018650057173,-1341727.9998000013,0.2521117763604776,6.709999999999923,7.810714285714279,53.56195701874713,-6.6064382440652025,BNBUSDT
2026-07-11,574.65,65716.339,-0.0013555080548458553,-0.001356427586938602,-0.01938533472125048,0.04398299542184425,24.209999999999923,115439.52415,33681.05439191279,0.5692707024208572,-1407444.3388000012,0.25128460698937305,0.7799999999999727,7.120714285714281,58.75213160798473,-5.962246754159196,BNBUSDT
2026-07-12,573.91,81716.052,-0.0012877403636996076,-0.0012885702138192585,-0.005044901355709008,0.026746099899813913,14.949999999999932,114253.74525,34460.38783925782,0.7152155215673334,-1489160.390800001,0.24799864154036233,0.7400000000000091,6.735714285714282,62.110286320254474,-5.448623828971677,BNBUSDT
2026-07-13,567.49,76725.123,-0.011186422958303521,-0.011249461546019255,-0.002057468434565446,-0.011014098743486356,-6.319999999999936,112647.25729999998,35459.74883659261,0.6811095524116237,-1565885.513800001,0.24056663446501753,6.419999999999959,6.590714285714284,54.31884686246886,-5.496256878138411,BNBUSDT
2026-07-14,581.87,123235.186,0.025339653562177267,0.025023927028634572,0.02312209874806581,0.011297078401724114,6.5,110763.61669999998,33719.05994395352,1.1125962628484667,-1442650.327800001,0.24236023435402526,14.379999999999995,6.689285714285712,68.87346502936467,-4.323818305512646,BNBUSDT
2026-07-15,580.55,112895.857,-0.0022685479574475753,-0.002271125010548582,0.008897693898475945,-0.01580009154559492,-9.32000000000005,108595.01375,31988.792021904606,1.0396044265890616,-1555546.184800001,0.24062179459040584,1.32000000000005,6.5035714285714255,66.53487095002741,-3.461265938862539,BNBUSDT
2026-07-16,572.45,86349.243,-0.01395228662475223,-0.014050534703193635,-0.003828417297485287,-0.023139536867971433,-13.559999999999945,103602.30555,26572.287102603605,0.8334683532532641,-1641895.427800001,0.24339348433514055,8.099999999999909,6.47357142857142,57.44234800838576,-3.3921862676825185,BNBUSDT
2026-07-17,568.09,142665.191,-0.0076163857105424615,-0.007645538496431646,-0.010140962868742331,-0.015134704067126692,-8.730000000000018,106664.9696,27397.21416759066,1.3375074453684557,-1784560.6188000012,0.23514657820538906,4.360000000000014,5.724285714285713,46.431245320688845,-3.6472128926247933,BNBUSDT
2026-07-18,567.38,21835.653,-0.0012498019679980654,-0.0012505836218205373,-0.0001938360147315521,-0.0022509056378151593,-1.2799999999999727,103913.35939999999,32781.78040219973,0.21013326030531548,-1806396.2718000012,0.23101731916760737,0.7100000000000364,5.663571428571426,44.961533610795804,-3.862094574358821,BNBUSDT
2025-07-29,117950.76,15137.93445,-0.0009449246804570377,-0.0009453714032179849,-0.0032975049473560336,0.0009399185336047555,110.75999999999476,17629.608635350003,8520.971669213277,0.8586653715979933,24149.423117,0.21594800064349165,111.56000000001222,830.5250000000015,50.82852068614086,1801.029663115798,BTCUSDT
2025-07-30,117840.3,15586.73631,-0.000936492482117024,-0.0009369312651676298,0.0019214498643915778,0.004904953834524717,575.1800000000076,17164.7729176,8356.421620903642,0.9080653956113832,8562.686806999998,0.15631715217876382,110.45999999999185,776.1050000000012,46.36403211273885,1659.7586576025205,BTCUSDT
2025-07-31,115764.08,17010.0073,-0.017618930026484958,-0.01777599093867902,-0.018282820410686962,-0.013769594845338684,-1616.2799999999988,16721.5972252,8101.395027982666,1.0172477587467157,-8447.320493000003,0.16227267593749448,2076.220000000001,885.3257142857152,36.22992667751017,1364.537229834532,BTCUSDT
2025-08-01,113297.93,24487.10206,-0.021303240176054672,-0.02153342924967691,-0.05122967653710098,-0.055491827645867575,-6656.490000000005,17523.6221097,8032.768765852876,1.3973767470393832,-32934.422553000004,0.17799716937172014,2466.1500000000087,971.9992857142871,32.999289388072754,920.9581940637872,BTCUSDT
2025-08-02,112546.35,11507.33428,-0.00663366047376146,-0.006655760991846373,-0.04672083353943923,-0.05228906769250119,-6209.639999999999,17621.44917635,7941.961903182293,0.653029961658554,-44441.75683300001,0.1683853803772962,751.5799999999872,1019.6235714285722,31.457968031619544,502.97441168998193,BTCUSDT
2025-08-03,114208.8,7397.76046,0.014771247579330682,0.014663215250676506,-0.03172476379126332,-0.03491765617306397,-4132.190000000002,16627.8697555,7914.404787224058,0.4449012753153809,-37043.99637300001,0.17688123313358697,1662.449999999997,1097.3071428571432,40.052531196500546,302.3794322040485,BTCUSDT
2025-08-04,115055.03,9667.67916,0.00740949909288946,0.007382183600908784,-0.02363597173462728,-0.021759937204920088,-2559.279999999999,15510.330672,7169.7990393362525,0.6233058059460049,-27376.31721300001,0.17071156174458899,846.2299999999959,1149.520714285714,42.77546729102625,209.27773110019916,BTCUSDT
2025-08-05,114129.75,12042.79078,-0.008042064740672372,-0.008074576568790104,-0.014117764335880412,-0.032142472196614036,-3790.2400000000052,15260.474785499999,7200.694455853439,0.7891491548770595,-39419.10799300001,0.16929566851793001,925.2799999999988,1031.750714285714,29.837772274725836,60.138361504883505,BTCUSDT
2025-08-06,114992.27,9761.15318,0.007557363439418818,0.00752894963418136,0.014954730417404916,-0.037041072121679286,-4423.279999999999,14962.103619000001,7303.182161946431,0.6523917644578102,-29657.95481300001,0.1711063485176671,862.5200000000041,1007.7571428571433,36.66161064882412,11.41095385607332,BTCUSDT
2025-08-07,117472.01,13468.56263,0.021564406024856986,0.021335183728332856,0.04376561301188353,-0.004999986447835503,-590.3100000000122,14639.2986175,7214.431936609395,0.9200278634865411,-16189.39218300001,0.18646698027479985,2479.7399999999907,1155.2385714285713,47.31354191527535,170.91818770552345,BTCUSDT
2025-08-08,116674.74,10045.31278,-0.006786893320374743,-0.00681002901994848,0.02159150608359428,-0.010818243138068673,-1276.0199999999895,14809.774103499998,7053.853228820594,0.6782893992708496,-26234.70496300001,0.18796050562554995,797.2699999999895,1160.2807142857127,47.107935087137186,230.34057106100954,BTCUSDT
2025-08-09,116462.25,9514.13144,-0.0018212168289383213,-0.0018228772606176664,0.012230842927944963,-0.011694216664417834,-1378.050000000003,14637.334231,7142.969844854115,0.6499907216609351,-35748.83640300001,0.18731306755502738,212.49000000000524,1153.624285714284,45.48707984897285,257.32083641290956,BTCUSDT
2025-08-10,119294.01,14322.77073,0.024314831629991707,0.024023932127064194,0.045249025779869,0.03049244636160009,3529.929999999993,14498.106203500001,7119.390577802182,0.9879063188640684,-21426.06567300001,0.20670124980460325,2831.7599999999948,1249.0671428571409,49.65248351055128,501.4221743790549,BTCUSDT
2025-08-11,118686.0,26494.33429,-0.005096735368355865,-0.005109768025592827,0.032121550431172485,0.04755664997586462,5388.070000000007,14774.8664315,7482.124172790152,1.7932029648345318,-47920.399963,0.19195017537732148,608.0099999999948,1195.8371428571409,51.86265210504057,638.4532263539149,BTCUSDT
2025-08-12,120134.08,16720.10893,0.012200933555769122,0.01212710210107966,0.022661313107692704,0.06741871237938857,7587.729999999996,14882.9343365,7494.4370582695,1.123441691803637,-31200.291033000005,0.19349643503273103,1448.0800000000017,1291.3028571428545,56.038530299409715,854.0542701934173,BTCUSDT
2025-08-13,123306.43,23210.07102,0.02640674486373884,0.02606410567702287,0.05683912387548484,0.07965787224802279,9097.62999999999,15253.093366000001,7721.849744061767,1.5216632104105878,-7990.220013000006,0.21312218549765152,3172.3499999999913,1510.009285714283,62.928326363177526,1266.3046120028012,BTCUSDT
2025-08-14,118295.09,27980.947586,-0.0406413517932519,-0.04149029256629387,0.01573763172186693,0.028160959151459997,3240.0599999999977,14731.823308800002,6297.045654706825,1.899354003878507,-35971.16759900001,0.26076692234793614,5011.3399999999965,1719.6607142857113,55.256456319249025,1175.0969355058332,BTCUSDT
2025-08-15,117342.05,13623.33874,-0.008056462867562786,-0.008089091530436165,-0.01636259859149669,0.028146035542879977,3212.300000000003,15063.406642799999,6037.264726195031,0.9043995865644162,-49594.50633900001,0.26232301759489934,953.0399999999936,1611.5814285714243,58.96218177885613,1014.2205287289398,BTCUSDT
2025-08-16,117380.66,6393.68117,0.00032903805583761603,0.00032898393468814104,-0.010998264327721885,0.020770004801192288,2388.3899999999994,14916.6752418,6216.975644021744,0.42862642421036395,-43200.825169,0.25795807533819004,38.61000000000058,1560.6549999999968,61.06291451803434,879.6996911831811,BTCUSDT
2025-08-17,117405.01,5898.64192,0.0002074447357851561,0.00020742322210116917,-0.02271686768650505,-0.0005703486302822691,-67.0,14513.5199608,6535.438983662353,0.40642393684866374,-37302.183249,0.2549035004032364,24.34999999999127,1443.6478571428536,57.90707765595785,766.2232550298504,BTCUSDT
2025-08-18,116227.05,17745.93954,-0.010033302667407429,-0.010083975477294543,-0.057412902149547196,-0.003837077331391492,-447.6900000000023,14643.920215299999,6574.45555011571,1.2118298433133365,-55048.122789,0.2573066776546875,1177.9599999999919,1467.3428571428533,52.85262963179316,574.6170072740788,BTCUSDT
2025-08-19,112872.94,18065.47424,-0.028858256318128994,-0.02928284432910472,-0.0458357992711278,-0.030819514477867238,-3589.3099999999977,14767.857111800002,6616.39420203503,1.2232969281348947,-73113.597029,0.2761729404440677,3354.1100000000006,1640.8307142857104,47.2644300818009,150.38547974720132,BTCUSDT
2025-08-20,114271.24,15636.34194,0.012388265956393196,0.012312159298069381,-0.026169731992921497,-0.04210412576457101,-5022.7699999999895,14699.173843799997,6599.000933562585,1.0637565149006856,-57477.255089,0.27420753150051047,1398.300000000003,1679.1007142857104,48.4663771976581,-72.15814415275236,BTCUSDT
2025-08-21,112500.0,10839.69235,-0.01550031311465605,-0.01562169894735077,-0.041579762799084596,-0.05212072190485817,-6186.0,14016.803358300001,6228.833303562882,0.7733355511177457,-68316.947439,0.2690961976435869,1771.2400000000052,1628.4935714285687,39.09594800804072,-386.988867787717,BTCUSDT
2025-08-22,116935.99,23128.09037,0.03943102222222228,0.03867346942564925,-0.003994889144849911,-0.026621005463229097,-3198.0899999999965,14597.8411628,6517.728614274718,1.5843500495770446,-45188.85706899999,0.30217133835165305,4435.990000000005,1888.4021428571411,50.494087404960275,-275.3728379542881,BTCUSDT
2025-08-23,115438.05,11329.36197,-0.012809914210329953,-0.012892668639070098,-0.006788436943035214,-0.0638115952266235,-7868.37999999999,14794.421238300001,6346.17107554931,0.7657860883851537,-56518.21903899999,0.30267576127337864,1497.9400000000023,1980.219999999998,48.152802646747766,-304.2800187064131,BTCUSDT
2025-08-24,113493.59,21175.98462,-0.01684418612407268,-0.016987662875338143,0.005498660706454439,-0.040589174073074386,-4801.5,15369.8365113,6378.511091782456,1.3777625158492273,-77694.20365899999,0.3077548883959716,1944.4600000000064,1916.8414285714275,39.192749381609175,-478.57413446711143,BTCUSDT
2025-08-25,110111.98,25182.79379,-0.029795603434519924,-0.03024851157390859,-0.03639813482377552,-0.06161533738331659,-7230.070000000007,16026.8366618,6687.043971710219,1.5712891022358295,-102876.99744899999,0.324075709619496,3381.6100000000006,2114.9557142857134,35.52144624439957,-879.4335797557869,BTCUSDT
2025-08-26,111763.22,18452.43877,0.01499600679235824,0.014884678291290745,-0.006549155555555575,-0.047856606020105885,-5617.440000000002,16461.4009413,6539.203308729145,1.1209519065722218,-84424.55867899998,0.3279141022833093,1651.2400000000052,2129.4671428571423,35.960840639542965,-1051.7523636172118,BTCUSDT
2025-08-27,111262.01,13392.60875,-0.004484570147495814,-0.004494655997296272,-0.04852210170709648,-0.05232315043455127,-6143.0,16457.6032473,6541.054696265468,0.8137642248847603,-97817.16742899998,0.3167547013024985,501.2100000000064,1938.6714285714293,27.811719365987017,-1214.7567399916443,BTCUSDT
2025-08-28,112566.9,11104.27744,0.011728082208833035,0.011659841291183425,-0.02487178187781247,-0.031491378297909156,-3660.1500000000087,16510.5514803,6490.507611750836,0.6725564226760905,-86712.88998899997,0.32024771232315496,1304.8899999999994,1673.9250000000009,37.778531637575504,-1224.529550655454,BTCUSDT
2025-08-29,108377.4,22580.31045,-0.03721786777462999,-0.037928131382763526,-0.04507910975412799,-0.0398283237771605,-4495.540000000008,17163.8604308,6406.258950102459,1.3155729470673365,-109293.20043899998,0.34431958118990263,4189.5,1905.1007142857156,33.19427056912252,-1552.436686638146,BTCUSDT
2025-08-30,108816.33,10708.39159,0.004050014117334522,0.004041834886721533,-0.011766657905888156,-0.04773650832877985,-5454.9100000000035,16983.1414738,6540.2036883529045,0.6305306710492816,-98584.80884899998,0.3299242838580471,438.93000000000757,1933.6950000000018,34.182152378145034,-1756.6380417626206,BTCUSDT
2025-08-31,108246.35,9489.51596,-0.005238000583184466,-0.005251767001620112,-0.03146714992642474,-0.03781022222222219,-4253.649999999994,16132.9005573,6340.946565774239,0.5882089166976285,-108074.32480899998,0.32992873490670255,569.9799999999959,1972.6685714285736,33.418654063965604,-1942.0746813414735,BTCUSDT
2025-09-01,109237.42,16053.60219,0.009155689776144893,0.009114030534832748,-0.01819659738306001,-0.06583576194121254,-7698.570000000007,16099.575220299997,6339.449281437468,0.997144456939334,-92020.72261899998,0.3280698840664964,991.0699999999924,1959.3192857142878,37.25936886972772,-1986.1681775204634,BTCUSDT
2025-09-02,111240.01,18510.28756,0.018332454208457083,0.018166440657325495,-0.011787568103945323,-0.036366172159006616,-4198.040000000008,15864.586047300001,6146.16573622222,1.166767762159812,-73510.43505899998,0.319097506363568,2002.5899999999965,1862.7821428571447,46.869256622678435,-1838.3291995692853,BTCUSDT
2025-09-03,111705.71,11773.72084,0.004186443348935365,0.004177704576073605,0.030710369505081436,-0.015753136366555953,-1787.87999999999,15054.224709999999,5498.932734502715,0.7820874915052335,-61736.71421899998,0.2910222145456699,465.70000000001164,1796.1678571428597,44.898802410687836,-1664.401462432972,BTCUSDT
2025-09-04,110730.87,12203.13536,-0.008726859173089796,-0.008765161209067217,0.017594234247745755,0.005620551006348284,618.8899999999994,14983.214541,5527.4786775928915,0.8144537560085919,-73939.84957899997,0.29119549566901015,974.8400000000111,1739.2821428571458,46.367282068341,-1586.9307685235108,BTCUSDT
2025-09-05,110659.99,21587.40888,-0.0006401105671796081,-0.0006403155254173387,0.022297657149640715,-0.009871136497319966,-1103.229999999996,15742.9009265,5325.21421038437,1.3712472041072143,-95527.25845899998,0.29108053086860003,70.8799999999901,1427.4885714285733,34.29809795825237,-1513.8039198078477,BTCUSDT
2025-09-06,110187.97,5000.29897,-0.004265498307021387,-0.00427462149747006,0.008701688487333437,-0.009653250017683468,-1074.0399999999936,15697.983778999998,5415.639787004144,0.3185312865903937,-100527.55742899998,0.2909038803560046,472.0200000000041,1354.2085714285734,36.15406362809697,-1476.9134950898006,BTCUSDT
2025-09-07,111137.34,5681.29944,0.008615913334277803,0.008579008182539868,-0.0009229592841639711,-0.012699647942690073,-1429.5599999999977,15094.751773999998,5831.475380075431,0.3763758109481318,-94846.25798899998,0.2924577692111575,949.3699999999953,1283.1307142857154,43.44168253651922,-1355.4465982868714,BTCUSDT
2025-09-08,112065.23,11582.40211,0.008349039125823854,0.008314378685943164,0.0032184567825583876,0.034027666284668134,3687.8300000000017,14770.598167499998,5837.834376944915,0.7841525426834074,-83263.85587899998,0.2766591766664413,927.8899999999994,1107.8650000000011,56.296699378663334,-1170.8138261673594,BTCUSDT
2025-09-09,111546.39,15379.28248,-0.0046298035528057335,-0.004640554288638579,0.007364883884683593,0.025088697624704004,2730.0599999999977,14757.745194500001,5836.110701912248,1.042116006023172,-98643.13835899998,0.2729472850735746,518.8399999999965,1026.979285714286,49.24595085030926,-1054.204858539044,BTCUSDT
2025-09-10,113960.0,17517.41823,0.02163772399985331,0.02140695144426305,0.02982116662038381,0.05278376591912792,5713.649999999994,15091.6314885,5791.0031418920535,1.1607372101120066,-81125.72012899998,0.2786722571387886,2413.6100000000006,1163.5792857142858,58.28106746977156,-758.2921362258203,BTCUSDT
2025-09-11,115482.69,13676.73119,0.013361618111618068,0.013273138970620393,0.048051706551994755,0.057171526021028374,6245.270000000004,14619.063529500001,5477.847696725305,0.9355408547477438,-67448.98893899997,0.2439285862799654,1522.6900000000023,1179.1364285714287,58.83149350826364,-396.3420302969316,BTCUSDT
2025-09-12,116029.42,15324.10719,0.004734302604139096,0.004723131039401508,0.04401832903324854,0.04305474262362985,4789.4100000000035,14818.800790499998,5424.14942701839,1.0340990075137486,-52124.88174899997,0.24011699356660604,546.7299999999959,918.9385714285714,79.73935767508166,-64.63238000737329,BTCUSDT
2025-09-13,115918.29,8269.40394,-0.0009577743299932218,-0.0009582332889029288,0.03438229681052718,0.03771141152945523,4212.579999999987,14173.4717565,5395.701821316815,0.5834423691011079,-60394.28568899997,0.23148206242799532,111.13000000000466,895.5242857142855,78.32323283886372,187.1255782537628,BTCUSDT
2025-09-14,115268.01,6707.60197,-0.005609813602322822,-0.005625607702316823,0.03336387667946927,0.040974481641840255,4537.139999999999,13249.7121655,4976.9244843686,0.5062451082873677,-67101.88765899997,0.20271841142766645,650.2799999999988,901.26,77.82477547306782,330.36516859220865,BTCUSDT
2025-09-15,115349.71,13212.51149,0.000708782948538822,0.0007085318805328954,0.012194717444717451,0.04237954476590855,4689.720000000001,12987.715801499999,4824.204035863253,1.017308331344457,-53889.37616899997,0.1971831450936427,81.70000000001164,836.3050000000013,76.10244724455448,445.3424525486189,BTCUSDT
2025-09-16,116788.96,10926.9094,0.012477274541912609,0.01240007484979025,0.011311392209516491,0.05990663046065747,6600.990000000005,12864.430833999999,4844.774439774942,0.8493892610562114,-42962.46676899996,0.19935918974137476,1439.25,796.0664285714302,74.89450359939453,645.1612083258806,BTCUSDT
2025-09-17,116447.59,16754.2454,-0.0029229646363835293,-0.00292724484014056,0.0036039997442027794,0.047780970824027325,5310.25,13146.929232,4901.134984361116,1.2743846950373543,-59716.71216899996,0.19713785347787743,341.3700000000099,787.1857142857158,71.51371068725832,767.13030520748,BTCUSDT
2025-09-18,117073.53,11657.23365,0.005375293726559649,0.005360898398273296,0.00996598552307848,0.04469093580586958,5008.300000000003,12600.775392,4374.965804062572,0.9251203427846959,-48059.47851899996,0.13293569040391398,625.9400000000023,762.2642857142865,79.71719594816194,903.8804488588066,BTCUSDT
2025-09-19,115632.38,8992.09065,-0.01230978514101344,-0.01238617811420754,0.0031610678452764773,0.036630410002511216,4085.9900000000052,12514.960345,4430.518530986376,0.7185073226055037,-57051.56916899996,0.14484116446051437,1441.1499999999942,860.1407142857154,70.64608199488951,885.7567101370951,BTCUSDT
2025-09-20,115685.63,4674.92752,0.0004605111474831336,0.0004604051447670285,0.0029121876422575355,0.015142418392418477,1725.6300000000047,12274.230923,4724.595123243117,0.380873355677211,-52376.64164899996,0.14188204063661614,53.25,830.2285714285723,73.64951132218322,865.7109694276442,BTCUSDT
2025-09-21,115232.29,4511.52219,-0.003918723526854739,-0.003926421842189095,-0.013328913965840683,-0.0021682903299188316,-250.40000000000873,11697.126923,4938.725606214674,0.3856948992430797,-56888.16383899996,0.1423959955856065,453.34000000001106,794.7978571428591,68.40068049647837,803.9760903028073,BTCUSDT
2025-09-22,112650.99,20781.71356,-0.022400839209218093,-0.02265554900340918,-0.03260350858270222,-0.029117011875091636,-3378.429999999993,11810.698223,5126.2060935223535,1.7595668916110279,-77669.87739899996,0.1559024114782043,2581.2999999999884,912.8985714285726,52.29160178959017,540.5305173098313,BTCUSDT
2025-09-23,111998.8,12301.3203,-0.005789474198140687,-0.005806298169945148,-0.043346519063702904,-0.033812524322089255,-3919.4899999999907,11837.078195999999,5127.363198350206,1.0392193154689877,-89971.19769899995,0.15694143582125325,652.1900000000023,922.423571428573,51.75163563686656,275.94084596421453,BTCUSDT
2025-09-24,113307.0,12369.25967,0.011680482290881589,0.011612792050812145,-0.020110111025994692,-0.01701261260604736,-1961.0099999999948,11845.3844115,5128.121916389641,1.04422610869356,-77601.93802899995,0.15829664026761434,1308.199999999997,843.4657142857156,47.23504723707967,169.85445563971007,BTCUSDT
2025-09-25,108994.49,21231.14957,-0.03806040226993912,-0.03880361851008345,-0.0578389900284072,-0.055095240378150945,-6355.220000000001,11827.571446,5092.999603318375,1.7950557024265725,-98833.08759899996,0.21101111593564403,4312.509999999995,1042.7385714285722,27.777610331037664,-259.21521718591976,BTCUSDT
2025-09-26,109643.46,14243.01591,0.0059541541962351285,0.0059364982695478945,-0.04850055483580151,-0.061183009078940365,-7145.5,12289.707293,4854.653686516162,1.1589385792867963,-84590.07168899996,0.2118202494424534,648.9700000000012,1050.0414285714298,28.27990460240349,-540.6572090899135,BTCUSDT
2025-09-27,109635.85,5501.78643,-6.940678449951498e-05,-6.94091932618392e-05,-0.02676532181386071,-0.05849618699708592,-6811.739999999991,12280.731642499999,4867.66338600065,0.44800151897790325,-90091.85811899995,0.20927471242711698,7.610000000000582,1042.6471428571438,28.480461133954435,-755.6059240108298,BTCUSDT
2025-09-28,112163.95,7542.3316,0.02305906325348861,0.022797220643522374,0.0014745693703861473,-0.04193586714264108,-4909.580000000002,12078.728117,4980.686130546403,0.6244309439654225,-82549.52651899995,0.22363569477436138,2528.0999999999913,1176.7771428571432,40.57941544946003,-713.7303482479037,BTCUSDT
2025-09-29,114311.96,15541.12005,0.01915062727373651,0.01896956203457031,0.008869354938353391,-0.01141911980018051,-1320.4199999999983,12086.8199955,4986.458723984179,1.2857906426823646,-67008.40646899995,0.2326588347101074,2148.0100000000093,1324.3707142857145,47.201501090275215,-501.43694446499285,BTCUSDT
2025-09-30,114048.93,15044.15633,-0.002300984079006363,-0.0023036354107678868,0.046373353368596826,-0.014147824582880442,-1636.7000000000116,11963.1569005,4874.094956763825,1.257540668832257,-82052.56279899995,0.22012255877793463,263.0300000000134,1240.3550000000012,42.110467222229545,-350.3782726183854,BTCUSDT
2025-10-01,118594.99,20036.39516,0.03986061070454605,0.03908667600199795,0.08164216999354079,0.029181924615053756,3362.7000000000116,12281.140099,5189.046176230087,1.6314768008901288,-62016.16763899995,0.2580729054154179,4546.060000000012,1540.6900000000012,54.977825334289015,134.6141144137655,BTCUSDT
2025-10-02,120529.35,19670.83503,0.01631063841735636,0.01617904889913795,0.09936074741975376,0.06993600322553761,7878.360000000001,12498.476491,5409.548305262992,1.5738586254224447,-42345.33260899995,0.26324294633134204,1934.3600000000006,1634.1485714285725,57.55268798780318,667.3677610695595,BTCUSDT
2025-10-03,122232.0,23936.328,0.014126434764644369,0.014027586512955888,0.08976190656623628,0.0913688360946725,10233.199999999997,13281.822693999999,5878.89987693599,1.8021869852857715,-18409.004608999945,0.2663950628251758,1702.6499999999942,1652.827142857144,64.26045762282632,1212.9859427962656,BTCUSDT
2025-10-04,122391.0,8208.16678,0.0013008050265068682,0.001299959712627995,0.07067536940141683,0.08017156927639069,9084.0,13356.8509345,5799.622641835223,0.6145285906275081,-10200.837828999945,0.2646288644256696,159.0,1660.3807142857154,64.42304755406784,1639.3251342596777,BTCUSDT
2025-10-05,123482.31,22043.097553,0.008916587003946264,0.008877068978927581,0.08271344588677865,0.13292249910981724,14487.819999999992,13798.38023765,6115.588007609085,1.5975134163105331,11842.259724000054,0.26523407874284194,1091.3099999999977,1705.9500000000003,67.27152445432583,2041.7258667821734,BTCUSDT
2025-10-06,124658.54,19494.628793,0.009525493975614863,0.009480412513902298,0.05112821376349874,0.1369446020765852,15015.079999999987,14226.766207300001,6203.307814343562,1.3702782845336257,31336.888517000054,0.26412024567465686,1176.229999999996,1605.587857142858,76.7092871636245,2427.5598781114095,BTCUSDT
2025-10-07,121332.95,21633.99385,-0.02667759465175834,-0.027039899832890336,0.006667255734806421,0.10669046666760917,11697.099999999991,14470.7536298,6400.772165527768,1.4950150077497382,9702.894667000055,0.2843449890924853,3325.5899999999965,1796.5450000000003,68.55575563094716,2436.8977516244922,BTCUSDT
2025-10-08,123306.0,17012.618,0.016261452474369165,0.01613065116385741,0.008786569801688682,0.0993371756255017,11142.050000000003,14738.522847299999,6388.884157198151,1.1542960021340674,26715.512667000054,0.2885470744244371,1973.050000000003,1844.0342857142864,69.36553705230146,2573.8371368370135,BTCUSDT
2025-10-09,121662.4,21559.36007,-0.013329440578722873,-0.013419074980521103,-0.005953052103504386,0.06430158314143153,7350.439999999988,15366.886318300001,6411.93171933353,1.4029751781481947,5156.152597000055,0.28927487731375756,1643.6000000000058,1653.3978571428586,77.36336902750477,2520.680961298829,BTCUSDT
2025-10-10,112774.5,64171.93927,-0.07305379476321361,-0.07585974612842505,-0.08671533598618297,-0.011174414350051287,-1274.429999999993,18341.736905799997,12294.125660590116,3.4986838814435095,-59015.78667299995,0.39515541279479793,8887.899999999994,2241.8928571428582,54.98787695346724,1741.3024082555494,BTCUSDT
2025-10-11,110644.4,35448.51652,-0.01888813517240162,-0.019068794493195606,-0.11242021605579533,-0.067039847130136,-7950.590000000011,19888.586622299998,12408.140744951917,1.7823547340590553,-94464.30319299994,0.40017628658769994,2130.100000000006,2393.499285714287,51.50489465662795,940.9117765748379,BTCUSDT
2025-10-12,114958.8,32255.30272,0.03899338782622541,0.0382523481182313,-0.05253436927067212,-0.04621737361066003,-5570.550000000003,20462.2660803,12713.095211109201,1.576330920212875,-62209.00047299994,0.4170797449526357,4314.400000000009,2521.0921428571455,53.95923932060057,647.2711189722904,BTCUSDT
2025-10-13,115166.0,22557.24033,0.0018023848543999854,0.001800762507920933,-0.06601463026941101,-0.0578081026245173,-7066.0,20975.0620818,12572.655569638857,1.075431397629705,-39651.76014299994,0.4162262030327161,207.1999999999971,2382.462857142859,51.28024781078882,426.3632405774406,BTCUSDT
2025-10-14,113028.14,31870.32974,-0.018563291249153346,-0.01873775155179968,-0.07096900932416261,-0.07649957921742612,-9362.86,21950.1155853,12626.19276050213,1.4519435952922077,-71522.08988299995,0.4204580251966002,2137.8600000000006,2516.3792857142867,48.55122056037999,77.8868886660639,BTCUSDT
2025-10-15,110763.28,22986.48811,-0.020038018850880857,-0.020241502815851853,-0.017833996160479537,-0.1030028511776302,-12719.029999999999,22037.882512300002,12627.032872479891,1.0430443168562384,-94508.57799299996,0.40321066785497695,2264.8600000000006,2353.4364285714287,38.11508459817573,-376.69608663389226,BTCUSDT
2025-10-16,108194.28,29857.17252,-0.023193607123227156,-0.023466811492917763,-0.022144094052658714,-0.1320748662706943,-16464.259999999995,22818.5903428,12602.398436379299,1.3084582382811785,-124365.75051299995,0.41175688863760324,2569.0,2398.7678571428573,31.634812515353858,-933.4924794001417,BTCUSDT
2025-10-17,106431.68,37920.66838,-0.016291064555353674,-0.016425222998888867,-0.0741754437241865,-0.12281305284343624,-14901.270000000004,24439.534440299998,12340.00842057796,1.5516117327288383,-162286.41889299994,0.41562332020743853,1762.6000000000058,2403.0500000000006,26.517461440371918,-1499.6971463321242,BTCUSDT
2025-10-18,107185.01,11123.18766,0.007078061719969053,0.007053129818340636,-0.06929988017296773,-0.1307397044750459,-16120.990000000005,24618.577243300002,12105.694288269133,0.4518208972871167,-151163.23123299994,0.4070595165509015,753.3300000000017,2445.502142857144,27.79306499424746,-1866.1195247394353,BTCUSDT
2025-10-19,108642.78,15480.66423,0.01360050253295686,0.013508845814879343,-0.03879883363558845,-0.10701432817370027,-13019.619999999995,24615.554452300003,12108.087536885467,0.6288976451860313,-135682.56700299995,0.40370655560843316,1457.770000000004,2471.6778571428586,28.557755301560633,-2015.6469206455513,BTCUSDT
2025-10-20,110532.09,19193.4416,0.017390110967337113,0.017240633452995615,-0.0020872440758344935,-0.019884016333479693,-2242.4100000000035,24823.018715799997,11970.218987513748,0.7732114220170676,-116489.12540299995,0.4096661618258224,1889.3099999999977,2522.6121428571446,30.000252006352852,-1959.1134909919929,BTCUSDT
2025-10-21,108297.67,37228.01659,-0.0202151248565009,-0.02042224657419341,0.0009555958041405077,-0.021209659051881435,-2346.729999999996,25682.599787299998,12222.99671326231,1.4495423710339943,-153717.14199299994,0.38444512632701855,2234.4199999999983,2444.67142857143,30.956716356857797,-2070.739168716522,BTCUSDT
2025-10-22,107567.44,28610.78451,-0.006742804346575482,-0.006765639759505252,0.010671258783099269,-0.06429573029641922,-7391.360000000001,26129.5972613,12154.852052259224,1.0949569648505388,-182327.92650299994,0.37672652024552133,730.2299999999959,2355.8985714285727,26.141102363732628,-2192.8489826748555,BTCUSDT
2025-10-23,110078.18,17573.09294,0.02334107793213258,0.02307284091421478,0.026992300509184997,-0.04417814285466204,-5087.820000000007,25811.4355083,12297.725373675103,0.6808258662850868,-164754.83356299993,0.3844028627076731,2510.7399999999907,2417.837142857143,32.88875063072899,-2063.2423812727066,BTCUSDT
2025-10-24,111004.89,15005.16913,0.008418652997351561,0.008383413777914583,0.021741987824685616,-0.01790040957941974,-2023.25,26151.285625800003,11872.208367778516,0.5737832298078833,-149749.66443299994,0.3867584414292894,926.7100000000064,1849.1807142857153,46.582250904164894,-1864.2604299602099,BTCUSDT
2025-10-25,111646.27,6407.96864,0.005777943656356088,0.005761315360732372,0.010080149574662078,0.007971865766344344,882.9900000000052,25369.52918015,12646.480252134708,0.25258524092019086,-143341.69579299993,0.3854636997659213,641.3800000000047,1742.8435714285722,52.05302828177763,-1635.9535401289322,BTCUSDT
2025-10-26,114559.4,13454.47737,0.026092497313165763,0.025757896011683146,0.05781961883390463,0.05883046682319981,6365.119999999995,25067.521609,12864.40545439035,0.5367294613269401,-129887.21842299993,0.397881578257263,2913.12999999999,1642.7528571428568,49.13168401124591,-1206.0508368123556,BTCUSDT
2025-10-27,114107.65,21450.23241,-0.0039433691168074825,-0.003951164697453273,0.0608010193419124,0.07212110153668538,7675.970000000001,25058.333537000002,12867.052183710088,0.8560119282604152,-151337.45083299992,0.38870681728153744,451.75,1660.220714285714,47.723301850141254,-891.5253474696074,BTCUSDT
2025-10-28,112898.45,15523.42257,-0.010597010805147522,-0.010653558973310539,0.025620608916317567,0.05330446860060012,5713.440000000002,24983.8737655,12920.260934229393,0.6213376962957662,-166860.87340299992,0.3829094050821439,1209.199999999997,1593.8878571428565,49.70940328746914,-731.4028091244836,BTCUSDT
2025-10-29,110021.29,21079.71376,-0.02548449513700146,-0.025814849578232026,-0.008860870903975582,0.012688463973399733,1378.5099999999948,24959.89145,12927.39518238945,0.8445434869869997,-187940.5871629999,0.3891673431967043,2877.1600000000035,1637.623571428571,48.381823312788164,-827.1326402315899,BTCUSDT
2025-10-30,108322.88,25988.82838,-0.015437103127948992,-0.015557495821203146,-0.029767138660342196,-0.01998704629578607,-2209.209999999992,23050.7359055,9078.053051577055,1.1274619815412903,-213929.4155429999,0.29807643420784846,1698.409999999989,1575.4385714285704,50.291528798783474,-1028.1943296718528,BTCUSDT
2025-10-31,109608.01,21518.20439,0.011863883235009975,0.011794059086766558,-0.043221158630369905,0.012099429285967078,1310.3399999999965,22354.220299,8598.503253524234,0.9626014283738001,-192411.2111529999,0.29472437835269955,1285.12999999999,1541.3335714285693,57.359883625821254,-1071.4864871572645,BTCUSDT
2025-11-01,110098.1,7378.50431,0.004471297307560018,0.004461330755654716,-0.03513831018341007,0.023526264081398685,2530.6600000000035,21110.3803785,8885.377660236703,0.349520197064506,-185032.7068429999,0.25668929315634875,490.09000000001106,1522.5307142857127,56.83328931201485,-1054.0986733676982,BTCUSDT
2025-11-02,110540.68,12107.00087,0.004019869552698729,0.004011811464844439,-0.020883989107024936,0.004201559291768797,462.5,20587.868405499998,9100.479602028767,0.5880648074652374,-172925.70597299992,0.25724887201167757,442.5799999999872,1450.01714285714,54.674575275957324,-993.1576947762514,BTCUSDT
2025-11-03,106583.04,28681.18779,-0.03580256607793619,-0.03645919836858115,-0.0312507697373845,-0.03983473160506723,-4421.850000000006,20428.411308000002,8918.505906048049,1.4039852320169466,-201606.8937629999,0.2784444374975093,3957.6399999999994,1597.7549999999974,41.17277054366907,-1249.803051209994,BTCUSDT
2025-11-04,101497.22,50534.87376,-0.04771697260652341,-0.048892990692747336,-0.06301217249762936,-0.09090361908194522,-10149.050000000003,21805.830590499998,11176.019560650393,2.3174936423662853,-252141.7675229999,0.3159941722024252,5085.819999999992,1801.4264285714255,36.51772781648827,-1842.3421418494254,BTCUSDT
2025-11-05,103885.16,33778.77571,0.023527146851904046,0.02325464931597804,-0.052211968815052745,-0.0931764656588634,-10674.23999999999,22001.910750000003,11357.638770936703,1.5352655546064333,-218362.99181299988,0.3221453058262099,2387.9400000000023,1919.8342857142832,43.149929607019644,-2095.0958779133653,BTCUSDT
2025-11-06,101346.04,25814.62139,-0.024441604556416086,-0.02474525864647728,-0.07949328825838053,-0.11183833862146841,-12761.61,21396.608400499998,10772.101661299575,1.2064819296032339,-244177.61320299987,0.32823868573172066,2539.12000000001,1921.8614285714273,33.77291212462917,-2471.7974559929426,BTCUSDT
2025-11-07,103339.08,32059.50942,0.01966569192047385,0.0194748205542768,-0.06514886646255469,-0.08467228735204069,-9559.369999999995,22443.4244885,10738.428572248791,1.428458898348034,-212118.10378299988,0.33592918625828494,1993.0400000000081,1998.027857142856,36.29754196906306,-2579.7764421693137,BTCUSDT
2025-11-08,102312.94,12390.77985,-0.009929834869828569,-0.009979464496075391,-0.04006359736033038,-0.07006234884175588,-7708.349999999991,22288.9302695,10865.351449643233,0.5559163091355465,-224508.88363299987,0.3321601600085298,1026.1399999999994,2025.5107142857128,33.543250996662195,-2716.833523165973,BTCUSDT
2025-11-09,104722.96,16338.97096,0.023555378234659363,0.02328223138207566,0.03178156012548916,-0.03323323752101126,-3599.9199999999983,22146.2067375,10926.72712088404,0.737777406021111,-208169.91267299987,0.337800426621846,2410.020000000004,1989.5742857142852,32.34288455103821,-2601.0010535973706,BTCUSDT
2025-11-10,106011.13,22682.25673,0.012300740926345144,0.012225701545984949,0.020464616890420118,-0.03281584986352726,-3596.87999999999,21418.918744500003,10338.281824526202,1.0589823417591704,-185487.65594299987,0.3348625006249647,1288.1699999999983,2049.318571428571,35.88987419511575,-2377.8480811023474,BTCUSDT
2025-11-11,103058.99,24196.50718,-0.027847453375886122,-0.028242545864333283,0.016901992421213707,-0.06393489079284742,-7039.110000000001,21198.204877999997,10223.139703875075,1.1414413304926454,-209684.1631229999,0.34791126622235763,2952.1399999999994,2173.8142857142852,33.83443847877662,-2411.4134948899737,BTCUSDT
2025-11-12,101654.37,20457.63906,-0.013629281637633106,-0.013723012931130311,-0.016302738518670812,-0.0803895000464987,-8886.309999999998,21342.432183999998,10189.597620137261,0.9585430040788272,-230141.8021829999,0.3369009715148292,1404.62000000001,2068.632857142857,35.554779795903855,-2522.2801467761165,BTCUSDT
2025-11-13,99692.02,36198.50771,-0.0193041381300183,-0.019492896160439244,-0.025616701074174908,-0.06465400123696974,-6891.0199999999895,22402.099112999997,10590.000970518638,1.6158533862120943,-266340.3098929999,0.33798281793149676,1962.3499999999913,2087.4857142857145,35.23367140237059,-2736.9382911681023,BTCUSDT
2025-11-14,94594.0,47288.14481,-0.05113769386957956,-0.052491584544810524,-0.09672148304440598,-0.068013882547719,-6903.220000000001,24446.1079215,11264.1908420993,1.9343833775850574,-313628.4547029999,0.3722374454055928,5098.020000000004,2359.8350000000014,27.277451904173702,-3280.6072271883895,BTCUSDT
2025-11-15,95596.24,15110.89391,0.010595175169672455,0.01053943964071668,-0.0982433636920953,-0.07978925960166017,-8288.919999999998,24528.9287485,11184.931131448286,0.6160437769188786,-298517.5607929999,0.3571784799411097,1002.2400000000052,2396.4171428571435,28.38758694527307,-3589.2220662106993,BTCUSDT
2025-11-16,94261.44,23889.4051,-0.013962892264381965,-0.014061290467363924,-0.08536421713428399,-0.06990505006411685,-7084.599999999991,24650.887383,11162.871129143146,0.9691093358559927,-322406.9658929999,0.3571557933109405,1334.800000000003,2460.147142857145,26.367209162285917,-3896.5912755163736,BTCUSDT
2025-11-17,92215.14,39218.59806,-0.02170877083991085,-0.02194787294779212,-0.09285611626927592,-0.10764504580454948,-11123.940000000002,25835.6461575,11398.103855356649,1.5180033749074617,-361625.5639529999,0.3598732185908062,2046.300000000003,2323.622857142859,27.91641254789323,-4256.239615849685,BTCUSDT
2025-11-18,92960.83,39835.14769,0.0080864161785148,0.008053896310369823,-0.06751984762672081,-0.09140691294766823,-9352.11,26773.417854,11752.261805927483,1.487861875059353,-321790.4162629999,0.36022179454717357,745.6900000000023,2013.6135714285742,34.85950453679759,-4430.025983736472,BTCUSDT
2025-11-19,91554.96,32286.6376,-0.015123251373723723,-0.015238773937443459,-0.03212719622809046,-0.1257412892072569,-13168.0,27088.308315000002,11814.340939416255,1.1919030610752999,-354077.0538629999,0.3601392025641133,1405.8699999999953,1943.4657142857166,27.34128868457384,-4627.84794166786,BTCUSDT
2025-11-20,86637.23,39733.19073,-0.05371341978632305,-0.055209816891895,-0.09371717967150184,-0.1827534523969323,-19373.90000000001,27999.057632,12061.840856292754,1.419090286974127,-393810.2445929999,0.3861505916156018,4917.7300000000105,2113.366428571431,25.143229505531664,-5122.395197122183,BTCUSDT
2025-11-21,85129.43,72256.12679,-0.01740360350856096,-0.017556826574241523,-0.09687959360688747,-0.1739737600766319,-17929.560000000012,31242.938756,14667.001538049548,2.3127186387395673,-466066.37138299993,0.3820068641789455,1507.800000000003,2078.7064285714305,18.713973559792862,-5571.766463394117,BTCUSDT
2025-11-22,84739.74,14193.93263,-0.00457761786963673,-0.004588127246522274,-0.08106477960126712,-0.16639353527054457,-16914.62999999999,31347.285344000004,14530.48424433919,0.45279623017553494,-480260.3040129999,0.37827689574046597,389.6899999999878,2033.2457142857154,19.132393527027887,-5891.428435961629,BTCUSDT
2025-11-23,86830.0,19734.46418,0.02466682102163631,0.024367507087485724,-0.06595068051780517,-0.12901754824508527,-12862.020000000004,30899.949163500005,14752.89770140931,0.6386568494200299,-460525.8398329999,0.3904805930196099,2090.2599999999948,2010.4057142857148,18.213665471930327,-5907.992677307004,BTCUSDT
2025-11-24,88300.01,24663.12795,0.01692974778302414,0.016788036787637094,-0.035551869609249054,-0.06653688394612767,-6293.990000000005,29606.361872999998,14058.54700613937,0.8330347394859055,-435862.7118829999,0.3745550227300778,1470.0099999999948,2023.394285714286,18.738668263229528,-5736.377052408847,BTCUSDT
2025-11-25,87369.96,19567.0411,-0.010532841389259029,-0.010588704373343843,0.008457449528338046,-0.08605233846017368,-8226.279999999999,28895.775142499995,14195.055456552693,0.6771592387989182,-455429.7529829999,0.35724422971021974,930.0499999999884,1878.9592857142852,20.17910370596489,-5610.740570766022,BTCUSDT
2025-11-26,90484.02,21675.82239,0.035642227603171595,0.035021744042270514,0.06289939918545229,-0.040073862652639236,-3777.4199999999983,28688.835192500002,14272.295790172226,0.7555490574837496,-433753.9305929999,0.38406285338510743,3114.0599999999977,2001.0621428571415,30.06353411598913,-5199.952323658217,BTCUSDT
2025-11-27,91333.95,16833.50932,0.009393150304329856,0.009349308992866888,0.07781720831336036,-0.009555806129015298,-881.1900000000023,27927.535187499998,14487.500725515014,0.6027567132932827,-416920.4212729999,0.3768440781379142,849.929999999993,1921.6035714285701,34.46596871288672,-4751.050280212978,BTCUSDT
2025-11-28,90890.7,18830.86012,-0.004853069422706469,-0.00486488380362324,0.04676609466774151,-0.022268841618561352,-2070.1300000000047,28249.539200999996,14192.568231919837,0.6665899923540493,-435751.2813929999,0.37655212688498824,443.25,1589.1199999999985,41.67710970312409,-4380.562351243498,BTCUSDT
2025-11-29,90802.44,7429.88291,-0.000971056444718732,-0.0009715282254700339,0.028340087390703594,-0.008219325310174441,-752.5200000000041,27804.0847985,14716.225787408996,0.2672227107579831,-443181.1643029999,0.3610848957804248,88.25999999999476,1523.835714285712,38.7647243563001,-4047.4137761107704,BTCUSDT
2025-11-30,90360.0,9687.74175,-0.004872556288134988,-0.004884465893088772,0.034222746582463826,0.042969633262744056,3722.770000000004,27154.359049499995,15232.07249748375,0.3567656202947049,-452868.9060529999,0.3540774983956807,442.4400000000023,1460.095714285712,40.456985696632394,-3775.569920652255,BTCUSDT
2025-12-01,86286.01,34509.01227,-0.0450862107127048,-0.04613421557385573,-0.046395043014225146,0.013586135840448987,1156.5800000000017,27669.984304,15301.065093738716,1.247164143313639,-487377.9183229999,0.37191518974302235,4073.9900000000052,1604.9307142857122,36.80599474031587,-3844.551060442289,BTCUSDT
2025-12-02,91277.88,28210.22732,0.05785259974357393,0.0562410040171468,-0.0006139009645371729,0.07715553528958186,6538.139999999999,28057.613716999993,15206.64341386943,1.005439293752467,-459167.6910029999,0.43945977690727356,4991.87000000001,1908.229285714284,46.850202562510276,-3456.571713435129,BTCUSDT
2025-12-03,93429.95,25712.52585,0.023577125147954625,0.023303477601614594,0.02793740173637116,0.07601001957848674,6599.949999999997,27533.314624000002,15091.520040869356,0.9338696121820047,-433455.1651529999,0.44724458328847483,2152.0699999999924,1961.5292857142838,53.41386330854823,-2941.53306021374,BTCUSDT
2025-12-04,92078.06,19803.94059,-0.014469557138797606,-0.014575262088996607,0.014048300904689226,0.04278651837072278,3778.050000000003,26159.104413,14435.056740512899,0.7570572859580871,-453259.10574299993,0.4123236227117875,1351.8899999999994,1706.826428571426,61.38459973961703,-2612.334080507935,BTCUSDT
2025-12-05,89330.04,19792.97218,-0.029844460232980596,-0.030298870064162046,-0.011398406374502068,0.022434255435163086,1960.0799999999872,26393.208326500004,14283.621445517005,0.7499267211151037,-473052.0779229999,0.4220776383133578,2748.020000000004,1795.413571428569,58.35583444960354,-2543.8597336670937,BTCUSDT
2025-12-06,89236.79,8409.50016,-0.0010438817669845557,-0.001044426991022257,0.03419766425634929,-0.01378398086203525,-1247.2300000000105,25619.213079499998,14835.197028033786,0.32824974498257015,-481461.5780829999,0.4201335622256951,93.25,1774.239285714284,59.052269886289274,-2468.6606330520153,BTCUSDT
2025-12-07,90395.31,13021.11185,0.01298253780755676,0.012898987020788722,-0.009669045775383966,-0.010277010903393502,-938.6399999999994,24309.338769,14727.403413732887,0.5356423707667817,-468440.4662329999,0.41702516310300264,1158.520000000004,1707.6864285714275,57.45643332813275,-2289.193524216229,BTCUSDT
2025-12-08,90634.34,15793.63887,0.0026442743544992098,0.002640784411958209,-0.029921989683179717,-0.002820530593339088,-256.3600000000006,23107.263327999997,14370.288261598193,0.6834924000222136,-452646.8273629999,0.41595596632210424,239.02999999999884,1619.759285714285,55.14699494589805,-2103.429794795433,BTCUSDT
2025-12-09,92678.8,21240.43014,0.022557233825501566,0.02230658176977993,0.0065242469270097025,0.02066420241570599,1876.3600000000006,22554.952955,14210.30339479626,0.9417191063256642,-431406.3972229999,0.4203959209968427,2044.4600000000064,1699.3600000000006,61.1572255773602,-1770.8268752230651,BTCUSDT
2025-12-10,92015.37,18998.68083,-0.007158379262571457,-0.007184123390461821,0.030060772389668644,0.0183197211155377,1655.3699999999953,21518.227460000002,13635.829259333002,0.8829110513547848,-450405.0780529999,0.3695179060969744,663.4300000000076,1524.3150000000012,53.58791138502022,-1542.983369857553,BTCUSDT
2025-12-11,92513.38,19972.58758,0.005412247975528528,0.005397654393828906,0.0367179276618983,0.07217125928061807,6227.37000000001,18904.0504995,6586.098209207548,1.056524239634689,-430432.4904729999,0.36137170125252616,498.0100000000093,1499.1778571428597,52.80970665350391,-1307.1623514673993,BTCUSDT
2025-12-12,90268.42,16679.19169,-0.02426632774632176,-0.024565606595954068,-0.0014037232683863365,-0.011059196379232361,-1009.4600000000064,19028.3134525,6515.621162588583,0.876545981420578,-447111.68216299993,0.3743915771179948,2244.9600000000064,1627.8714285714316,48.63476406525612,-1286.5909854754864,BTCUSDT
2025-12-13,90240.01,5895.70788,-0.00031472800786813693,-0.0003147775451217187,-0.004350779185902431,-0.03414258489916777,-3189.9400000000023,18336.3756375,7141.443850140351,0.3215307101335009,-453007.39004299993,0.3660029016131833,28.410000000003492,1623.5964285714322,48.76282151396699,-1258.0781376416417,BTCUSDT
2025-12-14,88172.17,9416.94004,-0.022914891077693733,-0.023181518223391553,-0.0486263309408409,-0.04241933420404387,-3905.8899999999994,17574.066242,7243.546707948196,0.5358429808062629,-462424.33008299995,0.3719827856730287,2067.8399999999965,1739.6964285714316,45.5085965326463,-1386.3578364881687,BTCUSDT
2025-12-15,86432.08,19778.6919,-0.019735138649757622,-0.019932477149059748,-0.06067779763315617,-0.03244104670724424,-2897.959999999992,17584.648782,7246.765503525115,1.1247703690417672,-482203.0219829999,0.37690165203435033,1740.0899999999965,1572.9892857142881,50.3316478860768,-1609.8735226330027,BTCUSDT
2025-12-16,87863.42,18456.05017,0.016560286412174774,0.016424660160555687,-0.050262567425382265,-0.015390177078310363,-1373.3699999999953,17423.660171000003,7186.609943899429,1.0592521886255741,-463746.9718129999,0.35841764624410183,1431.3399999999965,1318.665714285716,40.75239473667104,-1652.4655442834337,BTCUSDT
2025-12-17,86243.22,19834.11729,-0.018439983328670806,-0.018612119227458226,-0.04459145291343303,-0.04593258212179363,-4152.0899999999965,17573.6905695,7204.938840879437,1.1286256129047294,-483581.08910299995,0.3610856573454865,1620.199999999997,1280.6750000000018,29.95830881594253,-1796.2505692883715,BTCUSDT
2025-12-18,85516.41,25405.41763,-0.008427445079160933,-0.00846315677488792,-0.05234485235540187,-0.05646789064718727,-5117.929999999993,17902.418445,7412.315369012566,1.4191053408817806,-508986.50673299993,0.3616014881754102,726.8099999999977,1236.0264285714304,31.040482837572284,-1946.4117077476549,BTCUSDT
2025-12-19,88136.94,21256.65004,0.03064359226492308,0.030183453965176642,-0.0003995591806348342,-0.04900646102452777,-4541.860000000001,18593.7568015,7018.486334268628,1.143214373885173,-487729.85669299995,0.3806326324149591,2620.529999999999,1226.9200000000014,46.52701771218059,-1832.832865141696,BTCUSDT
2025-12-20,88360.9,5123.13194,0.002541045786250251,0.0025378227881089903,0.02231601970009267,-0.03971586486040324,-3654.470000000001,18365.526311,7387.837462192894,0.2789537230376844,-482606.72475299996,0.3805980376708725,223.95999999999185,1236.2564285714293,47.469636153849265,-1705.0938532408181,BTCUSDT
2025-12-21,88658.86,7132.87258,0.003372079732098854,0.003366407020219751,0.00905314179666572,-0.04166445977868283,-3854.520000000004,16996.719326500002,6747.749818715915,0.4196617266532703,-475473.85217299993,0.34289307288806675,297.9600000000064,1174.787857142858,44.72108338101165,-1561.8132729396893,BTCUSDT
2025-12-22,88620.79,14673.2197,-0.00042939870871350205,-0.00042949092673883664,0.02756819608544281,-0.018252562745642464,-1647.6300000000047,16319.868945499999,6222.217344376322,0.8991015644182583,-490147.07187299995,0.27087241754125096,38.070000000006985,1160.433571428573,43.80296280885162,-1434.7948892514396,BTCUSDT
2025-12-23,87486.0,13910.32904,-0.012805008847246668,-0.012887699635666881,0.023031719876921875,-0.030518724454928536,-2754.0099999999948,15729.759105000001,5831.958555579492,0.8843319816371721,-504057.40091299993,0.2569145600893839,1134.7899999999936,1095.4571428571435,33.07034245324847,-1409.4526810711686,BTCUSDT
2025-12-24,87669.45,9140.8432,0.002096906933680698,0.002094711492890748,-0.005304132410315243,-0.005701572276150202,-502.72000000000116,15196.6042355,5926.536429790097,0.6015056428624066,-494916.55771299993,0.2539522993553116,183.4499999999971,1061.172857142857,35.37359606150069,-1358.9013478123088,BTCUSDT
2025-12-25,87225.27,7096.58235,-0.00506653115766087,-0.005079409544226788,-0.012852177829786648,0.009177032416667563,793.1900000000023,14561.784744,6086.12177761633,0.4873428961325676,-502013.1400629999,0.2326846174800693,444.179999999993,1057.327857142856,32.13788938287149,-1339.2427095290186,BTCUSDT
2025-12-26,87369.56,18344.61505,0.0016542224518192317,0.00165285573288968,-0.014542257818338733,-0.005620769143746096,-493.8600000000006,15058.540488500003,5961.722471317074,1.2182199904439297,-483668.5250129999,0.23288865708394074,144.2899999999936,907.2799999999978,38.5888904984443,-1297.0683039278229,BTCUSDT
2025-12-27,87877.01,4469.55156,0.005808086935541468,0.00579128502519536,-0.008392838745851838,0.018943981915331864,1633.7899999999936,14630.962474,6405.670487837823,0.30548581940132996,-479198.9734529999,0.22854598825606734,507.4499999999971,941.4971428571401,41.036312984790165,-1208.7639314034896,BTCUSDT
2025-12-28,87952.71,4446.29285,0.0008614312207482211,0.0008610604018155715,0.0053346821205679795,0.028489268901723097,2436.300000000003,14063.595173,6788.369463318182,0.31615620296979374,-474752.68060299987,0.22822390584547983,75.70000000001164,799.201428571427,49.01928889731003,-1119.7657599795348,BTCUSDT
2025-12-29,87237.13,19894.98575,-0.008135963064696994,-0.00816924063180667,-0.004931250281597466,-0.010209226687470596,-899.8099999999977,13996.3229535,6719.824889351251,1.4214437474826163,-494647.66635299986,0.21082874473844523,715.5800000000017,726.0221428571416,53.9601802778546,-1094.3602893769566,BTCUSDT
2025-12-30,88485.49,13105.91001,0.014309961824741313,0.014208540730604829,0.014447877318121138,0.0014100127997791478,124.59000000001106,13701.6844125,6617.353175019471,0.9565181634196392,-481541.75634299987,0.21875124272346544,1248.3600000000006,712.9521428571419,53.11616788544216,-962.4001025586767,BTCUSDT
2025-12-31,87648.22,11558.62047,-0.009462229344042727,-0.009507280651887915,0.0031894403497052526,-0.011399199132495097,-1010.6399999999994,13280.986056999998,6463.364987271027,0.8703134255538058,-493100.3768129999,0.21856118473012956,837.2700000000041,657.028571428571,57.63719777352584,-914.8357384981064,BTCUSDT
2026-01-01,88839.04,6279.57133,0.013586356916318376,0.013494889906895059,0.010947459409463178,0.002462740402111141,218.25,12761.005039,6592.62368380327,0.49209065514890593,-486820.8054829999,0.20994079135886162,1190.8199999999924,690.172142857142,67.19358834907644,-772.1505445646326,BTCUSDT
2026-01-02,89995.13,17396.97301,0.013013310364452524,0.012929364730521834,0.023221797259004306,0.028680360286217343,2509.1300000000047,13336.0682955,6462.592736404227,1.3045053927828396,-469423.8324729999,0.21553381146449516,1156.090000000011,585.5692857142858,61.33323249536166,-559.3370103482157,BTCUSDT
2026-01-03,90628.01,7057.46716,0.007032380529924165,0.00700776866128145,0.03886968771210131,0.033746761272028136,2958.5599999999977,13218.0946515,6558.722207780943,0.533924695356839,-462366.3653129999,0.19897265755217092,632.8799999999901,614.7778571428571,63.17032052227925,-335.74239510345797,BTCUSDT
2026-01-04,91529.73,10426.5297,0.00994968332637991,0.009900511123453195,0.03440383276399328,0.049348772437161736,4304.459999999992,12750.4865415,6397.771629776145,0.8177358303986253,-451939.83561299986,0.1844238905412071,901.7200000000012,657.903571428571,65.58451357938907,-84.80322481080657,BTCUSDT
2026-01-05,93859.71,20673.59584,0.025455991184503812,0.025137383113592964,0.0708684101057615,0.07428388102217753,6490.150000000009,12861.363825,6519.906698984475,1.6074186315929058,-431266.23977299983,0.19551177956409557,2329.9800000000105,821.6114285714284,72.77284361046591,298.6353071827034,BTCUSDT
2026-01-06,93747.97,18546.41829,-0.0011905001624232803,-0.0011912093706725466,0.05525645031733806,0.06680882747376149,5870.960000000006,12796.978875,6453.445138089981,1.4492809960194608,-449812.65806299984,0.17885972884985338,111.74000000000524,748.5364285714293,79.87720799922894,586.7331278934871,BTCUSDT
2026-01-07,91364.16,14276.49025,-0.02542785726453589,-0.025756732261084898,0.015212267597146667,0.03878732105014149,3411.449999999997,12240.532506,5750.586714666645,1.1663291807772274,-464089.1483129998,0.2033348186843828,2383.8099999999977,905.7050000000007,64.56919511004452,615.6028947991581,BTCUSDT
2026-01-08,91099.99,16132.79117,-0.0028913963637382523,-0.0028955845252425483,0.005207882198892122,0.044279998665705866,3862.8600000000006,11984.339562500001,5433.145397657772,1.3461560468864593,-480221.9394829998,0.17683775132832147,264.16999999999825,892.8471428571439,65.49905358940018,610.132850126407,BTCUSDT
2026-01-09,90641.28,15590.27939,-0.0050352365571061375,-0.005047956075853812,-0.009706682189491889,0.024363203503760866,2155.7899999999936,12507.696935,5238.073583932829,1.2464548406488871,-495812.2188729998,0.1784055611191673,458.7100000000064,915.3057142857162,62.76591427688483,562.3018709653988,BTCUSDT
2026-01-10,90504.7,3104.11722,-0.0015068189681346489,-0.0015079553615388976,-0.035744943171036936,0.03259027964287231,2856.479999999996,12306.259167,5525.24309379437,0.25223889549830736,-498916.3360929998,0.1785071679448724,136.58000000000175,888.8150000000023,60.55856071607379,507.52418790802767,BTCUSDT
2026-01-11,91013.65,5477.13594,0.005623464858730998,0.005607712208944919,-0.029166711556527614,0.024478089812767,2174.6100000000006,11846.454978999998,5697.847874988229,0.4623438783762081,-493439.2001529998,0.17911544505653917,508.9499999999971,919.7614285714299,61.88561319472589,499.4234483285254,BTCUSDT
2026-01-12,91296.2,16188.08268,0.003104479383037706,0.003099670437196053,-0.0007438365328374941,0.014457115623923045,1301.0699999999924,11960.342661,5763.655111288893,1.3534798407394892,-477251.1174729998,0.17111250658612967,282.5500000000029,888.8307142857157,66.30983081303441,509.9248808707489,BTCUSDT
2026-01-13,95414.0,23021.51482,0.04510373925749378,0.04411615250637421,0.04735467040117114,0.05280917014507991,4785.990000000005,12654.376242,6223.643308871627,1.819253227479626,-454229.6026529998,0.22908349506440118,4117.800000000003,1093.790714285716,72.62286399787888,840.8268592913228,BTCUSDT
2026-01-14,96951.78,22851.89428,0.01611692204498283,0.01598842328794414,0.06962059670825482,0.059238129512673154,5422.050000000003,13442.1418385,6475.17442631955,1.7000188329027504,-431377.7083729998,0.22988698111437803,1537.7799999999988,1143.827142857144,79.04896968697814,1213.170382449447,BTCUSDT
2026-01-15,95604.8,21725.81369,-0.013893298297359746,-0.01399071349755265,0.05635176957660759,0.018592535604467608,1745.0899999999965,13611.2017705,6651.6446075415415,1.5961715986818343,-453103.5220629998,0.23966220782156047,1346.979999999996,1154.98142857143,70.92105377080894,1383.6158164627996,BTCUSDT
2026-01-16,95550.94,11167.7146,-0.0005633608354392861,-0.0005635195827788953,0.04985285174256848,0.019232096438994928,1802.9700000000012,13946.109922500002,6327.886216005082,0.800776321286736,-464271.2366629998,0.24030993659537545,53.86000000000058,1076.250714285715,68.43639061795875,1497.091460587646,BTCUSDT
2026-01-17,95147.77,4280.80137,-0.00421942473825998,-0.004228351630570454,0.04218762664820663,0.041412409417434626,3783.6100000000006,13937.8353485,6341.056822610817,0.3071353092473361,-468552.0380329998,0.24194610520169132,403.16999999999825,1059.8428571428583,65.23055978649128,1536.7742990263214,BTCUSDT
2026-01-18,93673.14,6895.17819,-0.015498313833314237,-0.015619668190674642,-0.01824533087387592,0.028245337897402578,2573.149999999994,13287.8449705,6364.50957320206,0.5189086872482186,-475447.2162229998,0.24819442026407748,1474.6300000000047,1100.7650000000015,56.95428698612848,1432.7174425435223,BTCUSDT
2026-01-19,92631.0,14295.52747,-0.011125280950334271,-0.011187629751686884,-0.044566278205516174,0.021951587621004576,1989.7200000000012,13347.325843499999,6368.277567034584,1.0710405692958913,-489742.7436929998,0.2501604583017987,1042.1399999999994,1008.7764285714293,45.6499280953517,1251.7304758684622,BTCUSDT
2026-01-20,88427.66,22007.3261,-0.045377249516900364,-0.046439042216747994,-0.07507091694140877,-0.022949526378188034,-2077.0399999999936,13869.761124999999,6636.746148319319,1.586712698341443,-511750.0697929998,0.3002368053267138,4203.3399999999965,1301.0335714285716,35.39537521541939,760.3576617968938,BTCUSDT
2026-01-21,89454.73,20617.50372,0.01161480468893994,0.011547870630407164,-0.06380062823034505,-0.017128419748026813,-1558.9199999999983,14586.6577445,6547.493787503894,1.4134494742480657,-491132.56607299985,0.29918661160005305,1027.0699999999924,1204.123571428571,44.336633698605894,448.6454267061199,BTCUSDT
2026-01-22,89559.67,10825.50492,0.0011731073359675381,0.0011724197832196023,-0.05873075112532855,-0.01902083547836597,-1736.5299999999988,14258.084339999998,6563.90854391805,0.7592538143171063,-480307.0611529999,0.29555604724396123,104.94000000000233,1192.75,45.387849208012675,207.68495275515306,BTCUSDT
2026-01-23,89600.26,13918.48919,0.0004532173912654702,0.0004531147192842445,-0.043479699730360366,-0.06093172909635913,-5813.740000000005,14601.135441499999,6343.358599078966,0.95324704340734,-466388.5719629999,0.2943771618767132,40.58999999999651,1162.884285714285,46.80283875437795,19.76942526928906,BTCUSDT
2026-01-24,89225.34,4226.56737,-0.004184362857875601,-0.004193141802223088,-0.03676587751400717,-0.07969363739376423,-7726.440000000002,14291.137325,6699.599834641437,0.29574744639856715,-470615.1393329999,0.29204825881818564,374.91999999999825,1179.9085714285704,46.12754499137948,-157.59128059876093,BTCUSDT
2026-01-25,86670.36,14426.22019,-0.02863513885181046,-0.029053123136142035,-0.019872741176233832,-0.09345179321540342,-8934.440000000002,13978.7685425,6529.846885048336,1.0320093752278394,-485041.3595229999,0.28988818899249763,2554.979999999996,1326.0535714285704,38.30232025747721,-498.56925493302697,BTCUSDT
2026-01-26,88347.08,17766.51453,0.019345944795891024,0.019161191027651143,-0.012382240715499315,-0.07539287420929608,-7203.860000000001,13939.7733545,6503.409184734031,1.2745196122047897,-467274.8449929999,0.301297962933295,1676.7200000000012,1425.6371428571417,42.61202509955449,-626.2800980161846,BTCUSDT
2026-01-27,89250.0,13125.40425,0.010220145363038613,0.010168272808073633,-0.003457694741394235,-0.06198537285739858,-5897.770000000004,13882.219054500001,6505.365632667978,0.9454831535557223,-454149.4407429999,0.2922101066420966,902.9199999999983,1196.0028571428556,31.593450565096575,-647.1735494572204,BTCUSDT
2026-01-28,89299.99,14332.18502,0.0005601120448179842,0.0005599552406158251,-0.003351217954054908,-0.046685207734041945,-4373.149999999994,13792.188746999998,6485.007582988411,1.0391523262119988,-439817.2557229999,0.29217199998859283,49.99000000000524,1089.7321428571418,24.92244162228596,-652.1800592818763,BTCUSDT
2026-01-29,84650.16,30431.38201,-0.052069770668507376,-0.05347437718715272,-0.051276688886811694,-0.0861573339378825,-7980.8399999999965,14534.243878,7475.10904624238,2.093771252597665,-470248.6377329999,0.34420608002797437,4649.830000000002,1325.6499999999994,20.487146467231682,-1019.5968967880035,BTCUSDT
2026-01-30,84260.49,35195.84793,-0.004603299036883057,-0.00461392684575843,-0.027805007386608294,-0.04712518684764466,-4167.169999999998,16138.830413499998,8292.12682195594,2.1808177561961966,-505444.4856629999,0.34418099815693504,389.66999999999825,1349.6364285714278,20.123038426750895,-1326.9245398849744,BTCUSDT
2026-01-31,78741.09,39491.89133,-0.06550401024252306,-0.06774794341998952,-0.10873013573283918,-0.11976605373466553,-10713.64,17839.568183,9404.006770095517,2.2137246218567848,-544936.3769929999,0.40655697463928064,5519.400000000009,1715.0814285714284,15.835274793283432,-1992.8806757599814,BTCUSDT
2026-02-01,76968.21,25395.48168,-0.02251530935119128,-0.02277264898561169,-0.13761109243697467,-0.1405929700276921,-12591.459999999992,18299.938133,9543.245442384647,1.387735930877532,-570331.8586729999,0.40836318977972075,1772.87999999999,1736.3849999999989,15.64099304836526,-2633.356614969627,BTCUSDT
2026-02-02,78738.61,42273.59016,0.023001704210088736,0.02274115286261672,-0.11826854627867267,-0.1212234205570385,-10861.649999999994,19262.5419,10916.688631231491,2.194600815378369,-528058.2685129999,0.3763988349878584,1770.3999999999942,1788.4035714285699,22.257000956559395,-2963.915751216846,BTCUSDT
2026-02-03,75770.21,39120.10889,-0.03769942090671896,-0.03842842483956077,-0.10490175092403842,-0.15079942536503632,-13455.12999999999,20075.9526305,11770.870599377704,1.94860535935752,-567178.3774029999,0.376703447026529,2968.399999999994,1700.1935714285698,23.411745973462658,-3425.919453390976,BTCUSDT
2026-02-04,73165.83,38375.36,-0.03437208369885747,-0.03497669878289926,-0.1316709646478439,-0.15581485988981703,-13504.529999999999,20908.429946,12462.154070839331,1.8354013237297908,-605553.7374029999,0.3850080940785382,2604.3800000000047,1812.8585714285707,17.909993766750375,-3956.603157904712,BTCUSDT
2026-02-05,62909.86,106298.82899,-0.14017431361060217,-0.15102560052391373,-0.20105423991463667,-0.28792372085189455,-25437.22,25664.9856655,22588.93844900874,4.141784077942874,-711852.5663929998,0.5897148028872371,10255.970000000001,2537.932142857142,12.497857507729151,-5145.43155137953,BTCUSDT
2026-02-06,70580.26,92539.21531,0.12192683309102881,0.11504759382534949,-0.08299465454633814,-0.20918476190476198,-18669.740000000005,30077.9063625,26477.740935409158,3.076650821194603,-619313.3510829998,0.7752453017272477,7670.399999999994,3082.9185714285704,27.966148033194884,-5406.328651094795,BTCUSDT
2026-02-07,69289.38,44255.48036,-0.01828953307907888,-0.01845885430431717,-0.12000757950896002,-0.22408300381668578,-20010.61,31945.921471,26070.87470100351,1.385324896643674,-663568.8314429999,0.7753957576246684,1290.87999999999,3148.344285714284,27.384983762440214,-5652.100810118485,BTCUSDT
2026-02-08,70330.38,21420.53168,0.015023947392803993,0.014912205705875922,-0.07179378280725368,-0.16916424020935106,-14319.779999999999,32302.171681500004,25864.86011178853,0.6631297700726387,-642148.2997629999,0.7821242491982597,1041.0,3040.202857142856,30.804875802460543,-5697.203204679841,BTCUSDT
2026-02-09,70138.0,29152.72842,-0.0027353755233514576,-0.0027391234992863328,-0.04138311558824659,-0.1676051254864528,-14122.490000000005,32659.4417975,25764.327738009903,0.8926278838676162,-671301.0281829999,0.7729467698392192,192.38000000000466,2934.17857142857,27.83624036904949,-5682.960998656068,BTCUSDT
2026-02-10,68841.29,20373.77072,-0.01848798083777703,-0.01866101963278177,0.09428458432430142,-0.1257259710273252,-9899.800000000003,32647.255147500004,25770.380348594776,0.624057692689676,-691674.798903,0.7689647731776217,1296.7100000000064,2962.306428571428,25.394763587928225,-5710.480740390645,BTCUSDT
2026-02-11,67082.52,28718.24602,-0.025548184817570818,-0.02588020693947351,-0.04955691577220023,-0.12843861121364264,-9885.690000000002,33541.8922025,25278.843227450685,0.8561903975667635,-720393.0449229999,0.7687994002931376,1758.7699999999895,3084.3621428571414,24.27406268533872,-5807.265828753749,BTCUSDT
2026-02-12,66272.17,24271.74283,-0.01207989801217968,-0.012153452937677535,-0.04354505697698563,-0.15832689959855784,-12466.440000000002,34059.5548845,24959.837860043248,0.7126265423112065,-744664.7877529999,0.7671296053886482,810.3500000000058,2810.11357142857,26.64305128491246,-5881.558238966973,BTCUSDT
2026-02-13,68853.96,20244.54955,0.03895737833844892,0.038217689464747844,-0.020992635046191976,-0.09127927717238737,-6916.25,34860.4539935,24197.536906719866,0.5807310929965156,-724420.2382029999,0.7892971861370461,2581.790000000008,2966.693571428571,31.452981204905598,-5666.783480712751,BTCUSDT
2026-02-14,69822.95,18114.78393,0.014073119396473155,0.013975012427655345,-0.0044918589067267645,-0.0456890873786302,-3342.8800000000047,35044.882180500004,24047.184247362762,0.516902406368471,-706305.4542729999,0.7916871022989866,968.9899999999907,2641.664285714284,37.94301752412574,-5356.635582015428,BTCUSDT
2026-02-15,68832.58,22290.05208,-0.014184018291979905,-0.014285572925026392,-0.00012652290507619846,0.09414613225971258,5922.720000000001,35271.059058,23896.922194394658,0.6319643547801065,-728595.506353,0.7843689454638149,990.3699999999953,2585.770714285713,38.76318721221276,-5131.601808597115,BTCUSDT
2026-02-16,68892.43,15515.76534,0.0008695010415125104,0.0008691232444626728,0.026980351960540272,-0.02391362684127263,-1687.8300000000017,35390.5771125,23786.053884617275,0.438415154708506,-713079.7410129999,0.781675830757362,59.84999999999127,2463.5885714285696,35.726135857564316,-4892.039144994764,BTCUSDT
2026-02-17,67503.52,16489.06921,-0.02016056045635184,-0.0203665579406587,0.01858019738903982,-0.025773935341895093,-1785.8600000000006,35498.421321999995,23690.248209840047,0.4645014791060855,-729568.8102229999,0.7808279497591459,1388.909999999989,2350.767857142855,37.44074504531193,-4759.394104907507,BTCUSDT
2026-02-18,66461.0,15492.43839,-0.015443935368111283,-0.015564435209118136,-0.034754137597895696,-0.055017191717149916,-3869.3800000000047,34751.474141,24090.54762054241,0.4458066534714833,-745061.2486129999,0.7670545550582901,1042.520000000004,2239.2064285714264,39.30611259282226,-4684.395807347319,BTCUSDT
2026-02-19,67003.73,14542.26988,0.008166142549765887,0.008132980025301773,-0.04037669562801349,-0.04468718811485939,-3134.270000000004,33718.7952385,24509.52678683805,0.43128082652833594,-730518.9787329999,0.7697786455029021,542.7299999999959,1545.403571428569,59.46093600146056,-4528.958328548353,BTCUSDT
2026-02-20,68020.01,35351.87091,0.01516751380855963,0.015053637111473492,-0.011805020238962571,-0.011930049538583565,-821.2799999999988,33511.7942175,24475.66188793005,1.0549083310955372,-695167.1078229998,0.7458809554170558,1016.2799999999988,1070.1092857142835,41.45531197414415,-4274.493998109872,BTCUSDT
2026-02-21,67975.93,8032.84131,-0.0006480445974648141,-0.0006482546691270726,-0.013303348423041594,0.01331807451479139,893.4099999999889,32643.662199000002,25079.171395926063,0.24607659707513074,-703199.9491329999,0.7435820326049389,44.080000000001746,981.0521428571416,45.218508117742346,-4029.9315284146433,BTCUSDT
2026-02-22,67643.4,8175.13484,-0.004891878639983305,-0.00490388304368946,0.002072188235517025,0.020690887291000104,1371.229999999996,30938.739433,25544.76978709924,0.26423619674950966,-711375.0839729998,0.7361394405593219,332.52999999999884,930.4471428571414,39.68629522211282,-3818.9242199250584,BTCUSDT
2026-02-23,64656.02,33075.90923,-0.04416365824308055,-0.04516857121636174,-0.02715848392290221,-0.06096875183359107,-4197.94000000001,30636.52945,25478.552463545162,1.0796232413981863,-744450.9932029998,0.740116931935164,2987.3799999999974,1130.089999999998,32.675273650771146,-3848.3941153258056,BTCUSDT
2026-02-24,64058.15,23102.83622,-0.009246934778849636,-0.009289953077215952,-0.04396143319185353,-0.08256311141250827,-5764.799999999996,29872.903261,25463.266228438548,0.7733709716176622,-767553.8294229999,0.7330648642693786,597.8699999999953,1080.1728571428544,34.18526928891009,-3875.320054852593,BTCUSDT
2026-02-25,67988.04,30749.99259,0.06134879012272432,0.059540542765822574,-0.0004700087518364482,-0.012269480527971055,-844.5400000000081,26095.461441,18054.95476750032,1.1783655429708944,-736803.8368329998,0.5741652422886406,3929.889999999992,1235.2528571428545,52.618087447682754,-3538.7571863353805,BTCUSDT
2026-02-26,67485.18,20737.77792,-0.007396300878801609,-0.007423789136971464,-0.00721946724377287,-0.020426772578641783,-1407.25,22505.3895715,9031.542577971726,0.9214582957613656,-757541.6147529999,0.3708177613688224,502.8600000000006,1213.2892857142829,53.57060646824894,-3274.8548000459996,BTCUSDT
2026-02-27,65872.1,21228.58424,-0.023902729458526895,-0.024193035094981677,-0.026185851095598234,-0.02416792487265851,-1631.4199999999983,21354.044765500003,7440.494998803217,0.9941247418520589,-778770.1989929999,0.37460744724208,1613.0799999999872,1144.0957142857098,40.69177528853102,-3159.4521350039286,BTCUSDT
2026-02-28,66973.26,22548.71649,0.016716637240956178,0.0165784521278679,0.035839508834598854,0.007707678187207412,512.2599999999948,21410.454006,7445.300639677078,1.053163864889601,-756221.4825029998,0.3756901530779818,1101.159999999989,1153.536428571424,41.17716265075531,-2945.1899656974274,BTCUSDT
2026-03-01,65776.47,23201.85859,-0.01786966917841526,-0.018031259656580454,0.02682437753822109,-0.018316293734692013,-1227.2599999999948,21112.9105145,7235.559867704413,1.0989417387084242,-779423.3410929998,0.37980552014215024,1196.7899999999936,1168.2807142857096,40.657486306189824,-2839.2277536687034,BTCUSDT
2026-03-02,68830.06,32010.38431,0.04642374393153048,0.04537839252942392,0.01238482533104368,0.011908995602911698,810.0500000000029,21694.741194000002,7630.104069371001,1.4754904897806729,-747412.9567829998,0.4129947575834006,3053.5899999999965,1382.1192857142814,49.83883446074275,-2480.2618296727596,BTCUSDT
2026-03-03,68338.0,24972.2418,-0.007148911391331003,-0.007174587301422502,0.012637144925745192,0.005326444228126226,362.070000000007,21507.440983,7493.372639872757,1.1610977716846305,-772385.1985829998,0.40275306635561237,492.0599999999977,1318.0585714285678,52.26111781288713,-2210.008278625537,BTCUSDT
2026-03-04,72666.77,44919.0761,0.06334352775907992,0.061418215316930716,0.10314943655963593,0.0742625296776922,5023.37000000001,22539.807646499998,9136.421366884404,1.9928775260411362,-727466.1224829998,0.45525789434393793,4328.770000000004,1552.7907142857107,64.27331067980373,-1627.7709006982332,BTCUSDT
2026-03-05,70890.72,26590.51253,-0.02444102029029227,-0.024744659742350593,0.058492897015913536,0.09642876254987565,6234.700000000004,22857.1057955,9162.670693429662,1.1633368094763343,-754056.6350129998,0.44810429650331873,1776.050000000003,1640.8849999999968,58.460134100108895,-1294.7311214024958,BTCUSDT
2026-03-06,68114.02,22629.88722,-0.0391687374595715,-0.03995647071445988,0.035537784256284954,0.0633154407362686,4055.8700000000026,23082.860959999998,9095.050285464835,0.980376187302564,-776686.5222329998,0.46821398615480603,2776.699999999997,1766.6292857142823,50.190051191110136,-1240.550882679032,BTCUSDT
2026-03-07,67262.91,12719.54315,-0.012495371731106153,-0.012574095363267338,-0.022768395087843785,-0.010665552353031349,-725.1299999999901,22604.3355135,9386.07291979772,0.5627036964835131,-789406.0653829998,0.46761325932914266,851.1100000000006,1824.2742857142823,48.60410245326519,-1251.8594605147227,BTCUSDT
2026-03-08,65971.2,21593.63901,-0.01920389706600567,-0.01939068716249424,-0.034633732330475064,-0.02243425889950945,-1513.979999999996,22908.229197,9241.768984115914,0.942614936506216,-810999.7043929999,0.47210001769537985,1291.7100000000064,1892.78714285714,46.84478897710179,-1349.4956458787055,BTCUSDT
2026-03-09,68432.16,28896.7213,0.03730355064027946,0.03662460641351922,-0.058274366674065714,0.03886410179727062,2560.0599999999977,23528.611801500003,9204.559843586787,1.2281524105114339,-782102.9830929999,0.48623341395528774,2460.9600000000064,1855.185714285712,57.26946859382583,-1214.2964675071562,BTCUSDT
2026-03-10,69948.63,32602.57726,0.022160194855752158,0.02191822593227371,-0.013289327573482113,0.04442623817326519,2975.37000000001,24384.118745,9213.472514701545,1.337041440822429,-749500.4058329999,0.48756053805628813,1516.4700000000012,1920.7999999999981,60.952430534896195,-973.5610831133963,BTCUSDT
2026-03-11,70191.86,27249.27542,0.0034772661022810514,0.003471234391040441,0.030505320343741316,0.06712719609307105,4415.389999999999,25019.469022,8932.928953287532,1.0891228505304928,-722251.1304129999,0.48718586593088287,243.22999999999593,1657.4671428571414,54.748682800865716,-754.4530630543013,BTCUSDT
2026-03-12,70541.34,21997.1605,0.0049789249066771735,0.004966571049048208,0.048740531743274085,0.024862392971907843,1711.2799999999988,24351.733501500003,8613.348207488405,0.9033098402889895,-700253.9699129999,0.4850844585165791,349.4799999999959,1646.5114285714267,56.629080705699856,-546.3107332296204,BTCUSDT
2026-03-13,70930.0,35996.61678,0.005509677020595349,0.005494554272369187,0.07516613310050446,0.03792911703590973,2592.0,25749.922275,8077.9231528729315,1.397931084823051,-664257.3531329999,0.4850875057430876,388.6600000000035,1559.0528571428565,61.58647603810738,-346.0062784298934,BTCUSDT
2026-03-14,71211.95,13017.24737,0.0039750458198222205,0.003967166199519513,0.04062110563220567,-0.02002043024617728,-1454.820000000007,25992.0279015,7580.721952058511,0.500816920454628,-651240.1057629999,0.48429973208498084,281.9499999999971,1500.537857142857,60.08850159918849,-162.63775938816252,BTCUSDT
2026-03-15,72815.24,14037.30704,0.022514339236602954,0.022264632539767723,0.040981646102289604,0.027147700009253706,1924.520000000004,25040.097792,7835.446175139557,0.5605931397154824,-637202.7987229999,0.45511337869125384,1603.2900000000081,1529.5735714285724,66.43494942334536,110.7782342700375,BTCUSDT
2026-03-16,74884.67,28409.53019,0.028420286742171008,0.028023922724339036,0.06685689765166503,0.09940170907545887,6770.649999999994,25305.432490500003,7856.214974375569,1.1226652696279866,-608793.2685329999,0.457632355440387,2069.429999999993,1459.2764285714293,64.81803359492741,488.8133491387707,BTCUSDT
2026-03-17,73909.36,24521.26636,-0.013024161019872249,-0.01310971909840106,0.04774533628082489,0.09881300110268798,6646.449999999997,24993.996179,7751.78753941783,0.9810862650528375,-633314.5348929999,0.41751876483154265,975.3099999999977,1493.7942857142864,63.32025063692074,701.6216773220949,BTCUSDT
2026-03-18,71246.54,23392.88093,-0.03602818371042593,-0.03669322101311266,0.00446270971380236,0.0799642874466433,5275.3399999999965,25126.751329500003,7697.606219303871,0.9309950428225731,-656707.4158229999,0.44010563979490064,2662.820000000007,1374.797857142858,46.31054851180717,647.9374708865507,BTCUSDT
2026-03-19,69930.0,22364.81819,-0.018478651735228002,-0.018651514850332427,-0.018001894344980007,0.021887954435458434,1497.8399999999965,25183.563027000004,7671.470404831129,0.8880720399262826,-679072.2340129999,0.436098389438756,1316.5399999999936,1341.9757142857145,47.44321538712112,493.4701584839204,BTCUSDT
2026-03-20,70510.73,18121.16745,0.008304447304447349,0.008270155102978788,-0.031648731776479866,0.00803589720055986,562.0999999999913,24962.185575000003,7814.0647847974,0.7259447453250495,-660951.066563,0.43369385296804774,580.7299999999959,1185.1207142857145,57.22262168591624,413.1512082142435,BTCUSDT
2026-03-21,68918.12,13397.1675,-0.022586775090826627,-0.022845763534559155,-0.07967652124259883,-0.018146548616891023,-1273.7400000000052,24471.9510205,8226.967383875413,0.5474499147524967,-674348.234063,0.43700461484248665,1592.6100000000006,1238.0850000000003,54.77468371373069,218.46916788085946,BTCUSDT
2026-03-22,67859.0,14843.78682,-0.015367801675379322,-0.015487110258322837,-0.08186189137613964,-0.03802507862765292,-2682.3399999999965,23613.621145999998,8294.309464338256,0.628611204025963,-689192.020883,0.40914681342599213,1059.1199999999953,1221.4714285714279,55.51968936762454,-21.037378453052952,BTCUSDT
2026-03-23,70906.45,28335.09119,0.044908560397294295,0.04392937957609135,-0.004773424786663316,-0.0003320174820246047,-23.55000000000291,23781.7636155,8357.14888365497,1.1914629902187877,-660856.929693,0.4384339435673055,3047.449999999997,1263.3635714285701,56.994621500766925,34.65620921642403,BTCUSDT
2026-03-24,70556.74,20702.42244,-0.004931991377371103,-0.004944193784823292,0.008962390962391042,-0.009200843397772274,-655.2099999999919,22570.9309325,6729.240432194121,0.9172161530205417,-681559.352133,0.37447570722806794,349.70999999999185,1180.0235714285695,51.8404898691491,49.99874987808289,BTCUSDT
2026-03-25,71336.53,17719.50066,0.011051956198656399,0.010991329616637294,0.011711692674292395,-0.020307699322284822,-1478.7100000000064,22127.380339000003,6742.697632805321,0.8007952314521835,-663839.851473,0.36637652203692594,779.7899999999936,1218.3492857142835,53.355447564004926,123.65494270555791,BTCUSDT
2026-03-26,68820.31,20820.45768,-0.035272531478612756,-0.03590963357008416,-0.0014192203733938147,-0.080982663073764,-6064.360000000001,22036.908862,6747.737585331745,0.9447993731962279,-684660.309153,0.3609935897450039,2516.220000000001,1373.116428571427,45.523660203613986,-20.770489611444646,BTCUSDT
2026-03-27,66407.28,28603.69557,-0.035062759816106626,-0.035692215836955574,-0.021393182923414744,-0.10150378788288794,-7502.080000000002,22831.116482999998,6524.453422728009,1.2528382302853325,-713264.004723,0.3803536411300795,2413.029999999999,1517.7142857142837,39.357304216867455,-326.18003926594974,BTCUSDT
2026-03-28,66377.03,11462.39847,-0.00045552234634516076,-0.00045562612816699334,-0.06387881497381409,-0.06834731904173863,-4869.509999999995,22324.554456,7001.4496764319,0.5134435490119865,-724726.403193,0.37380483837012257,30.25,1499.7357142857124,38.486257102441854,-564.1569794309762,BTCUSDT
2026-03-29,66010.93,10052.85584,-0.00551546220130672,-0.005530728522709364,-0.06442772157557186,-0.056042757042757185,-3919.070000000007,21382.361183,7330.657687459217,0.4701471345452953,-734779.259033,0.3480063574184532,366.1000000000058,1411.364999999998,32.78184088250933,-773.3815681137639,BTCUSDT
2026-03-30,66797.37,18353.38975,0.01191378458082637,0.011843374134185144,-0.06363023264518197,-0.05266375770042375,-3713.3600000000006,20669.9018075,6860.112598339375,0.88792825050289,-716425.869283,0.340560002492977,786.4400000000023,1319.7228571428557,28.11418198193124,-865.7545470747718,BTCUSDT
2026-03-31,68284.48,22105.40662,0.022263002270897836,0.02201879944892802,-0.007785928310988455,-0.009194098736297507,-633.6399999999994,20412.7083675,6694.897114095916,1.082923746424312,-694320.462663,0.3509967433585119,1487.1100000000006,1356.2799999999988,35.18826706664025,-809.6305329037568,BTCUSDT
2026-04-01,68113.92,19020.1899,-0.0024977857340350296,-0.0025009104050785873,0.025699591972446312,0.0037566129769079915,254.91999999999825,20263.8598375,6690.908212377481,0.9386262070763793,-713340.652563,0.3502694305550389,170.55999999999767,1178.2614285714267,40.50471457340901,-770.0380940757168,BTCUSDT
2026-04-02,66901.99,20203.47916,-0.01779269200774225,-0.01795288497272631,0.007908760003272342,-0.056475257187463046,-4004.459999999992,19474.2029565,5575.3670940881075,1.0374483209982457,-733544.131723,0.3538170048098457,1211.929999999993,1170.7892857142838,40.76322139216218,-826.9211907879362,BTCUSDT
2026-04-03,66964.3,11429.13131,0.0009313624303253221,0.0009309289814481332,0.014442608216548525,-0.050915617700024174,-3592.4400000000023,19394.797153500003,5682.44963468199,0.589288519985242,-722115.000413,0.3532217891924791,62.30999999999767,1133.759285714284,38.82847392020101,-857.0935179466469,BTCUSDT
2026-04-04,67300.42,7373.51613,0.0050193909291964545,0.005006835781815329,0.0075309851271090356,-0.056578445853758264,-4036.1100000000006,19061.607608,6186.158721517583,0.38682551239305735,-714741.484283,0.34184494877094695,336.11999999999534,1044.009999999998,44.466049175774174,-844.1523666556459,BTCUSDT
2026-04-05,69034.18,11733.46752,0.025761503420038023,0.025435266920256033,0.010979068742999809,0.003107658189857032,213.86999999999534,18227.8044745,5980.301268902728,0.6437126060033544,-703008.016763,0.338645771531655,1733.7599999999948,1092.1985714285693,53.842773226741855,-686.0876769928291,BTCUSDT
2026-04-06,68853.66,20281.61044,-0.0026149365430282456,-0.002618361461522849,0.010860335156162026,0.036839033310805736,2446.3800000000047,18015.8216785,5818.427099780014,1.1257666068156071,-723289.627203,0.3369140991727428,180.51999999998952,887.4178571428545,41.73851100906724,-568.8296132741816,BTCUSDT
2026-04-07,71924.22,23750.49661,0.04459545069935267,0.043629681945818906,0.07506846956271396,0.08357092807557076,5547.190000000002,18033.702462499998,5836.343124723952,1.3170061255800205,-699539.130593,0.3542138183605327,3070.5599999999977,1081.7642857142835,54.51471471868046,-225.53341391313006,BTCUSDT
2026-04-08,71069.93,19802.68627,-0.011877640105099618,-0.011948742855087834,0.06131072825371109,0.0766388232978994,5059.0,17905.5958665,5763.942522213162,1.1059495823341634,-719341.8168629999,0.3502238581927694,854.2900000000081,1087.085714285713,49.124132674516375,-22.147463827830506,BTCUSDT
2026-04-09,71787.97,18158.42159,0.010103288409036182,0.010052591375903568,0.06667937584936334,0.07471252236427883,4990.600000000006,17907.4585735,5764.0218731709365,1.014014440713066,-701183.3952729999,0.3507765960014852,718.0400000000081,958.6442857142849,61.0560151165858,194.73243967292365,BTCUSDT
2026-04-10,72962.7,17372.63288,0.01636388380950171,0.01623143839049557,0.05690688293827795,0.0685107362610069,4678.220000000001,18106.2318425,5668.045758269134,0.9594836203975885,-683810.7623929998,0.3430119499158706,1174.729999999996,870.1942857142848,76.90458288461036,456.1440741573024,BTCUSDT
2026-04-11,73043.16,9070.94374,0.0011027552434326182,0.0011021476555086477,0.06084643866426265,0.0723675865373774,4929.240000000005,17817.589688500004,5981.263329624259,0.5091004955543821,-674739.8186529998,0.33618015046868727,80.4600000000064,873.7807142857138,77.24666126594369,662.1739977657853,BTCUSDT
2026-04-12,70740.98,13472.46801,-0.03151807780495819,-0.0320254620862258,-0.016451203780868284,0.05738229909155157,3838.9899999999907,17074.4585295,5510.526173774544,0.7890421817314591,-688212.2866629998,0.32167698099229575,2302.1800000000076,1012.0721428571425,66.69153314169446,632.3976245500235,BTCUSDT
2026-04-13,74417.99,24230.21625,0.0519784995910435,0.050672676455567146,0.047109375230846684,0.1113084135875384,7453.690000000002,17250.84822,5686.42221938662,1.4045811510826685,-663982.0704129997,0.3697583968073353,3677.0100000000093,1218.5414285714287,72.33530954454919,895.1844817222882,BTCUSDT
2026-04-14,74131.55,26532.94456,-0.0038490692909066704,-0.00385649602156905,0.0326458597450241,0.1015020411462515,6831.130000000005,17691.520415,6054.2564112590035,1.4997549073003176,-690515.0149729997,0.3691966974976851,286.4400000000023,1132.779285714286,68.43465282292416,1068.020173447323,BTCUSDT
2026-04-15,74809.99,14425.04167,0.009151838859432937,0.009110214548757956,0.025318279065879024,0.0836659463471574,5775.810000000012,17371.7496145,6049.188553057201,0.8303735657092124,-676089.9733029997,0.34211018706447066,678.4400000000023,1169.0564285714293,70.45627151078496,1245.3821521669597,BTCUSDT
2026-04-16,75154.29,17088.68777,0.004602326507462173,0.004591768185657028,0.02890250093232538,0.09150755384681064,6300.62999999999,16795.9992245,5441.336449068001,1.017426087104902,-659001.2855329998,0.30877448178173333,344.29999999998836,1107.0828571428574,76.62176530857151,1397.614105270186,BTCUSDT
2026-04-17,77072.0,25941.36694,0.02551697314950352,0.025196849489872067,0.08949579154826526,0.07157227426310642,5147.779999999999,17519.947648,5653.425286509275,1.4806760534447916,-633059.9185929998,0.31484858959118084,1917.7100000000064,1239.6114285714295,79.1211646967713,1653.9366428266221,BTCUSDT
2026-04-18,75691.76,9141.84456,-0.017908449242267088,-0.01807074609568446,0.017116425745978825,0.06503214509990385,4621.830000000002,17474.397084,5720.033060905317,0.5231565081218456,-642201.7631529998,0.32465879125464686,1380.2400000000052,1314.1914285714302,72.80419030060848,1725.8062475465995,BTCUSDT
2026-04-19,73801.79,11369.82232,-0.024969296525804152,-0.025286317737347935,-0.004448308446268978,0.028052332445115624,2013.8199999999924,17125.2187125,5874.617480846432,0.6639227510537408,-653571.5854729998,0.34321611411006336,1889.9700000000012,1325.3492857142878,62.84731410426037,1611.6801971414825,BTCUSDT
2026-04-20,75840.97,16993.41034,0.027630495141107048,0.027255661894529427,0.013781314500910913,0.03944851273321848,2878.270000000004,16869.618898499997,5756.552133890465,1.0073381291091885,-636578.1751329999,0.3472566116798404,2039.1800000000076,1458.1107142857177,67.11439215619032,1666.5681041216158,BTCUSDT
2026-04-21,76336.15,14912.57132,0.006529188643024986,0.006507965819314458,0.015725782254080167,0.04508279762266576,3292.9899999999907,16664.237969499998,5749.056718993401,0.894884683433709,-621665.6038129999,0.34597980763420927,495.179999999993,1274.155000000003,62.36654320482421,1730.0807594009675,BTCUSDT
2026-04-22,78178.23,19737.51225,0.02413116197240761,0.02384460627844536,0.014353202200539705,0.1051335449409947,7437.25,16640.939624,5734.885582974884,1.1860815973116112,-601928.0915629999,0.33979042029407114,1842.0800000000017,1344.711428571431,68.87898412617467,1907.0719194129779,BTCUSDT
2026-04-23,78257.48,16970.79501,0.001013709315240252,0.0010131958589200225,0.03389695258770575,0.051593573005666915,3839.4899999999907,16918.022809,5602.159814665699,1.0031192889143008,-584957.2965529999,0.33976771532881667,79.25,1299.0835714285734,67.78591721526765,2030.32913116696,BTCUSDT
2026-04-24,77437.13,12675.14315,-0.010482704017558353,-0.010538034574907543,0.04925815484963181,0.044590730937097645,3305.5800000000017,17183.10416,5240.524053718141,0.7376515344361388,-597632.4397029999,0.34599338580826616,820.3499999999913,1273.770714285716,62.54551306890285,2038.319492157505,BTCUSDT
2026-04-25,77625.0,5685.1142,0.0024260971448708535,0.0024231589225083856,0.02352330145566439,0.037628797972035555,2815.0099999999948,16880.686494,5723.795481250192,0.33678216830936897,-591947.325503,0.33929640826571844,187.86999999999534,1281.442857142858,62.76975730482379,2036.337814960265,BTCUSDT
2026-04-26,78657.55,7963.56162,0.01330177133655397,0.013214079557603819,0.03041023158752454,0.04661423852184643,3503.2600000000093,16264.784053,5994.896845202946,0.48961988023020453,-583983.7638829999,0.33857965394462924,1032.550000000003,1190.7550000000006,73.74414912027603,2093.9477508888085,BTCUSDT
2026-04-27,77371.32,16046.92418,-0.016352276418474698,-0.01648745051910991,-0.010321415565432868,0.0038836412705003376,299.320000000007,15879.605431500002,5730.258075096131,1.0105367069239701,-600030.6880629999,0.3169933257026522,1286.229999999996,1019.9849999999996,60.340943389223526,2012.615845979395,BTCUSDT
2026-04-28,76342.77,13210.72383,-0.013293685567210223,-0.013382837592731378,-0.024466798573120285,0.008600804103379378,651.0100000000093,15550.0073095,5682.109327732479,0.8495638340908781,-613241.4118929999,0.31796321277110695,1028.550000000003,1072.9928571428568,57.35998775121657,1843.908902292751,BTCUSDT
2026-04-29,75780.0,18279.93022,-0.007371621438415188,-0.00739892610895058,-0.021399682555384048,0.026804363417201715,1978.2100000000064,15556.082741,5685.109255326505,1.1750985466168136,-631521.3421129999,0.31939685599259887,562.7700000000041,1064.730714285714,53.25370667163997,1645.8245572129963,BTCUSDT
2026-04-30,76346.57,10381.81607,0.007476510952758142,0.007448700376110247,-0.016469307568437896,0.006666581400528004,505.6000000000058,15206.5419005,5781.633728529617,0.6827203803422683,-621139.5260429999,0.31596757504125167,566.570000000007,1080.6071428571438,53.94050963413429,1517.0709015839675,BTCUSDT
2026-05-01,78231.13,17315.46502,0.024684278547156602,0.024384544212578043,-0.005421221484777972,0.024824149501907256,1894.9800000000105,15618.767964499999,5612.58861482765,1.10863193943059,-603824.0610229999,0.32557002987527184,1884.5599999999977,1078.239285714286,53.839361127764526,1549.2422437369241,BTCUSDT
2026-05-02,78686.85,6150.87642,0.005825302536215382,0.005808401067078971,0.017002811894639924,0.006505903241861732,508.6200000000099,15252.688385000001,5986.282344528048,0.4032650680813079,-597673.184603,0.2979009844916664,455.72000000000116,1012.202142857143,60.56780019236703,1593.1462611645984,BTCUSDT
2026-05-03,78568.57,7425.7929,-0.0015031736560809916,-0.0015043045550349114,0.029155347651126595,0.003975211059696893,311.09000000001106,14412.467217500001,5837.360632934414,0.5152339837403692,-605098.977503,0.2425898185383291,118.27999999999884,885.6528571428571,69.22222025075938,1599.953041073284,BTCUSDT
2026-05-04,79861.01,26042.96135,0.01644983483853646,0.016316001996395605,0.053853391396146755,0.031301263360354215,2423.87999999999,14387.968057,5784.603987712255,1.8100513739554518,-579056.016153,0.24585830864562572,1292.4399999999878,832.3142857142842,67.2498369434623,1690.153531986667,BTCUSDT
2026-05-05,80905.52,16947.17995,0.013079098298406366,0.01299430543480134,0.059713881055822204,0.042261127214170635,3280.520000000004,14514.074971,5812.877512737939,1.167637619611411,-562108.8362029999,0.24737361102375977,1044.5100000000093,871.5521428571426,68.72427106647996,1824.885158406134,BTCUSDT
2026-05-06,81447.01,18798.77396,0.006692868422327525,0.006670570614040161,0.04110742104837284,0.03546334712942367,2789.459999999992,14599.5792805,5865.084686455023,1.28762436223821,-543310.0622429999,0.2475479622023427,541.4899999999907,778.6528571428561,64.99283561168834,1952.8434963882755,BTCUSDT
2026-05-07,80006.0,16154.80338,-0.017692607745821376,-0.01785099287490194,0.016764554687346056,0.03405241115183233,2634.679999999993,14110.251102499999,5244.440076365979,1.1448983623783815,-559464.865623,0.24557547765689347,1441.0099999999948,875.9214285714271,57.129308727951816,1915.8887640792673,BTCUSDT
2026-05-08,80193.17,16001.31009,0.0023394495412842886,0.002336717289686288,0.02067747955702881,0.05043568631318984,3850.399999999994,14453.224379000001,5125.361654669962,1.1071100586557912,-543463.5555329999,0.23407074914859663,187.16999999999825,830.6942857142848,61.84912448451036,1880.0330762123194,BTCUSDT
2026-05-09,80678.4,7548.42177,0.006050764672352882,0.006032532305335769,0.010235157306425213,0.06463974663499594,4898.399999999994,14262.1543515,5314.112717124061,0.5292623809814614,-535915.1337629999,0.20952908202672557,485.2299999999959,851.9342857142848,62.8002830533542,1869.2239409751055,BTCUSDT
2026-05-10,82210.07,12034.31882,0.018984883190544366,0.01880691918505757,0.016124363331451397,0.0768010927013485,5863.5,14014.199775500001,5295.628524304908,0.8587232244996763,-523880.8149429999,0.19887256758519073,1531.6700000000128,887.5857142857141,64.29447457790798,1961.6380493679026,BTCUSDT
2026-05-11,81745.65,12951.76056,-0.005649186285816454,-0.005665203289169573,0.0036666784943977238,0.044924827239488874,3514.5199999999895,13916.1592375,5296.271849607947,0.9306993645990177,-536832.575503,0.20159107648428634,464.4200000000128,828.885000000001,68.84773779578238,1974.6396664919594,BTCUSDT
2026-05-12,80504.47,12386.25676,-0.015183437895472052,-0.015299886519223746,0.006230407719421072,0.023099412417703746,1817.6199999999953,13548.596463,5123.2689884106585,0.9142095857549345,-549218.832263,0.1964792810240578,1241.179999999993,844.0728571428574,67.6089234003158,1863.3115925408201,BTCUSDT
2026-05-13,79313.61,14810.05643,-0.014792470529897295,-0.01490297018466756,-0.010968016353512411,0.009482672269585546,745.0399999999936,13440.559534,5069.808551442429,1.1018928484737294,-564028.888693,0.20487217836907767,1190.8600000000006,888.9364285714286,64.19678090430699,1659.8570435188012,BTCUSDT
2026-05-14,81089.99,19727.86807,0.02239691271145028,0.02214978498814916,0.005101613319054454,0.015388986440316943,1228.9800000000105,13793.19578,5255.641360848662,1.4302608608372847,-544301.020623,0.21400384571540318,1776.3800000000047,975.3514285714284,67.36890439489942,1623.2451086039073,BTCUSDT
2026-05-15,79113.21,17351.27079,-0.024377608136343376,-0.024679661013995487,-0.037670081049681614,-0.022153123791800566,-1792.3099999999977,14376.5036095,4946.702817630577,1.2069186821289615,-561652.291413,0.23415117217669296,1976.7799999999988,981.9385714285714,53.20823094840091,1418.3701726038707,BTCUSDT
2026-05-16,78148.05,12132.86192,-0.012199732509905803,-0.012274760081870962,-0.04400968124909388,-0.040504372106477504,-3298.959999999992,14584.9686245,4746.003617303625,0.8318743929019551,-573785.153333,0.2339556839821926,965.1600000000035,1018.327142857143,48.1103462401221,1164.699038443112,BTCUSDT
2026-05-17,77457.67,8442.7022,-0.008834257540655255,-0.008873510947942894,-0.03784634567496692,-0.031851736119791085,-2548.3300000000017,14204.757525500001,4923.976621224534,0.5943573612463209,-582227.8555330001,0.2285401384961324,690.3800000000047,1059.191428571429,46.254218177207925,897.6078759132506,BTCUSDT
2026-05-18,77001.87,18745.51678,-0.005884504400919921,-0.005901886319804632,-0.029146826124797576,-0.03979515961272018,-3191.300000000003,14481.497173,5019.771773646787,1.2944460476745487,-600973.372313,0.22423041325920764,455.8000000000029,999.4314285714302,39.78297660669926,641.7591545475443,BTCUSDT
2026-05-19,76834.36,11024.85978,-0.0021754017142699977,-0.002177771337791657,-0.05248033696884169,-0.047646458035855876,-3844.0399999999936,14118.743651,4992.902913822016,0.7808669136944868,-611998.2320930001,0.22255584422957786,167.50999999999476,936.788571428572,34.47904085690931,420.6317614029249,BTCUSDT
2026-05-20,77552.23,11296.26307,0.009343085567446563,0.009299708915349147,-0.01973096528380036,-0.056657779272052844,-4657.840000000011,14164.466001000003,4960.965890932342,0.7975071611737775,-600701.9690230001,0.22339729959683616,717.8699999999953,949.3871428571438,35.3485180665422,299.85626237050747,BTCUSDT
2026-05-21,77615.52,11318.25841,0.000816095165800057,0.0008157623412056216,-0.006814373487246339,-0.05052415633125418,-4130.12999999999,13864.6056705,4941.69290897714,0.8163418909260497,-589383.7106130001,0.20496749845173567,63.29000000000815,850.9785714285733,39.96751638869541,206.86319318701862,BTCUSDT
2026-05-22,75539.5,11272.36134,-0.026747485554435513,-0.027111708939230417,-0.02476410664043982,-0.06167322137516096,-4964.970000000001,14120.679916500001,4644.707676801091,0.7982874342210856,-600656.071953,0.22377232687926873,2076.020000000004,985.8964285714309,33.14199187831238,-33.960472904727794,BTCUSDT
2026-05-23,76752.01,15086.88814,0.01605133737978126,0.01592387679685496,-0.0032448562612830134,-0.03229710512483297,-2561.600000000006,14503.7346785,4371.38004109148,1.0402071241943258,-585569.183813,0.23272798450954071,1212.5099999999948,1037.8450000000023,36.48852051262819,-125.5285249947774,BTCUSDT
2026-05-24,77064.96,8398.00156,0.0040774176467823775,0.004069127506717748,0.0030012614148149375,-0.049636582764407744,-4025.029999999999,13621.486689000001,3639.182240761188,0.6165260629577083,-577171.182253,0.22437084305416463,312.95000000001164,950.7935714285735,30.673625264910328,-170.87467948134872,BTCUSDT
2026-05-25,77322.01,7672.32197,0.003335497741126403,0.0033299473074173843,-0.0029685800137533302,-0.022640972348360155,-1791.2000000000116,13157.743790000002,3781.2590210977964,0.5831031590561164,-569498.8602829999,0.21845473975585097,257.04999999998836,935.981428571429,33.120696839223015,-183.9495904952637,BTCUSDT
2026-05-26,75930.01,16953.47629,-0.018002635989416205,-0.01816665493821507,-0.021716146461429497,-0.028382538015983894,-2218.040000000008,13065.478906499999,3656.8363056940248,1.2975778699979947,-586452.336573,0.22270907079027732,1392.0,946.7542857142865,32.74382552117912,-303.13991005891876,BTCUSDT
2026-05-27,74449.3,16877.77483,-0.019500985183592,-0.019693638122979272,-0.014432184486262156,-0.03883889097102966,-3008.3699999999953,13101.627478999999,3692.3827971000646,1.2882197159896824,-603330.111403,0.22433412700762165,1480.7099999999919,967.4578571428574,32.04310855917683,-511.1873694314854,BTCUSDT
2026-05-28,73617.51,21274.02026,-0.011172569789104858,-0.011235451754405826,-0.04083932134155188,-0.043951659875273164,-3384.3600000000006,13365.262987500002,4078.3761899073043,1.5917397420385027,-624604.131663,0.2247979035912715,831.7900000000081,899.9871428571433,20.346877971272576,-734.715636809633,BTCUSDT
2026-05-29,73460.78,18686.74141,-0.0021289771957785364,-0.002131246689434228,-0.04676807721693499,-0.04390717902771624,-3373.5800000000017,13922.178969499999,4002.0342012599913,1.3422282137686896,-643290.873073,0.22171774348842452,156.72999999999593,769.9835714285717,23.782232830570564,-913.9744715154811,BTCUSDT
2026-05-30,73884.38,7515.40909,0.0057663422577327594,0.005749780542727423,-0.04445862180768434,-0.04729522284530041,-3667.8499999999913,13696.233483,4235.010310684293,0.5487208654356145,-635775.463983,0.20759771234403934,423.6000000000058,731.3007142857148,29.177658985310927,-1010.2123109970998,BTCUSDT
2026-05-31,73674.39,6986.45707,-0.0028421433596654833,-0.0028461899181889336,-0.02970656793012405,-0.050777602211516504,-3941.1300000000047,13397.9683085,4492.441321957675,0.5214564558693291,-642761.921053,0.20776394406709486,209.99000000000524,696.9871428571433,30.614112578424297,-1090.8512757077842,BTCUSDT
2026-06-01,71408.9,23921.09184,-0.030750034034893292,-0.031232737545768535,-0.04083853038242147,-0.05468132566405659,-4130.600000000006,13974.710062499998,5060.260546543162,1.7117415483409786,-666683.012893,0.2244585183915643,2265.4900000000052,826.2507142857149,25.824658893746374,-1322.3214471967076,BTCUSDT
2026-06-02,66760.83,32858.19586,-0.06509090603552203,-0.06730598012661611,-0.0931392545061629,-0.13017483190342494,-9991.179999999993,14877.117034,6593.936467637591,2.2086400063201923,-699541.208753,0.3068364498333729,4648.069999999992,1146.2907142857148,18.614512523935915,-1859.3897417000262,BTCUSDT
2026-06-03,64142.75,30138.3065,-0.039215809629688625,-0.04000546300379148,-0.12684360280410856,-0.16767944861062678,-12922.210000000006,15397.6389555,7363.048644678837,1.9573329772896555,-729679.515253,0.3027426455014963,2618.0800000000017,1282.020000000001,12.64410851624784,-2467.829804439665,BTCUSDT
2026-06-04,63885.99,43577.17571,-0.004002946552806086,-0.004010979788266344,-0.13532481425708665,-0.17376708132652008,-13436.019999999997,16708.9342015,9695.237385992077,2.608016476962844,-773256.690963,0.2998519674756665,256.76000000000204,1295.8392857142862,12.160403489189292,-2936.8867219201347,BTCUSDT
2026-06-05,61056.47,55027.28807,-0.04429014874779269,-0.045300914871314324,-0.1712660260912917,-0.19588486818321238,-14873.539999999994,18853.655509,12858.161748319968,2.918653522853015,-828283.979033,0.32306239233384754,2829.519999999997,1349.6607142857142,11.675473994787055,-3496.6293584427767,BTCUSDT
2026-06-06,60884.62,19795.58877,-0.0028146075264422477,-0.002818575982386037,-0.1473805085920662,-0.18220023559657372,-13564.68,19421.2998375,12622.805249909374,1.0192720845479815,-848079.567803,0.3245633382157202,171.84999999999854,1275.3278571428575,5.564955566047743,-3909.0353630295285,BTCUSDT
2026-06-07,63332.01,26612.10443,0.040197179517585946,0.0394102908722764,-0.05135975691135053,-0.13971540194717258,-10285.499999999993,19814.62922,12722.805597263878,1.3430533639831592,-821467.463373,0.373204502514522,2447.3899999999994,1427.7878571428566,15.648783357671661,-3992.364678725382,BTCUSDT
2026-06-08,63085.99,23053.38624,-0.003884607483640612,-0.003892172168200064,-0.016475127742418327,-0.14122896598702062,-10374.79,20416.055543000002,12568.802419264988,1.1291792477467202,-844520.849613,0.3728112830965974,246.02000000000407,1427.0000000000005,14.370757833616992,-4031.779673316414,BTCUSDT
2026-06-09,61730.0,21636.21959,-0.021494312762627588,-0.021728679963231683,-0.03374746168917475,-0.1645054069615256,-12154.380000000005,20933.053369,12385.249166363265,1.0335911922931094,-866157.069203,0.36813234273983103,1355.989999999998,1424.4278571428574,14.39670765054042,-4124.88430243115,BTCUSDT
2026-06-10,61510.99,15998.71652,-0.003547869755386346,-0.0035541783711382628,0.007444256112415282,-0.16509671814045557,-12163.400000000001,21167.0762745,12237.349224865375,0.7558302484728924,-882155.7857230001,0.3665838810279866,219.01000000000204,1334.3064285714297,15.369086882484169,-4168.293179345186,BTCUSDT
2026-06-11,63625.99,17380.94642,0.03438409949181431,0.03380617663638071,0.04502565672578718,-0.10899075605421726,-7782.909999999996,21472.5055285,12052.22246382076,0.8094512490370832,-864774.839303,0.39550724397471915,2115.0,1425.9642857142862,24.975530342875757,-3986.0831179035304,BTCUSDT
2026-06-12,63580.01,16397.0524,-0.0007226606611543396,-0.0007229219062385423,0.003915871294784434,-0.04764500381436243,-3180.8199999999997,21538.0137415,12019.202943489547,0.7613075465917146,-881171.8917030001,0.38621224465572285,45.979999999995925,1418.053571428572,25.114858143078422,-3801.5684188492087,BTCUSDT
2026-06-13,64458.01,9960.74163,0.013809371845018514,0.013714891287420702,0.02174841038398556,0.004914974802296523,315.26000000000204,21616.150745,11934.061712343406,0.46080089593675716,-871211.1500730001,0.3921111839552395,878.0,1450.5107142857144,26.790514670941008,-3543.6430173810077,BTCUSDT
2026-06-14,65746.45,13203.03375,0.019988826834709927,0.019791673152565584,0.0650647983152437,0.029121564837611524,1860.4599999999991,21892.686334,11654.760690157034,0.6030796563094813,-858008.1163230002,0.4031344860709474,1288.439999999995,1527.5428571428565,31.464303082447998,-3198.3997767163964,BTCUSDT
2026-06-15,66328.74,18559.80102,0.00885659986204601,0.008817610222801382,0.07832340204571575,0.08635071762255508,5272.270000000004,21973.002570499997,11624.427100433086,0.8446638533104978,-839448.3153030002,0.40535633733898163,582.2900000000081,1407.3142857142852,37.107763521195416,-2845.0105736120313,BTCUSDT
2026-06-16,65675.01,14302.05801,-0.009855908615179598,-0.009904799591063123,0.03220413544842282,0.07867980452206136,4790.389999999992,21844.2167295,11697.883595623165,0.654729724901762,-853750.3733130002,0.402665961709942,653.7300000000105,1122.0042857142867,46.54374887796454,-2587.8663196286943,BTCUSDT
2026-06-17,64509.4,19048.65409,-0.01774815108516914,-0.01790753821922,0.01461764475972882,0.018590756870025205,1177.3899999999994,21732.948421,11714.164986855714,0.8764873371527337,-872799.0274030002,0.4044716036965588,1165.6099999999933,1018.2564285714288,51.28598676028141,-2449.891803606093,BTCUSDT
2026-06-18,62958.01,16935.59661,-0.024049053316260838,-0.024342953377447053,-0.02327096353114222,-0.0020286596120627776,-127.97999999999593,21645.391181,11744.63695588524,0.7824112056180261,-889734.6240130002,0.4089547679238348,1551.3899999999994,1110.73,47.01618369386416,-2437.6307234903215,BTCUSDT
2026-06-19,63543.91,14247.424,0.009306202657930251,0.009263166748529431,-0.03350051599744164,0.02938457800097205,1813.9100000000035,21981.9919265,11410.062434828744,0.6481407166210571,-875487.2000130002,0.4106518542958005,585.9000000000015,950.471428571429,59.34664001322652,-2353.506735097726,BTCUSDT
2026-06-20,64298.01,9522.10324,0.011867384301658568,0.011797519098186807,-0.03061614015282066,0.045309301638617905,2787.020000000004,22108.774235,11247.60151260236,0.4306934042922077,-865965.0967730002,0.4160012646364515,754.0999999999985,992.0607142857147,62.28823840706753,-2200.6209124528323,BTCUSDT
2026-06-21,63311.99,8034.66333,-0.015335155784759191,-0.01545395539146637,-0.03598050460898283,-0.004935090204490344,-314.0,21314.452809500002,11666.053831668329,0.37695846108791,-873999.7601030002,0.4075732269173158,986.0200000000041,887.6771428571436,49.91945269676554,-2134.4171378740575,BTCUSDT
2026-06-22,64020.01,15423.10851,0.011183031839624658,0.011120964047776254,-0.007586336254871373,0.0069204141364558325,440.0,20442.698442,11406.577623547926,0.754455609358932,-858576.6515930002,0.3452815137936894,708.0200000000041,920.6771428571436,53.62318728141089,-2001.7440137696103,BTCUSDT
2026-06-23,62734.57,20222.99292,-0.02007872226199281,-0.02028303938282158,-0.0035490321247447776,-0.026737406258741214,-1723.4400000000023,19946.932763,11176.144781328283,1.013839729660696,-878799.6445130002,0.3238439534076548,1285.4400000000023,915.6378571428583,53.91830675415186,-1977.5281585451012,BTCUSDT
2026-06-24,61077.99,30678.28543,-0.02640617445851623,-0.02676107921319018,-0.038806551249364496,-0.0710070277558712,-4668.459999999999,19301.988248999998,10056.87120723027,1.5893847325075119,-909477.9299430002,0.3362083149628943,1656.5800000000017,1018.3214285714296,48.48139445165363,-2068.1685208786657,BTCUSDT
2026-06-25,59794.0,30386.00694,-0.021022139071701584,-0.021246250672292098,-0.07004897974291902,-0.0985204905143684,-6534.740000000005,18069.9241925,6231.800016018172,1.6815791043889297,-939863.9368830002,0.306227309354814,1283.989999999998,958.9635714285723,35.728677314571044,-2218.040730446228,BTCUSDT
2026-06-26,60097.27,27403.55723,0.005071913569923314,0.005059094742014055,-0.05077584830298343,-0.08492941226807571,-5577.739999999998,18450.3226155,6565.924898144859,1.485261683553351,-912460.3796530002,0.30684147154625846,303.2699999999968,977.3414285714296,37.27327341373609,-2285.9926811849655,BTCUSDT
2026-06-27,60029.0,9587.22916,-0.0011359917014532872,-0.0011366374290999936,-0.06234004024679163,-0.06945344399420861,-4480.4000000000015,17599.078852,6555.686362191161,0.5447574410356418,-922047.6088130001,0.2666183588482591,68.2699999999968,919.5035714285722,32.79735571601137,-2318.6262302687537,BTCUSDT
2026-06-28,59577.01,8907.13796,-0.0075295273950923836,-0.007558017387369744,-0.050332057747426995,-0.05370245978232158,-3381.0,16891.766438,6697.8315433399175,0.5273064834689138,-930954.7467730001,0.2671753854214836,451.98999999999796,859.7571428571438,24.372164897063996,-2353.8269170977146,BTCUSDT
2026-06-29,60260.21,20203.14178,0.01146751070589147,0.011402257194722534,-0.01338911120028674,-0.05167607721967382,-3283.7000000000044,16820.112547499997,6651.911817071571,1.201129999751567,-910751.6049930002,0.2620295311749104,683.1999999999971,866.9650000000001,25.000926878741993,-2300.0812795181555,BTCUSDT
2026-06-30,58624.71,19639.82787,-0.027140628949019585,-0.027515738535742358,-0.01955530655249693,-0.08823445702285349,-5673.300000000003,17002.168115,6678.023281798547,1.155136670638667,-930391.4328630002,0.2778858963980247,1635.5,937.091428571428,23.13000408559006,-2362.228358001201,BTCUSDT
2026-07-01,60024.0,25093.44662,0.023868604211432443,0.023588202184315163,-0.0012191901562249585,-0.05193313304478342,-3287.989999999998,17387.793125,6919.366741510882,1.4431645488075704,-905297.9862430003,0.26152239338940736,1399.2900000000009,953.7828571428571,33.20447301572085,-2272.3748342144027,BTCUSDT
2026-07-02,61560.0,21382.14163,0.02558976409436231,0.02526782672725091,0.02550433956920828,-0.038425642232795654,-2460.010000000002,17637.047586499997,6971.39185314065,1.2123424584036744,-883915.8446130003,0.28027418775195445,1536.0,952.6835714285714,44.75912778714562,-2053.550850230851,BTCUSDT
2026-07-03,62583.26,14048.98627,0.016622157244964297,0.01648552123379743,0.05045990055560012,-0.002411907820520587,-151.30999999999767,17841.4598185,6792.095276639495,0.7874347958586021,-869866.8583430003,0.2824764481248617,1023.260000000002,983.9235714285714,46.513049431104186,-1777.0776906969477,BTCUSDT
2026-07-04,63144.01,9139.8274,0.008960063761459525,0.008920160569787209,0.047855790744838034,0.03382593304069115,2066.020000000004,17638.299500999998,6995.850404473385,0.5181807577018307,-860727.0309430003,0.2740263043594467,560.75,970.1128571428573,45.751598856686776,-1495.4838740741252,BTCUSDT
2026-07-05,63650.0,9172.07758,0.008013269983962124,0.0079813342291525,0.08571965643838575,0.06448807572666149,3856.0,17168.913329,7241.393496858124,0.5342258653322834,-851554.9533630003,0.2736042706524542,505.98999999999796,935.8249999999997,51.289961874740015,-1217.4555120582445,BTCUSDT
2026-07-06,64042.02,21435.28437,0.006158994501178183,0.006140105413393971,0.06694022391043575,0.06563942089216357,3944.75,17525.574646999998,7268.376826958571,1.2230859644690317,-830119.6689930003,0.27334698753231845,392.0199999999968,913.2535714285706,50.08607373167363,-954.4806356975605,BTCUSDT
2026-07-07,63363.99,16834.20823,-0.010587267547151002,-0.010643711408537317,0.029304580896686083,0.055556314448016675,3334.989999999998,17414.852354,7260.816831981824,0.9666581081368381,-846953.8772230003,0.2687108700574818,678.0299999999988,869.8671428571417,52.58422057884045,-791.6567794526054,BTCUSDT
2026-07-08,62290.0,18620.09796,-0.016949532376354437,-0.017094819742218065,-0.0046859176079994125,0.045537532011089565,2712.989999999998,17499.077421500002,7264.733899378989,1.0640616937395038,-865573.9751830003,0.2616380953813209,1073.989999999998,828.2535714285701,55.226185907524886,-740.740917386589,BTCUSDT
2026-07-09,63230.0,16742.80672,0.015090704768020657,0.014977972804467787,0.0013618077154111674,0.0492827688453128,2969.790000000001,17623.8465575,7227.280782239974,0.9500086525024206,-848831.1684630003,0.2652659313446043,940.0,803.6828571428559,65.26899381063606,-617.4223255412799,BTCUSDT
2026-07-10,64161.72,17589.00122,0.014735410406452543,0.01462789910845953,0.008039591516103783,0.09444839897715496,5537.010000000002,18027.191456499997,6971.926373774334,0.9756928172889625,-831242.1672430004,0.26717264636715876,931.7200000000012,848.572142857142,67.10625664456515,-439.44380115489184,BTCUSDT
2026-07-11,63819.0,9151.97432,-0.005341502690389244,-0.00535581952090246,-0.0034824010860369237,0.06322471011595354,3795.0,18083.057006,6891.657166588353,0.5061076961137353,-840394.1415630004,0.2618524689899548,342.72000000000116,868.1757142857138,65.59098470849383,-322.333517933017,BTCUSDT
2026-07-12,63780.0,13914.83703,-0.0006111032764537505,-0.000611290076167485,0.006565400947762257,0.03606237816764124,2220.0,18007.643432,6930.439414784862,0.7727183783122344,-854308.9785930004,0.25881667634560707,39.0,838.6764285714281,67.8980570575916,-230.0182417001197,BTCUSDT
2026-07-13,62334.52,21682.50204,-0.022663530887425565,-0.02292429614348922,0.0007147214641194388,-0.003974545269773477,-248.74000000000524,18080.618888,6962.603578552271,1.1992123817393523,-875991.4806330005,0.26161568238311933,1445.4800000000032,893.125,58.29475157452764,-270.37911369200447,BTCUSDT
2026-07-14,65043.98,20552.41384,0.043466445237727136,0.0425482910408419,0.028688597184880704,0.030089473253282373,1899.9700000000012,17574.3253085,6338.524763853748,1.1694567773853384,-855439.0667930004,0.2852514529990135,2709.4600000000064,969.836428571429,73.63900098028313,-82.78037677748216,BTCUSDT
2026-07-15,64756.28,18401.89741,-0.004423161067327097,-0.004432972185701085,0.009266584499293407,0.01738067556952072,1106.2799999999988,16975.119832,5585.346301060678,1.0840511049182915,-873840.9642030004,0.27226704699534654,287.70000000000437,890.4371428571436,68.98056492316773,42.19162937238434,BTCUSDT
2026-07-16,63830.2,18764.52679,-0.01430100679038393,-0.014404251707617149,0.0001754963255455877,-0.0033075159090859563,-211.8199999999997,16543.16831,5044.245293833378,1.1342764843090687,-892605.4909930005,0.2799568139509892,926.0800000000017,846.8714285714294,59.573893827701944,65.74802587872546,BTCUSDT
2026-07-17,63931.67,18189.89389,0.0015896863866946553,0.0015884241727964104,0.0023780181875194817,0.008959031778144055,567.6800000000003,16973.3015465,4779.727611471113,1.071676823755651,-874415.5971030005,0.27956840541515016,101.47000000000116,781.0292857142865,56.16590195538668,91.54909976969066,BTCUSDT
2026-07-18,63985.99,2072.84981,0.0008496571417577758,0.0008492963874590214,0.026493666751584932,0.027227323807994752,1695.989999999998,16631.587139000003,5566.323633096736,0.12463331326565344,-872342.7472930005,0.27683191807514734,54.31999999999971,744.8557142857151,54.037119365399604,115.05354113988142,BTCUSDT
2025-07-29,0.22392,1192564427.0,-0.009860711916869214,-0.009909650716653963,-0.035575846326126204,-0.07252619806983385,-0.017509999999999998,1928067565.1,910153190.5134078,0.6185283382110871,8687942962.0,0.8426714901003718,0.002229999999999982,0.010289285714285713,58.583825060742804,0.014195993539623558,DOGEUSDT
2025-07-30,0.21999,1217881143.0,-0.017550911039657113,-0.017706754433380337,-0.07071347104296033,-0.19638356164383564,-0.05376,1931654516.8,907045457.7078675,0.6304860068960754,7470061819.0,0.8083228519889668,0.003930000000000017,0.009605,52.710641778835424,0.012149435847630341,DOGEUSDT
2025-07-31,0.20974,843884315.0,-0.04659302695577061,-0.04771342236755866,-0.10911948349827971,-0.22724928155625967,-0.061679999999999985,1850837156.7,929207903.6960782,0.45594735979075884,6626177504.0,0.8250355037060212,0.010249999999999981,0.00994,46.93877551020408,0.009589888529429047,DOGEUSDT
2025-08-01,0.20097,1936437804.0,-0.041813674072661344,-0.04271302521797313,-0.16509492750612764,-0.2582216808769793,-0.06996,1900642653.9,904195128.5084027,1.0188331825693537,4689739700.0,0.8374747683430218,0.00877,0.009313571428571426,36.6439144106143,0.006775657570388949,DOGEUSDT
2025-08-02,0.19098,1340154059.0,-0.049708911777877285,-0.05098693266622942,-0.15551625027636518,-0.20699248432504247,-0.04984999999999998,1926610061.55,878647936.0701008,0.6956021281866538,3349585641.0,0.8572611087760794,0.009989999999999999,0.009624999999999998,31.28014842300557,0.0036966372170624817,DOGEUSDT
2025-08-03,0.19876,743628957.0,0.04073724997381922,0.039929356212063345,-0.11236155769917833,-0.1439400465156344,-0.033420000000000005,1882651387.05,915852195.6549122,0.39499025794957254,4093214598.0,0.8693804566347051,0.007779999999999981,0.007872142857142855,15.978586335178278,0.0018627991941763677,DOGEUSDT
2025-08-04,0.21039,1016575695.0,0.05851277923123366,0.05686488448280895,-0.04363834719759985,-0.11126599923964009,-0.026340000000000002,1867787446.25,927902505.2253485,0.5442673346161537,5109790293.0,0.8923605578837995,0.011630000000000001,0.00853642857142857,24.466571834992877,0.0013325523193319366,DOGEUSDT
2025-08-05,0.19981,844023791.0,-0.05028756119587441,-0.051596036204887626,-0.0473443310765711,-0.15129762562120386,-0.03562000000000001,1820710329.2,955759953.9844041,0.46356840924325105,4265766502.0,0.8791028196081415,0.010580000000000006,0.009257142857142856,22.56172839506172,5.7942348222123075e-05,DOGEUSDT
2025-08-06,0.20524,624926690.0,0.027175817026174887,0.02681311106172284,0.021246952281434917,-0.1473557392713224,-0.03547,1745302767.35,988743585.8093888,0.358062051863279,4890693192.0,0.8795451156382815,0.005430000000000018,0.007495,33.041075002382556,-0.000508181616017428,DOGEUSDT
2025-08-07,0.22228,1122885382.0,0.08302475151042676,0.0797578223379564,0.16389150696408006,-0.017112535927481742,-0.0038699999999999846,1590787283.45,807663101.640275,0.7058677132273501,6013578574.0,0.88288067684756,0.01704,0.008094285714285715,45.63183903988705,0.0004133814503592126,DOGEUSDT
2025-08-08,0.23039,1206447226.0,0.03648551376642084,0.03583567669031019,0.15913664721271892,0.02889424794569484,0.0064700000000000035,1534481142.95,792336386.1621194,0.7862248627445735,7220025800.0,0.8888013797180996,0.008110000000000006,0.00834857142857143,47.28781656399726,0.0017776444630433486,DOGEUSDT
2025-08-09,0.23995,1460081482.0,0.04149485654759322,0.04065704320222395,0.14050097438091158,0.09073139688167653,0.019960000000000006,1437886958.85,660813761.5230657,1.015435513211519,8680107282.0,0.7532189137048066,0.009559999999999985,0.00893857142857143,51.80597730541793,0.0035888745218352336,DOGEUSDT
2025-08-10,0.23385,1100909731.0,-0.02542196290893939,-0.025750684132359338,0.17036184375156416,0.11495184514160384,0.024109999999999993,1336971908.75,532118348.1727964,0.8234351999432015,7579197551.0,0.7565051945666068,0.006099999999999994,0.008997142857142856,47.27691330581136,0.004480420869642759,DOGEUSDT
2025-08-11,0.22207,1438550271.0,-0.05037417147744283,-0.05168723668572705,0.08200155915026297,0.10499079464596694,0.02109999999999998,1299284883.0,493653955.96086025,1.1071861835861905,6140647280.0,0.7721362587490878,0.011780000000000013,0.008798571428571428,48.343886994641984,0.0041881518159917475,DOGEUSDT
2025-08-12,0.23582,1379181817.0,0.06191741342819834,0.06007615466235911,0.06091416231779734,0.23478898313959573,0.04483999999999999,1255429014.75,440229051.8913059,1.0985741135468687,7519829097.0,0.7097021829693193,0.013750000000000012,0.009621428571428572,54.41722345953971,0.005008303961239635,DOGEUSDT
2025-08-13,0.24482,2104113623.0,0.03816470189127297,0.03745444449883909,0.0626329267763357,0.23173676796136045,0.04606000000000002,1246133891.55,418669440.788994,1.6885132787639734,9623942720.0,0.70884098371683,0.009000000000000008,0.009983571428571428,58.8824497388567,0.006311747334738771,DOGEUSDT
2025-08-14,0.22382,3238378909.0,-0.085777305775672,-0.08968108925748539,-0.06722233798708066,0.0638338324064831,0.013429999999999997,1310155930.65,594306159.9129988,2.4717507536628576,6385563811.0,0.7730722340278875,0.02100000000000002,0.010751428571428575,54.67711931969173,0.005585821233238225,DOGEUSDT
2025-08-15,0.22886,1696292315.0,0.022518094897685748,0.022268305499687686,-0.021338464827881043,0.14538811871277724,0.02905000000000002,1358277359.9,584063424.3780369,1.2488556204197392,8081856126.0,0.7776165670357781,0.005040000000000017,0.010485000000000005,59.499965937734174,0.005355470911740795,DOGEUSDT
2025-08-16,0.23115,1061437464.0,0.010006117276937898,0.009956387544665792,0.04088800828567574,0.126242447865913,0.02590999999999999,1359433361.35,583419341.5454245,0.780794038293961,9143293590.0,0.7740496733229323,0.0022899999999999865,0.009935000000000003,64.44029045941475,0.0052966440682685745,DOGEUSDT
2025-08-17,0.23456,1209978791.0,0.014752325329872251,0.014644568264052098,-0.005343058264778322,0.05524563613460498,0.012279999999999985,1338916694.6,580972175.2626649,0.9036998312740286,10353272381.0,0.7426564316125221,0.0034099999999999964,0.009622857142857147,63.28681710213776,0.005462216836849942,DOGEUSDT
2025-08-18,0.22262,1827107692.0,-0.05090381991814452,-0.052245136633206825,-0.0906788661057103,-0.03372542211033469,-0.007769999999999999,1370643857.85,589818165.8297269,1.3330287671270142,8526164689.0,0.765913849680988,0.011939999999999978,0.009645000000000003,54.52862326890322,0.00457721297363764,DOGEUSDT
2025-08-19,0.20943,1798094261.0,-0.05924894438954276,-0.06107672741466005,-0.06429273523366985,-0.12719316524275892,-0.03051999999999999,1399654513.75,596144142.8971914,1.284670069174776,6728070428.0,0.7930004044934168,0.013190000000000007,0.009831428571428574,53.494623655913976,0.0027794781751250275,DOGEUSDT
2025-08-20,0.22169,2102107149.0,0.058539846249343386,0.05689045495544192,-0.03132919688892777,-0.05199914475090872,-0.012160000000000004,1462565655.45,600778963.6031321,1.4372736985631094,8830177577.0,0.801069124318101,0.012259999999999993,0.010319285714285715,55.693223506610366,0.0023173272284256474,DOGEUSDT
2025-08-21,0.21473,983634414.0,-0.03139519148360326,-0.03189858462682092,-0.07103612372918011,-0.03305264105912542,-0.007339999999999985,1414925485.95,598999187.4574354,0.6951846042546719,7846543163.0,0.7939905645370973,0.006959999999999994,0.009599285714285715,47.19101123595505,0.0013736211906591744,DOGEUSDT
2025-08-22,0.24054,2470614941.0,0.12019745727192288,0.11350497090342974,0.02549454297407916,0.020015265880756417,0.004720000000000002,1471448530.05,643272589.9176435,1.6790359231362637,10317158104.0,0.865906060262016,0.02581,0.010863571428571429,53.33684002893024,0.0026775139395241176,DOGEUSDT
2025-08-23,0.23631,1383693143.0,-0.017585432776253462,-0.017741893499127977,0.06149492408588619,-0.03476023200718903,-0.008510000000000018,1503451739.35,620682495.4405272,0.92034423638914,8933464961.0,0.8658809774997243,0.0042300000000000115,0.010482857142857144,48.75988007631507,0.003331133455705765,DOGEUSDT
2025-08-24,0.23182,1758616432.0,-0.01900046549024581,-0.019183293922743642,0.10690922981425777,0.03574300777410433,0.008000000000000007,1540553776.2,612166900.0931815,1.1415482271173183,7174848529.0,0.8519917541726809,0.004489999999999994,0.010367857142857146,49.30072338959697,0.0034470902452417296,DOGEUSDT
2025-08-25,0.20965,2157373271.0,-0.09563454404279181,-0.10052173484382727,-0.05431007262393428,-0.08393777855457485,-0.019210000000000005,1606221250.2,603903350.7491955,1.3431358044424906,5017475258.0,0.905408824358823,0.022169999999999995,0.01111,46.00745788864601,0.0017301094935079087,DOGEUSDT
2025-08-26,0.21839,1261490195.0,0.041688528499880695,0.04084298165990904,0.01704466073673916,-0.05520224962145792,-0.012759999999999994,1638049425.45,564983731.2805568,0.7701172964628019,6278965453.0,0.9117902172336104,0.008739999999999998,0.010752142857142858,44.21045638743107,0.001062388283534027,DOGEUSDT
2025-08-27,0.21892,1293545133.0,0.0024268510462932547,0.0024239109990365736,-0.08988110085640644,-0.06667803547066842,-0.015639999999999987,1646582413.0,558039740.8006587,0.7855939203451215,7572510586.0,0.863537279886335,0.0005300000000000027,0.010147142857142856,40.8841334647332,0.0005694170986993985,DOGEUSDT
2025-08-28,0.22437,958072860.0,0.024894938790425813,0.02459010859596858,-0.05052685032372717,0.007860928937202472,0.0017500000000000016,1634163694.7,570964125.7233195,0.5862771661781919,8530583446.0,0.8581195784328965,0.00545000000000001,0.00903642857142857,50.21737412062289,0.0006114548644420847,DOGEUSDT
2025-08-29,0.21391,1424776798.0,-0.046619423274056326,-0.04774110905797216,-0.0772582175826072,0.02139139569307158,0.004479999999999984,1632398460.5,571584895.3426001,0.8728118976316567,7105806648.0,0.8586946403428815,0.010460000000000025,0.009423571428571429,44.33411657697263,-0.00019699366512637706,DOGEUSDT
2025-08-30,0.21595,538763691.0,0.009536721050909414,0.009491533592996454,0.030050083472454192,-0.02589201136722452,-0.005739999999999995,1604291158.5,611522383.7213166,0.33582662856768464,7644570339.0,0.85627552954103,0.002040000000000014,0.009405714285714286,44.22843256379102,-0.0006654135254421101,DOGEUSDT
2025-08-31,0.21371,490963065.0,-0.010372771474878362,-0.01042694360461026,-0.02142955263519386,-0.00475015135286172,-0.0010199999999999931,1556911798.2,659839143.7308648,0.3153441740037037,7153607274.0,0.8382547390670921,0.002239999999999992,0.009322142857142859,42.01210635200369,-0.001203515541069039,DOGEUSDT
2025-09-01,0.21073,1522561758.0,-0.013944129895653079,-0.014042262592978404,-0.03741092636579568,-0.12392949197638647,-0.029810000000000003,1564080795.25,658584219.3300344,0.9734546723058742,5631045516.0,0.8058466085147027,0.0029800000000000104,0.00868214285714286,45.1090086384204,-0.001849110960251782,DOGEUSDT
2025-09-02,0.21489,1031360496.0,0.019740900678593354,0.01954857608534797,-0.042251637919508034,-0.0906436460581439,-0.021419999999999995,1510443138.9,655966374.4459453,0.6828198092588257,6662406012.0,0.7955310016967151,0.004159999999999997,0.008037142857142859,52.42623533594027,-0.0020019949956769922,DOGEUSDT
2025-09-03,0.2203,824904593.0,0.025175671273674816,0.02486398451382781,0.029872376232995324,-0.049693727892330286,-0.011520000000000002,1389769423.1,531556996.1168907,0.593555002210352,7487310605.0,0.742395113487203,0.005409999999999998,0.007547857142857146,49.34229204126053,-0.0016673942257602048,DOGEUSDT
2025-09-04,0.21241,689472854.0,-0.03581479800272358,-0.03647188456950384,-0.016392683491548987,0.013164798473646488,0.0027599999999999847,1339428450.05,548408160.1554922,0.5147515374742581,6797837751.0,0.7480311403918484,0.007890000000000008,0.007614285714285718,48.91181988742964,-0.002015642691201358,DOGEUSDT
2025-09-05,0.21788,1176623712.0,0.025752083235252687,0.02542608327668021,0.019512423377473942,-0.002335271761527591,-0.0005100000000000104,1345187762.45,545934336.3830283,0.8746910616083861,7974461463.0,0.7536395095638934,0.005470000000000003,0.0061614285714285755,36.86529098075586,-0.0018291633670746155,DOGEUSDT
2025-09-06,0.21595,482954635.0,-0.008858087020378158,-0.00889755310876356,0.02477103402458125,-0.013566599671112733,-0.0029700000000000004,1308836554.65,578636236.3868502,0.36899537477324534,7491506828.0,0.7513806711211957,0.0019299999999999873,0.00599714285714286,37.87517865650311,-0.0018161762798861447,DOGEUSDT
2025-09-07,0.22877,882527071.0,0.05936559388747398,0.05767023262098188,0.06459118618828241,0.019610464857155563,0.004399999999999987,1261607523.6,572625585.5682513,0.6995258465815953,8374033899.0,0.76017652116794,0.012819999999999998,0.00659214285714286,48.34759995665836,-0.0007626259833152793,DOGEUSDT
2025-09-08,0.24164,1683689246.0,0.05625737640424888,0.05473188324284859,0.09686790739900131,0.12963395820672252,0.027730000000000005,1255887272.85,567533059.5195808,1.3406372390247925,10057723145.0,0.7462940074507983,0.012869999999999993,0.005927857142857145,69.27340643451016,0.0010981627217851453,DOGEUSDT
2025-09-09,0.24063,1932725888.0,-0.004179771560999801,-0.004188531223597594,0.13285626853726296,0.11428571428571432,0.024680000000000007,1247418209.8,555374204.3785678,1.5493808514386496,8124997257.0,0.723047565150982,0.0010099999999999831,0.0053757142857142875,64.77544512357161,0.0024629611349346325,DOGEUSDT
2025-09-10,0.24536,1344178632.0,0.01965673440551874,0.019466035759053115,0.12612447218652467,0.14809788966356274,0.031649999999999984,1265445420.7,552203753.0427,1.0622177851467094,9469175889.0,0.7115051660820951,0.004729999999999984,0.005675714285714286,66.63730178706267,0.0038815016451237416,DOGEUSDT
2025-09-11,0.25603,1760794865.0,0.043487120965112425,0.04256810530764764,0.18559851817550355,0.21496701940872187,0.04529999999999998,1229954416.9,489972930.7726025,1.4315935946942977,11229970754.0,0.5927355445489828,0.010669999999999985,0.006048571428571427,68.69390647142181,0.005799828236922905,DOGEUSDT
2025-09-12,0.2755,2082678041.0,0.07604577588563854,0.07329300347932552,0.20426629365738513,0.28205128205128216,0.060610000000000025,1264903661.8,525180118.16106623,1.6465111959880643,13312648795.0,0.6392852887477802,0.019470000000000043,0.006692142857142857,82.86903618315723,0.008789858150874685,DOGEUSDT
2025-09-13,0.28938,4015592199.0,0.050381125226860224,0.049153074715966305,0.197566628041715,0.31357240127099417,0.06908000000000003,1377752450.15,804863738.7881716,2.9145963039752245,17328240994.0,0.647119105205746,0.013880000000000003,0.007537857142857142,84.79105467639535,0.01213954132390388,DOGEUSDT
2025-09-14,0.27796,2428234193.0,-0.039463680973115034,-0.040263484862809014,0.15513443876490873,0.3086012899580999,0.06555,1391295496.25,820793650.2046894,1.74530442996825,14900006801.0,0.5460930828704894,0.011420000000000041,0.00819357142857143,78.00540493418183,0.013714597470021878,DOGEUSDT
2025-09-15,0.26831,2516149434.0,-0.034717225500071947,-0.035334189998349565,0.09353602869253352,0.23145768312832748,0.05043,1454028458.2,857477346.1131905,1.7304678046775246,12383857367.0,0.5631982761038873,0.009649999999999992,0.00867,73.71889932443565,0.01402252353925934,DOGEUSDT
2025-09-16,0.26995,1849895166.0,0.0061123327494316815,0.006093728216519015,0.05436862867632719,0.2500578837693912,0.05400000000000002,1481845959.85,861014085.9403213,1.2483721089250437,14233752533.0,0.5626112477186768,0.0016400000000000303,0.008490000000000003,73.16170284368164,0.014234801530379787,DOGEUSDT
2025-09-17,0.28256,2009871469.0,0.04671235413965524,0.04565416075129897,0.025626134301270254,0.23512698343314242,0.05378999999999998,1534435890.3,859458781.0470033,1.3098438857598977,16243624002.0,0.5748912971246792,0.012609999999999955,0.009004285714285715,74.69458987783594,0.015244822161253252,DOGEUSDT
2025-09-18,0.27857,1751271695.0,-0.01412089467723665,-0.014221543131393462,-0.037355726034971504,0.1528306571759641,0.03692999999999999,1550760635.15,860366544.7092791,1.1292985231280424,14492352307.0,0.5413782095974813,0.0039899999999999936,0.008725714285714285,77.079240340537,0.015544128100983212,DOGEUSDT
2025-09-19,0.26527,1436428172.0,-0.047743834583767075,-0.04892119906708466,-0.04565405094258157,0.10239787225200514,0.024639999999999995,1595643859.2,827584476.6860662,0.900218531671707,13055924135.0,0.5839235540784133,0.013299999999999979,0.009284999999999998,68.22832525578892,0.014540517334663577,DOGEUSDT
2025-09-20,0.26759,710812856.0,0.008745806159761615,0.008707783130937213,-0.002683463158287047,0.09060156504727757,0.02223,1606636348.75,813479039.4738511,0.44242298921783313,13766736991.0,0.5785728628406308,0.0023199999999999887,0.00931285714285714,69.80365086669735,0.013773579927038038,DOGEUSDT
2025-09-21,0.26074,710044749.0,-0.025598863933629645,-0.02593221611342147,-0.034117429153546985,0.018396281685740146,0.0047100000000000475,1566010498.3,837823419.7528064,0.4534099546400212,13056692242.0,0.5869046566845421,0.006849999999999967,0.008886428571428568,62.84864560726631,0.012469300420470564,DOGEUSDT
2025-09-22,0.24122,2981639624.0,-0.07486384904502585,-0.07781436207953601,-0.14630520951302373,-0.12442831215970973,-0.03428000000000003,1663524454.7,884515607.3644456,1.7923629650143669,10075052618.0,0.6604261158641728,0.019520000000000037,0.009361428571428571,49.83976804517015,0.00974817772534825,DOGEUSDT
2025-09-23,0.23709,1428526604.0,-0.017121300058038247,-0.017269564270103163,-0.14890332770937287,-0.18069666182873734,-0.05229000000000003,1693705555.25,864465520.1349709,0.8434326731538303,8646526014.0,0.6617261240569884,0.004129999999999995,0.009584285714285714,48.680876434640034,0.007175694955946471,DOGEUSDT
2025-09-24,0.24107,1685738370.0,0.016786874182799894,0.016647531862893753,-0.09122780563199762,-0.13271693768887605,-0.03688999999999998,1743518831.05,831633300.4966693,0.966859858338781,10332264384.0,0.6453604377149369,0.003980000000000011,0.009530714285714286,48.3924154987634,0.005395935578712041,DOGEUSDT
2025-09-25,0.22292,2241106701.0,-0.07528933504791135,-0.07827438504655164,-0.16693448933069244,-0.16916998993701315,-0.045389999999999986,1796742980.5,827495663.6563063,1.247316241289192,8091157683.0,0.7037193711248034,0.01815,0.010065000000000003,38.2513661202186,0.00249218181502453,DOGEUSDT
2025-09-26,0.23244,1426204065.0,0.04270590346312586,0.04181916450556929,-0.10853724016261412,-0.13895165771439155,-0.037510000000000016,1843905452.0,773815076.8755497,0.7734691946667123,9517361748.0,0.7167716860825277,0.00952,0.009354285714285714,33.55986560781918,0.0009481903270639469,DOGEUSDT
2025-09-27,0.23077,566664585.0,-0.007184649802099541,-0.007210583690417096,-0.04332144929939474,-0.1832885050962627,-0.051789999999999975,1828112327.7,797334806.3912334,0.30997251996705083,8950697163.0,0.6877419328384567,0.0016700000000000048,0.008482142857142856,25.32210526315788,-0.0004055145746380828,DOGEUSDT
2025-09-28,0.23735,630215145.0,0.02851323828920571,0.028114301480839255,0.001096629971740759,-0.1479699895896901,-0.04121999999999998,1775438622.65,840980703.3863237,0.35496307051118886,9580912308.0,0.6650294423923538,0.0065800000000000025,0.008136428571428569,32.17452374681767,-0.0009365880494799916,DOGEUSDT
2025-09-29,0.23478,968604652.0,-0.010827891299768355,-0.010886939546951028,-0.02609200647114951,-0.11493949560824823,-0.030490000000000017,1727232560.85,858931025.0588171,0.5607841549277728,8612307656.0,0.6659940938262788,0.0025700000000000167,0.007630714285714284,34.306842647196476,-0.0015470121331939424,DOGEUSDT
2025-09-30,0.23293,761018697.0,-0.007879717182042723,-0.00791092620711303,0.04490400143549245,-0.12952651444373853,-0.034659999999999996,1698074564.1,882201873.101207,0.448165653669837,7851288959.0,0.6621629608048685,0.0018499999999999905,0.007645714285714282,32.707399103139,-0.002155213200112971,DOGEUSDT
2025-10-01,0.24906,1175210733.0,0.06924827201305117,0.0669558520497394,0.07150232318017546,-0.04479558180563026,-0.011680000000000024,1668795357.5,889696283.6037264,0.7042269908759619,9026499692.0,0.6911912072665108,0.016130000000000005,0.007897142857142856,34.84985528219973,-0.0013204395266151747,DOGEUSDT
2025-10-02,0.262,1386592793.0,0.051955352123986165,0.05065067246809444,0.13532954890150362,0.08614542741066256,0.02078000000000002,1633991095.1,886261893.7570975,0.8485926252340689,10413092485.0,0.6604215982760957,0.012940000000000007,0.008536428571428572,43.067525730064446,0.00038088388739723755,DOGEUSDT
2025-10-03,0.25819,1381551315.0,-0.014541984732824531,-0.014648755765492613,0.0878028228354748,0.08899574001434041,0.02109999999999998,1502289050.9,687043099.7643564,0.9196308221592457,9031541170.0,0.6321418798690364,0.0038100000000000356,0.007858571428571434,46.78240319941827,0.001405557401083335,DOGEUSDT
2025-10-04,0.25084,885524209.0,-0.02846740772299461,-0.02888046232078418,0.068404463753301,0.04052764757124483,0.009770000000000001,1425153551.7,663823175.4502088,0.6213535432330776,8146016961.0,0.6253426103244427,0.007349999999999968,0.008217857142857147,42.720556279878316,0.0016060217505401708,DOGEUSDT
2025-10-05,0.25284,1454155392.0,0.007973210014351695,0.007941591929277816,0.08547632335894906,0.13421855374125258,0.029920000000000002,1372053849.6,612447225.7098538,1.0598384257468725,9600172353.0,0.6161661716787414,0.0020000000000000018,0.007871428571428576,46.41560798548094,0.0019043226311626082,DOGEUSDT
2025-10-06,0.26603,1517510251.0,0.05216737857933862,0.0508522067730817,0.06813619208222921,0.1445104112889346,0.03358999999999998,1355434603.85,603238703.5510732,1.119574671245398,11117682604.0,0.6454419224313159,0.01318999999999998,0.007419285714285716,61.94281313179936,0.0031685261971071133,DOGEUSDT
2025-10-07,0.24682,1838407762.0,-0.07220990113896919,-0.07494975835214218,-0.057938931297709884,0.06954976816743952,0.01605000000000001,1346861418.5,594605008.5057672,1.3649568817907305,9279274842.0,0.6690424376696907,0.019209999999999977,0.008496428571428571,54.08995376208492,0.002590468863335915,DOGEUSDT
2025-10-08,0.25564,1276623512.0,0.03573454339194537,0.03511087875704338,-0.0098764475773655,0.07705919528123006,0.018289999999999973,1323129009.35,587038434.7478167,0.9648518798836961,10555898354.0,0.684140064287013,0.008819999999999967,0.008842142857142854,55.88496647548267,0.002811643671767755,DOGEUSDT
2025-10-09,0.24849,1415402413.0,-0.02796901893287429,-0.028367601503798513,-0.009368521766863425,0.0583950932788142,0.01371,1322077721.4,586843650.3958701,1.0705894139878362,9140495941.0,0.6706052570501445,0.00714999999999999,0.008056428571428567,61.335224753967545,0.002382516884393615,DOGEUSDT
2025-10-10,0.19349,6030550997.0,-0.22133687472332886,-0.25017677173044506,-0.23473342825502297,-0.16932125531275488,-0.03944,1588064628.45,1190409462.6621335,3.7974216470560163,3109944944.0,1.0240446675777077,0.05499999999999999,0.011304999999999996,37.695078031212475,-0.0023683091385849064,DOGEUSDT
2025-10-11,0.18527,4960779079.0,-0.042482815649387606,-0.04341161098591606,-0.3035747847987069,-0.25612302256484387,-0.06379000000000001,1800601344.95,1388396762.3835015,2.755067962663192,-1850834135.0,1.0283454094625182,0.008220000000000005,0.011772857142857139,36.197063463171936,-0.006719203496889037,DOGEUSDT
2025-10-12,0.20717,3290490159.0,0.11820586171533431,0.11172549169587606,-0.16064338384247634,-0.2092748091603054,-0.05483000000000002,1816043871.7,1403855849.0840828,1.8119001475001646,1439656024.0,1.1042305332267424,0.021900000000000003,0.012867142857142853,41.623181969579214,-0.008304443196450517,DOGEUSDT
2025-10-13,0.2138,2645862967.0,0.03200270309407727,0.031501286333147346,-0.16366765764356117,-0.17192765018009992,-0.044389999999999985,1876910689.85,1412533154.9396033,1.409690392466918,4085518991.0,1.1108859536571538,0.006629999999999997,0.013157142857142852,44.30510314875135,-0.008922913693868217,DOGEUSDT
2025-10-14,0.20437,2781575747.0,-0.044106641721234796,-0.04510892207050017,-0.17755241659624132,-0.18525753468346362,-0.04647000000000001,1931702558.7,1425917569.666317,1.4399606888091243,1303943244.0,1.1177660889650107,0.009429999999999994,0.013698571428571423,42.553968088434665,-0.010058035437498974,DOGEUSDT
2025-10-15,0.19621,1356303348.0,-0.039927582326173106,-0.04074656228843445,0.014057574034833875,-0.22397563676633447,-0.056630000000000014,1887462391.05,1429534095.5030107,0.7185856282124303,-52360104.0,1.0953861894629218,0.00816,0.013129285714285708,35.62374190740438,-0.01148369451940337,DOGEUSDT
2025-10-16,0.1885,1903922965.0,-0.03929463330105498,-0.04008750734394475,0.01743401522102883,-0.29143329699657927,-0.07752999999999999,1911348336.05,1425406457.5204701,0.9961151136556587,-1956283069.0,1.0877371004299832,0.007709999999999995,0.012755714285714278,29.420987792585947,-0.013084838306999108,DOGEUSDT
2025-10-17,0.1847,1800990961.0,-0.020159151193633984,-0.02036511968287121,-0.10846164985277784,-0.25168138724576616,-0.06212000000000001,1973064654.85,1390412927.93952,0.9127886187474776,-3757274030.0,1.0885793788878688,0.003799999999999998,0.01275499999999999,29.42263538108304,-0.01449331462711545,DOGEUSDT
2025-10-18,0.18962,586500546.0,0.026637791012452672,0.026289182284618833,-0.1130963517305893,-0.2582537943983726,-0.06601999999999997,1970878924.9,1392667523.0798125,0.2975832450132665,-3170773484.0,1.0877497674197774,0.004920000000000008,0.012581428571428565,32.62177813103213,-0.015039177104390483,DOGEUSDT
2025-10-19,0.19535,1044321198.0,0.030218331399641363,0.0297707520112665,-0.04413563634584328,-0.2138516640508672,-0.05313999999999999,1974664752.2,1389899705.211209,0.5288599985574807,-2126452286.0,1.0964400048373977,0.005729999999999985,0.012847857142857135,34.01901373213987,-0.014838366485681292,DOGEUSDT
2025-10-20,0.2,1140819006.0,0.023803429741489746,0.023524545046957196,0.019316038937872815,0.03364514962013554,0.006510000000000016,1993654767.65,1374959371.414975,0.5722249531420771,-985633280.0,1.1017473039564756,0.004650000000000015,0.012237857142857137,30.73016984766241,-0.014140997864348664,DOGEUSDT
2025-10-21,0.19427,1456441398.0,-0.028650000000000064,-0.029068422497347427,0.030610079575596805,0.04857775138986353,0.009000000000000008,2007716300.9,1367566898.5873592,0.7254219121233015,-2442074678.0,1.0683920376828233,0.005730000000000013,0.011274999999999997,33.35445042762116,-0.013890569481659565,DOGEUSDT
2025-10-22,0.18993,1335843365.0,-0.022340042209296418,-0.022593360826544544,0.028316188413643584,-0.08321668195202014,-0.017240000000000005,2005178829.5,1368826529.2199793,0.6661966231376472,-3777918043.0,1.0434876372692978,0.0043400000000000105,0.010955000000000001,28.57794875138555,-0.013882278646428381,DOGEUSDT
2025-10-23,0.19493,940124512.0,0.02632548833780879,0.025984936533908903,0.028003375171395284,-0.08826005612722165,-0.018869999999999998,1983107489.35,1382897831.140626,0.47406634136011616,-2837793531.0,1.0531086558703646,0.0050000000000000044,0.010801428571428573,32.29070228805713,-0.013318719973282295,DOGEUSDT
2025-10-24,0.19775,762978840.0,0.01446673164725798,0.01436308688970961,0.012285641156897897,-0.03239222977932177,-0.006619999999999987,1976980220.9,1388277914.9075894,0.3859314483443146,-2074814691.0,1.0550643054262985,0.002820000000000017,0.007074285714285718,52.150646203554125,-0.012500447850751495,DOGEUSDT
2025-10-25,0.19652,680294016.0,-0.006219974715550025,-0.006239399347315852,-0.017400000000000082,0.0015799398603537629,0.0003100000000000047,1938287152.1,1414159636.1198802,0.3509769000237909,-2755108707.0,1.0531394291684621,0.0012300000000000089,0.006575000000000004,56.11080934274851,-0.011815015870412532,DOGEUSDT
2025-10-26,0.20577,909622908.0,0.04706900061062491,0.04599483287889225,0.059195964379471944,0.09161803713527861,0.017270000000000008,1907892784.95,1430121868.706246,0.47676835678365354,-1845485799.0,1.0492796891161957,0.009250000000000008,0.0056714285714285755,49.11838790931991,-0.010405460719202064,DOGEUSDT
2025-10-27,0.20038,1010297382.0,-0.02619429460076783,-0.026543476348222756,0.05502027062602011,0.08489442338927988,0.01568,1866487265.95,1444158535.301412,0.541282761704662,-2855783181.0,1.0258446020832352,0.005390000000000006,0.005582857142857147,41.415046059365416,-0.009612499153789894,DOGEUSDT
2025-10-28,0.19362,1128616251.0,-0.03373590178660557,-0.0343180885391916,-0.006720361155286514,0.021094821221389948,0.003999999999999976,1859086902.9,1447715127.2846684,0.6070809542251442,-3984399432.0,1.015964656314771,0.006760000000000016,0.005392142857142864,42.879851635978284,-0.009420948079420927,DOGEUSDT
2025-10-29,0.19237,1276743754.0,-0.006455944633818711,-0.006476874373835311,-0.027206068268015193,-0.015254671103148154,-0.0029799999999999827,1852153969.95,1450281442.938714,0.6893291673987916,-5261143186.0,1.0142596236041885,0.0012499999999999734,0.004898571428571433,47.20034995625549,-0.009263226319394857,DOGEUSDT
2025-10-30,0.18268,1657462065.0,-0.05037167957581745,-0.051684612601291834,-0.07042540199470793,-0.08660000000000001,-0.017320000000000002,1633499523.35,1065875397.3970318,1.0146694512655,-6918605251.0,0.6643349223889139,0.009690000000000004,0.0050400000000000045,45.87585034013606,-0.009807082760179026,DOGEUSDT
2025-10-31,0.18644,693564340.0,0.02058243923801184,0.020373483187741997,-0.09393983573893183,-0.0403047305296752,-0.007830000000000004,1420138786.4,742965243.8837352,0.48837785901063957,-6225040911.0,0.651023688570439,0.0037599999999999856,0.005037142857142861,51.23369256948383,-0.009821476464381113,DOGEUSDT
2025-11-01,0.18736,381304623.0,0.004934563398412362,0.00492242834486702,-0.06497654456532587,-0.0135313010056336,-0.002569999999999989,1274679509.6,634356028.9019945,0.2991376421510495,-5843736288.0,0.4833307140956958,0.0009200000000000041,0.004751428571428575,48.30126277811184,-0.009647437611953885,DOGEUSDT
2025-11-02,0.18638,422142934.0,-0.005230572160546565,-0.005244299491897806,-0.03739283131907856,-0.0438618991432822,-0.008550000000000002,1163493507.95,573317761.4511567,0.3628236265312631,-6265879222.0,0.46363127235912,0.0009800000000000086,0.004412142857142863,42.73919378338999,-0.009479316714901737,DOGEUSDT
2025-11-03,0.16741,2233966267.0,-0.10178130700718957,-0.10734170692981597,-0.12974996101263192,-0.1534260429835651,-0.030340000000000006,1136113033.95,500415608.5706586,1.9663239486242141,-8499845489.0,0.5608063998658825,0.018969999999999987,0.005435000000000003,28.584570902878184,-0.010752848015332078,DOGEUSDT
2025-11-04,0.16223,3239546286.0,-0.030941998685861005,-0.0314308120053858,-0.11194438362163339,-0.17448605739873801,-0.03428999999999999,1230275180.85,686582586.6670358,2.633188360153531,-11739391775.0,0.5551799566915305,0.00517999999999999,0.0053957142857142875,28.792692613185082,-0.012041308743414775,DOGEUSDT
2025-11-05,0.16719,1450649552.0,0.030573876594957694,0.030115808827247036,-0.10325037545591065,-0.18749088788453128,-0.03858,1207611510.2,670467551.12017,1.2012551551117203,-10288742223.0,0.5597675071650638,0.004959999999999992,0.00544,35.07090336134455,-0.012517894114494776,DOGEUSDT
2025-11-06,0.16164,991019158.0,-0.03319576529696755,-0.033759250039281784,-0.13727583262169085,-0.19333266793093118,-0.03874,1167112920.05,657067582.9741185,0.8491202016318559,-11279761381.0,0.5662103520694048,0.005549999999999999,0.005479285714285714,28.301394863772657,-0.013191368190246966,DOGEUSDT
2025-11-07,0.17877,1612295661.0,0.10597624350408319,0.10072842321672433,-0.04083056121901485,-0.07669662224976748,-0.014849999999999974,1218402675.8,649351195.4800255,1.3232863756978956,-9667465720.0,0.684578199394403,0.017130000000000006,0.00650142857142857,39.57372006152494,-0.012202194110676773,DOGEUSDT
2025-11-08,0.17605,1232860279.0,-0.015215080830116912,-0.015332017825935709,0.051609820201899526,-0.08483651296979777,-0.01632,1227829629.85,648058226.6919615,1.0040971882643153,-10900325999.0,0.6750976968434808,0.00272,0.006607857142857142,38.93633120743704,-0.011505123887530055,DOGEUSDT
2025-11-09,0.1793,824680933.0,0.018460664583924924,0.01829233501002558,0.10522098255563073,-0.018502299102255426,-0.003380000000000022,1212022726.2,654119363.706034,0.6804170542128238,-10075645066.0,0.6724056697806199,0.003249999999999975,0.006179285714285711,34.70119061380184,-0.010568614466118453,DOGEUSDT
2025-11-10,0.18179,1123195034.0,0.013887339654210962,0.013791794118883326,0.08732579699742815,-0.02494099978545372,-0.0046499999999999875,1195360408.0,651805908.8066378,0.9396287734502246,-8952450032.0,0.669169580036491,0.00249000000000002,0.005972142857142855,38.88290874297333,-0.009515809483917143,DOGEUSDT
2025-11-11,0.17206,1194191122.0,-0.053523296110897234,-0.05500892153676836,0.06446424152437502,-0.08166097352690016,-0.015300000000000008,1188277795.85,650968127.2201885,1.0049763836121925,-10146641154.0,0.6902723300685161,0.009730000000000016,0.006184285714285712,37.549087549087545,-0.009358702338501085,DOGEUSDT
2025-11-12,0.17018,974860769.0,-0.01092642101592467,-0.010986552771790786,-0.04805056776864136,-0.08691919733877018,-0.016199999999999992,1190014608.7,650317209.8518766,0.8192006735656471,-11121501923.0,0.6811501557254686,0.0018799999999999928,0.006229285714285713,37.27783511065244,-0.009278932326126699,DOGEUSDT
2025-11-13,0.16384,1568645541.0,-0.03725467152426831,-0.0379663585702682,-0.06935529679068442,-0.021324890986201495,-0.00356999999999999,1230297943.75,647419325.9497449,1.2750127308338843,-12690147464.0,0.6853758146834801,0.0063399999999999845,0.005989999999999997,38.766992606725495,-0.009616446620407393,DOGEUSDT
2025-11-14,0.15765,1838238578.0,-0.03778076171875,-0.03851295586007314,-0.12074735080870036,-0.028231523146150517,-0.004580000000000001,1288195171.85,647421184.085462,1.426987632130365,-14528386042.0,0.6931090396858478,0.006190000000000001,0.006163571428571427,33.317881562174065,-0.010265080935067145,DOGEUSDT
2025-11-15,0.16316,673862028.0,0.03495084046939412,0.034353928458287775,-0.10248088453710325,-0.024104312458879118,-0.004030000000000006,1276407127.85,656755930.6124951,0.5279365911525923,-13854524014.0,0.6810929095987787,0.005509999999999987,0.006491428571428569,36.68573943661971,-0.010216745074073302,DOGEUSDT
2025-11-16,0.15857,1032632939.0,-0.028131895072321722,-0.02853517824788164,-0.07840288271533191,-0.018992823558525274,-0.003070000000000017,1277523905.7,656298440.2155055,0.8083081141516364,-14887156953.0,0.6817134080975461,0.004590000000000011,0.006749285714285712,35.28415705365647,-0.010428598800370725,DOGEUSDT
2025-11-17,0.15214,1608346754.0,-0.04054991486409787,-0.041394986632321024,-0.10600540604066289,-0.148962353862505,-0.026630000000000015,1301510430.85,659329340.6545153,1.235754025382347,-16495503707.0,0.6851797536654243,0.006429999999999991,0.005853571428571426,40.683343502135436,-0.010988671106724884,DOGEUSDT
2025-11-18,0.16173,1453866633.0,0.06303404758774822,0.06112712856253203,-0.01287841796875,-0.08134052825901728,-0.01432,1310366574.8,660168192.598178,1.1095113847984883,-15041637074.0,0.7340808910426911,0.009590000000000015,0.006168571428571428,49.71051412691061,-0.010537232929575285,DOGEUSDT
2025-11-19,0.1546,1411295703.0,-0.04408582204909428,-0.04508714197836559,-0.019346653980336304,-0.13775794757389848,-0.0247,1298058256.7,655635502.2162838,1.087236027902075,-16452932777.0,0.7295512490488719,0.007130000000000025,0.00632357142857143,42.88941601716931,-0.010632234552269193,DOGEUSDT
2025-11-20,0.14892,1600374682.0,-0.03673997412677876,-0.037431887148805416,-0.08727629320911989,-0.18081302601903304,-0.03287000000000001,1343398773.8,642862324.6004227,1.1912878835471215,-18053307459.0,0.7288577385147971,0.005679999999999991,0.006332857142857144,42.826528310399276,-0.011038606370023463,DOGEUSDT
2025-11-21,0.14029,2835442265.0,-0.05795057749127053,-0.059697540273835246,-0.11528031784070125,-0.18464489131698236,-0.03176999999999999,1466105655.9,682549263.5298303,1.9339958573854648,-20888749724.0,0.7455555379164589,0.008629999999999999,0.005725714285714286,25.998003992015967,-0.011919625812765122,DOGEUSDT
2025-11-22,0.14027,978144036.0,-0.00014256183619643092,-0.00014257199910090712,-0.07802024451163392,-0.1757550828534492,-0.029909999999999992,1493905711.0,648252223.584571,0.6547562063640843,-21866893760.0,0.7465060047400258,1.9999999999992246e-05,0.005532857142857143,26.90420862380583,-0.012475642460921532,DOGEUSDT
2025-11-23,0.145,846522905.0,0.033720681542738884,0.03316460568899426,-0.10344401162431227,-0.11499023437500011,-0.018840000000000023,1424533542.9,639059871.9617661,0.5942456807838217,-21020370855.0,0.6853792442377676,0.004729999999999984,0.005638571428571429,28.274638966303527,-0.012391773538982298,DOGEUSDT
2025-11-24,0.15181,1133652374.0,0.04696551724137943,0.04589599652404947,-0.018046571798188804,-0.03704408499841427,-0.005840000000000012,1319238847.3,477281447.2261408,0.8593230682375465,-19886718481.0,0.7037607874363814,0.0068100000000000105,0.0059471428571428574,31.996156617823686,-0.011641599613941817,DOGEUSDT
2025-11-25,0.15301,936141701.0,0.007904617614122866,0.007873539789098277,0.027464410421703,-0.062208874724197005,-0.010149999999999992,1293513454.75,483649108.9522462,0.7237201109600596,-18950576780.0,0.6942105307814861,0.0012000000000000066,0.0053378571428571425,37.254114813327995,-0.010825462212682824,DOGEUSDT
2025-11-26,0.15474,858785986.0,0.011306450558786985,0.011243010387586303,0.10300092665193517,-0.02415337075108781,-0.00383,1286901796.15,488877535.1518264,0.6673282985300152,-18091790794.0,0.6869220253275965,0.0017299999999999816,0.005327142857142856,39.64869938321265,-0.009924665534059018,DOGEUSDT
2025-11-27,0.15264,442592040.0,-0.013571151609150789,-0.013664081421331969,0.08818706779781849,0.0032864466938347103,0.0005000000000000004,1228416615.1,517055993.7175395,0.360294735971127,-18534382834.0,0.55832921126473,0.0020999999999999908,0.005024285714285713,42.03866932044355,-0.00927333291651547,DOGEUSDT
2025-11-28,0.15017,708146301.0,-0.016181865828092223,-0.016314222007787024,0.035655172413793235,-0.07147715328015836,-0.011560000000000015,1202180916.2,529969528.80603087,0.5890513577926317,-19242529135.0,0.5585219138979749,0.00247,0.004758571428571427,44.386070249174416,-0.008854387613123627,DOGEUSDT
2025-11-29,0.14837,301506106.0,-0.011986415395884631,-0.012058831729487058,-0.022659903827152328,-0.04029754204398439,-0.0062299999999999855,1176022174.85,561553747.2156734,0.2563779088931352,-19544035241.0,0.5502700109462854,0.001799999999999996,0.004493571428571428,38.24511206485455,-0.008568839154761088,DOGEUSDT
2025-11-30,0.14599,359178345.0,-0.01604097863449483,-0.016171027750813697,-0.04587935429056922,-0.01967499328498512,-0.002929999999999988,1137821340.4,590573613.653327,0.3156720060055572,-19903213586.0,0.5440862435460511,0.0023799999999999932,0.004335714285714284,39.63756177924219,-0.008437325813824531,DOGEUSDT
2025-12-01,0.13547,1194651951.0,-0.07205973011850131,-0.07478791261924357,-0.1245314721468268,-0.034357402523344405,-0.004819999999999991,1137844381.85,590575937.678538,1.0499256049914645,-21097865537.0,0.5670873253348624,0.010520000000000002,0.004627857142857142,37.1353603951227,-0.009077338714072763,DOGEUSDT
2025-12-02,0.14577,805736367.0,0.07603159371078472,0.07327982349327633,-0.04500786163522008,0.03921009481713833,0.005500000000000005,1129388161.75,594231956.634833,0.7134273178067514,-20292129170.0,0.6462753602284114,0.010300000000000004,0.004678571428571427,37.81679389312977,-0.00865367544544593,DOGEUSDT
2025-12-03,0.15166,900651276.0,0.04040611922892223,0.039611136186868116,0.00992208829992669,0.04593103448275859,0.006659999999999999,1095988448.5,586971865.5594538,0.8217707743477188,-19391477894.0,0.656651052855595,0.005889999999999979,0.004589999999999995,47.712418300653596,-0.007753270600277362,DOGEUSDT
2025-12-04,0.14739,637362886.0,-0.028155083739944575,-0.028559038424122867,-0.006605108849497943,-0.02911534154535278,-0.004420000000000007,1035944663.9,568167899.5111079,0.615248003306019,-20028840780.0,0.6507602101787264,0.004269999999999996,0.0044892857142857095,48.78281622911694,-0.0073000956292731956,DOGEUSDT
2025-12-05,0.13956,719213185.0,-0.05312436393242426,-0.054587518530093276,-0.044044112610452935,-0.08790275145415338,-0.013450000000000017,1038212221.75,566735463.9928324,0.6927419750344506,-20748053965.0,0.6584711294397223,0.007830000000000004,0.004432142857142852,49.41176470588235,-0.007486467425446286,DOGEUSDT
2025-12-06,0.13975,312444302.0,0.0013614216107769028,0.0013604957166353493,0.031593710784675544,-0.09687217267674797,-0.014989999999999976,1002202789.9,589530008.972147,0.31175756558328455,-20435609663.0,0.6542067850668478,0.00019000000000002348,0.004444285714285712,49.58212793314047,-0.007532012651217862,DOGEUSDT
2025-12-07,0.13867,638350242.0,-0.007728085867620971,-0.007758102269435895,-0.04870686698223248,-0.0915225366876311,-0.01397000000000001,953702964.3,576801548.8258072,0.6693386367615383,-21073959905.0,0.6411224794230947,0.0010800000000000254,0.00418357142857143,44.596209663650335,-0.007568015176808496,DOGEUSDT
2025-12-08,0.14259,637568327.0,0.028268551236749095,0.02787636952825487,-0.05980482658578401,-0.05047612705600324,-0.007580000000000003,912888049.0,568366115.0972278,0.6984080114734857,-20436391578.0,0.6038085147119377,0.003920000000000007,0.003977142857142858,41.72054597701149,-0.007197270543846085,DOGEUSDT
2025-12-09,0.14797,993044372.0,0.037730556139981664,0.037036171220415,0.003935138069068422,-0.0026959627957134913,-0.00040000000000001146,891975482.45,556635991.4598126,1.1133090444060108,-19443347206.0,0.6044677871174806,0.005379999999999996,0.0042757142857142855,45.790177079852974,-0.006395607135754766,DOGEUSDT
2025-12-10,0.14332,770619026.0,-0.03142528890991414,-0.03192965807768976,0.02694181713958166,-0.018288923898897247,-0.0026700000000000057,850487699.65,531408364.82662046,0.9060907363118029,-20213966232.0,0.6006404939850055,0.0046499999999999875,0.004484285714285714,40.90474673462887,-0.006065579028153245,DOGEUSDT
2025-12-11,0.14033,829996639.0,-0.020862405805191164,-0.021083100673708697,0.004150268336314822,0.03587510149848683,0.004860000000000003,750215418.35,253894590.9611212,1.1063444161484555,-21043962871.0,0.567716274753123,0.0029899999999999927,0.004547857142857143,40.33296686037381,-0.005976405108771399,DOGEUSDT
2025-12-12,0.13692,532296809.0,-0.02429986460486011,-0.02459997810105991,-0.012619888944977342,-0.060712080675036195,-0.008850000000000025,727923057.0,252397439.42451748,0.7312542223813636,-21576259680.0,0.5745816157407343,0.003410000000000024,0.004615000000000002,39.746169323634106,-0.006110455113714164,DOGEUSDT
2025-12-13,0.13905,215402184.0,0.015556529360210458,0.015436767017989385,-0.02482642541552693,-0.08314651193459044,-0.012609999999999982,696367020.95,275211013.2267211,0.309322781693687,-21360857496.0,0.5637116602140919,0.0021300000000000208,0.004638571428571432,42.82414536495227,-0.00597593070033639,DOGEUSDT
2025-12-14,0.13408,446980516.0,-0.03574253865516008,-0.036396943946201014,-0.09387037913090479,-0.09030463396431232,-0.013309999999999989,662033428.05,260210458.45065975,0.6751630613526087,-21807838012.0,0.5455664821796288,0.004970000000000002,0.004823571428571433,41.1816970235451,-0.00619889954227304,DOGEUSDT
2025-12-15,0.12975,784404436.0,-0.0322941527446301,-0.03282711468777492,-0.09468322634663684,-0.07029234737747192,-0.009809999999999985,654446564.8,253934127.33294395,1.1985767489507955,-22592242448.0,0.5509725071989354,0.0043300000000000005,0.004381428571428576,45.33746331920444,-0.006648360605986642,DOGEUSDT
2025-12-16,0.13179,537676555.0,0.015722543352601148,0.01560022460979986,-0.06085655241217147,-0.05695885509839016,-0.007960000000000023,638391093.25,250462031.18710297,0.8422369307546727,-22054565893.0,0.5532051408468583,0.0020399999999999863,0.0037914285714285745,36.83119819140919,-0.00676200262905588,DOGEUSDT
2025-12-17,0.12633,818900138.0,-0.0414295470066014,-0.04231221581385178,-0.07734443470639785,-0.08898824547486828,-0.01233999999999999,657206498.15,249109911.16932154,1.246031711958355,-22873466031.0,0.5660039267391191,0.005459999999999993,0.00376071428571429,25.94491927825264,-0.007209534098650799,DOGEUSDT
2025-12-18,0.12207,1170003699.0,-0.033721206364283995,-0.034302880160237796,-0.12211434735706583,-0.1439091100357669,-0.020519999999999997,680299368.05,274222316.82895803,1.7198365219031164,-24043469730.0,0.5724204061534408,0.00426,0.0037600000000000042,25.94984802431614,-0.007817833294502669,DOGEUSDT
2025-12-19,0.13222,886504087.0,0.08314901286147292,0.07987255122372378,-0.013872315035799554,-0.10644049469487049,-0.015749999999999986,709549267.1,262646913.3494473,1.2493904625160595,-23156965643.0,0.6602335841341902,0.010150000000000006,0.00392571428571429,43.32241630276567,-0.007395642256557505,DOGEUSDT
2025-12-20,0.13194,256897701.0,-0.0021176826501285717,-0.0021199281107072464,0.016878612716763053,-0.07940273513815244,-0.011380000000000001,704435234.9,270700379.27768576,0.36468604673993715,-23413863344.0,0.6589752577413609,0.00028000000000000247,0.003932142857142861,42.906448683015434,-0.007002921161226583,DOGEUSDT
2025-12-21,0.13112,315017725.0,-0.006214946187661163,-0.006234339359150677,-0.005083845511799079,-0.06563101261312632,-0.009210000000000024,660453523.6,258022944.8360927,0.4769718288168127,-23728881069.0,0.6086173481556295,0.0008200000000000152,0.003913571428571431,43.11005657966783,-0.006680841429429124,DOGEUSDT
2025-12-22,0.13258,578553795.0,0.011134838316046558,0.01107330237767143,0.04947360088656705,-0.03169734151329229,-0.004339999999999983,649094395.0,256285287.79706213,0.8913245892379028,-23150327274.0,0.5394154422670753,0.0014600000000000168,0.003737857142857146,40.43569654118098,-0.006235897577685501,DOGEUSDT
2025-12-23,0.12928,507414870.0,-0.024890632071202234,-0.02520564204046018,0.05906447120504632,-0.0702624955052139,-0.009770000000000001,629432574.7,251000241.76532975,0.8061465046384737,-23657742144.0,0.5171540474879628,0.0032999999999999974,0.0035892857142857176,31.402985074626898,-0.006079478348226142,DOGEUSDT
2025-12-24,0.12856,335694754.0,-0.005569306930693019,-0.005584873343528051,-0.027681137498109187,-0.04116945107398562,-0.005519999999999997,614349168.1,259421435.25625384,0.5464233882471176,-23993436898.0,0.5113447729232607,0.0007199999999999984,0.0033085714285714324,34.06735751295339,-0.005945081762772475,DOGEUSDT
2025-12-25,0.12365,418798463.0,-0.03819228375855643,-0.03894072746183206,-0.0628315901167198,-0.04701348747591527,-0.006100000000000008,599328432.0,261717133.99482793,0.6987795683285721,-24412235361.0,0.49572763625686517,0.004910000000000012,0.003445714285714291,32.71144278606967,-0.006163715984849855,DOGEUSDT
2025-12-26,0.12211,719882140.0,-0.012454508693894084,-0.012532716122494764,-0.06871568029286146,-0.0734501859018134,-0.009679999999999994,619700323.9,253953136.90955412,1.1616617133092966,-25132117501.0,0.4955882315200755,0.0015399999999999997,0.0033121428571428607,34.03062324778955,-0.006387617828530423,DOGEUSDT
2025-12-27,0.12435,242221247.0,0.018344115961018703,0.018177892404483146,-0.06207572786242266,-0.015673236760864406,-0.0019799999999999957,599893874.15,267507839.94374603,0.40377349634251136,-24889896254.0,0.5031536336310554,0.002240000000000006,0.0033200000000000026,34.18674698795181,-0.006311556676672964,DOGEUSDT
2025-12-28,0.12393,221394199.0,-0.003377563329312494,-0.0033832801726308816,-0.04138304455445552,0.015237159007126966,0.0018600000000000005,579085167.75,280303504.5546064,0.38231716391599807,-25111290453.0,0.48773330195088055,0.0004200000000000037,0.0029950000000000024,37.89649415692822,-0.006213542307819703,DOGEUSDT
2025-12-29,0.12288,673526124.0,-0.008472524812394022,-0.008508620677420753,-0.04418170504044805,-0.07063984268643175,-0.009340000000000001,563109255.35,264105572.4456618,1.1960842724585843,-25784816577.0,0.45881800734392836,0.0010499999999999954,0.0027607142857142878,41.112548512289784,-0.006149701508201683,DOGEUSDT
2025-12-30,0.12336,627500697.0,0.00390625,0.003898640415657323,-0.0023453295592398282,-0.06502955889040474,-0.008580000000000004,555953338.9,260095642.79095152,1.1286930990315887,-25157315880.0,0.4528710971417796,0.0004799999999999943,0.0026492857142857173,38.63575087624699,-0.005991311120943116,DOGEUSDT
2025-12-31,0.11747,670335608.0,-0.04774643320363159,-0.048923927979224686,-0.03799852591925301,-0.1041031116534471,-0.013649999999999982,547970287.35,253611193.872545,1.223306488462654,-25827651488.0,0.4733070286430293,0.0058899999999999925,0.0026800000000000027,38.19296375266527,-0.006268796588236897,DOGEUSDT
2026-01-01,0.12683,886565713.0,0.07967991827700693,0.07666462524354363,0.01994370727784478,-0.04337004073012529,-0.005750000000000005,565683732.55,264593033.78486958,1.5672462579107977,-24941085775.0,0.5625753732417881,0.009359999999999993,0.003044285714285717,55.58423275457531,-0.005668093788102513,DOGEUSDT
2026-01-02,0.14188,2240031844.0,0.11866277694551775,0.112134022826083,0.14483982893568959,0.0974628712871286,0.0126,666915215.55,447564648.0251788,3.3587955286830016,-22701053931.0,0.70840656640547,0.015050000000000008,0.003394285714285717,60.16414141414141,-0.003932294229158473,DOGEUSDT
2026-01-03,0.14315,1027895793.0,0.008951226388497213,0.008911401638702868,0.16495768229166674,0.11348786558805224,0.014589999999999992,695960979.4,451373969.49136984,1.4769445750912167,-21673158138.0,0.6945206658843033,0.0012699999999999934,0.003465000000000002,61.55431869717583,-0.0024262142985993773,DOGEUSDT
2026-01-04,0.14953,1371022860.0,0.044568634299685606,0.04360401005162822,0.21214332036316463,0.209300444803882,0.02588,725291900.6,475821228.3271591,1.8903049363515807,-20302135278.0,0.6946119246990244,0.006379999999999997,0.003862142857142858,67.02422785278344,-0.0007096421102855688,DOGEUSDT
2026-01-05,0.15171,1115045910.0,0.01457901424463337,0.014473762164249216,0.29147867540648686,0.24240438948489085,0.029600000000000015,754160368.35,481322295.269291,1.4785262615159271,-19187089368.0,0.6944550724729729,0.0021800000000000153,0.003913571428571429,67.45756524913307,0.0008172408533253794,DOGEUSDT
2026-01-06,0.15055,1272318747.0,-0.007646167029200623,-0.007675548832258692,0.18702199795001184,0.21069561720948915,0.026199999999999987,776831298.8,495015647.40734565,1.6378314686411295,-20459408115.0,0.6726116816089566,0.0011600000000000221,0.003760714285714288,70.19943019943017,0.0019116677809029037,DOGEUSDT
2026-01-07,0.14642,797102416.0,-0.027432746595815294,-0.027816050709246167,0.03199887228643927,0.18147341241023152,0.022489999999999996,758186234.65,486374500.8223988,1.051327997755017,-21256510531.0,0.6675878717213543,0.004129999999999995,0.004004285714285716,65.92936139850158,0.002417880698168451,DOGEUSDT
2026-01-08,0.14194,959509517.0,-0.030596912990028535,-0.031074771121659607,-0.008452672022354113,0.15511067708333348,0.019060000000000007,761836506.15,487660475.56290317,1.2594690714533436,-22216020048.0,0.6227460360247702,0.004479999999999984,0.003973571428571429,66.43897177781774,0.002429553146759217,DOGEUSDT
2026-01-09,0.14071,703610941.0,-0.008665633366211178,-0.008703398296672622,-0.0589848190998461,0.1406452658884565,0.017350000000000004,784172168.15,473335945.7170741,0.897265893355973,-22919630989.0,0.6240672078780445,0.0012300000000000089,0.003951428571428572,66.81127982646422,0.0023128913540965967,DOGEUSDT
2026-01-10,0.13965,219649749.0,-0.007533224362163304,-0.007561742408978561,-0.07949377101048061,0.18881416531880468,0.02217999999999999,779403769.35,478760260.3162138,0.2818176632417129,-23139280738.0,0.6243688643086884,0.0010600000000000054,0.0038671428571428576,64.13003324713705,0.002110573523901149,DOGEUSDT
2026-01-11,0.13801,419409403.0,-0.011743644826351596,-0.011813146091237153,-0.08329458651610755,0.08814949144524165,0.011179999999999995,771446549.75,483572518.6477378,0.5436661854744396,-23558690141.0,0.6261135264914396,0.0016400000000000026,0.003954285714285715,62.71676300578034,0.0017971840726209165,DOGEUSDT
2026-01-12,0.13662,721042880.0,-0.010071733932323745,-0.010122796996245367,-0.06693074716568781,-0.03707358330983945,-0.005260000000000015,782127950.25,479777974.457421,0.9218988782711643,-24279733021.0,0.6196226293587056,0.0013900000000000023,0.003978571428571429,62.3339317773788,0.0014202871056905875,DOGEUSDT
2026-01-13,0.14828,962128224.0,0.08534621578099832,0.08189902897882821,0.04466676060307151,0.03583653510303875,0.005129999999999996,813449623.75,469435705.2514791,1.1827754244504929,-23317604797.0,0.6828652154266857,0.011660000000000004,0.004777142857142859,68.63038277511961,0.002038954301335605,DOGEUSDT
2026-01-14,0.14718,873212059.0,-0.007418397626112738,-0.0074460507840785626,0.04598109587094035,-0.015715909850866017,-0.002349999999999991,836170303.55,460235933.20842236,1.0442992956013117,-24190816856.0,0.6637210600503852,0.0010999999999999899,0.0044350000000000014,73.92494765662747,0.00241267983295107,DOGEUSDT
2026-01-15,0.14004,785586188.0,-0.048512026090501426,-0.04972823141198801,0.002792696025778696,-0.07692307692307698,-0.011670000000000014,839455505.95,459596226.3813912,0.9358282630012213,-24976403044.0,0.6913381116673499,0.0071400000000000075,0.004276428571428574,61.032236512443625,0.002108417160194498,DOGEUSDT
2026-01-16,0.13813,990841345.0,-0.013638960297057912,-0.013732825374596396,0.0008695022099849403,-0.08249750913317822,-0.012419999999999987,876886510.85,438391344.3021046,1.129953913921585,-25967244389.0,0.694148095285107,0.001909999999999995,0.0033378571428571446,45.98758827305799,0.0016936425059243254,DOGEUSDT
2026-01-17,0.13788,343127679.0,-0.001809889234778872,-0.0018115290632038747,0.00922266139657446,-0.05832536538724209,-0.008539999999999992,882973184.85,429567702.6534868,0.38860486919349735,-26310372068.0,0.6938852070672402,0.0002500000000000002,0.003265000000000002,44.23539706847518,0.0013294328194628224,DOGEUSDT
2026-01-18,0.13164,479039950.0,-0.04525674499564836,-0.0463128175735254,-0.11222012408956017,-0.07256587290404404,-0.010300000000000004,873248876.15,436700701.75908804,0.5485720773120287,-26789412018.0,0.7161438284412981,0.0062399999999999956,0.003255000000000002,30.370858020627622,0.0005311553406743275,DOGEUSDT
2026-01-19,0.12916,1347363841.0,-0.018839258584017138,-0.019018978185064848,-0.1224351134665036,-0.08208371828583616,-0.011550000000000005,909242033.35,444967487.89897794,1.4818538866222335,-28136775859.0,0.7208794519933621,0.00248000000000001,0.003276428571428573,25.419664268585123,-0.0002981635426007323,DOGEUSDT
2026-01-20,0.12336,794330118.0,-0.04490554351192322,-0.04594503607505513,-0.11910882604970008,-0.1166487647690655,-0.01629,915441758.85,442319542.5520593,0.8677014242805098,-28931105977.0,0.7182801231550424,0.0058,0.0036078571428571427,23.08453771530391,-0.001407194991974614,DOGEUSDT
2026-01-21,0.12654,942674775.0,0.025778210116731648,0.025451553903718997,-0.0839064649243465,-0.08310991957104541,-0.01146999999999998,918247211.95,442304692.3456466,1.0266023819425765,-27988431202.0,0.6659189049980265,0.003180000000000016,0.0035400000000000015,29.943502824858797,-0.0020063826518319505,DOGEUSDT
2026-01-22,0.12437,424956417.0,-0.017148727675043607,-0.017297470053088716,-0.09798375398897596,-0.08966476357780706,-0.012249999999999997,827493440.6,328355682.56024325,0.5135465686493805,-28413387619.0,0.5008478103011179,0.002170000000000019,0.003375000000000004,31.407407407407405,-0.0026260723266280372,DOGEUSDT
2026-01-23,0.12477,533582852.0,0.0032162096968724185,0.0032110487572805193,-0.052187784867821385,-0.1585513892635554,-0.02350999999999999,802777793.55,331069773.0709856,0.6646706676332178,-27879804767.0,0.4989721940416633,0.00040000000000001146,0.00331571428571429,32.83067643257219,-0.003049748598030949,DOGEUSDT
2026-01-24,0.12423,168690655.0,-0.004327963452753214,-0.004337356197344565,-0.03816971198513475,-0.1559315124337547,-0.022950000000000012,742661183.3,331616503.7283249,0.22714349260914174,-28048495422.0,0.46152685149779177,0.0005400000000000127,0.003278571428571433,33.20261437908499,-0.0033900106500072136,DOGEUSDT
2026-01-25,0.11945,644477476.0,-0.03847701843355067,-0.039236812453767034,-0.0316958495460441,-0.1470294201656669,-0.020589999999999997,719132761.6,320305654.0655507,0.8961870608788574,-28692972898.0,0.4642498710110682,0.004779999999999993,0.003502857142857147,31.076672104404594,-0.003999275669076874,DOGEUSDT
2026-01-26,0.12236,708086997.0,0.024361657597321118,0.024069645510884228,-0.03303303303303318,-0.11416781292984879,-0.015770000000000006,690921174.1,292674413.100262,1.0248448354797641,-27984885901.0,0.4813474130805909,0.002909999999999996,0.003611428571428575,35.8979430379747,-0.004198907513999511,DOGEUSDT
2026-01-27,0.12619,704522307.0,0.0313010787839163,0.03082118838211653,0.014633754120768616,-0.0847838700319119,-0.011690000000000006,686292168.65,291636932.76001203,1.0265632323706395,-27280363594.0,0.4978151949241838,0.00383,0.0030521428571428605,24.15164989468761,-0.004001936366699599,DOGEUSDT
2026-01-28,0.125,651222550.0,-0.009430224264997178,-0.009474970362518074,0.0018433918409874739,-0.05044059556365854,-0.006640000000000007,670877820.3,284495863.114446,0.970702161101092,-27931586144.0,0.4900881320994473,0.0011899999999999966,0.003058571428571432,24.100887435777693,-0.003896936905234405,DOGEUSDT
2026-01-29,0.11728,1189313828.0,-0.06176000000000004,-0.0637494991639598,-0.05594461885212909,-0.09197894084855995,-0.011880000000000002,695162964.65,307256887.09017813,1.7108417572256522,-29120899972.0,0.5287880849062112,0.007720000000000005,0.0031000000000000034,23.778801843317993,-0.0043861032883573126,DOGEUSDT
2026-01-30,0.11581,1164836231.0,-0.012534106412005475,-0.012613320942055087,-0.030473001255755583,-0.06120298313878081,-0.007550000000000001,742422288.75,302927851.6847896,1.5689672153582688,-30285736203.0,0.5289592913384846,0.001469999999999999,0.0030685714285714322,24.022346368715105,-0.0048366341778313116,DOGEUSDT
2026-01-31,0.10426,2462959641.0,-0.09973232017960443,-0.10506313785632632,-0.14792415822164096,-0.17607080764975502,-0.022280000000000008,844599800.65,480714761.7195325,2.916126240030507,-32748695844.0,0.619865148377737,0.01154999999999999,0.0038757142857142888,19.019535569480297,-0.0060558634026006,DOGEUSDT
2026-02-01,0.10426,1128141338.0,0.0,0.0,-0.17378556145494883,-0.16169494251025163,-0.02010999999999999,864954723.55,483816515.546918,1.3042779087555167,-32748695844.0,0.6215664357141567,0.0,0.0034300000000000034,21.491045397750966,-0.0069420872863645705,DOGEUSDT
2026-02-02,0.10792,1604582722.0,0.035104546326491404,0.03450243255954052,-0.13663999999999998,-0.1350484892201651,-0.016850000000000004,897077448.45,511162735.00019354,1.7886780286055022,-31144113122.0,0.5361860067805799,0.0036599999999999966,0.0035142857142857168,28.414634146341484,-0.007265344320238162,DOGEUSDT
2026-02-03,0.10602,1614342566.0,-0.017605633802816878,-0.017762456339840388,-0.09600954979536147,-0.14658295097802454,-0.01820999999999999,934133973.8,535620420.4876902,1.7281702745837977,-32758455688.0,0.5354435914431791,0.001899999999999999,0.0032357142857142884,30.8609271523179,-0.0075873793830139175,DOGEUSDT
2026-02-04,0.10383,1322881491.0,-0.020656479909451075,-0.020872809244297484,-0.10344529833347715,-0.1307660108832147,-0.015619999999999995,960998738.95,541222754.8682595,1.376569434883336,-34081337179.0,0.5217658592515672,0.0021899999999999975,0.003165000000000001,24.373730534867974,-0.007927921048914988,DOGEUSDT
2026-02-05,0.08849,3166815594.0,-0.14774150052971213,-0.1598653950361039,-0.1512564741991177,-0.27680614579928076,-0.03387,1069797451.4,732462090.1858057,2.9602011014848824,-37248152773.0,0.704567869651224,0.015340000000000006,0.004105714285714286,18.789144050104383,-0.009328084222496563,DOGEUSDT
2026-02-06,0.09848,2894496776.0,0.11289411232907676,0.10696393059693927,-0.05543832725877618,-0.21958950788493536,-0.02771,1197365906.25,816588474.9579002,2.417386999990004,-34353655997.0,0.8489134179073274,0.009989999999999999,0.004790714285714285,30.401073505292956,-0.00952185213088673,DOGEUSDT
2026-02-07,0.09823,1448690461.0,-0.0025385865150284737,-0.0025418141894198894,-0.08978873239436624,-0.21416000000000002,-0.026770000000000002,1245848431.8,800318316.8678963,1.162814371333224,-35802346458.0,0.8424296574934756,0.0002500000000000002,0.004769999999999998,30.533093740640908,-0.009585096479273483,DOGEUSDT
2026-02-08,0.09663,616525440.0,-0.01628830296243511,-0.016422415675561082,-0.08856819468024912,-0.1760743519781719,-0.02065,1209306511.75,812038194.8903648,0.5098173490423198,-36418871898.0,0.8422498938393576,0.0016000000000000042,0.004542857142857142,32.05974842767294,-0.009653050353601852,DOGEUSDT
2026-02-09,0.09611,682487562.0,-0.00538135154713848,-0.005395883176024073,-0.07435230665510939,-0.17010620844486657,-0.019699999999999995,1203714383.95,815424394.8248682,0.5669846361396884,-37101359460.0,0.8340521999136395,0.0005199999999999927,0.0043721428571428566,28.557425257310896,-0.009637765778177057,DOGEUSDT
2026-02-10,0.09277,497491627.0,-0.03475184684215993,-0.03537005717001275,0.048367047123968776,-0.11020525609054288,-0.01149,1181455226.55,828890235.6722982,0.4210837751784628,-37598851087.0,0.8262432634568323,0.0033399999999999958,0.004337142857142856,22.480237154150203,-0.00978239734126958,DOGEUSDT
2026-02-11,0.09112,788143970.0,-0.017785922173116253,-0.01794599252625338,-0.074735987002437,-0.12603107615576437,-0.013139999999999999,1199614604.2,815311676.5614158,0.656997645110863,-38386995057.0,0.8262777999300025,0.0016499999999999987,0.004369999999999999,22.3112128146453,-0.009915856288521332,DOGEUSDT
2026-02-12,0.093,647408732.0,0.02063213345039494,0.020422174014329098,-0.053242390308459675,-0.13825055596738323,-0.014920000000000003,1205305898.2,810802548.5710217,0.537132302236999,-37739586325.0,0.8334024231843431,0.0018799999999999928,0.003952857142857141,28.06288398988073,-0.009757445420544533,DOGEUSDT
2026-02-13,0.09667,727434615.0,0.03946236559139793,0.0387036233232582,0.0004139501190107975,-0.0881909073759668,-0.009349999999999997,1233243096.2,782331022.3753655,0.589855006885057,-37012151710.0,0.8538551857842445,0.0036700000000000066,0.004109999999999998,33.36809176225235,-0.00922937484967333,DOGEUSDT
2026-02-14,0.11104,1350008258.0,0.14865004655011882,0.1385873802819802,0.15534283633336798,0.06944043147452561,0.007209999999999994,1268519635.3,770198033.5263754,1.0642391496610364,-35662143452.0,1.0169154536354148,0.014369999999999994,0.00431142857142857,55.61630218687873,-0.007564141498139776,DOGEUSDT
2026-02-15,0.10269,2260569216.0,-0.07519812680115268,-0.07817575554829065,0.10693111997412963,0.1604701096169059,0.014200000000000004,1346143746.25,788751938.2773615,1.6792925884010137,-37922712668.0,1.0441306706781417,0.008349999999999996,0.004907857142857142,48.85751710085868,-0.006839367316760034,DOGEUSDT
2026-02-16,0.10102,1011576182.0,-0.01626253773493047,-0.016396224170297236,0.10864793678665485,0.025792038992688893,0.0025400000000000006,1361496440.0,778527830.0885355,0.7429884884605353,-38934288850.0,1.0347988632467453,0.0016700000000000048,0.004765714285714285,44.82913669064748,-0.006326802162496578,DOGEUSDT
2026-02-17,0.10066,813594093.0,-0.003563650762225312,-0.0035700156916925923,0.08236559139784938,0.02473786012419832,0.0024300000000000016,1369615017.15,771546492.761487,0.5940312298071826,-39747882943.0,1.0349795042577292,0.0003599999999999992,0.004655714285714285,45.888309297330466,-0.005881837415851465,DOGEUSDT
2026-02-18,0.09855,540244921.0,-0.020961653089608623,-0.021184467749484764,0.01944760525499123,0.019869605712511618,0.001920000000000005,1337161571.8,792885388.1016084,0.40402366654372024,-40288127864.0,1.0172460018367584,0.0021100000000000008,0.00465,45.944700460829495,-0.005634507914453149,DOGEUSDT
2026-02-19,0.09837,628133019.0,-0.0018264840182647957,-0.0018281540740625898,-0.11410302593659938,0.023514722713557257,0.002259999999999998,1310326411.2,807963667.8696766,0.47937140977319864,-40916260883.0,1.0171433776225058,0.0001799999999999996,0.003567142857142856,59.89187024429316,-0.005390879297523368,DOGEUSDT
2026-02-20,0.10011,879726429.0,0.017688319609637126,0.017533701906725797,-0.02512416009348528,0.07912040530343867,0.007339999999999999,1231164750.6,765534628.987566,0.7145480964844642,-40036534454.0,0.9575520993112157,0.0017400000000000054,0.0029778571428571423,51.95490525305829,-0.0049997642352846705,DOGEUSDT
2026-02-21,0.09841,366330724.0,-0.016981320547397982,-0.01712715652049831,-0.025836468026133486,0.08000438981562774,0.007289999999999991,1193074219.9,789507787.8634839,0.3070477241815725,-40402865178.0,0.9593754995123022,0.001700000000000007,0.0030814285714285713,50.208623087621696,-0.004771970220877886,DOGEUSDT
2026-02-22,0.09558,393579573.0,-0.028757240117874172,-0.029178831760881957,-0.050466918338962885,0.02774193548387105,0.002579999999999999,1132524062.45,802615933.8005984,0.3475242478721075,-40796444751.0,0.9541294211056898,0.002829999999999999,0.003169285714285714,48.81676808654497,-0.004764872685705884,DOGEUSDT
2026-02-23,0.09266,885845121.0,-0.030550324335634982,-0.031026713161509754,-0.05976661593099941,-0.04148132823006101,-0.00401,1096099190.2,796103021.9646821,0.808179705742109,-41682289872.0,0.9576149415032637,0.002919999999999992,0.003340714285714285,46.31173829377807,-0.004937945868283888,DOGEUSDT
2026-02-24,0.09137,690018269.0,-0.013921864882365687,-0.014019682977973152,-0.07115990647555137,-0.17714337175792505,-0.019669999999999993,1064456029.1,799185971.3668908,0.6482355777376845,-42372308141.0,0.9564518680833926,0.0012899999999999995,0.003194285714285714,48.43470483005367,-0.005120177611120963,DOGEUSDT
2026-02-25,0.10095,1467184174.0,0.1048484185181131,0.09970814774831724,0.00839077015283185,-0.016944200993280756,-0.0017400000000000054,979474458.1,637969764.5920345,1.497929998956856,-40905123967.0,0.8717853081463565,0.009579999999999991,0.0037607142857142848,59.335232668566,-0.004440385641991937,DOGEUSDT
2026-02-26,0.09701,796682755.0,-0.03902922238732043,-0.039811278785654304,-0.01422619652474344,-0.03969510987923186,-0.00401,874583757.05,451847909.6397611,0.910927911224006,-41701806722.0,0.7924563348312684,0.003939999999999999,0.003907857142857143,53.664777919941514,-0.0041714844053011985,DOGEUSDT
2026-02-27,0.09337,688625162.0,-0.037521904958251806,-0.03824397147735773,-0.023121992048545814,-0.0724220147029605,-0.007290000000000005,836580492.1,432572553.33558327,0.8231427441863964,-42390431884.0,0.803809855000543,0.0036400000000000043,0.0039057142857142854,46.98244330651059,-0.004203638884756597,DOGEUSDT
2026-02-28,0.09405,1263091942.0,0.007282853164828129,0.007256461251204897,0.015001079214331803,-0.045662100456621,-0.004500000000000004,868908817.2,439368364.9915549,1.453653038152183,-41127339942.0,0.8023628973222998,0.00068,0.0029278571428571426,29.275433032446927,-0.0041266814098597365,DOGEUSDT
2026-03-01,0.0919,1025310501.0,-0.02286018075491758,-0.023125526385398013,0.005800591003611633,-0.06577208498525977,-0.0064700000000000035,886049964.15,438398933.13364184,1.1571700722132465,-42152650443.0,0.8062503365499831,0.002149999999999999,0.0024850000000000002,34.492670307559635,-0.0041908693550560955,DOGEUSDT
2026-03-02,0.09356,939663669.0,0.0180631120783461,0.017901912354336982,-0.07320455671124315,-0.06542802916791535,-0.00655,908158566.25,428817217.172283,1.0346911915174593,-41212986774.0,0.7987484340250357,0.0016600000000000087,0.0024842857142857145,39.27544565842439,-0.004060978208357435,DOGEUSDT
2026-03-03,0.08997,1057244496.0,-0.03837109876015399,-0.03912666028695094,-0.07256983816101437,-0.08576364190631036,-0.008440000000000003,921613592.55,429075031.2012018,1.147166778513677,-42270231270.0,0.8086456396404039,0.00359000000000001,0.0027150000000000013,35.93791107603262,-0.004199314452871528,DOGEUSDT
2026-03-04,0.09893,2260563245.0,0.09958875180615778,0.09493624790610396,0.059548034700653396,0.03504917346725267,0.0033500000000000058,1002271318.2,517355968.14409906,2.2554404221202224,-40009668025.0,0.8800780048567343,0.00896000000000001,0.003204285714285716,50.42353990191708,-0.0035450842803071148,DOGEUSDT
2026-03-05,0.09356,1069888791.0,-0.05428080460931972,-0.05580958761915293,-0.005209994683678776,0.009712928987696934,0.000899999999999998,1019394027.0,513433228.5692107,1.049534098359005,-41079556816.0,0.8934742462662135,0.00537,0.003575000000000002,45.194805194805205,-0.0034204870308015556,DOGEUSDT
2026-03-06,0.09129,871355799.0,-0.024262505344164298,-0.024561689138989005,-0.0066376496191512535,-0.0008755609062056635,-8.000000000001062e-05,995461404.05,508341682.7585135,0.8753285616648916,-41950912615.0,0.7016360305384184,0.002270000000000008,0.0036128571428571447,41.281138790035584,-0.003464970815025975,DOGEUSDT
2026-03-07,0.08993,443785459.0,-0.014897579143389184,-0.01500966265056529,-0.038798631893971924,-0.10916295195641412,-0.011020000000000002,904622216.2,426036042.06750405,0.4905754590730556,-42394698074.0,0.6572455008062161,0.00136,0.00358857142857143,41.56050955414013,-0.0035688259643183173,DOGEUSDT
2026-03-08,0.08915,834121407.0,-0.008673412654286672,-0.008711245617274684,-0.00911414916083142,-0.08102257499226895,-0.007860000000000006,895749477.45,425538926.2365975,0.9311994346617523,-43228819481.0,0.6561988422631049,0.0007800000000000029,0.003442142857142859,43.32849138825482,-0.0036717457996406078,DOGEUSDT
2026-03-09,0.09049,996650758.0,0.015030846887268634,0.014919003053892444,-0.08531284746790668,-0.030845025168683704,-0.0028799999999999937,904902310.7,425647509.9126399,1.1013904442668807,-42232168723.0,0.6602147880371131,0.0013400000000000079,0.0033292857142857173,47.67217335335764,-0.003603643154384384,DOGEUSDT
2026-03-10,0.09452,1835766129.0,0.0445353077688142,0.043572104955665186,0.010260795211628926,0.0049973418394473335,0.0004700000000000121,969678371.1,464075420.7952869,1.8931701311616478,-40396402594.0,0.6792418592641404,0.004030000000000006,0.0035250000000000034,53.191489361702125,-0.0031877377410994834,DOGEUSDT
2026-03-11,0.09288,1179985494.0,-0.017350825222175237,-0.017503114929071067,0.0174170226749919,0.010663764961915234,0.0009800000000000086,997270994.85,459078179.80184394,1.1832144924434327,-41576388088.0,0.681649250880434,0.0016400000000000026,0.002957857142857147,40.25597681719393,-0.0029563846367754165,DOGEUSDT
2026-03-12,0.09475,829896186.0,0.020133505598621815,0.01993350657289961,0.053597242299566306,0.012719110731081562,0.0011899999999999966,994779482.7,459884206.0925512,0.8342514099180264,-40746491902.0,0.6826415014150237,0.0018699999999999967,0.002810000000000004,47.12760549059482,-0.0025922602999201017,DOGEUSDT
2026-03-13,0.09596,1677294975.0,0.012770448548812707,0.012689594008958137,0.07638810992708933,0.06657774813826833,0.005990000000000009,1060327695.25,459022093.7694945,1.581864722117377,-39069196927.0,0.6820918670737585,0.0012100000000000027,0.002636428571428575,53.50853427255487,-0.0021809120553762523,DOGEUSDT
2026-03-14,0.09604,645440544.0,0.0008336807002917723,0.0008333333815586311,0.06133274394960764,-0.02921257454766002,-0.0028900000000000037,1072920743.8,442940590.1184341,0.6015733666533665,-38423756383.0,0.6738191609234585,7.999999999999674e-05,0.002593571428571432,52.740291930597635,-0.0018273952021823359,DOGEUSDT
2026-03-15,0.09738,811760787.0,0.0139525197834236,0.013856079401502401,0.030258146424037013,0.040829414279606624,0.00381999999999999,1069216527.1,444892877.17603403,0.7592108487152845,-37611995596.0,0.6645756954020469,0.001339999999999994,0.002535714285714289,57.71830985915492,-0.001422703705210665,DOGEUSDT
2026-03-16,0.10304,2122489632.0,0.058122817827069406,0.05649641160148882,0.10938845822566745,0.12871070215795832,0.01175000000000001,1140840095.25,493305604.828353,1.8604619883515616,-35489505964.0,0.6885930644277222,0.005660000000000012,0.002821428571428575,61.99999999999999,-0.000637914598407105,DOGEUSDT
2026-03-17,0.10015,1140650949.0,-0.02804736024844723,-0.028448200244216248,0.05699208443271764,0.11364394529078181,0.010220000000000007,1124513434.0,487303339.87622505,1.014350664484814,-36630156913.0,0.5927785214561719,0.0028900000000000037,0.0027714285714285744,63.118556701030926,-0.0002463229665990996,DOGEUSDT
2026-03-18,0.09526,1318080266.0,-0.04882675986020979,-0.050059066739113034,-0.00729470612755323,0.06853617498597875,0.006110000000000004,1150583309.55,482767719.68182606,1.1455756876184038,-37948237179.0,0.6023325458997321,0.0048900000000000055,0.0024807142857142883,44.71638353008925,-0.00032679877681676683,DOGEUSDT
2026-03-19,0.09354,734075989.0,-0.018055847155154292,-0.018220843074974156,-0.02603082049146188,0.03370538181014471,0.003049999999999997,1152855850.9,480580705.817078,0.6367456854444802,-38682313168.0,0.5901927139801503,0.0017199999999999993,0.002220000000000003,49.96782496782496,-0.0005233333999010714,DOGEUSDT
2026-03-20,0.09416,514985689.0,0.006628180457558308,0.006606310654281169,-0.03306633805709591,-0.003808717731697109,-0.0003600000000000131,1115450538.25,500260020.8439828,0.4616840203492546,-38167327479.0,0.5901009394093756,0.0006199999999999956,0.002102142857142859,54.87597689432551,-0.0006218909148542895,DOGEUSDT
2026-03-21,0.09135,403560564.0,-0.029842820730671127,-0.03029718012800548,-0.11345108695652184,-0.016472868217054293,-0.0015300000000000036,1084363041.4,524869665.05258703,0.37216370218499034,-38570888043.0,0.5943043564418732,0.002809999999999993,0.002205714285714287,52.29922279792746,-0.0009161808093064855,DOGEUSDT
2026-03-22,0.09015,726682148.0,-0.013136288998358059,-0.013223333174689541,-0.09985022466300553,-0.04854881266490774,-0.004600000000000007,1073713965.35,530094569.3817273,0.6767930486618216,-39297570191.0,0.5922880664686808,0.0012000000000000066,0.0022357142857142875,51.597444089456864,-0.0012320355037142572,DOGEUSDT
2026-03-23,0.09415,1021392653.0,0.0443704936217415,0.0434143054538351,-0.011652319966407698,-0.018862025844101793,-0.001810000000000006,1071921373.2,530213800.2653671,0.9528615424010467,-38276177538.0,0.5962374189151267,0.0040000000000000036,0.002425714285714287,55.38869257950529,-0.00114637139815095,DOGEUSDT
2026-03-24,0.0951,602456245.0,0.010090281465746198,0.01003971444818325,0.01667735728030806,-0.009787588504789668,-0.0009399999999999964,989016023.2,459488781.8269917,0.6091471026432204,-37673721293.0,0.47639240360248253,0.0009500000000000064,0.002205714285714287,50.93911917098444,-0.0009904081086281324,DOGEUSDT
2026-03-25,0.09618,801581697.0,0.011356466876971671,0.011292466298172026,0.021452846219201405,-0.012322858903265455,-0.0011999999999999927,975600668.5,460917886.2309243,0.8216288927235396,-36872139596.0,0.4352184771812883,0.0010799999999999976,0.002165714285714287,55.4419525065963,-0.0007707740999292889,DOGEUSDT
2026-03-26,0.09205,847613271.0,-0.04294032023289662,-0.043889528170429695,0.00766283524904221,-0.10665760869565222,-0.01099,974413542.1,461230976.2058395,0.8698701674170831,-37719752867.0,0.45463402674317455,0.004129999999999995,0.002327142857142858,45.856353591160236,-0.0009193711119181852,DOGEUSDT
2026-03-27,0.09011,534311702.0,-0.02107550244432388,-0.02130076143214105,-0.0004437049362173706,-0.10024962556165762,-0.010040000000000007,978939854.25,456165942.32890165,0.5458064657193417,-38254064569.0,0.4579802581947975,0.0019400000000000112,0.0023792857142857157,41.21885319723806,-0.0011800739433975999,DOGEUSDT
2026-03-28,0.091,662603823.0,0.009876817223393619,0.009828360269904073,-0.03345724907063197,-0.04471971446567291,-0.00426,970363975.05,460622299.8805399,0.6828405011283091,-37591460746.0,0.457789063668939,0.0008900000000000019,0.002437142857142859,42.61430246189918,-0.0012998830114410442,DOGEUSDT
2026-03-29,0.09045,432289764.0,-0.0060439560439560225,-0.006062294675545879,-0.04889589905362779,-0.03303399615137903,-0.0030899999999999955,942145925.35,475958470.924961,0.45883525297783107,-38023750510.0,0.4555862535449677,0.0005499999999999949,0.0023807142857142877,39.603960396039625,-0.0014228116771566462,DOGEUSDT
2026-03-30,0.09083,808515385.0,0.0042012161415145854,0.00419241567281798,-0.05562487003535044,-0.035365335598980474,-0.0033299999999999996,890783388.15,427399154.202649,0.9076453330356148,-37215235125.0,0.4252073100758992,0.00037999999999999146,0.0020035714285714288,28.23529411764703,-0.0014725955414391784,DOGEUSDT
2026-03-31,0.09232,727310486.0,0.01640427171639325,0.016271175245667235,0.002933188484519178,0.010618500273672726,0.0009699999999999986,868149637.75,423243770.8569835,0.8377708800120962,-36487924639.0,0.42555673695907514,0.0014900000000000052,0.0019035714285714292,35.309568480300186,-0.001375957879080028,DOGEUSDT
2026-04-01,0.09219,641844567.0,-0.0014081455805893262,-0.0014091379492865241,0.02308289867939184,0.022628951747088122,0.00204,858747056.8,426216709.7493384,0.7474198157857372,-37129769206.0,0.41888283151100836,0.0001300000000000051,0.0015635714285714291,42.98766560073092,-0.0012949345495498615,DOGEUSDT
2026-04-02,0.0904,672578495.0,-0.019416422605488703,-0.019607397412372204,-0.006593406593406681,-0.039830058417419045,-0.0037500000000000033,808511232.8,381528661.3000968,0.8318727900300856,-37802347701.0,0.4203882725737355,0.00179,0.0015685714285714292,42.85063752276866,-0.0013594896668746859,DOGEUSDT
2026-04-03,0.09156,390119550.0,0.012831858407079677,0.012750227686235165,0.012271973466003283,-0.037223974763407,-0.0035400000000000015,795745183.1,391415674.77064914,0.4902568790679997,-37412228151.0,0.42384926740039364,0.0011600000000000082,0.0016071428571428586,44.22222222222225,-0.0013020386657260352,DOGEUSDT
2026-04-04,0.09207,294338905.0,0.005570117955439047,0.005554662215388539,0.013651877133105783,-0.04273237679351216,-0.0041100000000000025,769874089.0,407087464.0675665,0.38232083558276503,-37117889246.0,0.4206848814562443,0.0005099999999999966,0.0014428571428571446,51.78217821782178,-0.0012015053894332134,DOGEUSDT
2026-04-05,0.09238,446283605.0,0.0033670033670034627,0.0033613477027049274,0.0006499133448873984,0.0035850081477457607,0.00032999999999999696,686063787.65,259892946.23393083,0.6504987043969658,-36671605641.0,0.35601702184848083,0.0003100000000000047,0.001379285714285716,55.77421025375455,-0.0010843182881846158,DOGEUSDT
2026-04-06,0.09061,786154494.0,-0.019159991340117033,-0.019345922768490204,-0.01713851827747037,0.005548773721007594,0.0005000000000000004,668338964.9,238463039.389636,1.1762811017873664,-37457760135.0,0.3497974115745216,0.0017700000000000077,0.001220000000000002,39.63700234192038,-0.0011213447098481488,DOGEUSDT
2026-04-07,0.09492,1070228638.0,0.047566493764485296,0.046469849333593695,0.050000000000000044,0.043076923076923235,0.003920000000000007,655946383.5,207327332.27512878,1.631579447529647,-36387531497.0,0.3560301712719866,0.004310000000000008,0.0014600000000000019,49.55968688845401,-0.000793757493660327,DOGEUSDT
2026-04-08,0.0924,827978693.0,-0.026548672566371723,-0.02690745291992438,0.00917431192660545,0.021558872305140975,0.0019499999999999934,660641518.7,210232681.347359,1.2532949709689507,-37215510190.0,0.36297012893131536,0.0025200000000000083,0.0015628571428571456,41.36197440585009,-0.0007290808143831373,DOGEUSDT
2026-04-09,0.0926,802899034.0,0.0021645021645022577,0.0021621630044953172,0.00575648962745734,0.019486953649675343,0.0017700000000000077,675037185.95,209590415.23959133,1.1894145251717594,-36412611156.0,0.36217438109192185,0.00020000000000000573,0.0012821428571428606,51.53203342618382,-0.0006541451731900821,DOGEUSDT
2026-04-10,0.09368,701107655.0,0.011663066954643586,0.01159557763732816,0.014072310023814705,0.014731369150779994,0.00136,689914540.5,199629670.37264884,1.0162239144748102,-35711503501.0,0.3473729641007388,0.0010799999999999976,0.0012207142857142883,60.444704505558796,-0.000501826420993931,DOGEUSDT
2026-04-11,0.09309,526565984.0,-0.00629803586678046,-0.0063179521610633085,0.027370047456130697,0.009762447120078122,0.0009000000000000119,679908732.3,202681584.6753114,0.7744656877971385,-36238069485.0,0.3443902765746885,0.0005899999999999933,0.0011992857142857163,56.22394282310901,-0.0004238350747320513,DOGEUSDT
2026-04-12,0.09084,762424475.0,-0.02417015791169841,-0.02446704989104086,-0.04298356510745893,0.00486725663716836,0.00044000000000000983,666960323.4,187414685.7694639,1.143133179367173,-37000493960.0,0.31693915877321194,0.002250000000000002,0.0013207142857142881,51.05462412114657,-0.0005373878937607046,DOGEUSDT
2026-04-13,0.09411,907826579.0,0.03599735799207382,0.035364593633338604,0.018506493506493582,0.027850589777195234,0.0025499999999999967,682228840.1,194199334.55783835,1.3306775170438885,-36092667381.0,0.34196488300329453,0.003269999999999995,0.00152714285714286,57.670720299345184,-0.0003593749981989913,DOGEUSDT
2026-04-14,0.09297,1316956334.0,-0.012113484220592996,-0.012187450402929985,0.0039956803455722945,0.009775171065493637,0.000899999999999998,707997571.95,239726553.1645185,1.8601141955512321,-37409623715.0,0.34149909885469226,0.0011400000000000021,0.0015021428571428597,51.54541131716594,-0.00030675093474523407,DOGEUSDT
2026-04-15,0.09488,643749772.0,0.020544261589760193,0.020336074781648814,0.012809564474807855,0.027062134661182125,0.0025000000000000022,697804397.0,237804077.43136203,0.9225361358678856,-36765873943.0,0.3123746289086224,0.001910000000000009,0.001629285714285717,55.89653660675144,-0.0001096608458883569,DOGEUSDT
2026-04-16,0.09921,1593856365.0,0.04563659359190564,0.04462588041239585,0.06574282951981947,0.09491226133980812,0.00860000000000001,750781630.15,307323961.50696534,2.1229293592086966,-35172017578.0,0.33668134206101513,0.0043300000000000005,0.0018107142857142885,67.37672583826429,0.00039141726755663464,DOGEUSDT
2026-04-17,0.09941,1377548839.0,0.002015925813930064,0.0020138965622426724,0.09434169969176565,0.04730299199325749,0.004489999999999994,786528880.95,336703588.1064212,1.7514281704902472,-33794468739.0,0.33633753796131804,0.00019999999999999185,0.0017421428571428588,66.09266092660924,0.0007954936553832698,DOGEUSDT
2026-04-18,0.09479,904717066.0,-0.046474197766824266,-0.04758879375910353,0.0072255870789501575,0.025865800865800814,0.0023900000000000032,810150246.05,326975014.0104204,1.1167275087689892,-34699185805.0,0.38102143268264316,0.004619999999999999,0.0020357142857142874,54.7719298245614,0.0007344652566105975,DOGEUSDT
2026-04-19,0.09302,1088500058.0,-0.018672855786475262,-0.018849394668999174,0.0005378078950200038,0.00453563714902816,0.0004200000000000037,824149479.7,332842376.96269655,1.3207556211722984,-35787685863.0,0.3883422660286915,0.0017699999999999938,0.002140000000000001,51.06809078771696,0.0005370844284370291,DOGEUSDT
2026-04-20,0.09521,741757963.0,0.023543324016340517,0.023270454501649003,0.0034780775716694023,0.016332194705380054,0.0015300000000000036,824871853.55,332636758.1821832,0.8992402393265053,-35045927900.0,0.39278377028100653,0.0021899999999999975,0.0021700000000000005,57.570770243581315,0.0005510215638743904,DOGEUSDT
2026-04-21,0.09518,511817527.0,-0.0003150929524209367,-0.0003151426046355852,-0.0406209051506905,0.02245139112686645,0.0020899999999999946,818370501.55,337635408.8735014,0.6254105274207876,-35557745427.0,0.39268333224124063,3.0000000000002247e-05,0.0018642857142857142,50.49808429118774,0.0005532683615660644,DOGEUSDT
2026-04-22,0.09565,856611555.0,0.004938012187434282,0.004925860193297429,-0.03782315662408209,0.05295024218405975,0.004809999999999995,827572154.55,335956558.737396,1.0350898713669148,-34701133872.0,0.3845923722799933,0.0004699999999999982,0.001717857142857142,56.756756756756765,0.0005862164980872803,DOGEUSDT
2026-04-23,0.09714,913044373.0,0.015577626764244679,0.015457541031336917,0.02479164468825834,0.03219636595473396,0.003030000000000005,853718395.7,320093537.16724247,1.0694912720620904,-33788089499.0,0.38563557285505184,0.0014900000000000052,0.0018099999999999991,58.95816890292029,0.0007242104341299849,DOGEUSDT
2026-04-24,0.09843,980704980.0,0.01327980234712789,0.013192398723521225,0.058159535583745425,0.058728622136173136,0.0054600000000000065,888036699.45,292575031.9166315,1.1043518591150494,-32807384519.0,0.3872207839932545,0.0012899999999999995,0.0018249999999999991,59.29549902152643,0.0009269782138314753,DOGEUSDT
2026-04-25,0.098,495014209.0,-0.004368586812963482,-0.00437815697054799,0.02930364457514978,0.03288364249578413,0.0031199999999999978,890473229.65,288882145.3988315,0.5559001579357585,-33302398728.0,0.38826186664994256,0.0004299999999999998,0.0018135714285714283,59.66916108704214,0.0010409760103060745,DOGEUSDT
2026-04-26,0.09922,571675655.0,0.012448979591836773,0.012372128202330952,0.042445891994116414,0.000100796290696481,9.999999999996123e-06,879749287.7,296830132.27048594,0.6498165590955783,-32730723073.0,0.3802029987898529,0.0012199999999999989,0.0017399999999999996,67.20032840722496,0.0012157494860590423,DOGEUSDT
2026-04-27,0.09895,877426665.0,-0.0027212255593630497,-0.0027249348243281175,0.0345007841087297,-0.004627301076350454,-0.0004600000000000021,870109189.05,293429701.3180528,1.0084098364229315,-33608149738.0,0.3455391214231489,0.00027000000000000635,0.001525714285714286,61.32958801498126,0.0013172871153690896,DOGEUSDT
2026-04-28,0.09935,1086723968.0,0.004042445679636186,0.004034296949251128,0.022750669137327373,0.04810634033125849,0.004559999999999995,883046452.8,297154782.5090334,1.2306532284390828,-32521425770.0,0.3282888838634345,0.0003999999999999976,0.0014728571428571427,65.47041707080504,0.0014137364019753268,DOGEUSDT
2026-04-29,0.10408,2813781661.0,0.04760946149974843,0.04651086520642404,0.05740119882149752,0.11889916147065138,0.01106,983590584.15,522989922.36723757,2.860724478601649,-29707644109.0,0.36301626010126725,0.004730000000000012,0.0016742857142857145,69.62457337883959,0.0018505130635388944,DOGEUSDT
2026-04-30,0.1065,1455486372.0,0.023251345119138955,0.022985150945229803,0.08673469387755106,0.1185799810944228,0.011289999999999994,1021309520.0,528716687.9367025,1.4251177958274588,-28252157737.0,0.36766884945110706,0.0024199999999999916,0.0015378571428571425,66.92986530422664,0.002364676965749213,DOGEUSDT
2026-05-01,0.10853,1132037099.0,0.01906103286384986,0.01888164730844387,0.09383188873211035,0.14026055894095402,0.01335,1051583075.75,516080626.74531066,1.0765075295573956,-27120120638.0,0.36680788619433324,0.002030000000000004,0.001668571428571429,69.52054794520548,0.002902501368156174,DOGEUSDT
2026-05-02,0.10851,560055038.0,-0.00018428084400634592,-0.00018429782580739224,0.09661445174330474,0.13444851019341342,0.012859999999999996,1041464603.9,523971900.5518232,0.5377571507497683,-27680175676.0,0.34836316561967606,2.0000000000006124e-05,0.001340000000000001,86.56716417910444,0.0032892013829404765,DOGEUSDT
2026-05-03,0.1083,438082060.0,-0.0019353055017971021,-0.001937180625171376,0.09008555611474578,0.1148857319332921,0.01115999999999999,1017977377.95,540543726.0523908,0.4303455749500135,-28118257736.0,0.3353767145830537,0.00021000000000000185,0.00122857142857143,94.4186046511627,0.003537935566797809,DOGEUSDT
2026-05-04,0.1101,1439454344.0,0.016620498614958512,0.016483889721689415,0.05784012298232133,0.11856141420298694,0.01167,1024102278.45,544787114.5949295,1.405576741981908,-26678803392.0,0.3288090749213303,0.00180000000000001,0.001200714285714288,94.28911362284346,0.0038360841659247913,DOGEUSDT
2026-05-05,0.11484,926194501.0,0.04305177111716607,0.04215081152422879,0.0783098591549296,0.1718367346938774,0.016839999999999994,1038224514.9,538027398.8728647,0.8920946170195273,-25752608891.0,0.34867317319504376,0.004739999999999994,0.0015371428571428589,95.67843866170998,0.004404079972466751,DOGEUSDT
2026-05-06,0.11245,1240583624.0,-0.020811563915012266,-0.02103117684753859,0.036119045425228036,0.13334005240878843,0.013229999999999992,1020560877.85,524453526.6919888,1.2155900259605468,-26993192515.0,0.3377509974234172,0.0023900000000000032,0.0016742857142857165,85.83617747440267,0.004608246715797709,DOGEUSDT
2026-05-07,0.10783,1201358248.0,-0.041084926634059604,-0.04195276551134373,-0.006266703529628659,0.08974229408792311,0.008879999999999999,1011751348.3,519598714.5948053,1.1874046424732598,-28194550763.0,0.37763311466322164,0.004619999999999999,0.0018978571428571445,70.1166729394053,0.00434714377435276,DOGEUSDT
2026-05-08,0.10952,948389168.0,0.015672818325141558,0.015551268086212591,0.011265004616805241,0.10236537493709119,0.010170000000000012,1013934953.4,519216855.9040647,0.9353550391174432,-27246161595.0,0.32786842275468553,0.001690000000000011,0.001926428571428574,70.55988134964774,0.004227850657558541,DOGEUSDT
2026-05-09,0.10874,508440229.0,-0.007121986851716611,-0.007147469262418873,-0.012352406902815583,0.044773251345119114,0.0046599999999999975,984931961.95,530901825.44492865,0.5162186309736295,-27754601824.0,0.31807967811391835,0.0007800000000000029,0.0019514285714285742,69.65592972181548,0.004023984532918523,DOGEUSDT
2026-05-10,0.11246,984615271.0,0.034210042302740495,0.03363789114628105,-0.020724486241727513,0.05596244131455408,0.005960000000000007,997074827.35,527815544.92772955,0.9875038903718845,-26769986553.0,0.32710612899456676,0.003720000000000001,0.002130000000000003,72.19986586183767,0.004115155124349637,DOGEUSDT
2026-05-11,0.11132,1032275387.0,-0.010136937577805427,-0.0101886662063656,-0.01004891062694524,0.025707177738873987,0.002790000000000001,1023097720.35,515313719.08845246,1.0089704692596326,-27802261940.0,0.3324552442678962,0.0011400000000000021,0.00219214285714286,70.15314434669271,0.00404874854926747,DOGEUSDT
2026-05-12,0.11015,802321163.0,-0.010510240747394928,-0.01056586340933793,0.021515348233330345,0.015113814394986713,0.0016400000000000026,1020383200.75,516378768.83787507,0.7862939750578798,-28604583103.0,0.33884640047908443,0.0011700000000000044,0.0022471428571428603,67.16465352828988,0.0038572476878866585,DOGEUSDT
2026-05-13,0.11269,1489300612.0,0.02305946436677253,0.022797612715905774,0.028944485025566014,0.04053554939981541,0.004390000000000005,1049196012.7,526060431.64986515,1.419468425320675,-27115282491.0,0.3422944889423016,0.0025400000000000006,0.002090714285714288,64.70789203963099,0.0038658752444927225,DOGEUSDT
2026-05-14,0.11546,2332580424.0,0.0245807081373679,0.024283463668529466,0.06179878609527312,0.04868301544050846,0.00535999999999999,1116789784.9,598641362.7192225,2.088647707508235,-24782702067.0,0.34706748428019213,0.0027699999999999947,0.002115714285714288,65.12491559756918,0.0040495478287910225,DOGEUSDT
2026-05-15,0.11336,1333730327.0,-0.018188117096829992,-0.018355554250362442,0.008002845456162255,-0.012887495646116243,-0.0014799999999999952,1158725590.8,581936162.0667882,1.1510320800623506,-26116432394.0,0.3570476604776168,0.0020999999999999908,0.0021207142857142874,58.13405186931627,0.003979780789950163,DOGEUSDT
2026-05-16,0.10937,759047957.0,-0.035197600564573106,-0.03583196603529065,-0.01751706791232488,-0.027389951089373032,-0.0030799999999999994,1168094205.9,573433949.8769801,0.6498174146965863,-26875480351.0,0.3871567002738294,0.003990000000000007,0.002404285714285716,51.2774806892454,0.003561475779007034,DOGEUSDT
2026-05-17,0.10899,673710336.0,-0.0034744445460362927,-0.0034804944459140455,-0.01053109396277796,0.010757674116665283,0.0011600000000000082,1157908389.45,580632875.0826513,0.5818338843887371,-27549190687.0,0.3873693253750702,0.00037999999999999146,0.0024164285714285724,51.019804906887394,0.0031628439239489436,DOGEUSDT
2026-05-18,0.10477,1219654280.0,-0.0387191485457381,-0.039488663536346676,-0.07028130268879218,-0.043371073776479196,-0.004750000000000004,1164554905.05,580535958.6604519,1.0473136772779592,-28768844967.0,0.4175206915495493,0.0042200000000000015,0.0025892857142857145,42.648275862068964,0.002477843536949617,DOGEUSDT
2026-05-19,0.103,423915585.0,-0.016894149088479637,-0.017038483135237897,-0.10791616144119176,-0.05278646312304591,-0.005740000000000009,1045061601.25,455749394.63310444,0.4056369351748776,-29192760552.0,0.3878126698916508,0.0017700000000000077,0.0023771428571428585,32.21153846153847,0.0017717282076829127,DOGEUSDT
2026-05-20,0.10371,455852701.0,0.006893203883495236,0.006869554372007176,-0.08512702893436841,-0.07780544193491024,-0.008750000000000008,995079917.7,463124285.0886826,0.45810662328875573,-28736907851.0,0.37891681821806555,0.0007100000000000023,0.002257142857142858,36.17088607594938,0.0012549514886542185,DOGEUSDT
2026-05-21,0.10568,605897147.0,0.018995275286857627,0.018817117612427065,-0.0337386851970376,-0.05066475026949335,-0.005640000000000006,968772920.1,469829911.126005,0.6254274189842727,-28131010704.0,0.3788705851483395,0.0019699999999999995,0.0020678571428571443,46.28670120898101,0.000992918999516007,DOGEUSDT
2026-05-22,0.10234,547931305.0,-0.031604844814534405,-0.03211505683712409,-0.061014771997430994,-0.07090331366318658,-0.0078099999999999975,968166733.45,470392488.4711366,0.5659472548157919,-28678942009.0,0.3940221458662455,0.0033399999999999958,0.002185714285714286,38.26797385620914,0.000509868827119786,DOGEUSDT
2026-05-23,0.10307,924406103.0,0.007133085792456528,0.0071077656717556245,-0.016226018898539696,-0.08536693584168964,-0.009620000000000004,992482935.6,453826563.73054963,0.9314075535627778,-27754535906.0,0.39554604872151045,0.0007299999999999945,0.002182142857142857,40.72013093289687,0.0001838338621128338,DOGEUSDT
2026-05-24,0.10227,357856031.0,-0.00776171533908987,-0.007791994230779875,-0.007087378640776687,-0.11423869738437553,-0.013189999999999993,938403019.95,462128233.0344305,0.3813457793636121,-28112391937.0,0.3896024047909897,0.0007999999999999952,0.001973571428571428,31.559898660875845,-0.00013751927414176746,DOGEUSDT
2026-05-25,0.10214,330994207.0,-0.0012711450083113807,-0.0012719535984236155,-0.015138366599170783,-0.09897671136203257,-0.011220000000000008,908643005.25,481705895.21421665,0.36427310295414833,-28443386144.0,0.3491903231716113,0.0001300000000000051,0.0019014285714285708,32.75732531930876,-0.0003980948734963047,DOGEUSDT
2026-05-26,0.10105,507086642.0,-0.010671627178382548,-0.010728977369867769,-0.043811506434519254,-0.07607204900795461,-0.008319999999999994,871968156.15,483024074.1280941,0.5815426153162967,-28950472786.0,0.34516805008444745,0.0010899999999999938,0.0018957142857142842,32.85606631499623,-0.0006846644185917877,DOGEUSDT
2026-05-27,0.10049,554489214.0,-0.005541810984661111,-0.005557223788762739,-0.01807699824115694,-0.07798880631250582,-0.008500000000000008,839624704.45,481461914.99930036,0.6604012614936344,-29504962000.0,0.3180180573539579,0.0005600000000000049,0.0017542857142857132,25.162866449511384,-0.0009460546386114155,DOGEUSDT
2026-05-28,0.09957,727919690.0,-0.009155139814906899,-0.009197305660874336,-0.03395750460851843,-0.049632528395533004,-0.005199999999999996,828601230.55,481364502.3585259,0.8784921662701723,-30232881690.0,0.31046577612524734,0.0009199999999999903,0.0016221428571428556,15.015411712901795,-0.0012134566099816502,DOGEUSDT
2026-05-29,0.0997,475502201.0,0.0013056141408054334,0.0013047625677996809,-0.025129559010462543,-0.03203883495145632,-0.0032999999999999974,826954329.15,482572356.7539287,0.5750041861305129,-29757379489.0,0.3109873724613169,0.00012999999999999123,0.00148142857142857,17.068466730954626,-0.0013987606432776384,DOGEUSDT
2026-05-30,0.10061,382974258.0,0.009127382146439489,0.00908597933616685,-0.014979439984335152,-0.029891042329572737,-0.0030999999999999917,796872278.5,490907229.21014893,0.48059678863580896,-29374405231.0,0.28128119583945593,0.000910000000000008,0.00126142857142857,25.198187995469993,-0.0014554089811217447,DOGEUSDT
2026-05-31,0.10041,344396404.0,-0.00198787396879041,-0.001989852412614425,-0.006333498268184079,-0.04986752460257382,-0.005269999999999997,762478329.35,497597870.0281961,0.4516802520716781,-29718801635.0,0.2809488064353623,0.00020000000000000573,0.0012485714285714283,25.457665903890145,-0.0014991601406164623,DOGEUSDT
2026-06-01,0.1011,844219508.0,0.006871825515386787,0.006848322135080673,0.006070255746840392,-0.012116474496775553,-0.001240000000000005,764573246.6,497862566.123978,1.1041708714687324,-28874582127.0,0.28318859444214584,0.0006899999999999962,0.0009964285714285706,36.84587813620068,-0.0014613109334899038,DOGEUSDT
2026-06-02,0.09275,1320706697.0,-0.08259149357072204,-0.08620242453888119,-0.06849452646379439,-0.10012612787426023,-0.010319999999999996,756143550.85,486237381.1264211,1.746634875765799,-30195288824.0,0.3803328942938053,0.008349999999999996,0.00146642857142857,25.03653190452995,-0.002081100746328196,DOGEUSDT
2026-06-03,0.09139,765862550.0,-0.014663072776280317,-0.014771638203434242,-0.08335005015045138,-0.10638505915713303,-0.01088,677807657.15,314920209.14000547,1.129911327972079,-30961151374.0,0.3587150095054265,0.00136,0.001512857142857141,20.915958451369193,-0.002651464836200601,DOGEUSDT
2026-06-04,0.08858,1344505491.0,-0.030747346536820097,-0.03122996478905801,-0.11957061922274126,-0.1327589582925396,-0.013559999999999989,678346415.35,316108381.8133201,1.9820337523362428,-32305656865.0,0.3646031209935981,0.002809999999999993,0.0015728571428571408,11.17166212534056,-0.003292274709049914,DOGEUSDT
2026-06-05,0.08148,2086387933.0,-0.08015353352901344,-0.0835485071364472,-0.18852703913952795,-0.193666501731816,-0.019570000000000004,744713414.15,446420988.3534598,2.8015984315004703,-34392044798.0,0.4313544515847429,0.007100000000000009,0.0018414285714285702,9.542280837858769,-0.004323196692518197,DOGEUSDT
2026-06-06,0.08192,920383836.0,0.005400098183603541,0.005385569932592787,-0.18971315529179023,-0.184794506916111,-0.01856999999999999,757047089.15,447761599.35213095,1.2157550688602368,-33471660962.0,0.4354246448715058,0.00044000000000000983,0.0018207142857142855,8.513142408787772,-0.00504653218734355,DOGEUSDT
2026-06-07,0.08628,798462700.0,0.05322265624999978,0.051854660229757765,-0.06975741239892186,-0.13347393793311246,-0.01329000000000001,735987510.15,434569252.53186625,1.0848862093288336,-32673198262.0,0.48511425260335583,0.004359999999999989,0.0020749999999999996,22.47848537005163,-0.005207931424744128,DOGEUSDT
2026-06-08,0.08634,579300457.0,0.0006954102920724292,0.0006951686063759254,-0.055257686836634234,-0.13400200601805412,-0.013359999999999997,743756753.75,430061990.20188224,0.7788842979632573,-32093897805.0,0.48543424705169386,6.0000000000004494e-05,0.0020699999999999994,22.73982056590752,-0.005270247848066581,DOGEUSDT
2026-06-09,0.08479,751462433.0,-0.01795228167709051,-0.01811537881141975,-0.042786181982388816,-0.1572408309313189,-0.01582,758537240.35,424692729.240915,0.9906730916115132,-32845360238.0,0.4831092021903364,0.0015499999999999958,0.0021028571428571424,22.38451086956522,-0.005382658175762889,DOGEUSDT
2026-06-10,0.08294,544153044.0,-0.021818610685222395,-0.02206015649767647,0.017918507609229195,-0.17398665471566577,-0.01747,755450035.2,426082852.0843175,0.7203031552655091,-33389513282.0,0.47271551128758704,0.0018500000000000044,0.0021949999999999995,21.444842173771562,-0.005556966458992049,DOGEUSDT
2026-06-11,0.08608,572443022.0,0.037858693031106894,0.0371596415952391,0.05078125,-0.14856577645895142,-0.015019999999999992,756675621.05,425489367.93253106,0.7565236755026549,-32817070260.0,0.49740451149802883,0.003140000000000004,0.0023535714285714293,29.52959028831563,-0.005379721194183076,DOGEUSDT
2026-06-12,0.08598,1192652821.0,-0.0011617100371748013,-0.0011623853453388826,-0.003477051460361591,-0.07299191374663072,-0.006769999999999998,770087956.95,435172538.768369,1.5487228572221863,-34009723081.0,0.4948926363671971,0.00010000000000000286,0.002351428571428573,29.161603888213875,-0.005187523665410421,DOGEUSDT
2026-06-13,0.08788,472710981.0,0.02209816236334028,0.021857536448273943,0.017836460504980334,-0.038406827880512084,-0.0035099999999999992,775830704.45,430175359.19667566,0.6092965621090146,-33537012100.0,0.5067319252589166,0.001899999999999999,0.002422142857142858,31.229725744618108,-0.004826257525598107,DOGEUSDT
2026-06-14,0.08889,435300445.0,0.011492944924897497,0.011427402737174016,0.0483547588158979,0.003499661323097758,0.00030999999999999084,781046016.35,425100812.32282597,0.5573300879687663,-33101711655.0,0.5106750333474718,0.001009999999999997,0.00248,33.41013824884793,-0.004407644367333791,DOGEUSDT
2026-06-15,0.08814,908797015.0,-0.00843739453256831,-0.008473190839742593,0.06269592476489017,0.08173784977908682,0.006659999999999999,801131535.0,420945135.1789735,1.134391763769479,-34010508670.0,0.5104897900237769,0.0007500000000000007,0.0024842857142857145,31.368602645198393,-0.004089270589578739,DOGEUSDT
2026-06-16,0.08717,611917694.0,-0.011005218969820763,-0.01106622439035629,0.01266263940520429,0.06408691406249978,0.005249999999999991,804002959.0,419367058.8792737,0.7610888581319264,-34622426364.0,0.5107494932639046,0.0009699999999999986,0.001957142857142858,39.817518248175176,-0.0038706099877526684,DOGEUSDT
2026-06-17,0.08593,442139446.0,-0.014225077434897204,-0.014327223698352893,-0.0005815305885088495,-0.00405656003708843,-0.0003499999999999892,789713946.8,426896936.4226559,0.5598729106806247,-35064565810.0,0.5114051572739798,0.0012399999999999911,0.0019485714285714284,39.992668621700886,-0.0037541025648091253,DOGEUSDT
2026-06-18,0.08352,397361030.0,-0.02804608402187836,-0.028446887190803155,-0.04961310878470648,-0.03266157053509389,-0.002820000000000003,785806888.25,430268299.41857237,0.505672622550977,-35461926840.0,0.5158035766626129,0.0024100000000000094,0.0019200000000000011,40.587797619047606,-0.003812290736978044,DOGEUSDT
2026-06-19,0.08357,236070733.0,0.0005986590038316031,0.0005984798790163924,-0.05984925188435131,-0.014388489208633115,-0.0012199999999999989,778461712.0,438678761.5171687,0.30325285028276383,-35225856107.0,0.5128614759144869,5.000000000000837e-05,0.0014164285714285724,55.269793242561796,-0.003810446248084992,DOGEUSDT
2026-06-20,0.0837,226228321.0,0.0015555821467032604,0.0015543734820847382,-0.05037440435670526,0.009163250542560952,0.0007599999999999968,772553307.85,445574313.1387751,0.29283198803405397,-34999627786.0,0.5136327442928607,0.00012999999999999123,0.001394285714285714,54.559426229508176,-0.0037552068764669655,DOGEUSDT
2026-06-21,0.08224,185654593.0,-0.01744324970131428,-0.017597175788574723,-0.056556154640358014,-0.04460966542750944,-0.00384000000000001,739625062.1,463954488.00943995,0.2510117659789344,-35185282379.0,0.5111955003888686,0.001460000000000003,0.0011871428571428577,37.84596871239471,-0.0037856010226184483,DOGEUSDT
2026-06-22,0.08247,333771656.0,0.002796692607003992,0.0027927891384091595,-0.04026533224717799,-0.040823447313328654,-0.0035099999999999992,690278310.05,451207774.17278177,0.4835320060626321,-34851510723.0,0.4338632727521143,0.00023000000000000798,0.0011992857142857152,38.47528290649197,-0.0037479257693454893,DOGEUSDT
2026-06-23,0.07889,607222855.0,-0.04340972474839333,-0.044380113738265774,-0.05543582375478917,-0.10229858898497945,-0.008989999999999998,682346325.3,451203510.9540765,0.8899041915892619,-35458733578.0,0.453474725580286,0.00358,0.0013442857142857156,34.32518597236984,-0.003961280761574981,DOGEUSDT
2026-06-24,0.07612,868902397.0,-0.03511218151857032,-0.03574343467904966,-0.0891468230226159,-0.14366070424119703,-0.012770000000000004,658566170.6,426315058.2957782,1.3193851062959534,-36327635975.0,0.4567675032184771,0.0027700000000000086,0.0014100000000000015,32.72543059777102,-0.00430426509153739,DOGEUSDT
2026-06-25,0.07491,694712534.0,-0.0158959537572253,-0.016023649468157063,-0.1050179211469533,-0.15010211027910136,-0.013229999999999992,588982400.65,263472719.37675273,1.1795132303330564,-37022348509.0,0.36909428892778384,0.0012099999999999889,0.0012721428571428575,18.641212801796755,-0.004620457770664221,DOGEUSDT
2026-06-26,0.0758,667660680.0,0.011880923775196894,0.011810899688534422,-0.07830739299610878,-0.13043478260869557,-0.011369999999999991,576346242.85,252577191.31410813,1.1584367700541522,-36354687829.0,0.3719749841488772,0.0008900000000000019,0.001328571428571429,22.634408602150557,-0.004744535137265984,DOGEUSDT
2026-06-27,0.0745,278936304.0,-0.01715039577836419,-0.017299167262812217,-0.09664120286164668,-0.1330152449668336,-0.01143000000000001,550369923.05,255232719.52982393,0.5068160383005872,-36633624133.0,0.3076743085272987,0.0013000000000000095,0.001285714285714287,12.833333333333357,-0.004891381676486561,DOGEUSDT
2026-06-28,0.0732,332456869.0,-0.01744966442953011,-0.017603704418247865,-0.07212574470782107,-0.12356321839080453,-0.010319999999999996,538027743.65,259689451.8597506,0.6179177057759148,-36966081002.0,0.3082912005265695,0.0012999999999999956,0.0013064285714285725,7.107709130672546,-0.005054393846229327,DOGEUSDT
2026-06-29,0.07344,443343754.0,0.003278688524590123,0.0032733253449691085,-0.03520756699947436,-0.12121574727773121,-0.01013,522621809.7,255466286.9917645,0.8483070277042056,-36522737248.0,0.3084498369287002,0.0002400000000000041,0.0012700000000000014,8.661417322834723,-0.005105364704617782,DOGEUSDT
2026-06-30,0.07208,726037488.0,-0.01851851851851849,-0.01869213301215252,-0.03777866773461491,-0.13882915173237742,-0.011619999999999991,531716031.9,259479002.14986676,1.365460968715997,-37248774736.0,0.30656082582259336,0.00136,0.0012978571428571442,8.475509080902654,-0.00519560837196352,DOGEUSDT
2026-07-01,0.07222,466300009.0,0.0019422863485016872,0.0019404025492292373,-0.047229551451187346,-0.12183852140077811,-0.010019999999999987,526408881.25,259687560.24217507,0.8858133394192236,-36782474727.0,0.2601377969526559,0.00014000000000000123,0.0012192857142857164,9.841827768014127,-0.00519593479655675,DOGEUSDT
2026-07-02,0.07418,574486768.0,0.027139296593741147,0.02677755621213286,-0.004295302013422875,-0.10052140172183832,-0.008290000000000006,495500578.6,207825709.16804296,1.1594068560387347,-36207987959.0,0.28871373007777906,0.0019599999999999895,0.0011871428571428577,21.901323706377866,-0.004980624333812897,DOGEUSDT
2026-07-03,0.07754,536616675.0,0.04529522782421136,0.04429936018133831,0.05928961748633865,-0.01711243503612625,-0.001350000000000004,498695863.3,207948115.1343846,1.0760399563956038,-35671371284.0,0.32887852052586114,0.003360000000000002,0.0014235714285714288,34.87205218263922,-0.004487140360622546,DOGEUSDT
2026-07-04,0.07766,473877176.0,0.0015475883415012603,0.0015463920607382837,0.05746187363834432,0.020231213872832443,0.0015400000000000136,500624699.85,207507581.7435484,0.946571705595001,-35197494108.0,0.3237021218129345,0.00012000000000000899,0.0014228571428571443,34.839357429718916,-0.004039799465836685,DOGEUSDT
2026-07-05,0.07787,388692032.0,0.002704094772083332,0.0027004452853733557,0.08032741398446164,0.03951408356694697,0.0029599999999999904,474619450.7,185035893.63746518,0.8189551258945065,-34808802076.0,0.3252449615516971,0.00020999999999998797,0.001333571428571429,38.29673272629888,-0.0036265289703111686,DOGEUSDT
2026-07-06,0.07666,629235388.0,-0.015538718376781668,-0.015660709636485536,0.061478814732760956,0.011345646437994628,0.0008599999999999997,475485335.4,185751339.4550712,1.323353931558496,-35438037464.0,0.32657015298880954,0.0012099999999999889,0.0014035714285714276,35.21628498727735,-0.003357937796092475,DOGEUSDT
2026-07-07,0.07418,429575107.0,-0.03235063918601633,-0.032885487890964446,0.0,-0.004295302013422875,-0.00032000000000000084,474857118.45,185891245.7493765,0.9046407652099503,-35867612571.0,0.33859252193274497,0.00248000000000001,0.0013249999999999998,37.30458221024257,-0.0033070707758802026,DOGEUSDT
2026-07-08,0.07243,460956654.0,-0.02359126449177673,-0.02387399385421003,-0.06590147020892445,-0.010519125683060238,-0.0007700000000000068,478036899.65,185037820.98407036,0.964270026722821,-36328569225.0,0.3352920978750142,0.0017500000000000016,0.0012521428571428564,39.4751853964632,-0.0033691314207180967,DOGEUSDT
2026-07-09,0.07289,309017476.0,0.006350959547148927,0.006330877186886853,-0.06142158125160968,-0.007489106753812758,-0.0005500000000000088,481684236.8,180685068.71845907,0.6415353719127559,-36019551749.0,0.33760892423057925,0.0004600000000000021,0.0011985714285714288,43.9809296781883,-0.003342664616295149,DOGEUSDT
2026-07-10,0.07412,292452275.0,0.016874742763067774,0.016733946023037585,-0.04815718505200961,0.028301886792452935,0.00204,484995434.5,176311106.15872955,0.6030000577252856,-35727099474.0,0.3467710932039362,0.0012300000000000089,0.0012228571428571436,45.09345794392523,-0.003185715813783782,DOGEUSDT
2026-07-11,0.07321,256812815.0,-0.012277388019428015,-0.012353377758607783,-0.04500391338377263,0.01370811409581818,0.0009899999999999909,488553345.6,170577303.16832963,0.5256597203005624,-35983912289.0,0.3449570974796453,0.000910000000000008,0.0011950000000000005,46.14465032875075,-0.0030990383666448795,DOGEUSDT
2026-07-12,0.07272,257601710.0,-0.006693074716568659,-0.006715573789327799,-0.019681854947425026,-0.019681854947425026,-0.001459999999999989,484744848.3,175007804.98153234,0.5314171174864655,-36241513999.0,0.3435446238759694,0.0004899999999999904,0.0011371428571428574,48.49246231155781,-0.003034900328383383,DOGEUSDT
2026-07-13,0.07197,306017434.0,-0.010313531353135286,-0.01036708434951047,-0.006350959547148816,-0.07183389218467873,-0.005569999999999992,469684577.25,176863506.02412933,0.651538178646891,-36547531433.0,0.3146814474406489,0.0007500000000000007,0.0011735714285714286,45.5264759586123,-0.003009893029706917,DOGEUSDT
2026-07-14,0.07445,483802404.0,0.03445880227872711,0.03387839361030496,0.021402112772671122,-0.04133402008756126,-0.0032100000000000045,450429577.6,150042562.50452623,1.0740911078216013,-36063729029.0,0.3214350416329427,0.002479999999999996,0.0012535714285714283,56.75213675213674,-0.0027581648836816908,DOGEUSDT
2026-07-15,0.07409,552650320.0,-0.004835460040295447,-0.004847188701452393,-0.0004047490555855182,-0.04854244253242579,-0.0037799999999999917,443326466.9,140956968.88216832,1.2465989767415802,-36616379349.0,0.3169647814589183,0.0003599999999999992,0.001269285714285714,55.261676983680346,-0.0025582278475230896,DOGEUSDT
2026-07-16,0.07236,305474948.0,-0.023349979754352934,-0.023626909901471285,-0.011610435732823388,-0.05609183407252816,-0.004300000000000012,425217180.3,133697764.285749,0.7183974734616337,-36921854297.0,0.3235183806650553,0.0017300000000000093,0.0012528571428571439,44.81185860889396,-0.0025104341257746465,DOGEUSDT
2026-07-17,0.07256,328210716.0,0.0027639579878386833,0.0027601452797868767,-0.002200220022002264,-0.021838770558101905,-0.0016199999999999964,427680900.9,131292664.70193104,0.7674196236243479,-36593643581.0,0.3189407915150912,0.00020000000000000573,0.0010271428571428584,32.68428372739919,-0.0024284255503218832,DOGEUSDT
2026-07-18,0.0723,44274563.0,-0.0035832414553472747,-0.003589676642162136,0.004585243851604748,-0.0017948363937593248,-0.00012999999999999123,413271785.6,155816670.93805838,0.107131830777465,-36637918144.0,0.3132769652426918,0.00025999999999999635,0.0010371428571428576,31.542699724517902,-0.0023572401929121967,DOGEUSDT
2025-07-29,3793.79,584210.4393,-0.001371413529876242,-0.0013723547780699651,0.023429027715582196,0.05617467657384023,201.77999999999975,740921.13546,249285.6558390129,0.7884920693175983,9545588.294599999,0.42178383111007395,5.210000000000036,77.18571428571428,80.34888025171202,284.41990478500975,ETHUSDT
2025-07-30,3810.0,525424.9003,0.004272772082798415,0.004263669711191031,0.022829775353292447,0.014190683820064942,53.309999999999945,719597.576975,248528.0612525805,0.7301649103777542,10071013.194899999,0.38008408736572086,16.210000000000036,61.66785714285714,75.40394973070019,275.63519776647445,ETHUSDT
2025-07-31,3698.39,516088.4503,-0.029293963254593214,-0.029731599322331093,-0.011416428323220429,-0.01699478780436592,-63.940000000000055,700060.0410450001,248392.7272495009,0.7372059824034803,9554924.744599998,0.4075764925141066,111.61000000000013,62.10285714285715,62.73923444976076,256.7080888742721,ETHUSDT
2025-08-01,3488.2,783869.1517,-0.056832838072783054,-0.05851174596384749,-0.09914516670540541,-0.06887227357782943,-258.0100000000002,721809.254245,234691.21989990104,1.0859782513039593,8771055.592899999,0.47189700967171594,210.19000000000005,72.11285714285714,47.091859981378384,222.18641565246935,ETHUSDT
2025-08-02,3393.94,494195.7094,-0.027022533111633495,-0.027394355452404134,-0.10662279547249276,-0.06458965518191762,-234.3499999999999,728652.364635,225312.43729524422,0.6782324924555139,8276859.883499999,0.48881441700420863,94.25999999999976,75.62499999999997,40.646044864226674,185.0881655139915,ETHUSDT
2025-08-03,3496.74,296347.6758,0.0302892803054855,0.02983961747477572,-0.07829900969742665,-0.05670445165014815,-210.20000000000027,702692.115945,243915.98940050724,0.4217318923543968,8573207.559299998,0.49523968532153323,102.79999999999973,71.20499999999996,36.961690089981616,162.1138878782731,ETHUSDT
2025-08-04,3720.99,463349.9861,0.06413116216819104,0.0621586560364612,-0.02336220472440953,-0.0010657832567330106,-3.9700000000002547,682680.4283649999,246426.49979158782,0.6787216490294147,9036557.545399997,0.5216317532822446,224.25,86.81999999999996,48.29943725935432,160.1555348830143,ETHUSDT
2025-08-05,3612.0,489070.9589,-0.029290592019865613,-0.02972812635652487,-0.023358812888851554,-0.03450856699901095,-129.0999999999999,650336.447155,225353.81622706182,0.7520276020812282,8547486.586499996,0.47735603032278,108.98999999999978,93.4535714285714,44.871020751328004,148.1017194607116,ETHUSDT
2025-08-06,3683.31,365309.9205,0.019742524916943616,0.019550168879219083,0.05593429275844275,-0.0487564887270473,-188.78999999999996,619898.65186,220383.96272918544,0.5893058799271318,8912796.506999996,0.47026241439197763,71.30999999999995,90.12428571428566,52.18032241190737,142.65862510465422,ETHUSDT
2025-08-07,3910.31,631678.9872,0.06162934968818812,0.05980485030798321,0.15214470497415977,0.029299815740984503,111.30999999999995,593291.431335,179610.46930839494,1.0647026972538975,9544475.494199995,0.511235882188621,227.0,100.72071428571424,57.21124183562751,154.8766152803396,ETHUSDT
2025-08-08,4009.5,723300.0109,0.025366275308095876,0.025049890523005283,0.14663944130818996,0.056858708573748196,215.71000000000004,610366.835815,174608.93030016767,1.1850250840286964,10267775.505099995,0.515598193329692,99.19000000000005,106.51857142857138,59.54025454984376,170.59673162561648,ETHUSDT
2025-08-09,4260.62,691932.1048,0.0626312507793989,0.06074814433253135,0.14502323306431886,0.11827296587926517,450.6199999999999,602345.61339,166399.07037681655,1.1487293829630592,10959707.609899996,0.5358432270934441,251.1199999999999,123.30285714285709,65.04773380294745,201.00130447019956,ETHUSDT
2025-08-10,4250.57,494843.8105,-0.0023588116283546068,-0.0023615980070610175,0.17679125138427465,0.14930280473395174,552.1799999999998,586484.101245,160365.24586543697,0.8437463342135546,10464863.799399996,0.536529019323773,10.050000000000182,114.66357142857139,61.788212721688915,221.73022844279103,ETHUSDT
2025-08-11,4223.22,722664.04,-0.006434431146881359,-0.006455221328954463,0.1465828290314961,0.21071612866234757,735.0200000000004,579110.9339249999,149671.11666784252,1.247885331920864,9742199.759399995,0.5371644024411701,27.349999999999454,111.39571428571422,63.60080536568477,233.26223180088664,ETHUSDT
2025-08-12,4590.52,885288.0652,0.08697155251206423,0.08339543715453994,0.1739529602512333,0.35256368704219887,1196.5800000000004,583362.36706,157296.85596216723,1.5175611509903009,10627487.824599994,0.5880857315163304,367.3000000000002,137.25928571428565,70.73057768665146,268.9393030153383,ETHUSDT
2025-08-13,4749.3,925931.4988,0.03458867404999855,0.03400393134970226,0.18451178451178452,0.3582079308155597,1252.5600000000004,592185.96725,171420.06771931468,1.5635823035453733,11553419.323399995,0.5925353584501241,158.77999999999975,147.44285714285706,72.75215579885672,306.492799801415,ETHUSDT
2025-08-14,4546.84,1265449.0453,-0.042629440128018836,-0.04356475257801217,0.06717801634503906,0.22194362253056332,825.8500000000004,617228.0832100001,225869.55428076797,2.0502130083239507,10287970.278099995,0.6244330129936719,202.46000000000004,153.93214285714276,69.68515811698106,316.2716044081544,ETHUSDT
2025-08-15,4439.47,880409.2591,-0.023614202391111117,-0.023897486238018403,0.044441098487967734,0.22908914728682173,827.4700000000003,640885.561045,227492.98898641186,1.373738640116097,9407561.018999996,0.6360107772748617,107.36999999999989,146.58785714285705,73.17649581187297,311.7636979956774,ETHUSDT
2025-08-16,4421.99,358676.5884,-0.0039374069427207115,-0.003945178937148229,0.04706598282826846,0.20054787677387997,738.6799999999998,635951.76744,232693.47350000046,0.5639996722453327,9048884.430599995,0.630161302286607,17.480000000000473,141.10357142857137,76.02065352198233,303.2845838776884,ETHUSDT
2025-08-17,4472.33,442461.3829,0.011384014889224137,0.011319704604323999,-0.025746538518512163,0.14372773514120363,562.02,627025.0992699999,236687.65870881197,0.7056517887643189,9491345.813499995,0.6225343424523692,50.340000000000146,137.35642857142855,75.36648656519274,297.20089522253875,ETHUSDT
2025-08-18,4312.99,823188.1269,-0.03562796126403911,-0.03627812652559123,-0.09186827532478481,0.07569272976680375,303.4899999999998,638973.9836500001,240415.34558454753,1.2882967819718054,8668157.686599994,0.6416221097828185,159.34000000000015,132.72,65.93042280203221,276.3366845072792,ETHUSDT
2025-08-19,4075.59,831222.7951,-0.05504302119875071,-0.05661587760273519,-0.10364340948878781,-0.04342795180044212,-185.02999999999975,654263.87839,242528.54666586948,1.270470252989447,7836934.891499994,0.6786849913418843,237.39999999999964,141.89214285714283,61.668571198445505,237.9030529268648,ETHUSDT
2025-08-20,4336.16,728324.8933,0.06393430153670998,0.06197364233702371,-0.023270795838241987,0.02013612291998479,85.59000000000015,664875.70054,240801.53354819614,1.0954301574090732,8565259.784799995,0.6980082016586988,260.5699999999997,155.41071428571425,65.0028725726761,225.86629823649037,ETHUSDT
2025-08-21,4225.3,433836.3992,-0.025566399763846226,-0.025898899620050653,-0.04447997394838066,0.0004925151898313995,2.0799999999999272,647374.062915,244391.377612747,0.6701479469945377,8131423.385599995,0.6670985342654036,110.85999999999967,147.11499999999995,57.64683605148549,205.01828475273305,ETHUSDT
2025-08-22,4832.07,1277976.63526,0.14360400444938803,0.13418468307705242,0.08043681928659097,0.052619311102010125,241.54999999999927,686563.109208,278935.5832873412,1.8614117451405712,9409400.020859994,0.8013818114311508,606.7699999999995,183.3707142857142,66.02082432542974,234.75128518850397,ETHUSDT
2025-08-23,4778.4,512442.0888,-0.011107041081772406,-0.011169184846589514,0.10790889846718854,0.006127218748025909,29.099999999999454,697367.8298579999,266952.7198789658,0.7348232408488716,8896957.932059994,0.8070908112533369,53.67000000000007,169.26714285714277,60.9248271962325,251.08977515740116,ETHUSDT
2025-08-24,4780.15,780668.77842,0.000366231374518744,0.00036616432817805254,0.17287313002534588,0.05131255993173278,233.3099999999995,713233.769474,261690.00085486728,1.094548255890537,9677626.710479993,0.7891573228730783,1.75,168.67428571428562,61.21307337895522,261.1687655870801,ETHUSDT
2025-08-25,4376.18,1043917.1659,-0.0845099003169355,-0.08829572903520404,0.009229364230102233,-0.014256206258855264,-63.289999999999964,740976.079824,266049.1942793637,1.408840574378536,8633709.544579994,0.8510020837798871,403.96999999999935,195.57571428571418,52.79321855620404,233.8636012161778,ETHUSDT
2025-08-26,4600.63,834750.2767,0.05128902376044864,0.050017052910167316,0.08882919556007862,0.040398101307330014,178.64000000000033,764448.097634,251470.5304586884,1.0919646203366695,9468459.821279993,0.8626037496044935,224.44999999999982,185.37214285714273,50.194781925162125,227.71039720802128,ETHUSDT
2025-08-27,4506.71,606669.3611,-0.020414595392370227,-0.02062585335400408,-0.0673334616427328,0.007687268157761107,34.38000000000011,763197.6163290001,252226.54239072825,0.7949046853920941,8861790.460179994,0.8497522915820345,93.92000000000007,180.73928571428561,45.20639437232003,212.80232686307863,ETHUSDT
2025-08-28,4511.21,485243.4027,0.0009985111089907406,0.0009980129283716935,-0.05591620626151006,0.04595883598153483,198.22000000000025,751294.785919,259714.36978271444,0.6458761750974217,9347033.862879993,0.8477161893645473,4.5,166.5992857142856,49.23619120301493,199.0560913864074,ETHUSDT
2025-08-29,4360.18,679063.8777,-0.033478822754870574,-0.03405206930103277,-0.08785707561478184,0.06982792675416327,284.59000000000015,750651.3745639999,259885.05760797294,0.904632830512593,8667969.985179994,0.832921743789032,151.02999999999975,169.717857142857,48.33147450600787,173.96982608261806,ETHUSDT
2025-08-30,4373.7,340319.1826,0.003100789416950578,0.0030959918843136355,-0.0005667042946132517,0.008657429615143375,37.539999999999964,742925.143169,269990.81125576055,0.45808004444208783,9008289.167779995,0.8327316595537801,13.519999999999527,169.4349999999998,48.98212125172316,153.41130111716848,ETHUSDT
2025-08-31,4391.83,356586.1861,0.004145231725998677,0.004136663921829146,-0.04538508856395762,0.039412586088561685,166.52999999999975,724621.2504740001,283507.38900424365,0.49210009486575845,9364875.353879996,0.8320400310633442,18.13000000000011,167.13428571428554,48.27982631587944,137.0021855332161,ETHUSDT
2025-09-01,4314.5,513830.0395,-0.017607694286891795,-0.017764553752352776,-0.04264973783536108,-0.10711144499148395,-517.5699999999997,706048.349189,284593.1915454896,0.7277547495015166,8851045.314379996,0.7731536702771666,77.32999999999993,161.27642857142837,50.033438594781806,116.415987448544,ETHUSDT
2025-09-02,4326.5,524605.0512,0.002781318808668498,0.0027774580984313694,-0.04094466894691229,-0.09457140465427749,-451.89999999999964,685982.026809,282413.68814970116,0.7647504317865567,9375650.365579996,0.7613394646688262,12.0,145.1764285714284,56.17253883206149,99.91778681299184,ETHUSDT
2025-09-03,4450.46,487091.6861,0.028651334797180184,0.02824856055761766,0.02070556720135408,-0.0689706389966841,-329.6899999999996,647064.158849,250144.76513973705,0.7527718533606318,9862742.051679997,0.7548866830324672,123.96000000000004,135.41857142857128,53.01446309326639,95.74172891547369,ETHUSDT
2025-09-04,4297.55,471795.7096,-0.03435824611388483,-0.034962368743768533,-0.017410887806662445,-0.017967725276382573,-78.63000000000011,626633.481374,246746.88808987627,0.752905364337552,9390946.342079997,0.7602822691706409,152.90999999999985,138.42214285714272,51.864121656836495,79.18086613063224,ETHUSDT
2025-09-05,4307.45,624169.8754,0.002303638119393492,0.0023009888130162623,-0.019212947677847314,-0.06372605490987115,-293.1800000000003,639908.1457240001,238578.83475287273,0.9754054227483016,10015116.217479996,0.7602383809014145,9.899999999999636,95.7885714285713,30.43980791027856,66.09322872221674,ETHUSDT
2025-09-06,4273.14,191166.0686,-0.00796526947497933,-0.00799716170022149,-0.009586278827210526,-0.05182716438377433,-233.5699999999997,627343.380009,255539.0698659519,0.3047231782333584,9823950.148879996,0.759410593815594,34.30999999999949,94.40571428571411,30.88569093880514,52.34920250511368,ETHUSDT
2025-09-07,4306.19,169620.8372,0.007734359276784675,0.007704602454888019,-0.004694325667398691,-0.045446787003930345,-205.02000000000044,594665.015524,270525.9360592182,0.28523762584307316,9993570.986079996,0.7488822506648808,33.04999999999927,96.64142857142835,32.48458957264701,43.620985924703746,ETHUSDT
2025-09-08,4306.37,372882.4355,4.180029213762815e-05,4.1799418529761376e-05,-0.032376428504019894,-0.012341233618795688,-53.8100000000004,571747.997544,268840.14962876023,0.6521796964777373,10366453.421579996,0.7192015126214063,0.18000000000029104,67.79928571428556,46.32265405240255,36.299893322677235,ETHUSDT
2025-09-09,4310.09,405485.7821,0.0008638365955551119,0.0008634637034529795,0.0029179416178986006,-0.014543750142899547,-63.60999999999967,555606.041984,268636.03242360346,0.7298080860533135,10771939.203679996,0.6830766631990487,3.7200000000002547,52.03285714285702,30.057930428575304,30.447072699177625,ETHUSDT
2025-09-10,4349.32,506633.9098,0.00910189810421591,0.009060725473809083,0.00972036819928257,-0.009679336404186945,-42.51000000000022,559245.917514,267389.57291395497,0.9059233048175397,11278573.113479996,0.6765546629085494,39.22999999999956,48.126428571428406,38.32019828724929,28.644012977641978,ETHUSDT
2025-09-11,4458.82,441259.6649,0.025176349406343945,0.024864645993088238,0.04345282391871064,0.0334499942055857,144.3199999999997,517410.068996,207844.65822603286,0.8528238844602216,11719832.778379995,0.4364298632839367,109.5,55.626428571428406,46.636362469021634,35.63997458638005,ETHUSDT
2025-09-12,4712.16,510777.5402,0.05681772307471489,0.05526224459511558,0.0942759144394465,0.08913902692707731,385.65999999999985,517326.841566,207847.08551490086,0.9873401091152072,12230610.318579996,0.4849312991147981,253.34000000000015,62.93428571428558,69.97434966177875,60.92444622187213,ETHUSDT
2025-09-13,4666.53,394393.6869,-0.009683457268004458,-0.009730646826155577,0.08363424415458964,0.04855003752421094,216.0699999999997,498013.0869899999,199882.98822816723,0.7919343832583247,11836216.631679997,0.4860731857170053,45.63000000000011,65.22785714285705,66.0333555996014,76.39992176282067,ETHUSDT
2025-09-14,4604.49,278244.3205,-0.013294675058341032,-0.013383840415569823,0.06830483818203326,0.07142208932996708,306.9399999999996,459729.44472,158958.00053079656,0.6052349347983698,11557972.311179997,0.37675138823670246,62.039999999999964,68.36428571428561,61.10960192247415,82.70486787880145,ETHUSDT
2025-09-15,4523.74,412291.9687,-0.01753722996466489,-0.017692829050488672,0.04010282067081761,0.05021300305285026,216.28999999999996,438606.52932000003,132341.54603554585,0.9400041749018256,11145680.342479998,0.33633356584054996,80.75,68.60857142857132,60.89201682422022,80.2605394183447,ETHUSDT
2025-09-16,4501.29,293307.1099,-0.004962707847931069,-0.004975062976067039,0.00952494157647088,0.053391651104339966,228.14999999999964,422938.41676000005,129924.76004221417,0.6934983871811284,10852373.232579999,0.328663637829694,22.449999999999818,69.35499999999989,59.000793021411596,75.63993404997109,ETHUSDT
2025-09-17,4590.53,476981.4561,0.01982542782180219,0.019631463454173458,-0.02581194186954605,0.0660305281466913,284.34000000000015,422525.31943,129729.22164192043,1.1288825406805516,11329354.688679999,0.33602667099630074,89.23999999999978,66.87499999999987,57.4803738317757,78.27666848728586,ETHUSDT
2025-09-18,4587.66,290660.377,-0.000625200140288773,-0.0006253956593931097,-0.0169012092496994,0.06531951504399292,281.28999999999996,403105.14439499995,117830.65797186467,0.7210535043809411,11038694.311679998,0.31047371537255264,2.869999999999891,56.15785714285702,68.44990524160214,79.22149839130998,ETHUSDT
2025-09-19,4468.59,331611.1482,-0.025954408129634676,-0.026297167533291962,-0.029514669377064484,0.03677417408917205,158.5,402669.742675,118090.6739496616,0.8235313286691315,10707083.163479999,0.32671337453467364,119.06999999999971,63.955714285714166,58.99841408117228,69.56047910367852,ETHUSDT
2025-09-20,4480.42,130781.913,0.002647367514137633,0.0026438694092462277,-0.009576147170261673,0.030142642987869506,131.10000000000036,391379.52902,132627.82462989198,0.33415624298867425,10837865.07648,0.32658194178519384,11.829999999999927,62.34999999999991,61.873066788864705,62.14229613925363,ETHUSDT
2025-09-21,4444.97,149349.8262,-0.00791220465938458,-0.007943672245900365,-0.01251196879116867,-0.003106202986440265,-13.849999999999454,373155.518355,139765.7091615248,0.4002348052050423,10688515.25028,0.3209418819858048,35.44999999999982,62.52142857142852,57.92756769107739,52.7942348863362,ETHUSDT
2025-09-22,4199.08,708243.2348,-0.05531870856271248,-0.056907666110895525,-0.0852733780195315,-0.10888424841261757,-513.0799999999999,382337.42753499997,155396.82366201346,1.8524036199285405,9980272.01548,0.3792664868128404,245.89000000000033,80.07214285714281,45.21458327758003,25.253454874661657,ETHUSDT
2025-09-23,4164.26,315227.9057,-0.008292292597426032,-0.008326864910836613,-0.0922910590584306,-0.10763243780710707,-502.2699999999995,373744.238515,154045.21867968474,0.8434321474827191,9665044.10978,0.3629935472798876,34.81999999999971,82.29357142857134,43.67117723134076,0.610468200276955,ETHUSDT
2025-09-24,4152.81,353665.5671,-0.0027495881621224516,-0.0027533752231514953,-0.07066658610434162,-0.09809555455653052,-451.6799999999994,367837.73139,152343.1003220365,0.9614716950421436,9311378.54268,0.343684084150141,11.449999999999818,80.30928571428565,41.26101767274735,-19.617062307577726,ETHUSDT
2025-09-25,3874.36,930327.6951,-0.06705098475490101,-0.06940472566749337,-0.13526856857169633,-0.14354936402180485,-649.3799999999997,383145.622375,190147.0545590843,2.4281308222528795,8381050.847580001,0.41442471323650953,278.4500000000003,92.3771428571428,27.403965111963387,-57.45382196692117,ETHUSDT
2025-09-26,4032.24,575711.0859,0.040749956121785225,0.03994156493275973,-0.09285327010081068,-0.10420346167432004,-469.0500000000002,402372.87324,189152.36269526897,1.4307900064540642,8956761.93348,0.4447047349937249,157.87999999999965,85.55857142857134,21.618440166302094,-73.84884652091569,ETHUSDT
2025-09-27,4018.38,172693.2638,-0.003437295399083329,-0.0034432164711230614,-0.04303323585166274,-0.12463702448301173,-572.1499999999996,402526.49457,188954.52678695138,0.4290233466109604,8784068.66968,0.44305271965128407,13.859999999999673,83.2892857142856,22.207452510612725,-86.9580099575669,ETHUSDT
2025-09-28,4142.16,240331.8589,0.030803458109984527,0.03033855457312372,-0.005307065360952601,-0.09710832973672856,-445.5,395898.96574,192343.20990114775,0.6070535154108836,9024400.528579999,0.4590925561323217,123.77999999999975,87.69928571428558,31.17226887334151,-86.36355954517057,ETHUSDT
2025-09-29,4215.07,380728.6784,0.017601927496764924,0.017448807761483453,0.014992258254049595,-0.05673377955910042,-253.52000000000044,394661.110555,192357.92875828067,0.964697732352176,9405129.20698,0.4640733427583321,72.90999999999985,87.13928571428558,37.349071683265684,-79.09743959762181,ETHUSDT
2025-09-30,4145.15,391126.6172,-0.016588099367270348,-0.016727222559593583,0.06989283391321388,-0.07483003825534218,-335.27000000000044,388885.745925,190544.56178731335,1.005762286991697,9014002.58978,0.46582929137115076,69.92000000000007,90.52999999999987,35.95019804011295,-78.08087907350091,ETHUSDT
2025-10-01,4348.03,507026.3822,0.04894394653993217,0.04778389284816072,0.07831627085689341,-0.02180892109508059,-96.94000000000051,392174.08178999997,192057.45987828847,1.2928605069610406,9521028.97198,0.4911635663296608,202.8800000000001,98.64714285714275,41.22051178080604,-60.210458388522966,ETHUSDT
2025-10-02,4484.35,526411.1571,0.03135212958512268,0.030870688512346534,0.11595966533777302,0.06793630985835009,285.27000000000044,392955.762635,192596.6444405193,1.3396193850679345,10047440.12908,0.45879284432708006,136.32000000000062,108.17928571428567,46.589325920594796,-34.648727556833364,ETHUSDT
2025-10-03,4512.87,485684.0267,0.006359896083044214,0.0063397572859535895,0.08949678428645935,0.08371475364170333,348.6099999999997,397520.27962499997,193711.07739002554,1.2217842751523749,10533124.155779999,0.4587980701047191,28.519999999999527,101.71142857142851,51.55481895558863,-11.951773457283707,ETHUSDT
2025-10-04,4487.15,199732.7088,-0.005699255684298521,-0.005715558413766914,0.06454934319003014,0.08050934186731373,334.33999999999924,393594.69904,197022.65614545104,0.5074578221890679,10333391.44698,0.4569466604151705,25.720000000000255,102.7035714285714,50.23402997531035,3.915205093157965,ETHUSDT
2025-10-05,4514.32,506587.9614,0.006055068361877858,0.006036810101716383,0.08906070950387801,0.1651782487946396,639.9599999999996,398309.49867500004,198615.459777724,1.2718450428252266,10839979.40838,0.4532070432265466,27.170000000000073,102.11214285714284,52.42555453737836,18.469388229907054,ETHUSDT
2025-10-06,4684.01,456200.6528,0.037589271473887687,0.03690001421518396,0.07727177595370782,0.161639684145785,651.7700000000004,406454.17581999995,197419.28199342097,1.122391354153612,11296180.06118,0.47147111128839286,169.6900000000005,96.6692857142857,67.91564760560675,43.198285123600726,ETHUSDT
2025-10-07,4447.7,640685.9319,-0.05045036197617003,-0.051767472030075326,-0.008172867862678124,0.10683907445288887,429.3199999999997,414639.39960999996,203788.27321201193,1.545164141426536,10655494.129279999,0.5020525012516552,236.3100000000004,111.0614285714286,59.114646977862954,43.22954867138287,ETHUSDT
2025-10-08,4525.72,399904.3287,0.01754165074083236,0.017389571885848193,0.002847411957357604,0.09259903045753926,383.5600000000004,420101.59719500004,201744.12635996682,0.951922895247587,11055398.45798,0.5064023706079288,78.02000000000044,115.81642857142866,61.49941718113023,48.985216138490614,ETHUSDT
2025-10-09,4368.09,515978.1829,-0.034829817134069296,-0.03545083789043667,-0.02653354579187228,0.03630307444478986,153.02000000000044,429319.94892999995,201700.0584300579,1.201850005307183,10539420.27508,0.5133240326917727,157.6300000000001,107.18642857142865,66.45097660284817,40.36193320088478,ETHUSDT
2025-10-10,3829.72,1493971.0244,-0.12325066562273224,-0.13153414915544512,-0.15165074695635217,-0.07609616057320001,-315.42999999999984,497479.4045,301262.08940787707,3.003081154488276,9045449.25068,0.6725000967183715,538.3700000000003,134.36428571428584,44.61697942693105,-9.801059792406704,ETHUSDT
2025-10-11,3746.79,789885.6582,-0.02165432459814287,-0.021892220065384466,-0.20008923977532078,-0.13827871472827924,-601.2399999999998,529506.1961000001,296311.6238448025,1.491740160960885,8255563.59248,0.6745325844438854,82.92999999999984,139.29785714285728,43.03676089776789,-55.6063556157269,ETHUSDT
2025-10-12,4152.29,811308.152,0.10822597476773455,0.10276051587678621,-0.06641859837668906,-0.07404863581121013,-332.0600000000004,534659.44196,300451.0017477479,1.517429766181324,9066871.74448,0.7648920675170982,405.5,159.42071428571444,50.22693770750351,-58.51242663837638,ETHUSDT
2025-10-13,4240.85,622813.9247,0.021327990097030902,0.02110373156831671,-0.06294468062540326,-0.06027649810431046,-272.0199999999995,550038.74291,296473.6466801585,1.1323091922670396,9689685.66918,0.767566557250756,88.5600000000004,160.53857142857163,50.57351593297562,-53.057839244288516,ETHUSDT
2025-10-14,4125.02,962996.7658,-0.02731292075881009,-0.02769285259047492,-0.05564674720530016,-0.08070378748203189,-362.1299999999992,580505.302845,306374.686269405,1.658894003345786,8726688.903380001,0.774521031449152,115.82999999999993,163.81785714285732,49.56114151169637,-57.41965437149338,ETHUSDT
2025-10-15,3985.61,626081.6966,-0.03379619977600112,-0.0343804937045906,0.040705325715718166,-0.11711841429052428,-528.7099999999996,565293.00292,295449.4114245714,1.1075348418713804,8100607.206780001,0.7442791835660311,139.4100000000003,159.28428571428591,41.873918151732326,-71.30370150110957,ETHUSDT
2025-10-16,3894.51,643804.6163,-0.022857228880899028,-0.023122505456865863,0.039425748440665265,-0.16855215936772128,-789.5,568697.6794399999,295967.6760488891,1.1320683019736575,7456802.590480001,0.7350865775857853,91.09999999999991,156.05428571428587,36.50103443856534,-88.63617487615193,ETHUSDT
2025-10-17,3831.57,830127.0885,-0.016161211551645738,-0.016293228229644297,-0.07723930650315847,-0.13852777840232022,-616.1299999999997,601569.370675,286012.0826553277,1.3799357629670261,6626675.501980001,0.7370989192608622,62.940000000000055,158.5128571428573,34.649735487882936,-106.22650387510384,ETHUSDT
2025-10-18,3889.21,250710.6121,0.015043441722322637,0.014931411304294739,-0.08291733968426152,-0.1406428148449308,-636.5100000000002,602088.308335,285330.764635437,0.4164017281672665,6877386.114080001,0.7300730564924918,57.63999999999987,160.7928571428573,36.718937408378146,-114.19947954237296,ETHUSDT
2025-10-19,3982.58,408538.2545,0.024007446242295893,0.02372379831186929,-0.03453074166913139,-0.0882559654219579,-385.5100000000002,603478.78714,284261.0113267704,0.6769720215620834,7285924.3685800005,0.7327182616207042,93.36999999999989,165.52142857142871,38.526733698701086,-111.69637524131713,ETHUSDT
2025-10-20,3979.22,511382.3301,-0.0008436742011460607,-0.0008440302945235186,-0.0016032677557513697,0.03903679642375946,149.5,609491.5727850001,280783.4312613162,0.8390310103276712,6774542.038480001,0.7306343143824597,3.3600000000001273,153.6407142857144,33.61692631696398,-108.73039466081718,ETHUSDT
2025-10-21,3873.05,590594.1382,-0.02668110835791926,-0.027043509852020572,-0.005510320938962754,0.03369817897453564,126.26000000000022,613669.960585,279798.441495868,0.9623970148986889,6183947.900280001,0.7110952900389557,106.16999999999962,144.34500000000006,35.78183221745522,-113.63692959449054,ETHUSDT
2025-10-22,3805.53,593130.0905,-0.017433289009953445,-0.017587038317258403,-0.006796169716330347,-0.08351054478372166,-346.75999999999976,617005.907255,279100.1900922046,0.9613037468940595,5590817.809780001,0.6991839210802316,67.51999999999998,143.59500000000003,32.087766685071614,-121.57228397734616,ETHUSDT
2025-10-23,3856.8,477231.0181,0.013472499231381718,0.013382552088275646,-0.008333311906531082,-0.09055967553674382,-384.0500000000002,616583.256825,279315.8386541791,0.7739928271121522,6068048.827880001,0.7014710748303363,51.26999999999998,135.99785714285716,36.57305524771924,-122.31408830605187,ETHUSDT
2025-10-24,3934.88,425926.9383,0.020244762497407143,0.02004256174236033,-0.011977160534126119,-0.04609432196692387,-190.14000000000033,627892.9683,265801.33832684235,0.6783432205861192,6493975.76618,0.708067008408336,78.07999999999993,103.11999999999999,53.64208134766709,-115.27277730083824,ETHUSDT
2025-10-25,3953.82,138526.3338,0.004813361525637383,0.004801814340076848,-0.0063831605188955365,-0.007976194359207267,-31.789999999999964,609489.8869200001,286572.1189515954,0.2272824156279767,6632502.09998,0.707809870499475,18.940000000000055,98.54928571428572,57.50277236190739,-106.9315475696776,ETHUSDT
2025-10-26,4158.46,344698.0918,0.051757540808635705,0.05046261323567923,0.07369127690063393,0.06777489337554665,263.9499999999998,603914.75887,290765.18580589874,0.570772756812523,6977200.19178,0.720954172612282,204.63999999999987,84.20214285714285,50.26170016032846,-82.85324453165003,ETHUSDT
2025-10-27,4120.15,487131.2291,-0.009212545028688623,-0.009255242961713369,0.08267442379905021,0.07531638466738166,288.5799999999995,596237.0237299999,291768.7254244159,0.8170093598893862,6490068.96268,0.7010140590275942,38.3100000000004,80.61285714285714,44.652572258944836,-66.10034905135262,ETHUSDT
2025-10-28,3979.2,472965.8377,-0.03420991954176422,-0.034808776398675446,0.03173615432482868,0.023138375145595136,89.98999999999978,599890.09918,289630.72246738494,0.7884208096558103,6017103.12498,0.705075924140392,140.94999999999982,82.40714285714284,43.68033284215998,-63.46545545224399,ETHUSDT
2025-10-29,3902.99,486452.3127,-0.01915209087253722,-0.019337868003501114,-0.008104440287886927,-0.019984532639645725,-79.59000000000015,598413.80567,290155.71911790606,0.8129028910944911,5530650.81228,0.6985828866032797,76.21000000000004,77.89285714285711,46.2118294360385,-66.75725727115014,ETHUSDT
2025-10-30,3805.09,531455.9923,-0.025083333546844777,-0.025403281941540668,-0.037616785791968255,-0.043759832328948756,-174.12999999999965,550288.054065,199440.71046180898,0.9657778110466204,4999194.81998,0.5483532938358309,97.89999999999964,78.37857142857138,45.92545338558279,-76.38522442532303,ETHUSDT
2025-10-31,3847.99,478636.2995,0.011274371959664409,0.011211289925523064,-0.07465985004064013,-0.006470352822710912,-25.0600000000004,534725.58613,191756.21813305782,0.8951064095587081,5477831.11948,0.54336233491372,42.899999999999636,76.94714285714278,50.76211870857544,-79.6357944244578,ETHUSDT
2025-11-01,3873.77,152998.1626,0.006699601610191452,0.006677259014800738,-0.05979879373323782,0.017931799250038738,68.23999999999978,501810.08666000003,198174.2726790571,0.3048925612841726,5630829.28208,0.37241399889120086,25.7800000000002,74.6714285714285,49.26152668834896,-79.21848266395682,ETHUSDT
2025-11-02,3906.58,216083.1542,0.008469785247962491,0.00843411787205513,-0.01824989947728184,0.012907073221323229,49.779999999999745,481473.548135,205824.9460373915,0.4487954842732349,5846912.43628,0.36387856921316875,32.809999999999945,70.34571428571424,46.14150521912189,-75.37143233690995,ETHUSDT
2025-11-03,3603.83,877187.3852,-0.0774974530151693,-0.08066514211210017,-0.07664892812945967,-0.08413217175619081,-331.0500000000002,477183.079105,195914.9827723226,1.838261714655189,4969725.05108,0.4420150000852974,302.75,91.73071428571423,35.384627364257184,-95.64942501700762,ETHUSDT
2025-11-04,3287.05,1568004.2379,-0.08790092762422197,-0.09200666281684843,-0.1361439545450962,-0.16863944236207007,-666.77,524279.20617,312260.8581830769,2.9907809034706734,3401720.8131799996,0.5211927192980056,316.77999999999975,106.77428571428565,30.39924005244707,-135.71691871204712,ETHUSDT
2025-11-05,3424.29,809591.5132,0.04175172266926275,0.04090364494926036,-0.11010943375632465,-0.17654852998465775,-734.1700000000001,532568.5510150001,317753.0116324421,1.5201639519589234,4211312.3263799995,0.5482666455034211,137.23999999999978,111.75428571428564,37.816382880809925,-154.61427794648534,ETHUSDT
2025-11-06,3315.14,566363.7003,-0.031875220848701535,-0.0323942959310574,-0.14420835516822117,-0.19538366321614498,-805.0099999999998,519380.38160500006,310135.3714840545,1.09046032610976,3644948.6260799994,0.5549893575482429,109.15000000000009,115.88857142857137,33.30724094573603,-176.3650377119684,ETHUSDT
2025-11-07,3436.05,683417.3854,0.03647206452819507,0.03582270079696168,-0.12044550476375748,-0.13649728588661025,-543.1499999999996,541015.72027,305464.0955945631,1.2632116956951507,4328366.01148,0.5710618501994696,120.91000000000031,118.9478571428571,35.02254889597482,-181.7511311155581,ETHUSDT
2025-11-08,3401.51,291532.2881,-0.010052240217691799,-0.010103105142434262,-0.05614027298734947,-0.12848610936743354,-501.47999999999956,535165.42195,309232.0832092319,0.5447517274896688,4036833.72338,0.5603813372705927,34.539999999999964,120.06214285714282,33.57071040592075,-186.65509453870573,ETHUSDT
2025-11-09,3583.46,464098.052,0.05349094960767409,0.05210936343989393,0.09017508099968041,-0.05824566567413647,-221.6300000000001,532801.208045,309604.0161831848,0.8710529274190434,4500931.77538,0.600381569076121,181.94999999999982,118.44142857142853,32.661713444861235,-173.8555776247763,ETHUSDT
2025-11-10,3567.85,595273.0298,-0.004356125085810958,-0.00436564064271813,0.041924019285749736,-0.0728016444949181,-280.1399999999999,533035.152625,309651.7484491379,1.1167612996413119,3905658.7455799994,0.5946608927678162,15.610000000000127,116.81999999999994,33.11504879301489,-163.09144810389398,ETHUSDT
2025-11-11,3417.76,660283.2747,-0.04206735148618912,-0.042977807748070314,0.030954952128718682,-0.11771736577029601,-456.00999999999976,536392.8118350001,310699.9827673127,1.2309696553187777,3245375.4708799995,0.6086272443272138,150.0899999999997,117.47285714285707,32.93101141905122,-164.7724127458937,ETHUSDT
2025-11-12,3414.92,553101.9368,-0.0008309536070408852,-0.0008312990403620452,-0.00614950306311024,-0.12585432782638517,-491.65999999999985,540186.35777,310402.65562351624,1.0239094876133454,2692273.5340799997,0.605086513380073,2.8400000000001455,112.23214285714279,34.46873508353222,-164.4382122489319,ETHUSDT
2025-11-13,3231.54,951989.1347,-0.05369964742951516,-0.055195262890100356,-0.04996898436282715,-0.10330398492714699,-372.28999999999996,566489.46759,322272.81709838647,1.6805063274168544,1740284.3993799996,0.6203179363072858,183.3800000000001,118.33785714285712,32.69029956601257,-176.93103850061198,ETHUSDT
2025-11-14,3112.4,890446.1491,-0.036867871046002754,-0.037564671036127026,-0.1314539579066042,-0.053132748208880365,-174.6500000000001,604085.458355,313457.9566662007,1.4740400332178099,849838.2502799996,0.6255758133721306,119.13999999999987,123.78357142857142,28.77660894302845,-194.20660278895775,ETHUSDT
2025-11-15,3167.88,338463.4782,0.017825472304330958,0.017668461686243114,-0.11210392813599224,-0.07487975609542408,-256.40999999999985,603773.727675,313732.4713696481,0.560580003213039,1188301.7284799996,0.5909609944655632,55.48000000000002,125.90499999999997,29.976683100069778,-201.10265341043805,ETHUSDT
2025-11-16,3095.29,570633.5809,-0.022914378069876395,-0.023180993184499878,-0.09435127100791163,-0.0663169579565267,-219.8499999999999,607948.8452649999,312652.2679944233,0.9386210457415467,617668.1475799996,0.5918459238681761,72.59000000000015,128.74642857142857,27.494798746151062,-210.00442921461217,ETHUSDT
2025-11-17,3031.44,762500.4289,-0.020628115620830334,-0.020843847110688898,-0.1122954564089349,-0.11775439821888511,-404.6100000000001,622425.574825,312776.3316069743,1.225046752158896,-144832.28132000042,0.5874981036573065,63.84999999999991,111.68214285714284,31.695820408685364,-219.67898941201793,ETHUSDT
2025-11-18,3123.66,766640.1058,0.0304211859710235,0.029967637075662683,-0.033383464230676396,-0.08168431079138394,-277.85000000000036,636434.96448,312640.32484109106,1.20458514787349,621807.8244799996,0.6064879122093738,92.2199999999998,95.64214285714284,43.89875951276707,-217.39872757907915,ETHUSDT
2025-11-19,3025.48,737926.7146,-0.03143107764609454,-0.0319356346465724,-0.027927001670736473,-0.15570984467525795,-557.98,646758.500595,312400.2126492144,1.140961756082259,-116118.89012000035,0.6089441847657462,98.17999999999984,92.85214285714285,34.66032786380805,-220.96674206804119,ETHUSDT
2025-11-20,2834.22,912524.3718,-0.06321641524650645,-0.06530298953202794,-0.1053259593166409,-0.20562243367854594,-733.6300000000001,668452.9042100001,315163.9043280184,1.3651288909851498,-1028643.2619200003,0.6303461733627317,191.26000000000022,98.71714285714286,32.60108245781598,-236.50126348169442,ETHUSDT
2025-11-21,2765.85,1180475.4085,-0.02412303914304459,-0.02441876521160861,-0.10643267674434387,-0.19074188942465253,-651.9100000000003,719826.766505,310426.3133976433,1.6399437523441973,-2209118.6704200003,0.6261365753428623,68.36999999999989,94.96428571428568,24.795035727717178,-251.43103081738673,ETHUSDT
2025-11-22,2770.12,264691.3089,0.001543829202595992,0.0015426387233994602,-0.08620325653814698,-0.1888184789101941,-644.8000000000002,722257.17424,306439.4801707818,0.36647792274064045,-1944427.3615200003,0.6230286840542899,4.269999999999982,92.80214285714283,25.701376969435728,-259.92220430469706,ETHUSDT
2025-11-23,2802.16,409808.5734,0.011566285937071319,0.01149990779395844,-0.10292413386860289,-0.13287163395780344,-429.3800000000001,698888.2336500001,311777.29529368144,0.5863721174124534,-1534618.7881200002,0.5861110016729207,32.039999999999964,82.09428571428569,16.010336546827673,-261.05685926706565,ETHUSDT
2025-11-24,2953.38,715279.7551,0.05396551231906832,0.05255972882393761,-0.02383092930708508,-0.05109240457524744,-159.01999999999998,656252.00951,235689.9899964335,1.0899467654721147,-819339.0330200002,0.5575841258031993,151.22000000000025,91.78071428571427,26.089358953406034,-246.90769310633368,ETHUSDT
2025-11-25,2959.36,427686.4528,0.0020247987052124383,0.0020227515632153313,0.04415324145620314,-0.06582320037375156,-208.51999999999998,637156.7564899999,238071.4502291674,0.6712421212576634,-391652.5802200002,0.5308299790385188,5.980000000000018,81.48714285714287,29.909188127837865,-232.53136414158553,ETHUSDT
2025-11-26,3026.56,364535.326,0.02270761245674735,0.022453632291662327,0.09426035395990384,-0.022204704567261868,-68.73000000000002,627065.337775,245395.09987324785,0.5813354750136109,-27117.254220000177,0.5319052502538739,67.19999999999982,86.0842857142857,33.88788396754012,-213.25724470605246,ETHUSDT
2025-11-27,3015.23,274980.3955,-0.003743524000845766,-0.0037505485232770127,0.08848353139936171,-0.005347293695405542,-16.210000000000036,606643.4882799999,257171.2065780668,0.45328170632745857,-302097.64972000016,0.5100172664309787,11.329999999999927,73.79499999999997,39.53132713211309,-196.6299745533579,ETHUSDT
2025-11-28,3031.15,346616.0275,0.00527986256438151,0.005265972958720706,0.08171910240671498,-0.029615899297618764,-92.50999999999976,609397.6752500001,253892.95934839774,0.568784623862905,44518.377779999864,0.5113113575934264,15.920000000000073,66.42214285714284,45.631297652460994,-180.0921421026328,ETHUSDT
2025-11-29,2989.16,217904.1303,-0.013852828134536477,-0.013949673991055718,0.012114932721153382,-0.012004706691169709,-36.320000000000164,597087.979165,266941.3205964621,0.36494476174973217,-173385.75252000013,0.46221650917773005,41.99000000000024,65.45857142857143,40.24901246153509,-168.43244839220597,ETHUSDT
2025-11-30,2991.26,182722.4253,0.0007025385058010425,0.0007022918411458271,0.010779357698961878,0.055408542738390354,157.04000000000042,576460.4489399999,282571.02715105715,0.3169730475629186,9336.672779999877,0.46318319727867846,2.100000000000364,60.42357142857145,43.85114607591647,-157.21038125848463,ETHUSDT
2025-12-01,2799.07,849002.9909,-0.06425051650475055,-0.06640748416649328,-0.07516454324381472,0.012010774264692659,33.220000000000255,585896.43475,288604.0573824249,1.4490666618619494,-839666.3181200001,0.4904790054245747,192.19000000000005,69.59071428571431,38.07466102825706,-161.9579881336772,ETHUSDT
2025-12-02,2996.07,523707.3586,0.07038051924389177,0.06801421071564936,-0.006354407458137423,0.08156686352937781,225.95000000000027,584426.7058400001,288854.59252652054,0.8961044274102297,-315958.9595200001,0.5663882130350983,197.0,77.07500000000005,44.08785505768965,-148.1168483563074,ETHUSDT
2025-12-03,3188.36,553669.8146,0.0641807434405739,0.06220524814757158,0.051864803787341485,0.1378222514060583,386.2000000000003,564510.739835,275605.8847111237,0.9807958919644848,237710.85507999995,0.5886125076339288,192.28999999999996,83.79714285714292,56.94193460397559,-120.24533601385156,ETHUSDT
2025-12-04,3133.26,486698.3987,-0.017281611863152135,-0.01743268193693491,0.04820752318377086,0.06090648680494892,179.8800000000001,544323.352315,265060.4426782629,0.8941347025257655,-248987.54362000007,0.5763286565467264,55.09999999999991,74.0714285714286,64.4185149469624,-101.43380542060231,ETHUSDT
2025-12-05,3021.78,530382.8986,-0.035579556117270816,-0.03622793434865705,0.010203058243014596,0.02109239835640131,62.42000000000007,553919.3233350001,260652.83651327845,0.9575092910763726,-779370.4422200001,0.5866820325721773,111.48000000000002,77.15071428571433,61.847404431030185,-94.43247740115476,ETHUSDT
2025-12-06,3038.06,159721.2488,0.005387553031656722,0.005373092083985153,0.08538193042689168,0.003799693381264513,11.5,533373.70673,275062.5221552269,0.2994546727457129,-619649.1934200001,0.581696747185912,16.279999999999745,78.00857142857146,62.26696699996337,-86.57226339844055,ETHUSDT
2025-12-07,3059.85,391129.675,0.007172340243444708,0.007146741340972185,0.021287887132142913,0.014798207765245097,44.61999999999989,514805.16903499997,271289.9913475114,0.7597625247881074,-228519.51842000015,0.5771623573076096,21.789999999999964,77.2764285714286,61.909471563126814,-77.68916395587621,ETHUSDT
2025-12-08,3124.16,452820.2207,0.021017370132522917,0.02079955190022366,-0.020135743767956016,0.030684723619748278,93.00999999999976,499114.17478,264959.19061460404,0.907247767306137,224300.70227999985,0.5717645319520445,64.30999999999995,71.06857142857143,58.5822545629975,-64.71398161248999,ETHUSDT
2025-12-09,3318.04,603859.9458,0.062058281266004434,0.06020880009551028,0.05897372066154727,0.11002422085134289,328.8800000000001,492410.8363399999,260253.483072728,1.2263335841436411,828160.6480799998,0.5979559655144342,193.8800000000001,84.49000000000001,65.16155758077878,-38.3445483621158,ETHUSDT
2025-12-10,3324.14,539585.4535,0.0018384347385804745,0.0018367468857913162,0.10006022940121384,0.1112842079926184,332.87999999999965,473763.890425,241233.83758967597,1.1389332627608098,1367746.1015799998,0.5409667303417374,6.099999999999909,80.1257142857143,63.26397803451719,-16.761151389747283,ETHUSDT
2025-12-11,3237.39,504114.2391,-0.02609697545831402,-0.026443544422017597,0.06561094909251297,0.15659486901006403,438.3199999999997,439945.831955,175362.523133893,1.145855245087453,863631.8624799998,0.542590900769891,86.75,85.51285714285716,59.278471073689836,-6.58030018473255,ETHUSDT
2025-12-12,3084.86,435686.4435,-0.047115114335931074,-0.0482611741620481,0.008173603281206754,0.029635489157462835,88.78999999999996,448495.58868499997,170468.4418415372,0.9714397521220739,427945.4189799998,0.577194279983183,152.52999999999975,95.27071428571428,52.01343539837606,-10.696495962173685,ETHUSDT
2025-12-13,3114.64,136465.7567,0.009653598542559427,0.00960730028486934,-0.0030472190924920595,-0.023121604837596843,-73.72000000000025,434828.44785,184142.4533999069,0.3138381524363275,564411.1756799998,0.5769903256026361,29.779999999999745,94.39857142857139,54.74734787148716,-11.42392574834912,ETHUSDT
2025-12-14,3063.5,279058.3545,-0.01641923304137871,-0.01655552255370258,-0.07671396366529637,-0.02226435086778633,-69.76000000000022,413017.37782,174771.6330206761,0.6756576586993354,285352.82117999974,0.5528468982266096,51.13999999999987,97.9014285714285,52.63530373115816,-15.943206341525638,ETHUSDT
2025-12-15,2964.85,520509.9555,-0.03220173004733151,-0.03273161223283604,-0.10808509870222072,-0.018839889072004068,-56.93000000000029,417658.552955,176406.53001823442,1.2462571443043848,-235157.13432000024,0.566342294505281,98.65000000000009,91.21999999999993,56.490587903655204,-27.171779953370333,ETHUSDT
2025-12-16,2962.3,378293.1159,-0.0008600772383087207,-0.0008604473169493417,-0.0849727712756263,-0.024936966353528156,-75.75999999999976,418346.44245,176215.195799383,0.9042579965173551,-613450.2502200003,0.5603379786811178,2.549999999999727,77.3307142857142,48.44037205693542,-35.862864350646305,ETHUSDT
2025-12-17,2833.49,497630.4162,-0.043483104344597234,-0.04445682621664209,-0.08148505928956273,-0.07397748255633452,-226.36000000000013,429478.943485,173696.2840664429,1.158684083931999,-1111080.6664200001,0.5807842803072868,128.8100000000004,72.7964285714285,32.589903350831534,-52.538866492664056,ETHUSDT
2025-12-18,2828.57,595253.7997,-0.0017363745769349848,-0.0017378838226009337,-0.09184689081242126,-0.0946142323056437,-295.5899999999997,441910.83209499996,176331.26508613443,1.346999793777481,-1706334.46612,0.5800755433037514,4.919999999999618,69.21214285714278,34.27763501449992,-65.39785544731967,ETHUSDT
2025-12-19,2979.5,531702.5439,0.05335911785814029,0.051984217610352844,-0.02741961808389093,-0.10203011416378338,-338.53999999999996,457600.75277499994,169165.3913111382,1.1619354659616035,-1174631.92222,0.6113467329328572,150.92999999999984,72.0299999999999,47.90365125642092,-62.68728718732291,ETHUSDT
2025-12-20,2977.93,91783.7734,-0.0005269340493372354,-0.0005270729278721063,0.0044116903047370926,-0.10415024637951475,-346.21000000000004,453053.82018,177937.32460952087,0.20258911703588323,-1266415.6956200001,0.6113578762028014,1.5700000000001637,70.97928571428565,46.97446941260528,-59.97447972222744,ETHUSDT
2025-12-21,3002.02,162244.8067,0.00808951184211848,0.008056967137236328,0.013408500151908864,-0.07270362854027468,-235.3699999999999,418715.91096999997,163157.0819863577,0.38748182824995264,-1104170.88892,0.5616874955673692,24.090000000000146,71.14357142857138,47.09691669762353,-55.24388151199901,ETHUSDT
2025-12-22,3009.49,298443.5633,0.0024883245281510646,0.002485233774808831,0.062114212508249445,-0.024432227070272372,-75.37000000000035,407452.72120499995,163302.9924160544,0.7324618238341457,-805727.32562,0.5041719872012627,7.4699999999998,67.08357142857137,43.89514145468871,-50.31211503376289,ETHUSDT
2025-12-23,2965.02,386465.747,-0.0147765900534641,-0.014886851399567445,0.04823992335349647,-0.04803765443197283,-149.6199999999999,399092.517825,159662.9070693728,0.9683612940332377,-1192193.07262,0.44696555443807917,44.4699999999998,56.41142857142849,27.650172204213902,-49.42230237948979,ETHUSDT
2025-12-24,2947.47,197035.5598,-0.005919015723334087,-0.005936602528958959,-0.010750125860043647,-0.037874979598498504,-116.0300000000002,384609.37588,164366.34786410126,0.5123004590025284,-1389228.63242,0.44404496403416727,17.550000000000182,57.22928571428565,26.49367831155375,-49.56193859190307,ETHUSDT
2025-12-25,2903.95,188721.2981,-0.014765205413456273,-0.014875296077072641,-0.024842759903691447,-0.020540668161964426,-60.90000000000009,367526.29585500003,166163.39715390585,0.5134905997976703,-1577949.93052,0.42950126473353123,43.51999999999998,54.141428571428506,28.00469669384414,-52.578212677504325,ETHUSDT
2025-12-26,2927.99,314830.9989,0.008278379448682038,0.008244301609216041,-0.024660062224768686,-0.011582216520946709,-34.3100000000004,375281.78336,159437.51812505157,0.838918948000173,-1263118.93162,0.43025069910378905,24.039999999999964,44.96357142857138,37.53991326311772,-52.42448767132237,ETHUSDT
2025-12-27,2949.05,95040.3956,0.007192647515872785,0.007166903796686185,-0.020083137009925145,0.04078362725825757,115.5600000000004,360477.31938999996,171201.1372021816,0.2636515267058339,-1168078.53602,0.43025613230394827,21.0600000000004,44.340714285714284,36.66253201668898,-50.026617792731486,ETHUSDT
2025-12-28,2950.91,128834.139,0.0006307115850865408,0.0006305127701269662,-0.0047588211883899945,0.04325153699572559,122.33999999999969,344278.015305,177225.6606032879,0.3742154110127081,-1039244.39702,0.4221162467105545,1.8599999999996726,40.82071428571427,40.14943393585188,-47.42946483608421,ETHUSDT
2025-12-29,2937.9,485959.1824,-0.004408809485887288,-0.004418556946778186,-0.003246852385265897,-0.013962074173519023,-41.59999999999991,338382.977135,169948.21281148517,1.4361218360169565,-1525203.57942,0.3464035819223287,13.009999999999764,34.70357142857139,47.22651023978596,-45.89198642462452,ETHUSDT
2025-12-30,2973.69,286583.2879,0.01218217093842533,0.012108565473992942,0.024015565006284545,-0.0014238078128094855,-4.239999999999782,325732.868855,163476.34180002593,0.8798107753368068,-1238620.29152,0.35135462749313845,35.789999999999964,37.07785714285712,51.09711225413704,-41.30938098630577,ETHUSDT
2025-12-31,2971.64,233729.5887,-0.0006893791888193945,-0.0006896169199165761,0.014907837799992496,-0.010119852632560766,-30.38000000000011,312213.636335,159068.8479853363,0.7486206926888103,-1472349.88022,0.3429024147854956,2.050000000000182,28.02357142857139,67.60635179568223,-37.411791187209474,ETHUSDT
2026-01-01,3004.19,136088.5207,0.01095354753604072,0.010893991936288143,0.018697546667570952,-0.0017610957338285438,-5.299999999999727,297233.74019499996,160925.22717238517,0.4578501774755424,-1336261.35952,0.3061628995175844,32.55000000000018,29.997142857142858,70.90913420325744,-31.335197570399032,ETHUSDT
2026-01-02,3125.45,369891.2449,0.04036362546976058,0.03957029191827393,0.059147856085072004,0.05410756082589652,160.42999999999984,308905.01460500003,157070.22258163278,1.1974271294138221,-966370.1146199999,0.3382573431083075,121.25999999999976,27.877857142857142,68.69763509185475,-16.544074963833282,ETHUSDT
2026-01-03,3127.11,134405.2258,0.0005311235182134943,0.0005309825220397415,0.06440314510364553,0.06094718521308118,179.64000000000033,301672.35817,161776.83921254988,0.4455337791481022,-831964.8888199999,0.33238733189655884,1.6600000000003092,27.88428571428572,69.10702392540604,-4.634630471922264,ETHUSDT
2026-01-04,3144.7,181576.0686,0.0056250019986503474,0.005609240751981426,0.057507675648772905,0.0829043199779611,240.75,284725.663825,155267.61010138498,0.6377228738734332,-650388.8202199999,0.3081550821256622,17.58999999999969,27.419999999999977,68.58393247889964,6.152138067004671,ETHUSDT
2026-01-05,3224.99,382446.6618,0.025531847235030325,0.025211353372353303,0.08525595294180999,0.10143477265974266,297.0,284933.34112,155402.06713817918,1.3422320473156988,-267942.1584199999,0.3177184293951201,80.28999999999996,32.62142857142856,73.59316838186994,20.938100448591285,ETHUSDT
2026-01-06,3296.84,412503.5066,0.022279138850042957,0.02203458447856464,0.09741394518988478,0.11793289364371584,347.78999999999996,280676.99564,150353.62155540078,1.4696733719106871,144561.34818000015,0.2680053255917292,71.85000000000036,34.57714285714288,84.27326061807965,38.01555701024927,ETHUSDT
2026-01-07,3168.72,321350.1225,-0.03886145521165729,-0.039636713089381,0.013844406405477683,0.073811129448204,217.80999999999995,266981.81178,131481.95696877778,1.2036405040385332,-176788.77431999985,0.31387826006655084,128.12000000000035,42.47500000000004,68.6033801395779,40.741706088354476,ETHUSDT
2026-01-08,3106.65,343616.1005,-0.01958835113231827,-0.01978274564878561,-0.006542782313382012,0.05743898703155326,168.75,257577.48961,117538.23965492201,1.3340300079027547,-520404.87481999985,0.27146062440807006,62.06999999999971,43.80000000000002,66.5280495759948,37.461831934865586,ETHUSDT
2026-01-09,3088.4,274587.4533,-0.005874495034844607,-0.005891817755608885,-0.01790313861417614,0.03857496914607772,114.71000000000004,266717.673605,110886.48560414898,1.029506030060291,-794992.3281199998,0.2728412220298295,18.25,43.386428571428596,63.204425346965,33.00937404327351,ETHUSDT
2026-01-10,3086.72,82341.0546,-0.0005439709882140153,-0.0005441189941084002,-0.042874551548997,0.03872609064355026,115.07999999999993,262722.486,116162.62836384213,0.3134145685573332,-877333.3827199999,0.2719898347703187,1.680000000000291,42.00214285714287,61.70603540635679,29.010788811476232,ETHUSDT
2026-01-11,3123.45,149381.2965,0.011899362430022764,0.011829121681259684,-0.05259278581914817,0.03969788861556678,119.25999999999976,255269.37266000002,118508.40970473264,0.5851908317217706,-727952.0862199999,0.2744691123782347,36.73000000000002,44.49285714285718,63.84973510996948,28.477415324324284,ETHUSDT
2026-01-12,3095.75,297373.4681,-0.008868398725767945,-0.008907957026604093,-0.023028225908253153,-0.009502631621046476,-29.699999999999818,250814.758715,114937.9729174393,1.1856298633443039,-1025325.5543199999,0.27045061056279573,27.699999999999818,45.5421428571429,62.37864458350976,25.52531455434155,ETHUSDT
2026-01-13,3325.82,457782.2816,0.07431801663571025,0.07168605713123949,0.07054866174174745,0.06354429489208879,198.71000000000004,263852.094805,123020.73539293915,1.734995820057158,-567543.2727199999,0.36983007821148245,230.07000000000016,59.41928571428577,71.1649656797336,41.2746907082942,ETHUSDT
2026-01-14,3354.92,503440.0759,0.008749721873101857,0.008711664887586325,0.08629711177308641,0.06684898400483363,210.22000000000025,279588.033695,132655.72656364154,1.8006495816240766,-64103.196819999896,0.36138064266350295,29.09999999999991,61.351428571428606,72.31174032505938,55.46494620545582,ETHUSDT
2026-01-15,3318.69,389993.836,-0.010799065253418894,-0.010857798383258989,0.07515096931370535,0.02905435365691056,93.70000000000027,283346.17555,134754.78626292176,1.3763864475777288,-454097.0328199999,0.367124288082385,36.23000000000002,61.61428571428574,68.22977046139577,63.060446139637406,ETHUSDT
2026-01-16,3296.28,223921.7876,-0.0067526644549505965,-0.0067755668532725605,0.0553330451904146,-0.00016985962315430037,-0.5599999999999454,289790.24515,128198.01017730962,0.7727029855131755,-678018.8204199999,0.37011604504602397,22.409999999999854,54.55357142857146,61.18363338788872,66.50500653092286,ETHUSDT
2026-01-17,3310.56,124325.0303,0.0043321562488622956,0.004322799473588365,0.06938867802632642,0.044762553965008056,141.84000000000015,289564.789715,128499.58408090241,0.4293513393750847,-553693.7901199999,0.3696588135839091,14.279999999999745,55.45499999999999,61.814598709378245,69.58498966904244,ETHUSDT
2026-01-18,3284.03,173354.3026,-0.008013749939587145,-0.008046032619523117,-0.012565322236320675,0.057096872837300694,177.3800000000001,273934.545725,122211.79811337676,0.6328311098594647,-727048.0927199998,0.3712257349405553,26.529999999999745,56.09357142857142,58.87101908800349,69.08873725965941,ETHUSDT
2026-01-19,3189.55,442540.5596,-0.02876953012000505,-0.029191485734118488,-0.049291786391329695,0.03275158658204891,101.15000000000009,281732.40930999996,127904.28412856892,1.570783285756298,-1169588.6523199999,0.38993382118300896,94.48000000000002,57.107142857142854,47.783614759224534,60.375733380403744,ETHUSDT
2026-01-20,2939.88,518166.4787,-0.07827749996080957,-0.08151107682426144,-0.11414443650958661,-0.04757153224134347,-146.8399999999997,295954.25381,137722.48855704218,1.7508330156749772,-1687755.1310199997,0.48695048757319226,249.67000000000007,69.80857142857141,31.737813612736872,32.94456813733541,ETHUSDT
2026-01-21,2982.27,577800.2481,0.014418955875749928,0.014315991312259694,-0.09526193163202157,-0.045200019209527875,-141.17999999999984,318039.84018,145910.36228144245,1.8167543027722068,-1109954.8829199998,0.4881466032568486,42.38999999999987,63.684999999999945,39.54396078915197,14.45901624447788,ETHUSDT
2026-01-22,2952.69,291660.7349,-0.009918619038517651,-0.00996813624058588,-0.10809953603015798,-0.0462117419042235,-143.05999999999995,314128.31467999995,145495.18548556982,0.9284764259379562,-1401615.6178199998,0.4652096123768104,29.579999999999927,61.36428571428568,41.039459899895235,-2.548399241316929,ETHUSDT
2026-01-23,2956.41,318415.3317,0.0012598681202564688,0.0012590751523696786,-0.09976157343264236,-0.11107335935197948,-369.4100000000003,323328.819975,139214.55135581605,0.9848034323838503,-1083200.2861199998,0.4652783029385748,3.7199999999998,60.326428571428515,42.18596445528492,-15.547503690399935,ETHUSDT
2026-01-24,2953.22,92082.9039,-0.001079011368517957,-0.0010795939203757394,-0.07409509178410756,-0.11973459873856906,-401.7000000000003,318854.16174,145315.17737361963,0.28879316925800774,-1175283.1900199999,0.46435372637689265,3.1900000000000546,60.43428571428564,42.110675113464445,-25.809280638366545,ETHUSDT
2026-01-25,2816.89,380186.5326,-0.04616317104719592,-0.0472626609961986,-0.041835040886022634,-0.1512042402273187,-501.8000000000002,318741.15528,145263.99071484184,1.1927751603523646,-1555469.72262,0.4760736295027734,136.32999999999993,67.54857142857135,33.791557397851264,-44.43033915157821,ETHUSDT
2026-01-26,2930.35,485169.3372,0.04027846312777572,0.03948843032131871,-0.01740955714941972,-0.11101302073852959,-365.9300000000003,322374.44681,148602.94288276247,1.5049869553896358,-1070300.38542,0.4943475526380555,113.46000000000004,73.67428571428566,41.98208330101604,-49.46221873712557,ETHUSDT
2026-01-27,3026.77,478792.3988,0.03290391932704284,0.032374174511626955,0.025088986652848755,-0.085722657193949,-283.78999999999996,330246.560625,152660.61101966663,1.4498028318413771,-591507.9866199999,0.49557785827377243,96.42000000000007,64.12785714285708,33.34521435970548,-45.14927859774343,ETHUSDT
2026-01-28,3010.78,296607.6549,-0.005282859285641095,-0.005296862928045633,0.01839054799571116,-0.08320569544127188,-273.25,327896.138345,152805.7457353653,0.9045780666923274,-888115.6415199998,0.4913604036495043,15.989999999999782,63.191428571428496,30.550029389157643,-42.531228305090735,ETHUSDT
2026-01-29,2822.59,561288.5979,-0.06250539727246762,-0.0645442782447754,-0.04423307440691848,-0.11505071248295218,-366.96000000000004,342231.19557499996,160781.4256137225,1.6400860154111627,-1449404.23942,0.537589590765875,188.19000000000005,74.04571428571421,26.071731748726634,-55.007670630732264,ETHUSDT
2026-01-30,2707.38,793279.6252,-0.04081712186325326,-0.04167352557749497,-0.038876207448640066,-0.0790848606065554,-232.5,377778.12410500005,177969.9542291328,2.09985590637195,-2242683.86462,0.553001042043985,115.21000000000004,80.67428571428566,23.929558011049693,-73.34633432597047,ETHUSDT
2026-01-31,2451.95,1113097.7132,-0.09434582511505596,-0.09909775123222339,-0.16325694882863828,-0.17782427479738594,-530.3200000000002,425963.94494,234395.65159138283,2.613126595390104,-3355781.5778200002,0.6306524462788825,255.4300000000003,97.8992857142857,18.677357926148588,-107.25455990684395,ETHUSDT
2026-02-01,2270.15,1026573.9466,-0.07414506821101563,-0.07703771774360114,-0.2499760470732827,-0.23115870612898748,-682.54,462423.968865,267689.4611575809,2.2199842908655496,-4382355.524420001,0.6687743034960365,181.79999999999973,108.98999999999998,16.776768510872543,-147.1011234256839,ETHUSDT
2026-02-02,2347.02,1248535.2114,0.03386119859921144,0.033300529744083436,-0.22046114295963182,-0.20612499619470914,-609.3899999999999,501961.615355,320212.1118769947,2.4873121234917615,-3133820.3130200007,0.6103545366873843,76.86999999999989,107.73214285714282,22.06928559588927,-170.51149514641975,ETHUSDT
2026-02-03,2233.72,1321099.3867,-0.048273981474380334,-0.04947808127825783,-0.2086275371201628,-0.24363237415431294,-719.5,542844.5808949999,368905.65763259056,2.4336604494086944,-4454919.699720001,0.6125602740301037,113.30000000000018,97.99142857142854,24.26305507770357,-195.94798016811956,ETHUSDT
2026-02-04,2148.26,1264743.43,-0.03825904768726596,-0.039010144919084666,-0.2065170016768979,-0.23736461132667575,-668.6299999999997,586582.0605949999,400345.34802023094,2.156123609912493,-5719663.129720001,0.6151933519405808,85.45999999999958,101.0678571428571,20.52864058800664,-220.4611467216664,ETHUSDT
2026-02-05,1826.83,1952286.6951,-0.14962341616005526,-0.16207598779923496,-0.2549481025306388,-0.37658300203047423,-1103.52,673000.3059699999,493618.005321455,2.900870442081235,-7671949.824820001,0.7632189042126722,321.4300000000003,121.9142857142857,17.018397000234344,-262.7953809534006,ETHUSDT
2026-02-06,2063.38,2102311.5573,0.12948659700136322,0.12176319054419493,-0.09108208708675636,-0.3182897940709072,-963.3899999999999,771899.6323200001,570123.7413409022,2.7235555884141966,-5569638.267520001,0.9417757960096349,236.55000000000018,138.54500000000002,26.97937235452123,-274.0983236597067,ETHUSDT
2026-02-07,2087.08,1142616.4487,0.011486008393994274,0.01142054499810375,-0.1107532104541078,-0.3067975740505783,-923.7000000000003,820362.739625,557625.6770873124,1.3928185588027888,-4427021.818820002,0.9480469317856142,23.699999999999818,140.01,27.906169967451305,-277.93967964145986,ETHUSDT
2026-02-08,2089.74,482837.2515,0.0012745079249476543,0.0012736964291543084,-0.06445749691098257,-0.25963742520167654,-732.8500000000004,822377.57422,556259.7927436454,0.5871235629910706,-3944184.5673200013,0.9506449839827378,2.6599999999998545,130.46214285714285,30.094115972340077,-277.5696915400813,ETHUSDT
2026-02-09,2105.02,625378.5569,0.007311914400834674,0.007285311952573169,-0.020127917477400392,-0.2224881619868656,-602.3600000000001,827738.17813,553684.485688129,0.7555270173871108,-3318806.010420001,0.9283686130337737,15.2800000000002,123.44928571428571,26.12293075814823,-272.8977100755815,ETHUSDT
2026-02-10,2022.67,574321.6908,-0.03912076844875578,-0.03990654747058609,0.1072020932434874,-0.17507697954689116,-429.27999999999975,827564.250265,553767.6705655246,0.6939904552620446,-3893127.701220001,0.9253851663740579,82.34999999999991,122.4442857142857,20.712627317380495,-272.6966110925623,ETHUSDT
2026-02-11,1941.18,529655.8177,-0.04028833175950597,-0.04112238521584158,-0.05922321627620697,-0.14491112922053606,-328.97,839464.0044049999,544118.7370296797,0.6309452399634604,-4422783.518920001,0.9283232499238602,81.49000000000001,127.12285714285714,19.950329265277688,-275.93202800224753,ETHUSDT
2026-02-12,1947.85,427567.1469,0.003436054358688878,0.0034301646117153427,-0.0667104279663453,-0.17007524435241284,-399.1700000000001,844921.595165,539142.1253741169,0.5060435777079444,-3995216.3720200006,0.9289882372749269,6.669999999999845,114.15714285714284,22.633587786259525,-274.79029449271593,ETHUSDT
2026-02-13,2048.72,425649.7698,0.051785301742947265,0.05048900769150072,-0.019629236172921005,-0.08282148165392256,-185.0,861599.9384599999,519426.29391947336,0.4940225164834561,-3569566.6022200007,0.9609123959700646,100.86999999999989,113.13285714285712,29.207126892528365,-262.7176509226533,ETHUSDT
2026-02-14,2086.59,220677.2355,0.018484712405794967,0.018315946661219388,-0.00875526123267234,-0.028706953534488377,-61.67000000000007,853624.4736049998,528354.9795812732,0.258517934201257,-3348889.3667200007,0.9617103503934141,37.870000000000346,97.59285714285713,36.62958354680524,-247.24412503815802,ETHUSDT
2026-02-15,1966.58,834778.0952,-0.05751489271970067,-0.059235161078925104,-0.027730672823545133,0.07649863424620795,139.75,871104.911505,521258.8703660473,0.9582980008203162,-4183667.4619200006,0.9522986239646457,120.01000000000022,93.17928571428573,38.36459666848088,-241.8768426495858,ETHUSDT
2026-02-16,1998.33,351347.9433,0.016144779261459075,0.016015838277322805,0.029440855562080648,-0.031525942870435975,-65.05000000000018,864732.6887299999,527053.9512322656,0.4063081549698455,-3832319.5186200007,0.9422200393797948,31.75,89.95642857142859,36.156393174473365,-232.38251208703377,ETHUSDT
2026-02-17,1991.66,406246.9427,-0.0033377870521884567,-0.0033433698897348285,0.022491464948533046,-0.04571937827011896,-95.41999999999985,870214.6531199999,521373.3670371887,0.4668353276326408,-4238566.461320001,0.9426165888606367,6.669999999999845,82.34,39.50085013359243,-222.82778002706254,ETHUSDT
2026-02-18,1955.91,393639.0086,-0.01794985087816192,-0.0181129035794378,-0.045301456519192373,-0.0640414597031208,-133.8299999999997,861832.1736549999,527908.3496699845,0.4567467085042681,-4632205.469920001,0.9283441811136187,35.75,78.78928571428574,41.28099360863062,-215.65438277179055,ETHUSDT
2026-02-19,1949.08,300257.0733,-0.003491980714859122,-0.003498091910448056,-0.0659017823338558,-0.0740800562464965,-155.94000000000005,837181.04606,542584.9856779363,0.358652497823608,-4932462.543220001,0.9248354000449991,6.830000000000155,56.317857142857164,57.7525524763777,-208.12144323820962,ETHUSDT
2026-02-20,1968.88,386253.5557,0.010158638947606047,0.010107386784196133,0.0011695430646097016,-0.02659356197501317,-53.789999999999964,800838.838185,547451.5763191216,0.48231121829130424,-4546208.987520001,0.8786422650794719,19.800000000000182,40.8357142857143,41.735175791499046,-198.2683260168776,ETHUSDT
2026-02-21,1973.35,179173.8456,0.002270326276867962,0.0022677529802455527,-0.01250043786561783,0.016572394110798472,32.169999999999845,758468.833135,561668.9424407344,0.23623099298545444,-4367035.141920001,0.8452256563950267,4.4699999999998,39.46214285714287,39.70713341900918,-187.9325979828784,ETHUSDT
2026-02-22,1957.82,155325.6482,-0.00786986596396988,-0.007900996797005063,-0.01699085185222382,0.005118463947429319,9.970000000000027,703808.3549749999,564653.0982601773,0.22069310075967674,-4522360.790120001,0.8322606595260238,15.529999999999973,40.3814285714286,38.33268475607601,-178.93198373421342,ETHUSDT
2026-02-23,1856.3,547359.4869,-0.05185359226077979,-0.05324635010803816,-0.05092770117234435,-0.09392205865125536,-192.41999999999985,665121.359985,546343.0416952838,0.8229467881054733,-5069720.277020001,0.8346690549244549,101.51999999999998,46.54142857142858,30.91408576076614,-177.9395710466929,ETHUSDT
2026-02-24,1851.94,438064.0284,-0.002348758282605168,-0.0023515209420675166,-0.049838898352042915,-0.11245620845494331,-234.6500000000001,623787.3899049999,529605.7186989592,0.7022649631739354,-5507784.305420001,0.8270287114933165,4.3599999999999,40.970714285714294,35.117418365034254,-175.48204462716353,ETHUSDT
2026-02-25,2057.48,682979.4378,0.11098631705130835,0.10524819469624078,0.045000203161188024,0.04622237590131095,90.90000000000009,560322.0270400001,428411.9007421704,1.2189052095773556,-4824804.867620001,0.7398679038918752,205.53999999999996,49.83142857142858,58.33524453873057,-155.16048353349038,ETHUSDT
2026-02-26,2027.68,439783.3566,-0.014483737387483653,-0.014589650635596656,0.027531862061975998,0.014687263865327704,29.350000000000136,477195.617005,227780.62345237675,0.9215997400818373,-5264588.22422,0.5836200119021682,29.799999999999955,51.483571428571445,55.53782760103779,-139.84802987282342,ETHUSDT
2026-02-27,1929.84,428687.234,-0.04825218969462641,-0.049455184425750795,-0.014291405747208663,-0.031039434441621605,-61.820000000000164,441499.15627,165414.89619402195,0.970980868053653,-5693275.45822,0.6057939540899452,97.84000000000015,51.26714285714289,41.71844957784157,-134.06228378685546,ETHUSDT
2026-02-28,1964.51,461680.9835,0.017965219914604313,0.01780575243133493,0.05829337930291434,0.004396930329105153,8.599999999999909,440441.34287,165204.14140724816,1.048223539805774,-5231594.47472,0.6103212854743831,34.67000000000007,51.038571428571444,41.45744115095025,-125.23581851965173,ETHUSDT
2026-03-01,1939.71,529196.8464,-0.012624013112684573,-0.01270437299197371,0.04739354406730234,-0.004807396310053891,-9.36999999999989,435632.257345,160880.63221661965,1.2147788357667493,-5760791.32112,0.6102169647864653,24.799999999999955,44.23785714285714,47.83072029451182,-118.87165549241581,ETHUSDT
2026-03-02,2027.35,577406.3749,0.04518201174402359,0.044191044167984486,-0.014644127767949211,0.029697086668562633,58.4699999999998,435786.49155000004,161022.00639379694,1.3249753861031537,-5183384.94622,0.6180788367397331,87.63999999999987,48.22999999999998,52.14892923787803,-105.53960006660554,ETHUSDT
2026-03-03,1982.8,509329.8534,-0.021974498729869008,-0.022219534368930142,-0.022133670007101758,0.0047888109053133565,9.450000000000045,434770.19333499996,160461.53215969578,1.1714921151633553,-5692714.799620001,0.6052083254628308,44.549999999999955,50.935714285714276,49.37876875613517,-97.44537316528272,ETHUSDT
2026-03-04,2127.28,737644.8152,0.07286665321767205,0.0703341811985782,0.10230899970982055,0.08655545453616798,169.46000000000026,450274.07675,174126.98140795928,1.6382129313865723,-4955069.984420001,0.6558571126281617,144.48000000000025,58.70214285714287,60.42612219072071,-78.46778373358802,ETHUSDT
2026-03-05,2072.86,432157.8126,-0.0255819638223459,-0.02591487216327477,0.05515370244997486,0.11666217744976581,216.56000000000017,450599.47889,174084.61829836154,0.959073041239575,-5387227.79702,0.6402947744655875,54.42000000000007,62.10142857142858,57.11853879597894,-67.04627880865837,ETHUSDT
2026-03-06,1978.68,411597.7569,-0.045434809876209736,-0.04649934048084505,0.02009063210479911,0.06843634243010044,126.74000000000001,460145.50496000005,165853.13672545084,0.894494790155083,-5798825.553920001,0.6575602659008264,94.18000000000006,67.41428571428571,50.519177791905065,-64.84668060469699,ETHUSDT
2026-03-07,1969.59,184459.82,-0.004593971738734992,-0.004604556456607148,-0.028490393863911057,-0.042717304663957845,-87.8900000000001,427629.59119999997,151682.72332330796,0.4313541995126553,-5983285.373920001,0.624132404402509,9.090000000000146,67.74428571428574,49.80177558465659,-63.10948337247987,ETHUSDT
2026-03-08,1937.1,391189.7317,-0.016495818926781758,-0.016633389943739165,-0.02304821464595519,-0.04467174307583055,-90.58000000000015,429621.68062000006,150887.71141928222,0.9105446706866894,-6374475.105620001,0.624235296886448,32.49000000000001,68.95571428571431,48.92684745903168,-63.621029890002546,ETHUSDT
2026-03-09,1992.98,550825.4883,0.028847245883021122,0.028438996738981388,-0.06313226279568285,0.0327177382580941,63.1400000000001,436850.6079,153155.19554404085,1.2609012745750605,-5823649.617320001,0.6329233596829197,55.88000000000011,65.69571428571432,57.430360754126156,-58.83912439928645,ETHUSDT
2026-03-10,2036.51,463411.8739,0.02184166424148759,0.021606552422364315,-0.01753615777235329,0.036650360649729485,72.0,440339.25116499997,152913.56526884975,1.052397379234209,-5360237.743420001,0.6330776448387493,43.52999999999997,68.49357142857147,59.62394802431927,-50.94960728377646,ETHUSDT
2026-03-11,2051.97,350061.256,0.007591418652498572,0.007562748838870995,0.03703984474498134,0.05787463074377075,112.25999999999976,442829.4602999999,150904.58600095523,0.7905103146544201,-5010176.487420001,0.6328493484042839,15.459999999999809,54.9164285714286,49.641663306582714,-42.95446302195205,ETHUSDT
2026-03-12,2073.52,400507.8132,0.01050210285725428,0.010447338866057455,0.052767327210231585,0.02277357141095515,46.17000000000007,443542.173175,150656.77567612156,0.9029757200607376,-4609668.674220001,0.6328998203995891,21.550000000000182,54.3271428571429,53.01348970522495,-34.481863238221194,ETHUSDT
2026-03-13,2092.22,599657.0399,0.009018480651259653,0.008978057012718366,0.08007846781270977,0.055184587452087985,109.41999999999985,464566.33289,140841.97009016582,1.290788844231609,-4010011.634320001,0.6332036087325426,18.699999999999818,48.67428571428574,61.91447522892696,-25.95909288642997,ETHUSDT
2026-03-14,2096.16,152500.5822,0.0018831671621530877,0.0018813962258369705,0.05177171873275177,-0.014629009815351202,-31.120000000000346,464425.0795899999,141169.47315661007,0.3283642268729961,-3857511.052120001,0.6317921263314186,3.9400000000000546,46.47928571428573,60.115873430560455,-18.67157659500981,ETHUSDT
2026-03-15,2178.3,280825.9377,0.03918594000457998,0.03843765664895041,0.06962401363116322,0.05086691817102951,105.44000000000005,451098.40213,145444.16639337444,0.6225380900796675,-3576685.114420001,0.6069119537314934,82.14000000000033,50.575000000000045,66.84838641338888,-6.196723926859704,ETHUSDT
2026-03-16,2352.97,845892.7756,0.08018638387733534,0.0771336039105157,0.14668830440990854,0.1891614611761374,374.28999999999974,471489.83949,170031.3582985749,1.7940848449989577,-2730792.338820001,0.6557251734916585,174.66999999999962,56.7914285714286,70.47718468581776,17.581428151341242,ETHUSDT
2026-03-17,2317.39,493831.1016,-0.015121314763894111,-0.015236807591981155,0.11761159766966323,0.17658497453784805,347.79999999999995,462032.42268,162753.44938333303,1.0688234793903706,-3224623.4404200013,0.5495525081407989,35.57999999999993,56.15071428571431,71.28137283586264,33.172385726554694,ETHUSDT
2026-03-18,2203.39,488040.8887,-0.049193273467133314,-0.0504444689177715,0.053134947567655466,0.13746838056889166,266.28999999999996,464445.299285,162763.95571669066,1.0508038071465569,-3712664.3291200013,0.5801131640111908,114.0,53.97357142857144,55.03619496314331,35.91547344814262,ETHUSDT
2026-03-19,2137.81,490791.679,-0.029763228479751658,-0.030215142920116105,0.019869666437676514,0.07267007195255348,144.82999999999993,467550.52153499995,162638.2237581758,1.0497083339543667,-4203456.008120001,0.5610920617577081,65.57999999999993,54.770714285714284,54.23518825232461,32.4238701137956,ETHUSDT
2026-03-20,2146.22,300156.1778,0.003933932388752837,0.003926214710660879,-0.014727080751044563,0.05387157440916068,109.70999999999981,459474.28125,166899.67777900537,0.6532600192189756,-3903299.830320001,0.5592362702465768,8.409999999999854,48.644285714285694,62.30066664708817,29.989663853395086,ETHUSDT
2026-03-21,2084.87,132559.4646,-0.028585140386353625,-0.02900165207647062,-0.1139411042214733,0.01603337280759476,32.90000000000009,439642.41215999995,181136.84083327572,0.3015165528474022,-4035859.294920001,0.5687023847143406,61.34999999999991,52.37714285714282,57.86057167794022,22.84674255133359,ETHUSDT
2026-03-22,2053.89,313070.5572,-0.014859439677294084,-0.014970947155609399,-0.11370550489990894,-0.00946699332535983,-19.63000000000011,426425.621275,180197.026794556,0.7341738900770743,-4348929.852120001,0.5509967513568719,30.980000000000018,52.26928571428568,57.979966382879866,14.518735918079074,ETHUSDT
2026-03-23,2152.03,614508.4369,0.047782500523397164,0.04667602669141419,-0.023309536668497,0.02858685989045151,59.8100000000004,431684.55045,184233.44858232667,1.42351269291296,-3734421.415220001,0.5674540070155082,98.14000000000033,55.28785714285713,60.27414958076562,15.657320625152352,ETHUSDT
2026-03-24,2156.23,316703.4728,0.001951645655497325,0.0019497436693815858,0.008616294245045175,0.028657163575299682,60.070000000000164,410637.48333,171010.41702324038,0.7712483288952169,-3417717.9424200007,0.507090154732802,4.199999999999818,52.4785714285714,58.14754321491766,16.705985901347503,ETHUSDT
2026-03-25,2169.02,275641.5255,0.005931649221094126,0.005914126249124355,0.010623328456542236,-0.004260202910526645,-9.2800000000002,402811.668975,173536.37697384504,0.6842937946693579,-3142076.4169200007,0.4972959598735175,12.789999999999964,52.28785714285713,57.99489091977106,18.357493044789862,ETHUSDT
2026-03-26,2060.43,338010.6238,-0.050064084240809326,-0.051360753758471496,-0.011722553444579287,-0.12432797698228193,-292.53999999999996,399132.31231999997,174119.41385422114,0.8468635922641203,-3480087.040720001,0.5034757897077189,108.59000000000015,58.50499999999998,49.20092299803434,10.779756555523363,ETHUSDT
2026-03-27,1992.75,394873.5248,-0.032847512412457536,-0.033399104556955043,-0.029767903831266485,-0.1400886341962293,-324.6399999999999,409652.99756,166662.91181077706,0.963921970916775,-3874960.5655200006,0.5185189379663133,67.67999999999984,62.00357142857141,44.270491331144534,-0.6790370649055149,ETHUSDT
2026-03-28,1994.74,154831.8055,0.000998619997490957,0.0009981217082480726,-0.07308912979837645,-0.09469499271576975,-208.64999999999986,397835.10125,176150.90593377067,0.38918588383357233,-3720128.760020001,0.5143529610409153,1.990000000000009,61.86428571428569,44.14501789631682,-9.490239621481123,ETHUSDT
2026-03-29,1984.64,166726.7382,-0.005063316522453953,-0.005076178544251064,-0.07957870913585285,-0.07164808846436299,-153.16999999999985,378630.16374499997,179499.61384139626,0.4403419330116742,-3886855.498220001,0.5048398715258662,10.099999999999909,56.71857142857137,37.80570737727626,-17.091150574678977,ETHUSDT
2026-03-30,2026.48,338304.4344,0.021081909061593018,0.020862760314965433,-0.06571631428018176,-0.05579111181519125,-119.73999999999978,372374.79177,178567.06664510127,0.9085051992696547,-3548551.0638200007,0.504416230705637,41.83999999999992,47.23071428571426,25.31191869697382,-19.513845474481514,ETHUSDT
2026-03-31,2105.43,421897.9023,0.03895918045083091,0.03821942400252258,0.02184010133807024,0.009861526138320365,20.559999999999945,375966.624085,178816.92606875754,1.1221684992033114,-3126653.1615200005,0.5224563325671003,78.94999999999982,50.32857142857139,34.95884189611125,-14.891582555814239,ETHUSDT
2026-04-01,2140.35,399227.3779,0.01658568558441753,0.016449645255176452,0.07406849830636042,0.04209573054058402,86.46000000000004,375902.60232,178807.90613835116,1.062050050827113,-2727425.7836200004,0.5242441295308438,34.92000000000007,44.679999999999964,44.960992454278035,-8.314805824028554,ETHUSDT
2026-04-02,2057.17,346872.8323,-0.038862802812624,-0.03963811517851658,0.03129731193037699,-0.04407931116201913,-94.86000000000013,363263.39194,170919.30461079557,0.9548796823360962,-3074298.6159200002,0.5430761818473906,83.17999999999984,45.93714285714282,43.730563502923246,-9.702746494862822,ETHUSDT
2026-04-03,2053.83,136266.6393,-0.0016235896887472068,-0.0016249091388430203,0.034862745888422975,-0.04749029556216178,-102.40000000000009,362451.694795,172007.97897322616,0.37595806905268137,-3210565.25522,0.5430323794622042,3.3400000000001455,45.57499999999998,42.75997178904475,-10.946030536173566,ETHUSDT
2026-04-04,2065.52,86504.4406,0.005691805066631694,0.005675667948106122,0.01926493229639581,-0.04771740232916244,-103.5,352735.61994,182056.12674801418,0.24523874457225026,-3124060.8146200003,0.523246427505566,11.690000000000055,42.02785714285714,48.355682455514206,-10.862836773255367,ETHUSDT
2026-04-05,2110.17,157353.3199,0.021616832565165334,0.021386502269566166,0.0022513215827646427,0.024140592012346973,49.74000000000024,318308.647155,145278.34741603833,0.49434195805361514,-2966707.4947200003,0.434854480670223,44.65000000000009,43.00428571428571,54.673952762183184,-7.112040101188086,ETHUSDT
2026-04-06,2107.16,356054.2894,-0.0014264253590944298,-0.0014274436722272771,-0.015506809633938357,0.057413122569313746,114.40999999999985,311419.806545,139675.87391526334,1.1433257677159026,-3322761.7841200004,0.4333717404948488,3.0100000000002183,36.209285714285706,45.57433965241746,-4.332446809953581,ETHUSDT
2026-04-07,2240.01,460094.8093,0.06304694470282302,0.06113926085205601,0.08887938284147645,0.12295838054082253,245.2700000000002,310022.502575,137945.03976904083,1.4840690771751153,-2862666.9748200006,0.4616750314618011,132.85000000000036,45.39857142857146,56.59083042260614,8.492390632579827,ETHUSDT
2026-04-08,2190.0,404717.6321,-0.022325793188423315,-0.022578786314288474,0.06630052146477561,0.10347468558529505,205.3599999999999,305718.80023,133271.99754709387,1.3238231727833574,-3267384.6069200006,0.4557711679138062,50.01000000000022,48.0571428571429,51.559155766944116,14.454159105987856,ETHUSDT
2026-04-09,2190.2,275317.9503,9.13242009130677e-05,9.132003111209872e-05,0.06036252372283979,0.08079033595199547,163.7199999999998,304476.888855,133442.18209920687,0.9042326704511019,-2992066.6566200005,0.4557138485789396,0.1999999999998181,40.31500000000002,61.496075547917286,18.976294985655386,ETHUSDT
2026-04-10,2245.05,272899.0858,0.025043375034243587,0.024734928801607114,0.06391902074240474,0.06631424459611601,139.62000000000035,311493.869915,127482.9812633288,0.8760977732064785,-2719167.5708200005,0.4486104940407944,54.850000000000364,39.398571428571486,72.87066246056781,26.6785234385502,ETHUSDT
2026-04-11,2284.99,214785.4039,0.01779024966036369,0.017633855307847893,0.08439321171624359,0.06757773261382471,144.63999999999987,306579.61225,129300.41368683732,0.7005860641667636,-2504382.1669200007,0.44528115933242546,39.9399999999996,42.10928571428575,74.617067833698,35.59510101915339,ETHUSDT
2026-04-12,2191.65,258156.8821,-0.04084919408837662,-0.04170696316491059,-0.021589189333976244,0.06537135968344865,134.48000000000002,288762.03451,107318.66488630179,0.8940125475222742,-2762539.0490200007,0.4453747747371291,93.33999999999969,48.055000000000014,65.38490122924625,34.72945552225701,ETHUSDT
2026-04-13,2369.46,453870.8292,0.08113065498596939,0.07800739628038564,0.08194520547945205,0.15367873679905353,315.6300000000001,295620.40233,113408.45293701389,1.5353163233075693,-2308668.2198200007,0.5279672872525002,177.80999999999995,57.76714285714287,71.2045898558251,47.83973947172808,ETHUSDT
2026-04-14,2322.44,460107.3841,-0.019844183906881696,-0.02004372394265993,0.06037804766687982,0.1243851427243503,256.9200000000001,304843.69526,119058.4765117623,1.509322289600171,-2768775.6039200006,0.5353984645015754,47.01999999999998,55.4864285714286,63.96802306870406,53.81526405354498,ETHUSDT
2026-04-15,2359.95,268190.6377,0.016151116928747156,0.016022075230612904,0.051179261040956714,0.1183696100314191,249.77999999999975,301352.695955,119058.40135114237,0.8899559927615449,-2500584.9662200008,0.49700246159452,37.50999999999976,55.67142857142858,64.08775981524249,60.875914206779726,ETHUSDT
2026-04-16,2348.17,328960.9377,-0.004991631178626554,-0.005004130983163293,0.027650011597424973,0.11437669659636684,241.01000000000022,298057.06659999996,117231.66489813598,1.1036844100108985,-2829545.903920001,0.47659948292891624,11.779999999999745,50.57142857142857,70.55084745762713,64.77430490567576,ETHUSDT
2026-04-17,2419.0,491731.3615,0.030163914878394538,0.029717930238648552,0.103734629160678,0.07990589327726205,178.98999999999978,314902.0444,119746.0456191807,1.5615375328442929,-2337814.542420001,0.4815989716347262,70.82999999999993,55.392142857142844,73.54446865852559,72.74068730617046,ETHUSDT
2026-04-18,2350.32,221741.3888,-0.028391897478296735,-0.028802742529378436,-0.008077789876174246,0.07320547945205491,160.32000000000016,317652.77693000005,116757.69988865904,0.6980621763897386,-2559555.9312200006,0.4981861949756895,68.67999999999984,59.46285714285711,67.10551604843363,72.67445485862481,ETHUSDT
2026-04-19,2263.27,256086.8276,-0.03703750978590159,-0.03774081891448072,-0.02547751502729889,0.033362250022829,73.07000000000016,313541.89659,117437.71867849183,0.8167547316168385,-2815642.7588200006,0.5215839374536172,87.05000000000018,62.49142857142855,58.74977139722019,64.85020487996508,ETHUSDT
2026-04-20,2313.85,301000.0659,0.02234819531032528,0.022102133668732284,-0.019534312167630685,0.03064519721164327,68.79999999999973,307497.00477,114645.03496515812,0.9788715377086045,-2514642.6929200008,0.5109050177165575,50.57999999999993,65.88928571428566,61.20331725296765,62.01593261885,ETHUSDT
2026-04-21,2327.14,226645.977,0.005743673963307883,0.005727241958039267,-0.008955910347206664,0.018446470225252698,42.15000000000009,298867.934725,113869.59465272688,0.7583482557556593,-2287996.715920001,0.5091512205695997,13.289999999999964,57.34928571428564,55.42602349014185,60.14878560380157,ETHUSDT
2026-04-22,2374.07,379707.1259,0.020166384489115563,0.01996573604137758,-0.01857379082265387,0.08323409303492801,182.42000000000007,300509.649405,114830.76958770369,1.2635438717252794,-1908289.590020001,0.4847360582100531,46.93000000000029,57.12928571428564,61.507107938135334,61.744168590828394,ETHUSDT
2026-04-23,2330.26,356645.6923,-0.018453541807950002,-0.01862593251721405,-0.008535007998910715,-0.016543853873878356,-39.19999999999982,311528.602055,108647.94663002172,1.1448248730530193,-2264935.282320001,0.49261216256840296,43.809999999999945,60.24428571428565,58.30309928623939,58.79566046282025,ETHUSDT
2026-04-24,2314.99,183887.6181,-0.006552916841897627,-0.006574481460526121,0.022851891290035953,-0.0032078331410070327,-7.450000000000273,316397.76093,99859.19645469122,0.5811912750567264,-2448822.9004200012,0.49488422798914844,15.270000000000437,57.4171428571428,54.35036823248405,54.59742007235445,ETHUSDT
2026-04-25,2319.5,68139.2191,0.0019481725623005097,0.001946277335221321,0.002441817749638142,-0.017140193648170432,-40.44999999999982,311937.05589,108919.22037983999,0.21843900175818895,-2380683.6813200014,0.49165649822163204,4.510000000000218,54.88642857142856,52.245545997579434,51.045779651649354,ETHUSDT
2026-04-26,2369.44,154591.6219,0.021530502263418905,0.021301995097394905,0.018176817896645714,0.009058117597959159,21.269999999999982,301863.92251500004,113829.61176573142,0.5121235443176159,-2226092.059420001,0.49430649312585595,49.940000000000055,51.78642857142859,62.26121019020427,51.665254767602164,ETHUSDT
2026-04-27,2303.67,300363.8586,-0.02775761361334328,-0.028150136898354685,-0.029653717034459848,-0.047676725919801544,-115.32999999999993,293877.37498,107575.17998037979,1.0220720755398112,-2526455.918020001,0.46003271348567437,65.76999999999998,43.78357142857145,44.633505718061244,46.31521100069813,ETHUSDT
2026-04-28,2289.42,187932.2201,-0.006185781817708236,-0.006204993031280721,-0.017525941311270055,-0.025911365260900654,-60.90000000000009,283038.10438000003,106737.50021966828,0.6639820476174714,-2714388.138120001,0.45231114299449965,14.25,41.442857142857164,47.15442950706653,40.45902045966841,ETHUSDT
2026-04-29,2252.9,355078.1015,-0.015951638406233926,-0.016080235176460716,-0.02682085019805691,-0.0045818660610531525,-10.36999999999989,287026.11194,107917.38102772694,1.2370933748850892,-3069466.239620001,0.4570523283750238,36.51999999999998,41.37214285714289,40.75896479687854,32.49648917584591,ETHUSDT
2026-04-30,2257.51,167194.2776,0.0020462514980692514,0.002044160777080734,-0.026725587411079887,-0.02434902867515165,-56.33999999999969,281740.87153,111184.6453237722,0.593432811831836,-2902271.962020001,0.4487554366837328,4.610000000000127,40.86000000000006,42.075728970002125,26.25545766657342,ETHUSDT
2026-05-01,2295.63,191082.555,0.016885860970715427,0.016744879667466878,-0.03115082044702544,-0.01354022534097643,-31.509999999999764,280555.729085,112058.79242092665,0.6810859133876667,-2711189.4070200007,0.4483085491889729,38.11999999999989,38.523571428571486,38.56266107948754,24.107464801285005,ETHUSDT
2026-05-02,2316.97,85588.4724,0.009295923123499694,0.009252981943609871,0.005773396363194294,-0.02405152333334748,-57.100000000000364,271927.3086,120220.80918253979,0.31474761707695587,-2625600.934620001,0.4213345700125422,21.33999999999969,35.14214285714291,46.61070346958269,23.852171646984516,ETHUSDT
2026-05-03,2322.65,151074.4342,0.0024514775763173624,0.002448477607068359,0.014514593215748883,-0.003265730004377243,-7.610000000000127,256787.48885,115057.30974074067,0.5883247461804835,-2474526.500420001,0.3044538398489472,5.680000000000291,29.33000000000006,57.230529443280886,23.833441436099747,ETHUSDT
2026-05-04,2347.16,453020.7985,0.010552601554258967,0.010497311483725812,0.04183940698655064,0.013896388321331887,32.17000000000007,256433.15957,114407.28882689858,1.7666233152516158,-2021505.7019200008,0.29832203270984503,24.509999999999764,27.467857142857188,54.331036276166934,25.502374274453814,ETHUSDT
2026-05-05,2360.77,286636.7312,0.005798496906900263,0.005781750329178449,0.045740661170936114,0.017792627721491705,41.26999999999998,257355.464245,114581.28154437311,1.113777521844745,-1734868.9707200008,0.29343278067170625,13.610000000000127,27.490714285714343,54.369007716891424,27.60501539539291,ETHUSDT
2026-05-06,2350.84,420667.3161,-0.00420625473891989,-0.004215125913403319,0.02405004290761137,-0.007849956107772282,-18.59999999999991,261940.783165,119333.99517018998,1.6059634204995716,-2155536.286820001,0.2932623706275517,9.929999999999836,24.84785714285717,46.661109034984335,28.145659972818976,ETHUSDT
2026-05-07,2291.06,469521.9378,-0.025429208282996774,-0.025758118530338943,-0.011182708451123569,-0.0054738742962316955,-12.610000000000127,260830.31198,117166.7746611217,1.800104958031113,-2625058.224620001,0.2842291057125417,59.7800000000002,25.988571428571472,44.61301671064201,23.479718716126172,ETHUSDT
2026-05-08,2307.06,421035.1582,0.006983666948923162,0.006959394090411985,-0.006712160678535306,0.007705008255366019,17.639999999999873,270795.00045,122040.70872075738,1.554811416386325,-2204023.066420001,0.26891249639591985,16.0,26.040714285714298,48.91241736840664,20.832844868676148,ETHUSDT
2026-05-09,2326.44,230431.157,0.008400301682661038,0.008365215501219051,-0.008827689633429281,0.032642372053797386,73.53999999999996,269512.21692,122337.91768230453,0.854993364061116,-1973591.9094200009,0.23375239945792403,19.38000000000011,27.102857142857147,50.91450558718112,20.067654875731932,ETHUSDT
2026-05-10,2371.27,398122.8623,0.01926978559515824,0.019086474444596418,0.004447701385564828,0.05039180335856752,113.75999999999976,274368.35673999996,125539.32651745113,1.4510523991557585,-1575469.047120001,0.23033795975044213,44.82999999999993,26.737857142857138,50.24443672695214,22.81563815902973,ETHUSDT
2026-05-11,2339.87,236962.0552,-0.013241849304381215,-0.013330304330788344,-0.00466641711047977,0.01927139826539981,44.23999999999978,274884.16065,125353.98558524916,0.8620433226842604,-1812431.102320001,0.23531434755536243,31.40000000000009,24.282857142857146,55.32415578303328,22.203765937578282,ETHUSDT
2026-05-12,2274.96,252981.1082,-0.027740857398060537,-0.028132902440028626,-0.007027314867353973,-0.0181314389051217,-42.00999999999976,268547.859765,122956.50232688195,0.9420336040710877,-2065412.210520001,0.2431942092007548,64.90999999999985,27.901428571428564,48.14909630843274,16.29333880182503,ETHUSDT
2026-05-13,2258.65,258455.7299,-0.007169356823856221,-0.007195180160991757,-0.020983416122684173,-0.027554732740619592,-64.0,263638.361645,121201.50411104021,0.9803418906388949,-2323867.940420001,0.23627981511102508,16.309999999999945,26.457857142857133,50.77616695013633,10.175900575216929,ETHUSDT
2026-05-14,2283.25,256680.8359,0.010891461713855577,0.010832576919884198,-0.01856484585890894,-0.02722865079500325,-63.909999999999854,267278.022535,119765.0267063363,0.9603514477752757,-2067187.1045200008,0.23938000792381434,24.59999999999991,27.88571428571426,53.29661885245899,7.229464351234128,ETHUSDT
2026-05-15,2224.66,288536.5507,-0.02566079053980075,-0.025995771636694857,-0.061827628232972276,-0.057654917675165396,-136.11000000000013,278297.889115,110238.13544342562,1.0367902955267085,-2355723.655220001,0.25505808952529313,58.590000000000146,29.347857142857134,41.36344829264728,0.16476971020802011,ETHUSDT
2026-05-16,2180.77,199288.5761,-0.019728857443384595,-0.019926069507108228,-0.06799523050425871,-0.07234435350768242,-170.07000000000016,280532.73682499997,108029.1928683396,0.7103932979640764,-2555012.231320001,0.24656162336361684,43.88999999999987,30.958571428571435,34.2877578330488,-8.873321757379472,ETHUSDT
2026-05-17,2131.0,175116.8149,-0.02282221417205843,-0.023086672329368046,-0.063280233498611,-0.06986285824029048,-160.05999999999995,274270.38463999995,110422.80605176697,0.6384824053455633,-2730129.0462200013,0.240816315642107,49.76999999999998,34.10785714285713,29.93235743754056,-19.823583485461768,ETHUSDT
2026-05-18,2130.08,381878.3932,-0.0004317221961520623,-0.0004318154150101197,-0.05692338343700887,-0.0767123525179233,-176.98000000000002,283967.693295,110956.41030737745,1.3447952081058931,-3112007.439420001,0.24091943039006336,0.9200000000000728,32.42285714285715,26.08829749735638,-28.250328902216552,ETHUSDT
2026-05-19,2111.93,186945.075,-0.008520806730263675,-0.008557316346121406,-0.07503339537939346,-0.09220525781881339,-214.51000000000022,275561.04197,111652.28857894777,0.6784162001403394,-3298952.5144200013,0.23723750090099907,18.15000000000009,32.74714285714286,22.86131832657155,-35.97840204751219,ETHUSDT
2026-05-20,2129.44,189088.294,0.008290994493188819,0.008256813000760472,-0.042802046155367424,-0.10198332539103516,-241.82999999999993,276655.74279,110636.59109115797,0.683478651457203,-3109864.220420001,0.2400595412765613,17.51000000000022,33.28857142857146,26.24667410522703,-40.22634081322758,ETHUSDT
2026-05-21,2133.76,232889.1117,0.0020287023818470473,0.0020266473440739723,-0.02155660615287247,-0.08808609025287717,-206.10999999999967,278746.070625,109321.83501176213,0.8354884112906767,-2876975.108720001,0.2294535868670734,4.320000000000164,29.327142857142885,30.844171659603546,-42.75146274291092,ETHUSDT
2026-05-22,2065.85,221783.2548,-0.03182644721055805,-0.032343917704366565,-0.03057250117315824,-0.09191809965889519,-209.11000000000013,285555.80974500004,100546.26122847055,0.7766721853708786,-3098758.363520001,0.24483493071164225,67.91000000000031,33.035000000000046,23.922679409284555,-49.65996040584923,ETHUSDT
2026-05-23,2117.68,350546.2289,0.025088946438512005,0.02477938583864674,-0.005821377600841338,-0.06241338852854594,-140.97000000000025,295529.39948,96308.3115675568,1.1861636423205442,-2748212.134620001,0.26690677421674264,51.82999999999993,35.35285714285718,28.91057501919424,-50.37208865566299,ETHUSDT
2026-05-24,2099.85,197748.7605,-0.008419591250802716,-0.008455236227656178,-0.005719886549270026,-0.08032409941968688,-183.4000000000001,282765.79758,91112.95724703625,0.6993376221325105,-2945960.895120001,0.2611749690399887,17.829999999999927,33.42428571428575,20.998418600675322,-51.77831918009633,ETHUSDT
2026-05-25,2113.01,166428.5979,0.006267114317689559,0.0062475576235810695,-0.007715643549477735,-0.05018744437352207,-111.64999999999964,276755.390915,94736.9512537979,0.6013563000516773,-2779532.297220001,0.2614471523642831,13.16000000000031,32.12142857142862,24.77651767845238,-51.240199856731124,ETHUSDT
2026-05-26,2073.77,282553.3096,-0.01857066459694945,-0.018745264390302437,-0.028114689562087736,-0.04906523842496002,-107.0,269849.69059,88524.72400274337,1.0470766484194396,-3062085.606820001,0.2655184182668356,39.24000000000024,30.287857142857224,26.276442704525678,-53.36491890700927,ETHUSDT
2026-05-27,2024.84,267963.1573,-0.02359470915289552,-0.023877521748901797,-0.01985139288912552,-0.04981698732989215,-106.16000000000008,259771.75156499998,75043.55368282947,1.0315330888968903,-3330048.764120001,0.2638231553627009,48.930000000000064,32.61785714285723,24.399430636154662,-58.32468546882819,ETHUSDT
2026-05-28,2009.9,363834.9211,-0.007378360759368596,-0.007405715501614477,-0.05089531940614245,-0.056420416134605245,-120.17999999999984,256911.73971000002,69456.09276276876,1.4161864362862282,-3693883.685220001,0.2593175023956231,14.939999999999827,31.927857142857224,19.423253316629086,-62.73766855322992,ETHUSDT
2026-05-29,2014.54,283145.695,0.002308572565799194,0.002305911906250365,-0.04062671143176888,-0.04611421780077929,-97.38999999999987,259547.46661,69398.50052953341,1.0909206654883634,-3410737.990220001,0.2554722043557407,4.639999999999873,28.074285714285775,23.2698961937717,-65.11003229681228,ETHUSDT
2026-05-30,2022.44,97977.5349,0.0039214907621591966,0.003913821760002834,-0.042863024784549175,-0.0502479525133368,-107.0,244540.20024,70301.69096691199,0.400660238291461,-3312760.455320001,0.23983194131320995,7.900000000000091,25.503571428571508,27.82803528917526,-65.59652773925654,ETHUSDT
2026-05-31,2007.01,163735.4958,-0.007629398152726452,-0.0076586508929978115,-0.032192576804563666,-0.05940218206358738,-126.75000000000023,240878.87227000002,72586.8238118096,0.6797420390463703,-3476495.9511200013,0.23897360761969164,15.430000000000064,23.05071428571437,30.789253509342814,-66.46102955041124,ETHUSDT
2026-06-01,2006.73,374428.2839,-0.0001395110138963096,-0.00013952074646301948,-0.008943916556369835,-0.02861776024396734,-59.11999999999989,246951.231055,78492.24005848756,1.5162033503554748,-3850924.2350200014,0.22784513965224748,0.2799999999999727,23.005000000000077,30.850436240568897,-66.40329131641056,ETHUSDT
2026-06-02,1859.84,556885.5418,-0.07319868642019611,-0.07601606909668997,-0.07466043086720742,-0.12175588379736313,-257.8399999999999,261872.72165000002,104763.7716334269,2.1265504031546003,-4407809.776820001,0.3295828962457314,146.8900000000001,32.20071428571436,22.04032741066088,-77.31904294143646,ETHUSDT
2026-06-03,1813.05,584760.4818,-0.02515807811424642,-0.02547995252823308,-0.10001787008448582,-0.1365811843703122,-286.79999999999995,278276.703945,127192.61116505341,2.101363403799604,-4992570.258620001,0.3248718995116894,46.789999999999964,34.29214285714291,17.04888666708331,-88.72267691612706,ETHUSDT
2026-06-04,1770.77,648306.1051,-0.023319820192493346,-0.02359602975446781,-0.12443879670101465,-0.16196799825840869,-342.24000000000024,296265.181665,151783.43870110987,2.188262898314754,-5640876.363720002,0.32359924247405014,42.27999999999997,37.003571428571476,14.96573689798285,-100.01882687446187,ETHUSDT
2026-06-05,1583.4,1257013.1608,-0.105812725537478,-0.11184004648177445,-0.21106521641646026,-0.23646306003076523,-490.3699999999999,349151.4109,261112.92027395623,3.6001949915076223,-6897889.524520001,0.46657978526317073,187.3699999999999,45.53642857142859,12.161377860739464,-122.67616570934524,ETHUSDT
2026-06-06,1569.69,558458.3672,-0.00865858279651388,-0.008696286120536913,-0.2177871462528591,-0.22478319274609349,-455.14999999999986,368318.488515,261734.3982793659,1.5162376709668117,-7456347.891720002,0.4663185550958725,13.710000000000036,42.81357142857145,4.287692487362193,-140.12329823571463,ETHUSDT
2026-06-07,1690.51,458280.5909,0.0769706120316751,0.07415211092329037,-0.09104546627666887,-0.15890840340315437,-319.3900000000001,372138.5984,262499.1682864384,1.2314782526466355,-6998067.300820001,0.5677271052763332,120.81999999999994,50.17000000000002,20.86050286169882,-142.55779467961406,ETHUSDT
2026-06-08,1690.49,480027.3121,-1.1830749300445476e-05,-1.1830819284311956e-05,-0.06759879760624354,-0.16085557993388067,-324.04999999999995,386792.710255,259783.20184132925,1.2410453955648064,-7478094.612920001,0.568995629833184,0.01999999999998181,49.23142857142857,19.348848006499892,-142.84216887720368,ETHUSDT
2026-06-09,1639.52,384147.2349,-0.030151021301516145,-0.030614911669394698,-0.07412029794947961,-0.18933565396254037,-382.9200000000001,396545.6573,255598.00777903237,0.968733934739272,-7862241.847820001,0.568571506942039,50.97000000000003,50.0692857142857,19.025065266701844,-145.50312109608763,ETHUSDT
2026-06-10,1621.59,290791.2819,-0.010936127647116267,-0.010996366681521997,0.024118984463811888,-0.19203691062824801,-385.4200000000001,399440.76581,253969.4739182998,0.7279960053909952,-8153033.129720001,0.5660756145704108,17.930000000000064,47.85499999999998,19.905368897114784,-147.36007088471638,ETHUSDT
2026-06-11,1673.46,278507.7204,0.031987123748913104,0.031486189994045434,0.06610859469067143,-0.16607615374265594,-333.27,402276.98909,252191.56325556317,0.6923282413692583,-7874525.409320001,0.5830126633614852,51.87000000000012,50.49285714285715,26.2031404724855,-142.99785125034055,ETHUSDT
2026-06-12,1666.41,201888.0102,-0.004212828510989142,-0.004221727475021014,-0.01425605290711085,-0.10400357019958695,-193.42999999999984,394844.07815500005,255959.0648788857,0.5113107207872237,-8076413.419520001,0.5688471399859941,7.0499999999999545,50.66500000000001,25.45995403984155,-138.51294582454352,ETHUSDT
2026-06-13,1681.18,106751.6077,0.008863364958203501,0.008824315906717353,-0.005507278954622552,-0.07273379112545153,-131.8699999999999,390294.220515,260416.92262300156,0.27351572759427334,-7969661.811820001,0.5732932934010914,14.769999999999982,51.15571428571429,26.174983942584262,-132.24240230490705,ETHUSDT
2026-06-14,1725.62,178009.9541,0.02643381434468628,0.02609047838368787,0.05251537035229825,-0.02549738249462108,-45.15000000000009,390873.288325,259905.3050802435,0.4554160118303858,-7791651.857720002,0.5854210074900714,44.43999999999983,53.22785714285713,31.11958024128073,-122.27747615926705,ETHUSDT
2026-06-15,1796.13,464135.2553,0.04086067616277056,0.04004794413679774,0.10763509888442835,0.1343501326259946,212.73000000000002,399952.38561,259092.55432557667,1.1604762766750585,-7327516.602420001,0.6105629917673605,70.51000000000022,58.244285714285716,37.08640945770279,-107.45199298351781,ETHUSDT
2026-06-16,1792.99,353577.549,-0.001748203081068822,-0.0017497329713744506,0.07142686410192045,0.14225738840153146,223.29999999999995,404233.10519499995,257499.41852867542,0.8746872644916998,-7681094.151420001,0.6073393702055022,3.1400000000001,47.97642857142858,45.023597897777194,-94.86254613091046,ETHUSDT
2026-06-17,1750.6,334498.0575,-0.02364207273883301,-0.023926031046401428,0.05052178035417443,0.03554548627337306,60.08999999999992,402766.262015,257825.01117190535,0.8305016806187766,-8015592.208920001,0.6107935643028557,42.3900000000001,47.662142857142875,45.320484961110196,-87.29950319931322,ETHUSDT
2026-06-18,1711.11,312480.9656,-0.02255798012110133,-0.022816303583696653,0.017802971722242544,0.012197646836124454,20.61999999999989,404233.025545,257191.33959807197,0.7730218607910699,-8328073.174520001,0.6125940681863116,39.49000000000001,47.46285714285716,45.51077534312545,-83.52937550989304,ETHUSDT
2026-06-19,1711.19,165078.1984,4.675327711267663e-05,4.675218421228056e-05,-0.008362211842699918,0.04371401385771456,71.67000000000007,407588.05872,253395.65473834364,0.4050123522225254,-8162994.976120001,0.6117975923538581,0.08000000000015461,34.085000000000036,63.38984471594122,-79.61728828302671,ETHUSDT
2026-06-20,1741.08,159791.8211,0.017467376504070264,0.017316575416740997,-0.030649229176061943,0.0736869368952695,119.49000000000001,407390.874985,253596.85415123694,0.39223220477356907,-8003203.15502,0.6182340109866795,29.889999999999873,35.24071428571431,67.36931714534728,-73.2605556889514,ETHUSDT
2026-06-21,1706.94,123762.4689,-0.019608518850368628,-0.019803316523793232,-0.04799245952291975,0.02000645369474019,33.48000000000002,394857.584235,261386.26358820722,0.31343571414432453,-8126965.62392,0.6195030245102343,34.13999999999987,29.049285714285734,52.01996606752073,-70.16875031537165,ETHUSDT
2026-06-22,1728.19,262657.182,0.01244917806132606,0.012372324231438428,-0.012801325259910845,0.0370737093512401,61.77999999999997,380146.166245,260063.5719843932,0.6909373428501718,-7864308.44192,0.5714361297026238,21.25,30.565714285714307,54.405028977378954,-65.25159510455705,ETHUSDT
2026-06-23,1667.13,248262.012,-0.03533176328991605,-0.03597103290995134,-0.025702614092606435,-0.008357225282242253,-14.049999999999955,363321.242755,256996.11086493553,0.6833126797582039,-8112570.45392,0.5777657292931212,61.059999999999945,31.286428571428587,53.15175452615238,-65.52639834275578,ETHUSDT
2026-06-24,1622.17,355728.3403,-0.026968502756233748,-0.027338826052067864,-0.052022276895026254,-0.059949467437790394,-103.44999999999982,348692.354515,248093.17137481648,1.020178204924471,-8468298.79422,0.579564359905988,44.960000000000036,33.21714285714287,50.06236022707725,-68.58151314940415,ETHUSDT
2026-06-25,1567.84,440671.005,-0.03349217406313776,-0.03406588317371178,-0.09950145886461281,-0.12710104502458075,-228.2900000000002,307875.24672500003,129685.22036098491,1.431329766480433,-8908969.799220001,0.4538250320885418,54.330000000000155,33.39285714285716,38.703743315508014,-74.52758300476239,ETHUSDT
2026-06-26,1578.68,423691.4393,0.006913970813348325,0.006890178918502747,-0.075140309559797,-0.11952660081762867,-214.30999999999995,301136.90033,119044.49746877448,1.4069728380537192,-8485278.35992,0.45330154041626447,10.840000000000146,33.66357142857146,40.69256720914937,-77.47213821332184,ETHUSDT
2026-06-27,1573.99,131592.3598,-0.0029708363949628724,-0.0029752580889969133,-0.08922630034891998,-0.10088541071632573,-176.6099999999999,284802.48877500003,118760.08697211779,0.4620477874544163,-8616870.71972,0.3524168556440556,4.690000000000055,32.94357142857147,38.379480063311725,-79.27038359651465,ETHUSDT
2026-06-28,1571.96,140181.1417,-0.0012897159448280737,-0.0012905483442200655,-0.05708613005584451,-0.08132148137758521,-139.14999999999986,267810.180255,113555.69890114153,0.5234347012743286,-8757051.86142,0.3522864198650286,2.0299999999999727,29.91428571428576,31.654727793696324,-79.9378364340987,ETHUSDT
2026-06-29,1613.07,309968.9748,0.02615206493803912,0.025815947206931283,-0.0056097696295703825,-0.05734021353560981,-98.12000000000012,264101.26725,110732.24492727545,1.1736746969357832,-8447082.88662,0.3522595383845898,41.1099999999999,27.814285714285738,26.49460708782742,-76.27036687455211,ETHUSDT
2026-06-30,1572.01,222057.2042,-0.025454567997668986,-0.02578414028765134,0.0026597101745076124,-0.09710639373262564,-169.06999999999994,260664.563365,110926.7418163708,0.8518887313771938,-8669140.09082,0.36156788384781396,41.059999999999945,30.522857142857156,24.143499017130026,-75.80325691337407,ETHUSDT
2026-07-01,1609.58,306536.311,0.023899339062728675,0.02361822008883358,0.019573314414574217,-0.057037740049445285,-97.36000000000013,262065.992895,111340.31705434572,1.169691296507966,-8362603.77982,0.35272232047333424,37.569999999999936,30.178571428571427,33.31124260355031,-71.57639575389408,ETHUSDT
2026-07-02,1700.57,373453.5082,0.056530274978565886,0.054990213582536106,0.08041982477652332,-0.015982039011914306,-27.62000000000012,270644.267795,113055.81080828706,1.3798685309044603,-7989150.27162,0.408497277754607,90.99000000000001,33.857142857142854,48.88818565400844,-60.19060543516889,ETHUSDT
2026-07-03,1758.21,244416.868,0.03389451772052898,0.033332757072541484,0.11848265859182172,0.05463281207824222,91.07999999999993,277527.53081,106556.18657857235,0.8806941325303393,-7744733.40362,0.42399089362481573,57.6400000000001,37.96857142857142,54.42283091278501,-45.986118941180166,ETHUSDT
2026-07-04,1780.64,190880.1497,0.012757292928603503,0.012676604189129954,0.10388265853310785,0.09769013112065927,158.47000000000003,278171.04059,105960.75131050193,0.6861970580947023,-7553853.25392,0.4164983854513129,22.430000000000064,37.4357142857143,53.77408891432933,-32.54390167163115,ETHUSDT
2026-07-05,1785.65,389673.4191,0.00281359511186996,0.002809644361948716,0.13590244336868085,0.13892361465455672,217.81000000000017,274447.94878,100236.2468727601,1.4198445309291265,-7164179.83482,0.39036484381129677,5.009999999999991,35.35500000000002,57.95098692850072,-21.241721170740675,ETHUSDT
2026-07-06,1799.56,305879.3304,0.0077898804356955065,0.007759695971334931,0.11803079064103672,0.13991435883142866,220.87999999999988,272063.03785,98811.75102510132,1.1242957985665232,-6858300.50442,0.391267752606062,13.909999999999854,34.83071428571429,57.31804852039454,-11.035035921658846,ETHUSDT
2026-07-07,1771.45,241536.7253,-0.015620485007446172,-0.015743770319555556,0.04168014254044228,0.12545187707672856,197.46000000000004,267414.97124,97902.50636200068,0.9032281333389717,-7099837.22972,0.3857079063521493,28.1099999999999,32.47714285714286,61.471804345913604,-5.15498296671808,ETHUSDT
2026-07-08,1743.54,225231.2254,-0.015755454571114158,-0.015880891028981985,-0.008343713208319836,0.1091503600600523,171.57999999999993,263052.48423,97732.45245498708,0.8562216245905856,-7325068.45512,0.3809540447755129,27.910000000000082,31.25928571428572,63.86673674108264,-2.715796372770683,ETHUSDT
2026-07-09,1745.16,173705.2572,0.0009291441549950097,0.0009287127677579024,-0.019925420073681366,0.08188733284978333,132.09000000000015,263483.83717,97295.33390156807,0.6592634260443277,-7151363.19792,0.38093115011251355,1.6200000000001182,27.49428571428572,73.03335758079602,-0.6445727293898926,ETHUSDT
2026-07-10,1796.85,215605.8045,0.029619060716495893,0.029188889867830584,0.00627222580012865,0.1430270799804072,224.83999999999992,266274.53634,94936.48008284123,0.8097124398883481,-6935757.393420001,0.3901216654621712,51.68999999999983,30.41214285714284,75.62064025177912,5.108945198950096,ETHUSDT
2026-07-11,1787.76,178703.4183,-0.005058852992737228,-0.005071692309319099,-0.00655715841650184,0.11069968563227683,178.18000000000006,269021.58381000004,91321.8299009141,0.6642716757857302,-7114460.811720001,0.3828516714725831,9.089999999999918,30.726428571428546,74.84715345096127,8.833337362760858,ETHUSDT
2026-07-12,1806.8,141072.9835,0.010650199131874594,0.010593885244318613,0.019955403765276936,0.06246729037910814,106.23000000000002,262942.373885,95709.27980010005,0.5365167333649289,-6973387.8282200005,0.38229008816923077,19.039999999999964,31.941428571428542,76.25788273178587,13.169504016883138,ETHUSDT
2026-07-13,1776.72,295031.6198,-0.016648217843701518,-0.016788356977496442,0.019030248804157157,0.010527752657532474,18.50999999999999,265280.854275,95902.88273611774,1.112148181994918,-7268419.44802,0.3630347738042771,30.079999999999927,31.153571428571404,68.76074744927206,14.017161606102718,ETHUSDT
2026-07-14,1891.87,368913.772,0.0648104372101399,0.06279679008879795,0.08406679043755294,0.0624663042501572,111.22999999999979,265940.12586,96600.16251276286,1.3872061269693798,-6899505.67602,0.4048590430744576,115.14999999999986,36.44571428571425,81.34407337723425,23.70729605228803,ETHUSDT
2026-07-15,1917.86,319800.9693,0.01373773039373738,0.013644223186806076,0.06734563263488891,0.074040265449556,132.2099999999998,259896.624075,88537.79110071309,1.2304929717275321,-6579704.70672,0.3741723375138858,25.99000000000001,35.6185714285714,80.91084105402481,33.10238946679465,ETHUSDT
2026-07-16,1864.71,271689.0863,-0.027713180315560026,-0.028104436069946184,0.04304269029399932,0.036203294138567266,65.15000000000009,252296.50642500003,79833.69342502477,1.0768642425921375,-6851393.79302,0.3978706516813387,53.149999999999864,32.91571428571425,67.8095568768717,35.846096393068365,ETHUSDT
2026-07-17,1841.93,253027.7556,-0.012216376809262575,-0.012291610087011903,0.019443214522913532,0.03978661548449014,70.48000000000002,258368.276215,74617.85783752732,0.979329812880913,-7104421.54862,0.40277661418391586,22.779999999999973,30.42571428571424,59.82721382289418,35.77001382655294,ETHUSDT
2026-07-18,1843.9,22228.2227,0.0010695303295999992,0.0010689587895203647,0.03781124769237709,0.0575610539477156,100.36000000000013,252470.63026499999,87925.49208552022,0.08804280591635018,-7082193.32592,0.40212658321948364,1.9700000000000273,28.964285714285666,57.80024660912455,35.45992049009146,ETHUSDT
2025-07-29,181.48,2541912.036,-0.008901753044618155,-0.008941610357859443,-0.00760102805271512,0.025542495479204286,4.519999999999982,4042336.7207500003,1735768.7855634426,0.628822438999684,30394697.479,0.562639631004621,1.6300000000000239,5.848571428571424,60.68637029799707,8.170721792229358,SOLUSDT
2025-07-30,177.77,3297250.187,-0.020443024024685785,-0.02065487486116896,-0.048136645962732816,-0.020173069503389707,-3.6599999999999966,4035780.1126499996,1738455.552491477,0.8170044192112683,27097447.292,0.5518051960486583,3.7099999999999795,5.424285714285708,52.72583618646301,7.16956203730723,SOLUSDT
2025-07-31,172.22,2624841.783,-0.031220115880069788,-0.03171785066657496,-0.0684768498485504,-0.12006948702227671,-23.5,3949313.2161499998,1764595.7436634207,0.6646324662896287,24472605.509,0.5646306245039161,5.550000000000011,5.660714285714279,47.697160883280745,5.860738160518622,SOLUSDT
2025-08-01,162.71,4317529.315,-0.055220067355707725,-0.05680325411679142,-0.13745759117896517,-0.20899368011667474,-42.98999999999998,4063029.0848,1707659.2117347086,1.06263805276514,20155076.194,0.5994306990929064,9.509999999999991,6.239285714285708,41.65998855180308,4.009884830721063,SOLUSDT
2025-08-02,158.48,2208175.075,-0.025997172884272723,-0.026341072760932224,-0.13450931134290878,-0.16325237592397046,-30.920000000000016,4076950.546,1690400.288711551,0.5416241992845601,17946901.119,0.607138614647284,4.230000000000018,6.518571428571424,39.87508218277447,2.176653477395689,SOLUSDT
2025-08-03,161.97,2297909.311,0.02202170620898536,0.02178273050800981,-0.10750495922415693,-0.11428883906600318,-20.900000000000006,3993160.6848999998,1736686.5480683951,0.5754612679848986,20244810.43,0.6118617663069988,3.490000000000009,6.448571428571425,39.22241914045192,0.9939604971277163,SOLUSDT
2025-08-04,169.55,2688954.158,0.04679878989936426,0.045736735673342487,-0.046239522979130365,-0.0921503533947311,-17.20999999999998,3944343.60515,1759953.9507182247,0.6817241161467578,22933764.588,0.6327622597941364,7.5800000000000125,5.969285714285712,34.342467392605,0.6606943673208434,SOLUSDT
2025-08-05,164.09,2554958.009,-0.03220289000294907,-0.03273281078458872,-0.04720706073626757,-0.11245131977498912,-20.789999999999992,3821077.0994500006,1766950.441104568,0.6686486408158988,20378806.579,0.6071012077525036,5.460000000000008,5.6464285714285705,23.681214421252378,-0.043496410930345064,SOLUSDT
2025-08-06,168.09,1797491.429,0.024376866353830184,0.02408449245824383,0.03306496220269195,-0.10893765903307884,-20.549999999999983,3686373.88455,1815179.005507,0.4876042108841659,22176298.008,0.6122138252938876,4.0,4.767857142857143,34.0374531835206,-0.275628827954165,SOLUSDT
2025-08-07,175.36,3014662.995,0.04325063953834252,0.04234145351434783,0.10651186269560853,-0.04232428594833704,-7.75,3577514.3758999994,1785177.8831077872,0.8426697081382372,25190961.003000002,0.6319742051332357,7.27000000000001,4.820714285714287,44.436212772262564,0.1255851339554397,SOLUSDT
2025-08-08,176.78,3678790.655,0.00809762773722622,0.008065017873151129,0.09143668580601338,-0.02589817059731092,-4.699999999999989,3658488.1582499994,1749052.8851783257,1.0055494225679582,28869751.658000004,0.6325329390610619,1.4199999999999875,4.644285714285715,42.32543832666873,0.5517717407626037,SOLUSDT
2025-08-09,179.95,3325504.387,0.017931892748048295,0.017773012892237684,0.06133883810085505,0.012263036507847103,2.1799999999999784,3640020.6318500005,1750597.9214355447,0.9135949279798036,32195256.045,0.6292862973595625,3.1699999999999875,4.736428571428571,46.282611974061226,1.132268122269494,SOLUSDT
2025-08-10,182.66,4197287.287,0.01505973881633782,0.014947466738493122,0.11316960204765669,0.060620137034026245,10.439999999999998,3525089.63725,1624119.9082727425,1.1906895196782559,36392543.332,0.5609002703361678,2.710000000000008,4.661428571428573,45.41832669322711,1.7903519753330954,SOLUSDT
2025-08-11,174.84,3960743.531,-0.042811781451877806,-0.043755231268419105,0.04015705871854358,0.07454981254993553,12.129999999999995,3291345.4551500003,1102557.257375284,1.2033812873706666,32431799.801000003,0.5399192409587713,7.819999999999993,4.825000000000003,43.87860843819393,1.6617242023733922,SOLUSDT
2025-08-12,191.78,5074348.157,0.09688858384808974,0.0924776117304214,0.09363594890510951,0.21012115093387185,33.30000000000001,3267655.98805,1055606.1391351705,1.5529015831400776,37506147.958000004,0.589389883527999,16.939999999999998,5.91857142857143,56.215302920588954,2.893349460568828,SOLUSDT
2025-08-13,201.51,7148726.279,0.050735217436645996,0.04949012622134757,0.13989139042878151,0.2441192813483979,39.53999999999999,3364239.05845,1302785.0313287317,2.12491626034852,44654874.237,0.5983905415593048,9.72999999999999,6.3485714285714305,63.35508550855084,4.6015077174391195,SOLUSDT
2025-08-14,192.47,8965607.314,-0.044861297206094,-0.04589871051985037,0.06957488191164218,0.1351813624299616,22.919999999999987,3588453.90215,1797216.559298628,2.4984596593614623,35689266.92300001,0.6209366715100498,9.039999999999992,6.597857142857143,60.96135108801559,5.166229910514801,SOLUSDT
2025-08-15,185.72,4360287.396,-0.03507040058190891,-0.03570013427531156,0.016752436220299982,0.13181790480833677,21.629999999999995,3717795.5782,1752241.817001603,1.1728152622396382,31328979.52700001,0.6337120442662104,6.75,6.400714285714287,62.838968865082016,5.011340119784762,SOLUSDT
2025-08-16,189.6,2099818.448,0.020891664871850013,0.020676426669200387,0.08442004118050783,0.12796716044975898,21.50999999999999,3711133.4939499996,1758426.3195437356,0.5658159296676303,33428797.97500001,0.633939647826973,3.8799999999999955,6.3757142857142854,67.4322204794981,5.142394100041457,SOLUSDT
2025-08-17,190.99,2261555.556,0.007331223628691985,0.007304480834141732,-0.004119303368443017,0.08913093065693434,15.629999999999995,3620817.6654,1785321.3491099246,0.6245980231512599,35690353.53100001,0.6239640847249711,1.3900000000000148,6.225714285714285,66.64754474529602,5.297352129017014,SOLUSDT
2025-08-18,182.94,3374074.697,-0.0421488036022829,-0.04306284042684481,-0.09215423552181035,0.03484557076592365,6.159999999999997,3662425.7984499997,1768470.8540781133,0.9212677287354096,32316278.83400001,0.6431234163717603,8.050000000000011,6.259285714285714,57.64007759899577,4.7162240647783165,SOLUSDT
2025-08-19,176.22,3260089.959,-0.03673335519842569,-0.03742501578963468,-0.08442874214163243,-0.02072797999444287,-3.7299999999999898,3660567.7870500004,1768894.1822079343,0.8905968004562648,29056188.87500001,0.6529097235082466,6.719999999999999,6.349285714285713,56.82303971200359,3.6711097800923653,SOLUSDT
2025-08-20,187.94,3464957.674,0.06650777437294297,0.06438954851633527,0.011953478354512104,0.02890616445855687,5.280000000000001,3702573.5816,1752907.2265732086,0.9358241227721075,32521146.54900001,0.6817433540834491,11.719999999999999,6.900714285714285,60.27326363730462,3.745380813115162,SOLUSDT
2025-08-21,180.29,2914511.603,-0.04070448015324046,-0.04155609740081013,-0.04910337552742616,0.03117135666895443,5.449999999999989,3632422.696,1755074.4375808213,0.8023602556523615,29606634.94600001,0.6664443825442199,7.650000000000006,6.927857142857142,52.54149912362098,3.1506315562172063,SOLUSDT
2025-08-22,200.69,6594118.389,0.11315103444450614,0.10719476339648297,0.05078799937169487,0.04645948482636353,8.909999999999997,3851719.8617,1839719.2935461453,1.711993246074135,36200753.33500001,0.7550665799380679,20.400000000000006,8.28357142857143,60.308700525998105,4.2761057104285385,SOLUSDT
2025-08-23,204.14,4788640.759,0.017190692112212913,0.01704460402476061,0.115884989614081,0.01305146146593228,2.6299999999999955,3976256.4340999997,1813111.3253610944,1.204308836304688,40989394.09400001,0.7544891890236585,3.4499999999999886,8.303571428571429,60.404301075268826,5.384370580988104,SOLUSDT
2025-08-24,205.98,7165649.238,0.009013422161261886,0.008973043722303356,0.1688798093292474,0.07019275731282804,13.509999999999991,4200091.1881,1919061.1774134254,1.706069920172741,48155043.33200001,0.7436732096242517,1.8400000000000034,8.241428571428571,60.10573756283585,6.338089547027806,SOLUSDT
2025-08-25,187.2,7953100.753,-0.09117390037867756,-0.09560151265416404,-0.003937426838352742,0.007968985569674736,1.4799999999999898,4469998.3253,2050606.3366911218,1.7792178372832466,40201942.57900001,0.8149403223559729,18.78,9.024285714285714,54.89156245053031,5.514956662334924,SOLUSDT
2025-08-26,195.86,4734419.522,0.04626068376068382,0.045222554249156804,0.08636086305396873,0.033016877637130904,6.260000000000019,4616844.72995,1951936.8079288031,1.0254664817482986,44936362.10100001,0.8244743404983127,8.660000000000025,8.432857142857145,51.72793494833136,5.498029682449243,SOLUSDT
2025-08-27,202.95,7835140.154,0.036199326049218605,0.0355595249922581,0.011261149035826312,0.06262107963767716,11.95999999999998,4857868.5879,2039345.5847071984,1.6128761023951537,52771502.25500001,0.820954831019268,7.089999999999975,8.244285714285715,50.623808698665734,5.98769624028867,SOLUSDT
2025-08-28,214.43,7247306.546,0.05656565656565671,0.05502370149623274,0.050406583717057085,0.17213293976167066,31.49000000000001,5036294.38245,2086323.2777200174,1.439015672168554,60018808.801000014,0.8384127811167652,11.480000000000018,8.41857142857143,59.31613779059902,7.218885751527097,SOLUSDT
2025-08-29,205.08,8607486.597,-0.043603973324628065,-0.04458319786563948,-0.004369356248179357,0.16377255703098403,28.860000000000014,5300393.49295,2190094.8812102615,1.623933507662918,51411322.20400001,0.8598552602997892,9.349999999999994,8.604285714285718,58.03586252697992,7.355357468291942,SOLUSDT
2025-08-30,202.7,3894576.115,-0.01160522722839874,-0.011673093457545547,0.08279914529914523,0.0785357028838991,14.759999999999991,5285257.93435,2199146.8881941056,0.7368753168484613,47516746.08900001,0.8621310649825664,2.380000000000024,8.497142857142862,55.50605245460659,7.188600466118601,SOLUSDT
2025-08-31,200.62,3303223.948,-0.010261470152935326,-0.010314482002615208,0.02430307362401707,0.11276277109102018,20.330000000000013,5252381.9552,2224755.425936996,0.6289001782762046,44213522.14100001,0.8449585239375117,2.079999999999984,8.546428571428574,54.024237358963646,6.810103094431582,SOLUSDT
2025-09-01,197.32,4464767.773,-0.01644900807496763,-0.016585795089801625,-0.027740822862774017,-0.016792067367581875,-3.3700000000000045,5221902.936,2231488.2696480383,0.8550078061044987,39748754.36800001,0.7805492943968894,3.3000000000000114,8.207142857142859,56.257615317667536,6.172703693885552,SOLUSDT
2025-09-02,209.65,4894637.549,0.06248733022501529,0.06061269725123424,-0.022291656950986338,0.026991280493778858,5.510000000000019,5109198.4995,2185498.458044972,0.9580049687791543,44643391.91700001,0.7912111137977385,12.330000000000013,8.607857142857146,63.870218239150276,6.586562241105781,SOLUSDT
2025-09-03,210.77,4063191.683,0.005342237061769728,0.005328017932184218,0.027745270138482603,0.02325468492086613,4.7900000000000205,4864077.7179499995,1997000.6991654627,0.8353467848602677,48706583.60000001,0.7706072406195199,1.1200000000000045,7.8507142857142895,60.38577017559821,6.925094581621863,SOLUSDT
2025-09-04,202.32,2726779.277,-0.040091094558049156,-0.04091688918724616,-0.0018746916625554944,0.0807692307692307,15.120000000000005,4782402.312000001,2051354.450566676,0.5701693624055774,45979804.32300001,0.7743239400036948,8.450000000000017,7.907857142857147,59.94941739680245,6.43733394149487,SOLUSDT
2025-09-05,203.36,4121395.255,0.0051403716884144135,0.005127205079434232,0.013657661250124686,0.03829265802103543,7.5,4883481.15235,1959986.3326324641,0.8439461782332724,50101199.57800001,0.7721621752157338,1.0400000000000205,6.525000000000006,51.46141215106733,6.064788323828509,SOLUSDT
2025-09-06,200.16,1481500.997,-0.015735641227380137,-0.015860760722543034,0.014392864382728687,-0.013747228381374654,-2.789999999999992,4844478.4244,2021697.2149118483,0.30581228095437074,48619698.58100001,0.775422632844806,3.200000000000017,6.507142857142865,47.815587266739854,5.44852280202349,SOLUSDT
2025-09-07,206.35,2217510.763,0.030925259792166315,0.03045670947998986,-0.015740519914142714,-0.037681294594972825,-8.080000000000013,4786650.2277,2081622.8855173534,0.46326985626971967,50837209.344000004,0.7616691101190645,6.189999999999998,6.81785714285715,50.19381875327397,5.397391435344048,SOLUSDT
2025-09-08,214.11,5729678.935,0.03760600920765689,0.03691614545249486,0.015846657493950866,0.044031597425394864,9.030000000000001,4910129.676499999,2059431.4023150036,1.1669099010607364,56566888.27900001,0.7505282162703325,7.760000000000019,6.030714285714295,65.93627857396659,5.9148538525001015,SOLUSDT
2025-09-09,217.21,4979304.713,0.014478539068703,0.014374725864516444,0.07359628311585609,0.07158362111494831,14.51000000000002,4985847.028449999,2031145.6067052176,0.9986878226683115,61546192.992000006,0.7215049330163151,3.0999999999999943,5.633571428571435,63.534930898947614,6.500160830585344,SOLUSDT
2025-09-10,224.07,4824185.212,0.031582339671285764,0.03109387552148277,0.10183910306845001,0.11688764829030007,23.44999999999999,5081330.7089,1972693.3027909414,0.9493940639506878,66370378.204,0.7018291680510752,6.859999999999985,5.6171428571428645,63.42828077314342,7.431895234149749,SOLUSDT
2025-09-11,228.73,4352357.001,0.020797072343464063,0.02058376560218324,0.14273581135091917,0.15918305290898038,31.409999999999997,4969242.6395,1945716.7515280326,0.8758592237786018,70722735.205,0.5931839750089589,4.659999999999997,5.130000000000005,59.95544416597046,8.44893050492928,SOLUSDT
2025-09-12,242.18,5891653.931,0.05880295544965697,0.05713898268695212,0.1736370244729828,0.15516336751729076,32.53,5024393.2981,1955933.6647201383,1.172610021040343,76614389.13599999,0.6202226745941303,13.450000000000017,5.42285714285715,74.43361433087456,10.222403375141937,SOLUSDT
2025-09-13,242.38,3305661.265,0.0008258320257659157,0.0008254912141210655,0.13203493531362365,0.14997390520472553,31.609999999999985,4831393.89945,1923701.7626220337,0.6842044622725364,79920050.401,0.6209558106421129,0.19999999999998863,5.267142857142862,76.90534309736911,11.511336212201513,SOLUSDT
2025-09-14,239.76,4165171.128,-0.010809472728772973,-0.010868319531933538,0.1038165830302471,0.18505338078291822,37.44,4641997.418199999,1781385.0247000612,0.8972799320545733,75754879.27299999,0.5036047819538755,2.6200000000000045,5.305714285714292,76.34625740441568,12.180997708904044,SOLUSDT
2025-09-15,234.31,4733589.619,-0.022731064397730982,-0.022993398081066378,0.04570000446289102,0.152193154996066,30.94999999999999,4641955.923049999,1781382.7681980608,1.0197403201299233,71021289.65399998,0.5025740036960968,5.449999999999989,5.459285714285719,74.19861311003531,12.132088651233289,SOLUSDT
2025-09-16,236.96,3181627.06,0.011309803252101958,0.011246325592147385,0.03598128798146294,0.18385291766586742,36.80000000000001,4409280.26835,1640708.165773715,0.7215751474992084,74202916.71399999,0.49268745515355183,2.6500000000000057,4.767857142857147,70.4569288389513,12.166908179824816,SOLUSDT
2025-09-17,244.84,4771529.493,0.033254557731262624,0.03271358546338041,0.010983565942687346,0.18652774412406115,38.49000000000001,4285491.4157,1502925.2207964298,1.1134147826126517,78974446.20699999,0.4687199736980983,7.8799999999999955,5.250714285714289,73.17371786151541,12.684138201600803,SOLUSDT
2025-09-18,247.5,3916890.908,0.01086423786962909,0.010805646025875845,0.02112385510355641,0.15594787725935255,33.389999999999986,4050961.63125,1106750.5723377059,0.9669039760298519,82891337.11499998,0.4288050977980547,2.6599999999999966,4.837142857142859,83.3579444772593,13.1570205468486,SOLUSDT
2025-09-19,238.53,3384985.698,-0.03624242424242419,-0.036915493427243144,-0.005130130130130084,0.09815386031950646,21.319999999999993,4025482.1104,1116364.4743529037,0.8408895146384451,79506351.41699998,0.45332355286605885,8.969999999999999,5.403571428571429,73.2452081956378,12.662019301138486,SOLUSDT
2025-09-20,239.48,1550489.215,0.003982727539512787,0.003974817475649441,0.02206478596730821,0.06877315124737793,15.409999999999997,3937845.37375,1238195.8900216005,0.3937405021882495,81056840.63199998,0.44827345100402244,0.9499999999999886,5.242857142857141,76.78474114441417,12.205684771865464,SOLUSDT
2025-09-21,236.16,1392437.976,-0.013863370636378769,-0.01396036464504357,-0.0033760972316003723,0.032483714423118926,7.430000000000007,3784228.8839000002,1354504.0511270773,0.3679581808394642,79664402.65599999,0.446396155286506,3.319999999999993,5.037857142857141,71.13285126896358,11.444218291416604,SOLUSDT
2025-09-22,220.38,5836593.703,-0.06681910569105687,-0.06915621235247668,-0.0999019768011763,-0.09001569080848959,-21.80000000000001,3831326.6916,1410370.8572238593,1.5233871117794395,73827808.953,0.47732592030724247,15.780000000000001,5.610714285714282,53.991088478676,9.458405883185577,SOLUSDT
2025-09-23,213.3,3448908.468,-0.032126327252926745,-0.03265370358232604,-0.13818181818181818,-0.11997689578348048,-29.079999999999984,3800612.5308499997,1411743.7570032212,0.9074612157921444,70378900.485,0.4930847217082612,7.079999999999984,5.894999999999996,47.63116442505756,7.229995524791605,SOLUSDT
2025-09-24,211.6,4427457.526,-0.007969995311767564,-0.008001925493160669,-0.11289984488324323,-0.1174507841174508,-28.159999999999997,3885646.4433,1394775.7740725377,1.1394391102243082,65951442.959,0.47018282476559925,1.700000000000017,5.5264285714285695,41.94132092542329,5.266084326337165,SOLUSDT
2025-09-25,192.74,6761257.291,-0.08913043478260863,-0.09335556956100288,-0.19517287456154997,-0.17741453629806658,-41.56999999999999,4017639.5450999998,1536018.5443917136,1.6828929562001589,59190185.668,0.5717117982219563,18.859999999999985,6.540714285714283,30.348367369225727,2.162893679954493,SOLUSDT
2025-09-26,205.17,5623202.874,0.06449102417764863,0.06249677335497299,-0.13122459349593496,-0.1341576637407158,-31.79000000000002,4224724.63895,1453052.2602917799,1.3310223398127963,64813388.541999996,0.6154893728851828,12.429999999999978,6.467857142857137,29.563776918829348,0.6985375475469482,SOLUSDT
2025-09-27,203.46,2104933.415,-0.008334551835063486,-0.008369478412512002,-0.07677647699428258,-0.16900833197190002,-41.379999999999995,4219095.771550001,1461430.9886655442,0.49890628916126617,62708455.127,0.6066996624509747,1.7099999999999795,6.575714285714279,28.861611992178993,-0.5931208188412995,SOLUSDT
2025-09-28,210.83,2194260.074,0.03622333628231589,0.035582696166299735,-0.01157993436474447,-0.14816161616161616,-36.66999999999999,4042324.8285000003,1482760.0320498592,0.5428213137473744,64902715.201,0.6055817261447609,7.3700000000000045,6.914999999999994,35.058361739489726,-1.0104244298993876,SOLUSDT
2025-09-29,212.75,3213098.851,0.009106863349618077,0.009065645921581393,0.005434782608695787,-0.10807864838804349,-25.78,3954014.5354000004,1476601.3466331984,0.8126168536390959,68115814.052,0.6041685727216278,1.9199999999999875,6.662857142857137,38.443396226415075,-1.1726945020400876,SOLUSDT
2025-09-30,208.68,3264781.485,-0.019130434782608674,-0.019315789299291522,0.08270208571132098,-0.1286119926507432,-30.799999999999983,3876044.3490499994,1469388.2972330004,0.8422972471406791,64851032.567,0.595384275534645,4.069999999999993,6.764285714285707,35.06863780359028,-1.611137498708274,SOLUSDT
2025-10-01,222.04,4050260.921,0.06402146827678745,0.06205556766776859,0.08222449675878551,-0.05978997289972898,-14.120000000000005,3860939.5450500003,1465782.563797406,1.0490350531887305,68901293.488,0.6365261768824793,13.359999999999985,7.155714285714278,38.62048313036533,-0.8705314419815409,SOLUSDT
2025-10-02,234.74,4590696.388,0.05719690145919665,0.05562097285001741,0.15374029293227176,0.06516017787458028,14.360000000000014,3795891.6679,1398231.4311942533,1.2093855119262953,73491989.876,0.6345569349365556,12.700000000000017,7.872857142857137,44.21157684630739,0.7327414678981654,SOLUSDT
2025-10-03,232.84,4216611.614,-0.008094061514867579,-0.008126996268443156,0.1043969074609874,0.09160806375996255,19.539999999999992,3841439.18535,1396257.3934519002,1.0976645498074746,69275378.262,0.6350446753954709,1.9000000000000057,7.3678571428571376,47.241880756180315,1.8289496854062577,SOLUSDT
2025-10-04,227.86,1841410.605,-0.02138807764988826,-0.021620117133564987,0.0710223266745007,0.07684310018903595,16.26000000000002,3725251.1592,1462990.4174547675,0.49430508878640117,67433967.65699999,0.6382609695163278,4.97999999999999,7.65571428571428,44.57921253965293,2.2696945887483935,SOLUSDT
2025-10-05,228.56,3099633.526,0.003072061792328551,0.0030673526525478645,0.09526547824420173,0.18584621770260457,35.81999999999999,3643553.3545500003,1449276.3823714042,0.8507172049859615,70533601.18299998,0.6335758765131116,0.6999999999999886,7.468571428571423,46.36572302983932,2.644982537648957,SOLUSDT
2025-10-06,232.35,2981928.375,0.01658207910395526,0.016446097608469757,0.046433075121599776,0.13247550811522157,27.180000000000007,3633568.4203000003,1453308.6815086473,0.8206611325496387,73515529.55799998,0.63515141086197,3.789999999999992,6.61214285714285,56.46537755212273,3.2112054886377166,SOLUSDT
2025-10-07,219.97,4401045.757,-0.053281687109963394,-0.05475368211335538,-0.0629206781971543,0.0811461712375896,16.50999999999999,3615044.2335,1440343.882562246,1.2174251468948174,69114483.80099998,0.64880145116603,12.379999999999995,6.99071428571428,53.407581485644215,2.6306541768638283,SOLUSDT
2025-10-08,229.02,3103760.645,0.041141973905532536,0.04031816256756141,-0.016406115787665265,0.08627804392164307,18.189999999999998,3574387.7203499996,1442849.1541753807,0.8683335127102786,72218244.44599998,0.6669841667723718,9.050000000000011,7.51571428571428,58.27789393651398,2.8677646399827097,SOLUSDT
2025-10-09,220.93,3272953.431,-0.035324425814339366,-0.03596342672225656,-0.03041341174405343,0.03844888366627508,8.180000000000007,3568786.107,1443840.3085570973,0.9171055179183368,68945291.01499999,0.666385542448618,8.090000000000003,6.746428571428567,64.923239809423,2.375497741970605,SOLUSDT
2025-10-10,188.43,9622835.429,-0.1471054180057032,-0.15911932412853777,-0.17557752887644384,-0.09703852788959166,-20.25,3972403.4177,1904685.000544553,2.4224214957934884,59322455.58599999,0.838918156911109,32.5,8.179999999999996,42.69123297240657,-0.6298452435598847,SOLUSDT
2025-10-11,177.62,7292387.248,-0.05736878416388047,-0.05908014830404103,-0.2355498170862922,-0.20005404431633933,-44.41999999999999,4267400.8813,1940622.1866787602,1.7088591981024486,52030068.337999985,0.8552608777587005,10.810000000000002,8.829999999999998,39.54861672868468,-3.8396171525246814,SOLUSDT
2025-10-12,197.0,6486999.721,0.1091093345343992,0.1035572919076304,-0.10442333045415286,-0.16077362187952626,-37.74000000000001,4299921.1822,1973473.7801156815,1.5086322390869986,58517068.058999985,0.9321735113995867,19.379999999999995,9.68785714285714,44.9015704490157,-4.764656486870024,SOLUSDT
2025-10-13,208.69,6253161.511,0.059340101522842525,0.05764616852875056,-0.08876953977818536,-0.10371929221783205,-24.150000000000006,4440133.83435,2009125.3640529804,1.4083272586569258,64770229.569999985,0.9517947776729839,11.689999999999998,10.385714285714284,48.60385144429161,-4.5025687119341455,SOLUSDT
2025-10-14,202.44,7349167.875,-0.029948727778044026,-0.030406350920861976,-0.08369166704386011,-0.11155972965856231,-25.420000000000016,4586219.3518,2111754.1801947975,1.6024457862259895,57421061.694999985,0.9576168770687062,6.25,10.54142857142857,47.88589239734382,-4.7444934613497765,SOLUSDT
2025-10-15,193.84,5369155.439,-0.04248172297964825,-0.04341046983760691,0.02871092713474499,-0.15190759537976894,-34.72,4516614.2592,2058562.4792072407,1.1887566949210768,52051906.25599998,0.913620883525105,8.599999999999994,10.20142857142857,40.12743313261449,-5.566007228426429,SOLUSDT
2025-10-16,184.85,5404640.663,-0.046378456458935235,-0.04748839112562941,0.040704875577074695,-0.20443296750591777,-47.5,4505686.14865,2052951.3311665861,1.1995155642652442,46647265.59299998,0.8974852732969603,8.990000000000009,9.93642857142857,32.0681475091654,-6.863364086068515,SOLUSDT
2025-10-17,181.96,6102908.877,-0.01563429807952388,-0.015757802680837523,-0.07634517766497462,-0.17279629040323674,-38.00999999999999,4705584.92175,2000866.7932295674,1.2969501089633588,40544356.715999976,0.8983640182082837,2.8899999999999864,10.007142857142854,31.841541755888656,-8.032138101758818,SOLUSDT
2025-10-18,187.56,2105841.095,0.030775994724115074,0.030311911519582103,-0.10125065887201112,-0.18103222425988996,-41.46000000000001,4701163.9728,2006796.545672421,0.4479403626812377,42650197.810999975,0.8953307418173151,5.599999999999994,10.05142857142857,35.680784536668554,-8.409586255342305,SOLUSDT
2025-10-19,187.86,2483964.6,0.0015994881637877434,0.001598210344983933,-0.0720213396561944,-0.1496854207214955,-33.06999999999999,4664707.26025,2041574.0644615688,0.532501711557967,45134162.410999976,0.8942368235540537,0.30000000000001137,10.022857142857143,35.497434435575826,-8.58554037845937,SOLUSDT
2025-10-20,189.71,3178001.499,0.00984775896944523,0.009799585798084586,-0.021306231943871157,0.00679297351801722,1.2800000000000011,4660368.26095,2044795.6256000204,0.6819206811678387,48312163.909999974,0.893935501441533,1.8499999999999943,9.884285714285713,34.59314929903165,-8.477976909352122,SOLUSDT
2025-10-21,185.63,4651082.621,-0.0215065099362185,-0.021741145143322243,0.004219637543954491,0.04509627294223617,8.009999999999991,4690409.34595,2039767.7858040538,0.9916155026034227,43661081.288999975,0.8595032367620882,4.0800000000000125,9.291428571428572,36.80043050430504,-8.622558500115929,SOLUSDT
2025-10-22,180.12,3977004.715,-0.029682702149437024,-0.030132149787760906,-0.01011211255220934,-0.08568527918781721,-16.879999999999995,4659724.7623000005,2045953.2895845857,0.8534848983305581,39684076.57399997,0.8275076572299412,5.509999999999991,9.038571428571428,30.678046467520147,-9.077116059829848,SOLUSDT
2025-10-23,191.35,3501959.115,0.06234732400621801,0.060480916438340304,0.020206867135849738,-0.08308975034740529,-17.340000000000003,4623992.1373499995,2060290.0667296578,0.7573453870548676,43186035.68899997,0.8684944158200348,11.22999999999999,9.262857142857142,38.595003084515724,-8.43396752616033,SOLUSDT
2025-10-24,193.59,3356762.626,0.011706297360857043,0.011638308744146772,0.03050143724049814,-0.04371665678719616,-8.849999999999994,4699759.7384,1978827.4583052928,0.7142413256944037,46542798.314999975,0.8698306652271294,2.240000000000009,7.1014285714285705,52.59505129752564,-7.655273176121142,SOLUSDT
2025-10-25,193.84,1626838.938,0.001291389018027722,0.0012905558924121592,0.02177007010700538,0.0,0.0,4626120.009,2066950.286369243,0.35166379921727625,48169637.25299998,0.8695893686982187,0.25,6.347142857142856,59.126716182759395,-6.938002409838333,SOLUSDT
2025-10-26,200.03,2577750.13,0.03193355344614113,0.03143427879089124,0.07757366804934551,0.08212063835542338,15.180000000000007,4605911.0967500005,2085762.1511131676,0.5596612865191642,50747387.38299998,0.8767301393473306,6.189999999999998,5.404999999999999,52.00211444429761,-5.8031834059434,SOLUSDT
2025-10-27,198.7,3515609.387,-0.006649002649602664,-0.006671205741390492,0.10315345325338665,0.09199824137172996,16.73999999999998,4561639.2782499995,2099689.9445531582,0.7706899148651464,47231777.99599998,0.8588044743268485,1.3300000000000125,4.665,42.35186035829122,-4.954043919633193,SOLUSDT
2025-10-28,194.15,4329169.961,-0.022898842476094527,-0.023165093380094755,0.014632871701071304,0.03513542333120068,6.590000000000003,4622909.74405,2072613.5277963486,0.9364599788200358,42902608.034999974,0.8444705854653514,4.549999999999983,4.543571428571427,43.48372897343185,-4.595270317314572,SOLUSDT
2025-10-29,193.88,4620887.829,-0.0013906773113572246,-0.0013916452005011052,0.001498011260912202,0.03204513999787073,6.019999999999982,4690306.46395,2048177.4383507972,0.985199552420816,38281720.20599997,0.8378602577593386,0.27000000000001023,3.948571428571429,50.036179450072346,-4.283350596782157,SOLUSDT
2025-10-30,184.69,5054538.263,-0.04740045388900349,-0.048560667089355226,-0.04720387948823779,-0.026461441147013876,-5.02000000000001,4461891.60565,1693096.5313194515,1.132824082189613,33227181.94299997,0.6721870158669855,9.189999999999998,3.962857142857142,49.85580389329489,-4.723261350247839,SOLUSDT
2025-10-31,187.21,3193393.84,0.013644485353836222,0.013552237532357073,-0.06409038644203369,0.00851155524430336,1.5800000000000125,4256941.935250001,1576509.0527576313,0.7501614747330254,36420575.78299997,0.6384576485403185,2.5200000000000102,3.9364285714285723,54.763200870985294,-4.813068791279363,SOLUSDT
2025-11-01,186.35,1484505.22,-0.004593771700229787,-0.0046043554949096845,-0.06215400100654245,0.0345880524095048,6.22999999999999,4006817.2102000006,1600727.3860698084,0.3704948696488954,34936070.56299997,0.5016341259751514,0.8600000000000136,3.597857142857145,48.798888227119306,-4.897184948312287,SOLUSDT
2025-11-02,187.71,1761297.557,0.007298094982559844,0.007271592753114535,-0.03317022920422352,-0.019022733211392695,-3.6399999999999864,3782224.0125,1583993.7671307514,0.4656777470554436,36697368.119999975,0.4479550568446509,1.3600000000000136,3.673571428571431,49.854170717480066,-4.798789516377269,SOLUSDT
2025-11-03,166.06,7327613.063,-0.11533748867934579,-0.12254904984449724,-0.14349081906333816,-0.14220775866522029,-27.53,3781146.2718999996,1581444.3864717165,1.9379343024775197,29369755.056999974,0.590979091231021,21.650000000000006,5.087857142857146,33.39884879966307,-6.394077545301371,SOLUSDT
2025-11-04,155.03,8288577.565,-0.06642177526195348,-0.06873052225561371,-0.16059342682332556,-0.2002166735451919,-38.81,3927117.3782000006,1848005.6543586568,2.1106009234689798,21081177.491999973,0.6145148654039613,11.030000000000001,5.584285714285717,30.42977743668459,-8.45096614294502,SOLUSDT
2025-11-05,162.37,4650531.688,0.047345675030639356,0.046259035020752355,-0.13268521980663428,-0.1882717592361146,-37.66,3889411.92945,1823807.3574037107,1.1956901897654306,25731709.179999974,0.6315006962165637,7.340000000000003,5.715000000000003,38.90763654543183,-9.380654176506908,SOLUSDT
2025-11-06,155.28,3576753.327,-0.04366570179220297,-0.0446477427382682,-0.16672927287362482,-0.21852038248616001,-43.41999999999999,3763104.1519499994,1748357.2113816058,0.9504794931457227,22154955.852999974,0.6450509684141287,7.090000000000003,5.419285714285719,26.229076051140126,-10.567724240676398,SOLUSDT
2025-11-07,161.79,4213077.972,0.04192426584234932,0.04106925915649053,-0.13808534441425613,-0.16667525109451464,-32.360000000000014,3868465.9957999997,1706215.2494124,1.0890823330421273,26368033.824999973,0.6548693921001696,6.509999999999991,5.724285714285718,30.159720489143993,-10.85801874404936,SOLUSDT
2025-11-08,158.02,2502927.24,-0.023301810989554195,-0.02357759072265795,-0.04841623509574844,-0.1849597689292345,-35.859999999999985,3869414.1278000004,1705410.4779657938,0.6468491501123113,23865106.58499997,0.6567318541270954,3.769999999999982,5.975714285714288,28.591919674874504,-11.262460092913642,SOLUSDT
2025-11-09,164.53,3231789.575,0.04119731679534233,0.04037131710397147,0.06127846223311617,-0.10915588283068922,-20.159999999999997,3872103.5316,1704304.7981966774,0.8346340816110839,27096896.15999997,0.6770046036744486,6.509999999999991,5.99857142857143,28.864015241724232,-10.931666732702894,SOLUSDT
2025-11-10,167.31,3628961.126,0.016896614599161364,0.016755454671013432,0.0304243394715773,-0.10629774050531493,-19.900000000000006,3820997.4568499997,1695016.1503363412,0.9497418323307881,30725857.28599997,0.6792151639189777,2.780000000000001,6.102142857142858,31.628233641577907,-10.32615436521354,SOLUSDT
2025-11-11,154.63,4702104.213,-0.07578746040284501,-0.07881321258223291,-0.004185986604842928,-0.1702173329755836,-31.72,3857252.4317499995,1706246.0739905827,1.2190294247521414,26023753.07299997,0.7205373234441287,12.680000000000007,6.682857142857145,28.879863189397184,-10.745583087377526,SOLUSDT
2025-11-12,153.42,4139205.467,-0.007825130957770265,-0.007855907956188964,-0.05173372890784356,-0.18267540354802636,-34.29000000000002,3889114.74935,1705211.7890171742,1.064305306931815,21884547.60599997,0.6729723368163583,1.210000000000008,6.750000000000002,28.592592592592595,-11.048262763290921,SOLUSDT
2025-11-13,144.73,5418189.697,-0.056641898057619544,-0.05830932088163698,-0.08410327806606777,-0.1284475490786463,-21.330000000000013,3992186.1029,1733408.4919071852,1.3571986769514888,16466357.908999968,0.6871781870891196,8.689999999999998,6.714285714285716,28.744680851063833,-11.852718204382114,SOLUSDT
2025-11-14,138.92,6176425.147,-0.04014371588475096,-0.04097170977363998,-0.15565550355558266,-0.10391537121847394,-16.110000000000014,4219665.41335,1704953.946810004,1.4637239074594126,10289932.761999968,0.6910628392816651,5.810000000000002,6.949285714285716,25.182444238873472,-12.811391633107348,SOLUSDT
2025-11-15,139.61,2351478.022,0.004966887417218624,0.004954593124683395,-0.16556093479170397,-0.1401736774034612,-22.75999999999999,4208351.807949999,1717129.943773607,0.5587646017516458,12641410.783999968,0.6728559280295499,0.6900000000000261,6.9371428571428595,25.936985172981892,-13.361447548682861,SOLUSDT
2025-11-16,137.17,3385434.284,-0.017477258076069258,-0.01763178851024117,-0.11291469960550993,-0.11662802679031437,-18.110000000000014,4201843.0528,1720138.0535759842,0.8057022219675801,9255976.499999968,0.6717564786774116,2.440000000000026,7.014285714285718,24.26680244399185,-13.834779704205772,SOLUSDT
2025-11-17,130.99,5624720.775,-0.04505358314500241,-0.04610004808075793,-0.14619997392777984,-0.19037023301810985,-30.799999999999983,4266620.5935,1749331.749389822,1.3183081672574783,3631255.724999968,0.6786939296239736,6.179999999999978,5.909285714285716,28.804544905113033,-14.540954131419397,SOLUSDT
2025-11-18,140.69,5528848.81,0.07405145430948923,0.07143790397956429,-0.02791404684585086,-0.1096696620680927,-17.330000000000013,4312018.64255,1770660.9672553423,1.2821950154488206,9160104.534999967,0.7528310529093494,9.699999999999989,5.814285714285715,41.19164619164619,-14.154726641271424,SOLUSDT
2025-11-19,137.06,4268467.044,-0.025801407349491767,-0.026140102231444213,-0.013389000863806455,-0.16696043274782713,-27.47,4272715.0816,1762014.859176053,0.9990057755972791,4891637.490999967,0.7442874732243855,3.6299999999999955,5.549285714285714,33.710902304028835,-13.980391979289152,SOLUSDT
2025-11-20,133.67,7048254.224,-0.02473369327301922,-0.02504471017429606,-0.042547095480266695,-0.2010638933715858,-33.640000000000015,4465458.100799999,1846546.0883926516,1.5783944367851723,-2156616.7330000335,0.7380024871484555,3.390000000000015,5.285000000000001,35.39667522638193,-13.954911637516261,SOLUSDT
2025-11-21,128.68,8285885.693,-0.03733073988179836,-0.03804537361255597,-0.06189400014580437,-0.16781995731746746,-25.94999999999999,4805527.12445,1894334.555670975,1.7242407499569223,-10442502.426000033,0.7406386043298893,4.989999999999981,5.176428571428572,27.156064578446262,-14.17398075279371,SOLUSDT
2025-11-22,127.59,2612487.859,-0.008470624805719695,-0.00850670443717382,-0.025956179861058137,-0.16836136096988652,-25.829999999999984,4848086.6395499995,1830838.5493413375,0.5388698786213301,-13054990.285000034,0.7357940215972602,1.0900000000000034,4.985000000000001,28.198882361369826,-14.27104082028697,SOLUSDT
2025-11-23,130.58,2818715.19,0.023434438435614213,0.023164067824835696,-0.07186011798990677,-0.097768258135839,-14.149999999999977,4622641.7459,1786516.977036253,0.6097628466450006,-10236275.095000034,0.6527064748656538,2.990000000000009,4.733571428571431,24.385091293194535,-13.945933570371011,SOLUSDT
2025-11-24,138.44,4744857.046,0.060192985143207034,0.058450953008655895,0.010068583102290862,-0.0034552260293693182,-0.47999999999998977,4445455.71995,1565905.97065145,1.0673499737510304,-5491418.049000034,0.6650983756048799,7.859999999999985,5.096428571428573,29.7687456201822,-12.905283348124925,SOLUSDT
2025-11-25,138.96,2994819.853,0.0037561398439758253,0.003749103165706087,0.03957507294082463,-0.004655826946493802,-0.6500000000000057,4362670.1282,1597932.6751396055,0.6864648861809859,-2496598.196000034,0.6371727128246213,0.5200000000000102,4.227857142857145,36.76296671735092,-11.90140886234093,SOLUSDT
2025-11-26,143.02,4021862.67,0.029217040875072042,0.028798358687400473,0.11143922909543047,0.042647809287745364,5.850000000000023,4384925.59535,1589487.938731619,0.9172020328611709,1525264.473999966,0.6340462577535375,4.060000000000002,4.431428571428573,41.61831076724696,-10.655394278181518,SOLUSDT
2025-11-27,140.85,2331673.189,-0.015172703118445097,-0.015288986297868411,0.10392664001881013,0.07527292159706844,9.859999999999985,4290855.3562,1654535.9642151978,0.5434052177104706,-806408.7150000338,0.6119849698507499,2.170000000000016,3.9657142857142884,46.505763688760815,-9.730848444117214,SOLUSDT
2025-11-28,137.33,3502510.031,-0.024991125310613982,-0.02530870578019094,0.05169244907336501,-0.02388229440614109,-3.359999999999985,4340834.49575,1612241.6397839542,0.8068748150682128,-4308918.746000034,0.6126400691174585,3.519999999999982,3.8021428571428584,48.50648130753337,-9.176394033450123,SOLUSDT
2025-11-29,135.91,1859321.171,-0.010340056797495167,-0.010393886574934653,-0.018275065010112668,-0.00839048591857583,-1.1500000000000057,4272211.07555,1689298.8776830547,0.4352128530448681,-6168239.917000034,0.5864134070298852,1.420000000000016,3.854285714285715,46.57153446997775,-8.750694491947996,SOLUSDT
2025-11-30,133.48,2608165.329,-0.01787947906702969,-0.018041248084082726,-0.039435808865860844,-0.0014214109373831274,-0.18999999999999773,4221171.2857,1724804.4864142498,0.6178771607386896,-8776405.246000033,0.579099596744548,2.430000000000007,3.8535714285714278,46.580166821130675,-8.51129234983722,SOLUSDT
2025-12-01,126.66,5007504.057,-0.05109379682349413,-0.05244532279488899,-0.11438959586071884,-0.015697855144544692,-2.0200000000000102,4236441.2779,1730628.4089003014,1.1820071915365282,-13783909.303000033,0.5480334355205914,6.819999999999993,3.8992857142857145,46.0340721743909,-8.770777368413263,SOLUSDT
2025-12-02,138.68,5022856.747,0.09489973156481923,0.09066278972853847,-0.015406460773872865,0.08691903754212715,11.090000000000003,4280623.8419,1739273.4661656423,1.173393629646877,-8761052.556000032,0.6614391902858378,12.02000000000001,4.065000000000002,48.234053769109124,-7.915265318939646,SOLUSDT
2025-12-03,144.67,3954144.805,0.04319296221517144,0.04228616582467599,0.05344789922085469,0.10790320110277207,14.089999999999975,4207421.5973,1719573.581269577,0.9398023738665664,-4806907.751000032,0.651373656933209,5.989999999999981,4.233571428571429,56.41977391597772,-6.676955134093475,SOLUSDT
2025-12-04,139.01,2694242.241,-0.03912352249948159,-0.039909413652497595,0.022809211978515043,0.004117307136665582,0.5699999999999932,4033312.4520000005,1685670.0935683618,0.6679974023991136,-7501149.992000032,0.6505334641731338,5.659999999999997,4.395714285714285,54.338641533961656,-6.0821884065462655,SOLUSDT
2025-12-05,133.29,3367359.143,-0.04114811884037117,-0.04201866737307444,-0.0014234342223553575,-0.0408031088082903,-5.670000000000016,4084106.50805,1647190.8408895663,0.8245032631648438,-10868509.135000031,0.6670131786516614,5.719999999999999,4.447857142857144,53.70162196884534,-6.003186686598525,SOLUSDT
2025-12-06,132.19,1341595.431,-0.008252682121689503,-0.008286924024618449,0.04366019264171794,-0.07572367501048816,-10.830000000000013,3981914.5654000007,1752830.4317683382,0.3369222038708485,-12210104.566000031,0.6648816710189217,1.0999999999999943,4.448571428571428,53.69299935773924,-5.960627656022922,SOLUSDT
2025-12-07,132.24,3131804.491,0.0003782434374763888,0.00037817192146046594,-0.04643784251514271,-0.06112886048988275,-8.609999999999985,3857268.7512000003,1718154.1387332056,0.8119228119704369,-9078300.07500003,0.6442227566610838,0.05000000000001137,4.238571428571428,51.398719245028644,-5.855367701514723,SOLUSDT
2025-12-08,133.25,3245115.426,0.00763762855414396,0.007608609533185162,-0.0789382733116748,-0.029709458967450808,-4.0800000000000125,3743082.082,1676600.557151766,0.8669634688497329,-5833184.649000031,0.5850852151225068,1.009999999999991,3.749285714285715,45.05620118117737,-5.625601438563734,SOLUSDT
2025-12-09,137.88,4508522.034,0.034746716697936275,0.034156678602710766,-0.008128911589094234,0.014494886321830602,1.9699999999999989,3755084.8315,1681412.106698625,1.2006445223766178,-1324662.615000031,0.5919629838834005,4.6299999999999955,4.042857142857143,49.0459363957597,-5.012130988233849,SOLUSDT
2025-12-10,136.26,4520230.276,-0.011749347258485643,-0.011818916303142527,0.022282241728561747,0.02082709020077922,2.780000000000001,3628683.6341000004,1506769.36432255,1.2456942328953193,-5844892.891000031,0.5862590589783734,1.6200000000000045,3.8685714285714283,43.75923190546527,-4.6036042138929645,SOLUSDT
2025-12-11,136.41,4377697.036,0.0011008366358433719,0.0011002311595069139,0.03192374612300486,0.07697773567029853,9.75,3433274.2012500004,1057417.8469477051,1.2750793497373878,-1467195.8550000302,0.5680024187762183,0.15000000000000568,3.7242857142857133,45.742232451093216,-4.219104841245354,SOLUSDT
2025-12-12,132.27,4005608.262,-0.030349681108423066,-0.03081976846707286,0.0002268602540835829,-0.04622151716181133,-6.409999999999997,3502930.2214,1046330.7918233172,1.143502156431508,-5472804.11700003,0.5793232348026354,4.139999999999986,3.768571428571428,45.20470053070507,-4.200034337418884,SOLUSDT
2025-12-13,133.14,1472483.735,0.006577455205261762,0.0065559181346014,-0.0008255159474672702,-0.07969862445565767,-11.530000000000001,3435618.6486500003,1132424.0455731614,0.42859347488365773,-4000320.38200003,0.5742824857012598,0.8699999999999761,3.729285714285711,47.34725148438995,-4.067827710917612,SOLUSDT
2025-12-14,129.4,1731614.637,-0.028090731560762916,-0.028492824105757167,-0.06150275601972721,-0.06913171714265154,-9.609999999999985,3284956.5281999996,1149389.8418109843,0.5271347191765862,-5731935.01900003,0.539205463339583,3.7399999999999807,3.8228571428571376,46.1883408071749,-4.216237588035796,SOLUSDT
2025-12-15,127.81,3922431.0,-0.012287480680061802,-0.012363595923177156,-0.06201379715250244,-0.04111336184259873,-5.47999999999999,3331337.08555,1155763.9180396742,1.177434435264425,-9654366.019000031,0.53961192393027,1.5900000000000034,3.44928571428571,51.19072271691862,-4.411302448022553,SOLUSDT
2025-12-16,129.15,2884783.998,0.010484312651592331,0.01042973339822661,-0.053221904552452126,-0.022997200998562617,-3.039999999999992,3274483.1519500003,1147948.997870149,0.8809891100774396,-6769582.021000031,0.5284669753783958,1.3400000000000034,2.6864285714285665,37.330497208189286,-4.406965202165765,SOLUSDT
2025-12-17,123.27,4525580.216,-0.04552845528455296,-0.04659744797842154,-0.06804264005443417,-0.06783121597096198,-8.970000000000013,3384178.5033,1157893.7995068384,1.3372758592925844,-11295162.237000031,0.5471955893371099,5.88000000000001,2.6785714285714257,21.46666666666664,-4.822405078464129,SOLUSDT
2025-12-18,119.6,4790795.008,-0.029772045104242695,-0.03022423004689669,-0.10169746131891233,-0.102439024390244,-13.650000000000006,3448592.75215,1199895.3177923418,1.3892028871815074,-16085957.24500003,0.5496434778151738,3.6700000000000017,2.536428571428569,22.66967051534776,-5.385699510567235,SOLUSDT
2025-12-19,126.27,4090548.592,0.05576923076923079,0.054269629934057616,-0.02418856259659974,-0.08420365535248042,-11.61,3560154.1232000003,1146909.6016089935,1.148980760507992,-11995408.65300003,0.5917288844147873,6.670000000000002,2.604285714285712,40.373011519473394,-5.233571792009087,SOLUSDT
2025-12-20,125.81,1229353.586,-0.0036429872495445936,-0.0036496390875493927,-0.015648227838197304,-0.07669161896374566,-10.449999999999989,3491213.53605,1244438.6483321623,0.35212786995289463,-13224762.23900003,0.5891408311125811,0.45999999999999375,2.558571428571426,41.09436069235064,-5.091436721434945,SOLUSDT
2025-12-21,126.03,1812103.189,0.001748668627295169,0.0017471414863608975,-0.024157955865272918,-0.07609412799648119,-10.379999999999995,3331443.49265,1244644.7118942393,0.5439393443106432,-11412659.05000003,0.5602613935561664,0.21999999999999886,2.570714285714282,41.37260350097247,-4.904505407208063,SOLUSDT
2025-12-22,125.93,2667589.146,-0.0007934618741568533,-0.0007937768316452504,0.021578648495173214,-0.04793225977167914,-6.340000000000003,3213680.1125999996,1186239.7077594392,0.8300730167701136,-14080248.19600003,0.43499144069236384,0.09999999999999432,2.5057142857142827,39.566704675028504,-4.710134657802868,SOLUSDT
2025-12-23,124.01,2440030.872,-0.01524656555229098,-0.01536398950307408,0.036872909698996814,-0.06857443292774512,-9.129999999999981,3137974.41595,1184810.5861880798,0.7775815059541515,-16520279.06800003,0.39797667891522426,1.9200000000000017,2.3121428571428546,28.575841828853868,-4.6573355275531725,SOLUSDT
2025-12-24,122.53,1605450.498,-0.011934521409563748,-0.012006309553325826,-0.02961907024629762,-0.05309119010819163,-6.8700000000000045,3083534.8288000003,1230408.6681121588,0.5206526234129754,-18125729.56600003,0.3805306822955636,1.480000000000004,2.3021428571428544,28.699968973006506,-4.680956316929596,SOLUSDT
2025-12-25,120.06,1818325.148,-0.020158328572594475,-0.02036428013765813,-0.04570383912248632,-0.06063688287301461,-7.75,3006083.12905,1260000.591059194,0.6048818578661987,-19944054.71400003,0.3616556265778913,2.469999999999999,2.4678571428571394,26.33863965267726,-4.843155438897696,SOLUSDT
2025-12-26,122.26,3326516.562,0.018324171247709575,0.018158306776882394,-0.029913512655716845,-0.05334881920247769,-6.890000000000001,3105329.1856000004,1198674.5090240887,1.0712283185388807,-16617538.152000032,0.3706467280820726,2.200000000000003,2.3292857142857124,34.65194725544309,-4.7395432929878325,SOLUSDT
2025-12-27,124.73,1357802.112,0.020202846392933127,0.02000147653703844,-0.009529103470181877,0.011843919850734297,1.460000000000008,3016629.06665,1260647.0081132469,0.45010575778474954,-15259736.040000033,0.38005751392250914,2.469999999999999,2.443571428571428,37.708272434960556,-4.4073167593776645,SOLUSDT
2025-12-28,125.27,1828960.451,0.004329351399021908,0.004320006718482828,0.010160470929763576,0.04740802675585276,5.670000000000002,2945821.3178999997,1286641.1326592492,0.6208660518160072,-13430775.589000033,0.3790501017942831,0.539999999999992,2.2150000000000003,43.34085778781037,-4.053722560573377,SOLUSDT
2025-12-29,123.28,4307595.105,-0.0158856869162608,-0.016013216844240164,0.006120949971435641,-0.023679417122040025,-2.989999999999995,2935774.97145,1274524.4400695253,1.4672770041609997,-17738370.694000036,0.35430784993881637,1.9899999999999949,2.2435714285714283,42.78892072588347,-3.8892402388825786,SOLUSDT
2025-12-30,125.01,2480631.516,0.014033095392602224,0.013935543090611487,0.04122938530734643,-0.006358795008345908,-0.7999999999999972,2833795.0334500005,1221571.4042121675,0.8753743607842935,-15257739.178000037,0.35990244558818174,1.730000000000004,2.2714285714285714,43.49056603773585,-3.578044798938123,SOLUSDT
2025-12-31,124.65,2941643.658,-0.0028797696184305055,-0.002883924132904871,0.019548503189923183,-0.01094977386336582,-1.3799999999999955,2761992.36455,1167033.6368963972,1.0650440948917212,-18199382.836000036,0.359423017779766,0.35999999999999943,1.8771428571428561,52.625570776255735,-3.322173217227359,SOLUSDT
2026-01-01,126.9,1733664.978,0.018050541516245522,0.017889564750775123,0.017397578770143474,0.0077026919717302356,0.9699999999999989,2648395.2003500005,1150061.1673105354,0.6546096208643205,-16465717.858000036,0.35383476681836595,2.25,1.7757142857142847,64.68222043443285,-2.904357325947103,SOLUSDT
2026-01-02,132.29,2924227.372,0.042474389282899816,0.04159710775394665,0.05603895585535246,0.06676880896701864,8.279999999999987,2720982.3822,1117283.1407564848,1.07469544497222,-13541490.486000037,0.3865821315962251,5.389999999999986,1.6842857142857122,62.76505513146735,-2.113939094021589,SOLUSDT
2026-01-03,133.37,1520623.499,0.008163882379620624,0.008130738160014523,0.0818462037637897,0.0884681302538155,10.840000000000003,2710432.8253,1128060.6965280147,0.5610260784941948,-12020866.987000037,0.37286845637315724,1.0800000000000125,1.7285714285714278,65.61983471074382,-1.3844212303304317,SOLUSDT
2026-01-04,134.12,1809269.113,0.005623453550273716,0.005607700963724674,0.07287417006639463,0.11710811261036147,14.060000000000002,2604774.73095,1107338.7150905838,0.6945971532594423,-10211597.874000037,0.3693140999453307,0.75,1.7664285714285708,66.35665183987062,-0.7372557105686042,SOLUSDT
2026-01-05,137.9,3327567.484,0.028183716075156573,0.027793863201228335,0.10629763337344555,0.1279240961884509,15.64,2626913.90525,1117610.3002738252,1.266721180831132,-6884030.390000037,0.37948623299559364,3.780000000000001,2.029285714285714,71.06652587117212,0.07972303808315928,SOLUSDT
2026-01-06,141.08,3771795.117,0.0230601885424222,0.02279832056859527,0.11174152876280541,0.1310831395814962,16.35000000000001,2589224.6503,1061513.629159901,1.4567276410577128,-3112235.273000037,0.33761832140339415,3.180000000000007,2.119285714285714,78.76643073811933,0.9725727922908902,SOLUSDT
2026-01-07,136.39,2321642.178,-0.03324354975900212,-0.03380867642906761,0.030992516441151974,0.08876826055719644,11.11999999999999,2465767.0088,927057.1738354672,0.9415496961855531,-5433877.451000037,0.34281564450000884,4.690000000000026,2.34857142857143,71.07664233576638,1.2868844482395048,SOLUSDT
2026-01-08,138.37,3113437.835,0.014517193342620471,0.014412827742509267,0.03748969033515781,0.12240428293316041,15.090000000000003,2416911.47095,860265.8738977675,1.2881886127902817,-2320439.6160000367,0.29221371037602134,1.9800000000000182,2.3135714285714317,78.26489657301633,1.6764233872506225,SOLUSDT
2026-01-09,135.97,3778547.996,-0.017344800173448083,-0.01749698351369844,0.013793617655830648,0.08767298616110697,10.959999999999994,2544371.1914500003,863893.5969847356,1.4850616170695834,-6098987.612000037,0.30133626166614175,2.4000000000000057,2.327857142857146,71.03405952746238,1.7710601812080426,SOLUSDT
2026-01-10,135.84,1000837.004,-0.0009560932558652091,-0.0009565506045574026,-0.014938361131254574,0.08977135980746076,11.189999999999998,2503807.8822,917470.9090636023,0.3997259578560807,-7099824.616000037,0.3017642156351336,0.12999999999999545,2.1607142857142887,68.36363636363635,1.8146524251210394,SOLUSDT
2026-01-11,139.7,2209913.206,0.028415783274440498,0.028019543699878927,-0.009781684150836578,0.10086682427107951,12.799999999999983,2480924.0852,918877.4881287407,0.8907621233488277,-4889911.410000037,0.31329699060032323,3.859999999999985,2.3978571428571454,71.49240393208218,2.1360463207779787,SOLUSDT
2026-01-12,139.22,4160120.091,-0.0034359341445955316,-0.0034418505223956903,0.02074932179778588,0.05238491193589856,6.930000000000007,2566928.54615,992404.6434517882,1.6206606519061637,-9050031.501000037,0.3056933375575821,0.47999999999998977,2.2900000000000023,74.85963817841545,2.3252176484775475,SOLUSDT
2026-01-13,145.51,4195082.468,0.04518029018819125,0.044189397031666786,0.051600780516007694,0.09102496813376315,12.139999999999986,2696410.14465,1028632.408888711,1.5558028055648527,-4854949.033000037,0.32774095423765937,6.289999999999992,2.615714285714287,77.99016930638992,2.948696977604243,SOLUSDT
2026-01-14,146.69,3695077.378,0.008109408288090147,0.008076703727484109,0.07884092079135097,0.09372203996421113,12.569999999999993,2790247.7561500003,1029915.7107742327,1.3242828956158677,-1159871.655000037,0.30942482491165696,1.1800000000000068,2.674285714285716,79.43376068376065,3.4977056032436167,SOLUSDT
2026-01-15,142.4,2462143.139,-0.029245347331106397,-0.02968151752179601,0.04829210836277986,0.03263234227701228,4.5,2747029.085,1024348.6349265076,0.8962930725576937,-3622014.794000037,0.33773141797013917,4.289999999999992,2.820000000000001,69.63019250253292,3.5457584512147093,SOLUSDT
2026-01-16,144.89,1900879.026,0.01748595505617967,0.017334834854755406,0.037151037938439435,0.02700595406861339,3.809999999999974,2774182.9307,992280.3112223026,0.6852032016217322,-1721135.768000037,0.3365509332877237,2.4899999999999807,2.612857142857144,67.22252597047566,3.7416316688420466,SOLUSDT
2026-01-17,143.72,835154.761,-0.008075091448685123,-0.008107871587312835,0.03232294210601916,0.05374294303101412,7.3300000000000125,2724492.6462000003,1064369.9971056576,0.3065358837230984,-2556290.529000037,0.3410642933817833,1.1699999999999875,2.6192857142857133,64.11235342241615,3.7591205810134056,SOLUSDT
2026-01-18,137.87,1877438.698,-0.04070414695240743,-0.04155575006178031,-0.05250498247543112,-0.003613500036135031,-0.5,2602984.8258499997,1011533.2372720058,0.7212637889223676,-4433729.227000037,0.37312996647651975,5.849999999999994,2.983571428571427,54.48886760833134,3.2633170725321463,SOLUSDT
2026-01-19,133.44,2972524.77,-0.03213171828534134,-0.03265927357310108,-0.09032653895971099,-0.01860704567183935,-2.530000000000001,2627579.48855,1014377.7403241721,1.1312787236135544,-7406253.997000037,0.39507390325388747,4.430000000000007,3.029999999999999,44.74304573314473,2.48428791833706,SOLUSDT
2026-01-20,125.8,3532423.88,-0.05725419664268583,-0.058958594344096456,-0.1165730337078652,-0.07391048292108371,-10.040000000000006,2657118.4996499997,1032445.6862969183,1.3294190230752965,-10938677.877000038,0.45014240544205414,7.640000000000001,3.3485714285714274,33.70307167235492,1.2361677785165455,SOLUSDT
2026-01-21,129.54,3161736.36,0.029729729729729648,0.029296369488430757,-0.10594243909172474,-0.07272727272727275,-10.159999999999997,2728522.06875,1014444.1359068791,1.1587725077292357,-7776941.517000038,0.4579057212693307,3.739999999999995,3.280714285714282,42.54300021772262,0.5425560703550047,SOLUSDT
2026-01-22,128.47,1811586.462,-0.008259996912150624,-0.008294299711252626,-0.1061091010297801,-0.07721591725326826,-10.75,2672890.02325,1033476.8360940596,0.6777631875019196,-9588527.979000038,0.43228373468762193,1.0699999999999932,3.2157142857142804,39.004886717014635,-0.09241100664172563,SOLUSDT
2026-01-23,127.43,2044063.077,-0.008095275161516202,-0.008128219819330406,-0.07572350765213609,-0.12425262868531362,-18.079999999999984,2699062.00215,1009101.1836999679,0.7573234980788712,-11632591.056000037,0.43150989036105675,1.039999999999992,3.118571428571422,40.21988089784699,-0.6718021808512162,SOLUSDT
2026-01-24,127.21,807419.995,-0.0017264380444166338,-0.0017279300560683112,-0.046687649880095994,-0.1327970550139751,-19.480000000000004,2648969.5462499997,1078102.9097158914,0.3048053142562624,-12440011.051000036,0.4305930111161979,0.22000000000001307,3.124999999999995,40.13714285714283,-1.1356351272449672,SOLUSDT
2026-01-25,118.85,4540879.449,-0.06571810392264754,-0.06797707036191658,-0.055246422893481695,-0.1653792134831461,-23.55000000000001,2709635.1445,1150035.0891123624,1.6758268943392796,-16980890.500000037,0.4696878263930866,8.36,3.446428571428567,28.393782383419676,-2.152989884365468,SOLUSDT
2026-01-26,124.24,2355751.363,0.04535128312999581,0.044352985034228715,-0.0409140033966342,-0.14252191317551244,-20.64999999999999,2638832.9568,1124507.479218986,0.8927247012469933,-14625139.137000037,0.49460389297274376,5.390000000000001,3.797142857142854,35.910458991723075,-2.495555692544059,SOLUSDT
2026-01-27,127.19,2036509.042,0.023744365743721962,0.023466852622961623,-0.009963415583404744,-0.1150153075424436,-16.53,2624576.3,1130531.8591961206,0.775938212198289,-12588630.095000038,0.49413874716925443,2.950000000000003,3.558571428571426,31.613809714973897,-2.500180691059569,SOLUSDT
2026-01-28,125.35,1997863.528,-0.01446654611211573,-0.014572206859090723,-0.016322686965392852,-0.09081018350620151,-12.52000000000001,2568797.5846499996,1132661.0819554832,0.7777426839461196,-14586493.623000037,0.4911966656372582,1.8400000000000034,3.6057142857142828,28.86291600633912,-2.622092804528279,SOLUSDT
2026-01-29,117.82,3730613.473,-0.06007179896290393,-0.061951788510761184,-0.07381495165474417,-0.11705635491606714,-15.620000000000005,2566400.8585,1130014.1270586653,1.453636309637324,-18317107.096000038,0.5280805094887407,7.530000000000001,3.837142857142855,27.122114668652245,-3.2884103543453307,SOLUSDT
2026-01-30,117.59,4761006.742,-0.0019521303683583957,-0.0019540382582167613,-0.010601598653765198,-0.06526232114467401,-8.209999999999994,2754409.3454,1167995.7551774515,1.7285036989694784,-23078113.838000037,0.5279509848768507,0.22999999999998977,3.6757142857142844,23.474543334628848,-3.791326835206604,SOLUSDT
2026-01-31,105.58,8567398.326,-0.10213453524959615,-0.10773503843985434,-0.1501931745009658,-0.1849621738459163,-23.959999999999994,3072283.6014,1738019.919762638,2.788609203296189,-31645512.164000034,0.609938248205481,12.010000000000005,4.45,19.390048154093094,-5.100206393314934,SOLUSDT
2026-02-01,100.79,4204256.051,-0.04536844099261217,-0.046429815028683555,-0.20756348769557353,-0.2154588619911263,-27.679999999999993,3074490.3994,1739501.2531990877,1.3674643615151567,-35849768.21500003,0.6191424017961225,4.789999999999992,4.374285714285714,19.725669497060736,-6.449668082507316,SOLUSDT
2026-02-02,104.55,5574032.681,0.0373052882230378,0.036626281507855844,-0.16593538093338656,-0.17954955661932048,-22.88000000000001,3143437.91005,1812069.730221901,1.7732281789880617,-30275735.53400003,0.6094988456497435,3.759999999999991,4.32642857142857,26.151560178306084,-7.133495125806107,SOLUSDT
2026-02-03,97.89,4514018.115,-0.06370157819225253,-0.06582102660130365,-0.16915634017993542,-0.23048502476220423,-29.319999999999993,3184384.9469,1834307.3873666252,1.4175478751067452,-34789753.649000034,0.6254281750821683,6.659999999999997,4.25642857142857,26.58164121496894,-8.11924571385154,SOLUSDT
2026-02-04,92.12,6251459.371,-0.05894371233016649,-0.06075232432085447,-0.216600051024747,-0.22490534286916275,-26.72999999999999,3373850.7585,1947959.1838125365,1.8529152053481386,-41041213.02000003,0.6404188915621435,5.769999999999996,4.4014285714285695,19.636481661798115,-9.259315311734966,SOLUSDT
2026-02-05,78.35,10243355.48,-0.1494789405123753,-0.16190610615045478,-0.25790869482856604,-0.36936574372182873,-45.89,3790974.5812,2445586.3399718576,2.7020375000134016,-51284568.50000003,0.7694460650615328,13.77000000000001,5.308571428571428,16.28094725511302,-11.14547450880336,SOLUSDT
2026-02-06,87.46,11811095.766,0.11627313337587752,0.10999557718274475,-0.13225518404603642,-0.31236732447519466,-39.730000000000004,4339771.631449999,2930770.217976753,2.7215938461844114,-39473472.73400003,0.9253200826883631,9.11,5.885,25.74341546304163,-11.769496962246649,SOLUSDT
2026-02-07,87.59,4486649.48,0.001486393780013806,0.0014852901902231578,-0.16221903395504533,-0.30123653769445546,-37.75999999999999,4470232.17055,2872894.7250484,1.003672585410252,-34986823.25400002,0.9266595524842041,0.13000000000000966,5.878571428571428,25.929526123936824,-12.113907750987153,SOLUSDT
2026-02-08,86.99,2534998.683,-0.006850097043041514,-0.006873666655548294,-0.11134947389927474,-0.2616703445934476,-30.83,4448355.8662,2886533.047599891,0.569873175449319,-37521821.93700002,0.9268938993489074,0.6000000000000085,5.324285714285715,28.628924067614705,-12.293558280615898,SOLUSDT
2026-02-09,86.77,3667652.416,-0.002529026324864958,-0.002532229714051079,-0.058076422058185084,-0.2620971171017944,-30.820000000000007,4455117.293,2884432.26009814,0.823244860862073,-41189474.35300002,0.9176441252325752,0.21999999999999886,4.955,22.992648118783336,-12.311762447355036,SOLUSDT
2026-02-10,82.99,2975212.105,-0.043563443586493,-0.044540821195041706,0.059221442246330636,-0.21396097745785192,-22.590000000000003,4445791.080250001,2889131.952694612,0.6692199546256444,-44164686.45800002,0.9051802281534155,3.780000000000001,5.014285714285714,18.51851851851852,-12.48725844753693,SOLUSDT
2026-02-11,79.3,3814913.32,-0.04446318833594409,-0.04548198996955431,-0.09329979419163048,-0.21321559678539548,-21.49000000000001,4545957.42315,2827058.097201585,0.8391880884261685,-47979599.77800002,0.9078400799121071,3.6899999999999977,5.146428571428571,18.043025676613468,-12.77680934856221,SOLUSDT
2026-02-12,78.4,3196230.117,-0.01134930643127352,-0.011414201284440012,-0.10492065304258469,-0.2501195600191295,-26.14999999999999,4603565.77515,2784816.0314497803,0.6942944389440935,-51175829.89500002,0.9072406782066412,0.8999999999999915,4.672857142857142,19.87159889941914,-12.929855674453108,SOLUSDT
2026-02-13,84.33,3370390.272,0.07563775510204063,0.07291374623018786,-0.030578227382457746,-0.13852283174992341,-13.560000000000002,4731714.289,2656970.618231397,0.7122979254760324,-47805439.62300002,0.9700213949603851,5.929999999999993,5.079999999999999,26.616985376827884,-12.429366548875294,SOLUSDT
2026-02-14,88.06,2698607.215,0.04423099727261959,0.04328072674105768,0.014866889477930245,-0.04407294832826747,-4.060000000000002,4639600.6773,2695588.7214185246,0.5816464395747191,-45106832.40800002,0.9775798329032691,3.730000000000004,4.4885714285714275,36.05983450031827,-11.598050378706063,SOLUSDT
2026-02-15,86.16,3929085.4,-0.021576198046786343,-0.02181236747947471,0.03819737317749139,0.09968091895341424,7.810000000000002,4718267.37915,2647967.123096363,0.8327390298741034,-49035917.80800002,0.9531175897611732,1.9000000000000057,4.2821428571428575,37.798165137614674,-10.96612972824633,SOLUSDT
2026-02-16,86.45,3559751.811,0.0033658310120705526,0.0033601792811663693,0.0901639344262295,-0.011548136290875699,-1.009999999999991,4794429.517600001,2588000.497550308,0.7424766174854404,-45476165.99700002,0.9444422580446326,0.29000000000000625,4.034285714285716,33.97662889518415,-10.322931159045737,SOLUSDT
2026-02-17,85.08,2774655.865,-0.015847310584152785,-0.015974221797263162,0.08520408163265292,-0.02865623929672345,-2.510000000000005,4833269.13445,2549362.3442973136,0.5740743558481234,-48250821.862000026,0.9443979481783263,1.3700000000000045,3.6564285714285734,37.48779058409846,-9.810648164269821,SOLUSDT
2026-02-18,81.61,3137603.97,-0.04078514339445227,-0.041640186850884935,-0.03225423929799598,-0.06184618921715135,-5.3799999999999955,4803618.6593,2566254.3533592415,0.6531750733221655,-51388425.832000025,0.9352980576772904,3.469999999999999,3.492142857142859,39.25138065043976,-9.574293702103276,SOLUSDT
2026-02-19,82.5,2848277.49,0.010905526283543798,0.010846489859483915,-0.06313876902112203,-0.04921055664400131,-4.269999999999996,4707982.196700001,2603299.357696332,0.6049890103655157,-48540148.34200002,0.939058796290711,0.8900000000000006,2.5721428571428584,55.76228825326299,-9.209009793544269,SOLUSDT
2026-02-20,84.67,3754556.759,0.026303030303030273,0.025963054313550508,-0.017293407613741762,0.020243402819617007,1.6800000000000068,4467340.11835,2445424.7115632608,0.8404456924105289,-44785591.58300002,0.8920650815561277,2.1700000000000017,2.076428571428573,45.2012383900929,-8.644767303436268,SOLUSDT
2026-02-21,85.17,1780748.862,0.005905279319711854,0.005887911498803702,-0.014806246385193789,0.0740226986128627,5.8700000000000045,4346164.7589,2518111.535258192,0.4097287978679165,-43004842.721000016,0.8832039155646441,0.5,2.1028571428571436,45.889945652173914,-8.064295069836703,SOLUSDT
2026-02-22,82.79,1798852.596,-0.027944111776447067,-0.02834197800227497,-0.026915843911612503,0.055994897959183776,4.390000000000001,4157405.7546500005,2562332.087062734,0.4326863198252921,-44803695.31700002,0.8701781069622453,2.3799999999999955,2.23,43.27354260089688,-7.707465883172247,SOLUSDT
2026-02-23,77.9,5163373.383,-0.05906510448121749,-0.060881328274011874,-0.04546011518196291,-0.07624807304636538,-6.429999999999993,4189873.51805,2571187.357745381,1.2323458836540429,-49967068.70000002,0.8665414589926266,4.890000000000001,2.5635714285714286,37.642797436611886,-7.730149957629777,SOLUSDT
2026-02-24,78.99,3592828.376,0.013992297817714938,0.013895309299625066,-0.04254545454545455,-0.10299795593913252,-9.070000000000007,4056941.9683000008,2527345.1316825165,0.8856001402222472,-46374240.324000016,0.8503314832111771,1.0899999999999892,2.3714285714285706,43.97590361445783,-7.572877936676207,SOLUSDT
2026-02-25,88.06,5632749.415,0.11482466134953806,0.10869713815128017,0.04003779378764616,0.022051996285979536,1.9000000000000057,3826411.66505,2109010.3370656697,1.4720709395826068,-40741490.90900002,0.7740796084629283,9.070000000000007,2.755714285714286,61.35303265940903,-6.639825750041055,SOLUSDT
2026-02-26,85.91,3356890.979,-0.02441517147399508,-0.024718163677642707,0.008688505342256514,-0.006246385193753645,-0.5400000000000063,3403701.4257,957028.2399393178,0.9862471936150001,-44098381.88800002,0.663774774268668,2.1500000000000057,2.845000000000001,59.42756716043183,-6.0046443986882565,SOLUSDT
2026-02-27,81.85,3370499.359,-0.04725875916656974,-0.04841193283282131,-0.011354028264283222,-0.03796426892336624,-3.230000000000004,3347893.91965,922473.6288650094,1.0067521372816863,-47468881.247000016,0.6844716774100725,4.060000000000002,2.711428571428573,46.73340358271865,-5.762440839666112,SOLUSDT
2026-02-28,84.35,4737699.879,0.03054367745876596,0.030086505174833324,0.08279845956354293,0.03357431687293211,2.739999999999995,3458028.97945,951352.5450367386,1.3700578876448664,-42731181.368000016,0.694138978597057,2.5,2.62357142857143,44.94963245303566,-5.307581175592745,SOLUSDT
2026-03-01,83.6,4435194.222,-0.00889152341434496,-0.008931288901321336,0.058361817951639416,0.013333333333333197,1.0999999999999943,3496406.06975,975430.1490788725,1.2685008930662123,-47166375.59000002,0.6947340331186173,0.75,2.5414285714285723,46.40247329960651,-4.950553448178084,SOLUSDT
2026-03-02,86.64,5123433.26,0.036363636363636376,0.035718082602079246,-0.016125369066545603,0.023266800519664566,1.9699999999999989,3603817.1275,1031673.3255222874,1.4216684916956845,-42042942.33000002,0.6876397143742552,3.0400000000000063,2.737857142857144,50.247847638925116,-4.371907183700159,SOLUSDT
2026-03-03,86.97,4136742.745,0.0038088642659279692,0.003801628908938638,0.012338493772552805,0.021134202183867634,1.7999999999999972,3619908.59875,1037631.832173376,1.1427754685376503,-37906199.58500002,0.6643813686671554,0.3299999999999983,2.663571428571429,52.53419147224457,-3.8424047578704688,SOLUSDT
2026-03-04,90.85,6329931.383,0.044613084971829364,0.04364656324050637,0.10995723885155773,0.09735475298949137,8.059999999999988,3776593.66205,1194959.4227349905,1.6760954313427527,-31576268.202000022,0.6752359697190955,3.8799999999999955,2.692857142857143,62.25464190981432,-3.0742486720167648,SOLUSDT
2026-03-05,88.77,3753710.608,-0.022894881673087508,-0.023161039761952218,0.052400711321873183,0.139537869062901,10.86999999999999,3795759.67885,1191169.4416071407,0.9889220934917725,-35329978.810000025,0.6341162031683036,2.0799999999999983,2.777857142857143,58.06119825147853,-2.6033087338462906,SOLUSDT
2026-03-06,84.7,3135324.642,-0.045848822800495626,-0.04693315342221922,0.013157894736842257,0.07228763134574012,5.710000000000008,3817595.5502000004,1173875.787770655,0.8212825588178777,-38465303.45200002,0.6376219761090396,4.069999999999993,2.913571428571428,50.03677371904878,-2.5293437254922537,SOLUSDT
2026-03-07,83.22,1465281.721,-0.017473435655253833,-0.017627898103213482,-0.03947368421052633,-0.054962525550760866,-4.840000000000003,3694405.36625,1285529.521722342,0.3966218039812268,-39930585.17300002,0.6360469891984651,1.480000000000004,2.983571428571428,47.665788843667706,-2.560632180764813,SOLUSDT
2026-03-08,81.59,2102965.687,-0.019586637827445297,-0.019780998114086363,-0.06186041163619638,-0.050285182167384423,-4.319999999999993,3621566.0600499995,1333921.2920710547,0.5806785385466546,-42033550.86000002,0.6391726510542634,1.6299999999999955,2.9299999999999997,48.5372988785958,-2.685993424288739,SOLUSDT
2026-03-09,84.96,3594057.289,0.041304081382522284,0.04047385205291979,-0.06483214089157951,0.0379963347587049,3.1099999999999994,3662536.13125,1319040.7833504204,0.9813028896382167,-38439493.571000025,0.6549141925562751,3.3699999999999903,2.8214285714285703,58.93670886075948,-2.4847694022714393,SOLUSDT
2026-03-10,85.88,3643895.134,0.010828625235404843,0.010770415516951523,-0.0325560437084601,0.018138707765263717,1.5300000000000011,3687850.6894500004,1313281.9545426273,0.9880809828945228,-34795598.43700002,0.6369089985718598,0.9200000000000017,2.809285714285714,58.759216882786674,-2.225408480152211,SOLUSDT
2026-03-11,86.58,3182175.739,0.008150908244061617,0.00811786900325436,0.022195985832349496,0.03564593301435415,2.980000000000004,3704545.601899999,1304137.7459266537,0.8589921898566765,-31613422.69800002,0.6365477183717363,0.7000000000000028,2.211428571428571,47.60981912144702,-1.9410042422507843,SOLUSDT
2026-03-12,86.84,2913681.148,0.0030030030030030463,0.002998502996256633,0.04349915885604427,0.0023084025854109846,0.20000000000000284,3662501.82135,1315941.5645643184,0.795543945129293,-28699741.55000002,0.6306594972840133,0.2600000000000051,2.076428571428571,51.59958720330239,-1.6753199619320185,SOLUSDT
2026-03-13,88.18,4940378.617,0.01543067710732382,0.015312834919700482,0.08076970216938362,0.013912843509256145,1.210000000000008,3820483.3090999997,1266889.1390251098,1.2931292240519738,-23759362.93300002,0.6323463535024392,1.3400000000000034,1.8821428571428567,62.01138519924101,-1.3411762099793378,SOLUSDT
2026-03-14,88.03,1498143.039,-0.0017010660013608847,-0.0017025144569768403,0.036134651600753465,-0.031040176114474294,-2.819999999999993,3805447.83125,1293646.539196189,0.39368376743924394,-25257505.97200002,0.6223859911320788,0.15000000000000568,1.7142857142857142,57.666666666666686,-1.0760644247175009,SOLUSDT
2026-03-15,92.3,2614547.105,0.04850619107122567,0.047366476035991666,0.07475547275267824,0.03976568660583535,3.530000000000001,3678006.5173500003,1278287.5667949256,0.7108598347138815,-22642958.86700002,0.5948288552277846,4.269999999999996,1.9657142857142855,65.80668604651163,-0.5154661379771142,SOLUSDT
2026-03-16,96.2,5621650.621,0.04225352112676073,0.04138521616285449,0.11111111111111116,0.13577331759149946,11.5,3779447.6295999996,1349679.3784144395,1.487426516238028,-17021308.24600002,0.6062209413827777,3.9000000000000057,2.0271428571428567,66.84284707540522,0.24073441303573873,SOLUSDT
2026-03-17,94.62,2833557.586,-0.016424116424116453,-0.01656048746865882,0.08959005066789505,0.13698630136986312,11.400000000000006,3639488.0381500004,1291251.1433298925,0.7785593897542619,-19854865.83200002,0.4707600061345827,1.5799999999999983,2.116428571428571,62.90921363482958,0.7044159340511129,SOLUSDT
2026-03-18,90.08,3293861.558,-0.047981399281335935,-0.049170705811621834,0.02154683601723728,0.10405686971442574,8.489999999999995,3636336.5671000006,1292053.8264494247,0.9058186714072163,-23148727.390000023,0.4963722352904792,4.540000000000006,2.163571428571429,48.7289534499835,0.697506402834648,SOLUSDT
2026-03-19,88.89,2609542.924,-0.013210479573712242,-0.013298514137796673,0.009769396796546648,0.046257062146892736,3.930000000000007,3598288.7453500004,1311354.0962225022,0.7252177656315831,-25758270.31400002,0.46448560686578744,1.1899999999999977,2.1000000000000005,50.20408163265307,0.5892153866071084,SOLUSDT
2026-03-20,89.84,2201411.538,0.010687366407919896,0.01063066017660417,-0.026652221018418132,0.046110852352119425,3.960000000000008,3471474.3283,1317987.141966769,0.6341431132166958,-23556858.776000023,0.4549923496827609,0.9500000000000028,1.8771428571428583,59.77929984779299,0.5734407683478508,SOLUSDT
2026-03-21,87.56,1241845.225,-0.025378450578806833,-0.025706037775525617,-0.08981288981288982,0.011319011319011363,0.980000000000004,3311806.87845,1386728.9803772059,0.3749751330854206,-24798704.001000024,0.4646318264216434,2.280000000000001,1.9342857142857153,58.01329394387002,0.3726664575367664,SOLUSDT
2026-03-22,86.2,2138087.131,-0.015532206486980393,-0.015654094985014813,-0.08898752906362295,-0.007369875633348677,-0.6400000000000006,3162539.5719999997,1341392.4689443444,0.676066522591484,-26936791.132000025,0.45111667614027917,1.3599999999999994,1.9150000000000011,58.597538232002975,0.1026277073852242,SOLUSDT
2026-03-23,91.43,4561706.388,0.06067285382830634,0.05890347450668785,0.014986678507993068,0.03685643002948513,3.25,3183787.7541500004,1360860.9428726824,1.4327922400147157,-22375084.744000025,0.499801060532566,5.230000000000004,2.047857142857145,61.283571677711905,0.3070973167264839,SOLUSDT
2026-03-24,90.8,3086042.526,-0.0068905173356667015,-0.006914366569087656,0.021487231409607288,0.03146654549585359,2.769999999999996,3021593.3113,1141838.3437370316,1.0213295463883163,-25461127.270000026,0.47574425259378833,0.6300000000000097,2.02714285714286,58.668076109936564,0.4135382093246136,SOLUSDT
2026-03-25,91.7,2652534.798,0.009911894273127775,0.009863093655171577,0.020703472840605475,-0.006500541711809249,-0.5999999999999943,2966534.5208,1131177.3164372144,0.8941526819936273,-22808592.472000025,0.4686419348046287,0.9000000000000057,2.0414285714285745,58.95731280615815,0.5640142566955006,SOLUSDT
2026-03-26,86.53,3566192.736,-0.05637949836423117,-0.05803120464377169,-0.011763362265874822,-0.10051975051975048,-9.670000000000002,2988077.9255,1138639.4884279228,1.1934738065451433,-26374785.208000027,0.48414741255077903,5.170000000000002,2.39214285714286,49.53717527620184,0.2630594304852849,SOLUSDT
2026-03-27,83.11,2840562.07,-0.039523864555645494,-0.04032614305371253,-0.03584686774942003,-0.12164447262735156,-11.510000000000005,3056841.94295,1081951.955660831,0.9292472829847134,-29215347.278000027,0.5016259366148795,3.4200000000000017,2.540714285714288,42.873207759347764,-0.24854972885871973,SOLUSDT
2026-03-28,82.09,1667010.099,-0.012272891348814818,-0.01234882520476018,-0.10215465383353384,-0.08869893428063935,-7.989999999999995,3035044.1635499997,1106298.485273836,0.5492539841826053,-30882357.377000026,0.49842116348645377,1.019999999999996,2.6028571428571445,41.849615806805716,-0.7279181616341361,SOLUSDT
2026-03-29,81.44,1624673.475,-0.007918138628334792,-0.007949653557962219,-0.10308370044052861,-0.08381145235684562,-7.450000000000003,2936574.97285,1141023.4696192679,0.553254553355818,-32507030.852000028,0.4754262662158319,0.6500000000000057,2.344285714285717,33.45521023765998,-1.1470482082629303,SOLUSDT
2026-03-30,82.54,3025854.687,0.013506876227898035,0.013416471522223338,-0.09989094874591053,-0.08125556544968826,-7.299999999999997,2905672.9505,1129166.5991364208,1.0413610680029628,-29481176.16500003,0.47645542760150794,1.1000000000000085,2.1442857142857172,27.248500999333814,-1.3746053877212177,SOLUSDT
2026-03-31,83.2,4272567.426,0.007996123091834173,0.007964323502727062,-0.03848376285681265,-0.04979442667884881,-4.359999999999999,2960192.53485,1168846.1691827613,1.4433410582925146,-25208608.73900003,0.47641392429634705,0.6599999999999966,2.0785714285714314,30.378006872852254,-1.4845763358697894,SOLUSDT
2026-04-01,81.18,4676736.12,-0.024278846153846123,-0.024578436416411206,-0.02322223559138481,-0.05823665893271457,-5.019999999999996,3048345.28345,1230035.6521565868,1.5341884482019865,-29885344.85900003,0.48274694831833476,2.019999999999996,1.8985714285714306,33.25808878856286,-1.7149572629278396,SOLUSDT
2026-04-02,78.94,4210024.263,-0.02759300320275937,-0.02798084117605069,-0.03837251796808383,-0.13660724051186712,-12.490000000000009,3011827.56575,1180762.5423761453,1.3978304438393794,-34095369.12200003,0.4851985222954594,2.240000000000009,1.9735714285714312,31.994209192906283,-2.05460092642997,SOLUSDT
2026-04-03,80.4,2230839.74,0.018495059538890413,0.018326105950219745,-0.012770137524557912,-0.1145374449339206,-10.399999999999991,3048462.4008,1142058.6758536098,0.7317917844138628,-31864529.38200003,0.49230659308497576,1.460000000000008,2.010000000000003,33.22672352523101,-2.1808220197558086,SOLUSDT
2026-04-04,80.83,1562930.767,0.00534825870646749,0.005334007560832141,-0.02071722801066156,-0.11853871319520182,-10.870000000000005,2995881.5839,1186434.0482863896,0.5216931054282182,-30301598.61500003,0.45348314958184227,0.4299999999999926,1.8778571428571453,37.20045644731838,-2.220558522848634,SOLUSDT
2026-04-05,81.89,1732438.558,0.013113942843003823,0.01302869953634387,-0.015745192307692335,-0.05362302091760085,-4.640000000000001,2801420.98075,1043531.85681795,0.6184142154658202,-28569160.05700003,0.4229339682702025,1.0600000000000023,1.8564285714285742,41.70834936514045,-2.141827195951592,SOLUSDT
2026-04-06,80.03,2730370.564,-0.02271339601904998,-0.02297531890314212,-0.014166050751416637,-0.037059318974852595,-3.0799999999999983,2796261.62965,1043619.6879871202,0.9764360155175296,-31299530.62100003,0.4252409935490922,1.8599999999999994,1.615714285714288,24.801061007957586,-2.2041108891695558,SOLUSDT
2026-04-07,85.56,4312598.52,0.0690990878420592,0.06681631983525006,0.08386116037496838,0.04227067852357158,3.469999999999999,2847198.47775,1092883.189125455,1.514681380206424,-26986932.10100003,0.47892445544227746,5.530000000000001,1.9657142857142875,40.479651162790724,-1.7866509805606086,SOLUSDT
2026-04-08,82.57,2952758.548,-0.034946236559139865,-0.035571465784867765,0.02699004975124364,0.013875245579567652,1.1299999999999955,2864359.25895,1091648.9833555412,1.0308618022595408,-29939690.64900003,0.49163258044465724,2.990000000000009,2.115000000000002,34.58291117865585,-1.677739075176845,SOLUSDT
2026-04-09,83.33,2775927.629,0.009204311493278494,0.009162209964778276,0.03092911047878255,0.009571117034165244,0.789999999999992,2893085.0635,1080790.8797650882,0.959504324301386,-27163763.02000003,0.49110366214464696,0.7600000000000051,1.8000000000000023,43.650793650793645,-1.5126629205294222,SOLUSDT
2026-04-10,84.83,2186078.343,0.018000720028801043,0.017840625425527862,0.03590181951398219,0.019591346153846168,1.6299999999999955,2940296.7194,1023995.1757547423,0.743489025640274,-24977684.67700003,0.48937916726772795,1.5,1.662857142857145,53.69415807560137,-1.2464333073950655,SOLUSDT
2026-04-11,84.93,1570901.883,0.0011788282447249276,0.0011781339722747306,0.06122703986005251,0.04619364375461932,3.75,2911937.457,1054772.944346227,0.5394696507727913,-23406782.79400003,0.4864448497774606,0.10000000000000853,1.59714285714286,56.35062611806797,-1.0156672765075285,SOLUSDT
2026-04-12,81.53,2174791.866,-0.04003296832685743,-0.04085633711709852,-0.047101449275362306,0.032809728908031355,2.5900000000000034,2792591.7309,991414.4963594746,0.7787718634041452,-25581574.66000003,0.4489264768232237,3.4000000000000057,1.7935714285714315,50.179211469534046,-1.094518195025742,SOLUSDT
2026-04-13,86.51,2950390.415,0.06108181037654847,0.05928896351746347,0.047717088530943697,0.07599502487562182,6.109999999999999,2785809.12535,989763.8833006278,1.059078451625548,-22631184.24500003,0.5068971990374387,4.980000000000004,2.0707142857142884,56.84718868575369,-0.7465578811009692,SOLUSDT
2026-04-14,83.72,3532984.692,-0.03225060686625836,-0.032782116614484075,0.004680187207488196,0.03575405171347268,2.8900000000000006,2829831.6200499996,1003015.664182568,1.2484787670644433,-26164168.93700003,0.5158415589902895,2.7900000000000063,2.2228571428571464,50.835475578406154,-0.6879957219735786,SOLUSDT
2026-04-15,84.9,2602448.593,0.014094601051122924,0.013996195739502781,0.0008251797713074716,0.03675662474050556,3.010000000000005,2781644.4129,988827.1425376767,0.935579177888816,-23561720.34400003,0.48045305462120375,1.1800000000000068,2.162857142857147,56.14266842800527,-0.5401422272501577,SOLUSDT
2026-04-16,89.05,3940291.341,0.04888103651354525,0.047723916418368935,0.04851053809019179,0.1127077345995251,9.019999999999996,2836630.87645,1022286.5091437254,1.3890744029167497,-19621429.00300003,0.48769300209379185,4.1499999999999915,2.299285714285717,65.7036346691519,-0.08709299660074521,SOLUSDT
2026-04-17,88.76,4237208.388,-0.0032565974171813172,-0.003261911671277446,0.08867901385992893,0.03740065451145402,3.200000000000003,2965140.7909000004,1029042.3005306268,1.4290074862562911,-23858637.39100003,0.48476878284969477,0.28999999999999204,2.2157142857142875,63.47517730496453,0.2457187139832797,SOLUSDT
2026-04-18,86.16,1893190.543,-0.029292474087426856,-0.029730065216260135,-0.004045775054906997,0.04347826086956519,3.5900000000000034,2978566.6443,1012247.439781304,0.6356045605435575,-25751827.93400003,0.4977081102847874,2.6000000000000085,2.3707142857142887,58.02952696595358,0.2962610090108342,SOLUSDT
2026-04-19,83.47,2594849.065,-0.031220984215413194,-0.03171874698548784,-0.0029861442904921542,0.0016800672026882069,0.14000000000000057,2957016.3632,1015769.5407114011,0.8775227277376062,-28346676.99900003,0.5106750655467096,2.6899999999999977,2.4871428571428598,52.26881102814474,0.11789658478444665,SOLUSDT
2026-04-20,85.28,2300346.75,0.021684437522463185,0.021452674554889143,0.004475853945818509,0.005304727101261397,0.45000000000000284,2858405.3294,976298.7328419703,0.8047657644421127,-26046330.24900003,0.5154354307228319,1.8100000000000023,2.483571428571431,57.549611734253666,0.12119629133317744,SOLUSDT
2026-04-21,86.03,2111587.269,0.00879455909943716,0.00875611221572236,-0.03391353172375067,0.012951842693983195,1.0999999999999943,2730147.88685,889483.4698364689,0.7734332924493387,-23934742.98000003,0.5065948688082706,0.75,2.14214285714286,50.783594531510495,0.1822294370185631,SOLUSDT
2026-04-22,86.87,3154871.835,0.009764035801464566,0.009716675638572349,-0.021293375394321745,0.0654973629338893,5.340000000000003,2677390.26545,826123.6376903411,1.1783384274274815,-20779871.14500003,0.4934837913538205,0.8400000000000034,1.9885714285714309,57.722701149425305,0.29497928692001096,SOLUSDT
2026-04-23,86.12,2894663.239,-0.00863359042247036,-0.008671075775666868,-0.0004642525533889996,-0.004508149346896362,-0.39000000000000057,2710581.4403999997,820554.7584802831,1.0679122921216622,-23674534.38400003,0.493223002127009,0.75,1.9878571428571448,55.012576356449884,0.3201254167639149,SOLUSDT
2026-04-24,86.18,1818574.663,0.0006967022758941344,0.0006964596915296963,0.03246675452258296,0.029383659818442487,2.460000000000008,2723363.6352,803551.2774494439,0.6677678439612588,-21855959.72100003,0.4933175777828997,0.060000000000002274,1.885000000000002,52.557787040545676,0.3409649724334969,SOLUSDT
2026-04-25,86.18,1033932.436,0.0,0.0,0.010553470919324681,0.015076560659599503,1.2800000000000011,2688438.3290999997,861945.4184210879,0.38458476983034473,-21855959.72100003,0.4921801023629048,0.0,1.8778571428571442,52.37732978318753,0.35340661892752223,SOLUSDT
2026-04-26,86.93,1453501.452,0.008702715247157045,0.008665064903280952,0.010461466930140606,-0.02380685008422223,-2.1199999999999903,2624594.8734999998,904894.271929448,0.5538003090212925,-20402458.26900003,0.4829525796878873,0.75,1.6885714285714297,61.421319796954315,0.41895598163448255,SOLUSDT
2026-04-27,84.82,3009101.691,-0.02427240308294043,-0.024571833044528448,-0.02359848048808577,-0.04438936457863918,-3.940000000000012,2559420.0320499996,819864.340735704,1.175696702111776,-23411559.96000003,0.4281188011549596,2.1100000000000136,1.4835714285714303,45.93163216177176,0.2972188044774384,SOLUSDT
2026-04-28,84.06,1664394.443,-0.008960150907804665,-0.009000534469473919,-0.02392011147236417,-0.024373259052924756,-2.0999999999999943,2495001.8268,837751.8386655205,0.6670914726882957,-25075954.40300003,0.4095949521012002,0.7599999999999909,1.3385714285714292,50.90715048025615,0.13782678471646648,SOLUSDT
2026-04-29,83.04,2576063.596,-0.012134189864382527,-0.01220841015939207,-0.03643536783476442,-0.005151551455612746,-0.4299999999999926,2485008.6251499997,835413.2019880158,1.036641712197077,-27652017.99900003,0.41107073523629123,1.019999999999996,1.327142857142857,44.994617868675995,-0.06999119982236834,SOLUSDT
2026-04-30,83.09,1372591.611,0.0006021194605010383,0.000601938259311541,-0.035855186818287366,-0.025680112570356406,-2.1899999999999977,2444334.28855,869827.9748163347,0.5615400550692405,-26279426.38800003,0.40564862437328797,0.04999999999999716,1.0342857142857145,29.41988950276246,-0.22802533357987897,SOLUSDT
2026-05-01,83.76,1798067.959,0.008063545553014917,0.008031208885391553,-0.036466122167261084,-0.026386144368243603,-2.269999999999996,2455692.59235,859241.0724167407,0.7322040081895269,-24481358.42900003,0.4068124808951929,0.6700000000000017,1.0614285714285725,33.1763122476447,-0.295795377594132,SOLUSDT
2026-05-02,84.26,1027759.499,0.005969436485195878,0.005951689988589141,-0.006602216458382326,-0.030044894670196887,-2.6099999999999994,2398340.974,915420.8904997113,0.4285293501390182,-23453598.93000003,0.3791815887519498,0.5,0.9114285714285718,42.55485893416931,-0.3056346385443902,SOLUSDT
2026-05-03,83.91,1268647.522,-0.004153809636838424,-0.004162460668892492,-0.0017844396859386658,-0.025661867162099505,-2.210000000000008,2314253.82935,938978.9662118682,0.5481885806607146,-24722246.45200003,0.30824616188071213,0.3500000000000085,0.7442857142857154,52.111324376199605,-0.33778067332256967,SOLUSDT
2026-05-04,84.1,3469307.218,0.002264330830651806,0.0022617710969242387,0.012764932562620235,-0.024135530285449236,-2.0800000000000125,2311069.9556500004,934727.3499120746,1.501169278549268,-21252939.23400003,0.2858864623268429,0.18999999999999773,0.6285714285714293,43.29545454545452,-0.34396026554681214,SOLUSDT
2026-05-05,86.29,2478888.126,0.026040428061831378,0.02570714954131399,0.03851245637260803,0.0012763982362498094,0.10999999999999943,2304891.9323,933107.0684699971,1.0754899573648875,-18774051.108000033,0.29643733956086843,2.190000000000012,0.7314285714285731,51.26953125000003,-0.17018119659945796,SOLUSDT
2026-05-06,89.16,3483256.03,0.033259937420326624,0.03271879199745179,0.0644699140401146,0.025652824111353834,2.2299999999999898,2282040.16675,895798.7873325169,1.5263780544935495,-15290795.078000033,0.2666452871340404,2.8699999999999903,0.8764285714285721,59.331703341483255,0.19685575139746447,SOLUSDT
2026-05-07,88.42,2892180.501,-0.008299685957828595,-0.008334320119570932,0.04937099454070726,0.04244282008960165,3.6000000000000085,2214788.7724,784916.6007858206,1.305849360011863,-18182975.579000033,0.26810822132547196,0.7399999999999949,0.8757142857142861,59.38009787928221,0.4231456023762803,SOLUSDT
2026-05-08,92.01,2644434.859,0.04060167382945035,0.03979907839617271,0.09653199856989647,0.09457530335474673,7.950000000000003,2252350.9882,786689.9098539915,1.1740776072886134,-15538540.720000032,0.28147909283284683,3.5900000000000034,1.1278571428571433,68.46105129829004,0.8819978149394387,SOLUSDT
2026-05-09,93.13,1974272.696,0.012172589935876443,0.012099099739296501,0.10737217598097515,0.1215077071290942,10.08999999999999,2221322.1697500004,784705.9832744817,0.8887826911763076,-13564268.024000032,0.2511191152462804,1.1199999999999903,1.2078571428571425,70.54997043169719,1.320790883871382,SOLUSDT
2026-05-10,96.47,2559168.995,0.035863846236443786,0.03523571264889587,0.1179742728010198,0.1610302082079671,13.379999999999995,2234263.2819999997,788204.2304428174,1.1454196180090115,-11005099.029000033,0.2676580848598359,3.3400000000000034,1.3928571428571428,74.46153846153844,1.9159616258109793,SOLUSDT
2026-05-11,97.37,3078049.965,0.00932932517881202,0.009286075808202584,0.09208165096455811,0.16248806112702963,13.61,2282586.4168000002,809622.274630379,1.3484921939188503,-7927049.064000033,0.2677304564153072,0.9000000000000057,1.3064285714285708,84.3083652269,2.4322240404267745,SOLUSDT
2026-05-12,94.28,2810037.359,-0.031734620519667245,-0.03224907692273448,0.06627459850712514,0.11891763588891524,10.019999999999996,2265344.693,793581.2706302434,1.2404458216372638,-10737086.423000034,0.29935525978589755,3.0900000000000034,1.472857142857143,74.78176527643065,2.562489760818906,SOLUSDT
2026-05-13,91.17,3192571.802,-0.03298684768773863,-0.03354318247111895,-0.009129442451907388,0.0865212727922775,7.260000000000005,2280240.12115,808667.6577308027,1.4001033366564402,-13929658.225000035,0.3246866758688387,3.1099999999999994,1.6221428571428578,67.89960369881109,2.387256467555545,SOLUSDT
2026-05-14,92.15,2709125.808,0.010749149939673242,0.010691788519020995,-0.010522924943627054,0.09571938168846628,8.050000000000011,2324767.6783999996,806424.1440679743,1.1653318450575378,-11220532.417000035,0.3256790432404189,0.980000000000004,1.6885714285714297,69.16243654822334,2.3009368620921578,SOLUSDT
2026-05-15,89.24,2675843.631,-0.03157894736842115,-0.03208831455150063,-0.07494557893645692,0.03418704368988279,2.9499999999999886,2406863.23815,749676.5332440087,1.111755578209233,-13896376.048000034,0.34872470111697146,2.910000000000011,1.8485714285714303,60.587326120556384,1.9749492867337466,SOLUSDT
2026-05-16,86.54,1963021.594,-0.030255490811295305,-0.030722634767592953,-0.11122522337475604,-0.029385374607447168,-2.6199999999999903,2432339.24525,723783.8931787154,0.8070509069955977,-15859397.642000034,0.36575927027173216,2.6999999999999886,2.0057142857142867,54.05982905982906,1.481654755763671,SOLUSDT
2026-05-17,85.24,1914165.244,-0.01502195516524163,-0.015135927566322465,-0.09588459906661018,-0.03596471386564137,-3.180000000000007,2377592.4229,719257.8207711674,0.8050855249888674,-17773562.886000033,0.35902010794662903,1.3000000000000114,2.0735714285714297,52.29073372373406,0.9745817784422428,SOLUSDT
2026-05-18,85.38,2771861.344,0.0016424213984045366,0.0016410740993996439,-0.06350773280684441,-0.07205738506684067,-6.63000000000001,2432965.76795,703927.9612828468,1.1392931953726382,-15001701.542000033,0.3572872287026396,0.14000000000000057,2.070000000000001,52.208419599723946,0.57736412637054,SOLUSDT
2026-05-19,84.29,1662986.216,-0.0127664558444599,-0.012848647320425045,-0.08529571351058052,-0.09492107806292271,-8.83999999999999,2387311.8989500003,723496.0053640055,0.6965936108857091,-16664687.758000033,0.3576028706189448,1.0899999999999892,1.991428571428571,46.41319942611191,0.17262250008792535,SOLUSDT
2026-05-20,86.17,2365152.438,0.022303950646577198,0.02205885524228456,-0.03440161362617655,-0.10676894371307144,-10.299999999999997,2436939.9403,683145.1203978052,0.9705419484851308,-14299535.320000034,0.365502202787396,1.8799999999999955,1.9207142857142858,44.4403123837858,0.003521539324182754,SOLUSDT
2026-05-21,87.36,2654321.9,0.01380991064175463,0.013715422744919424,0.009475387104229238,-0.10280373831775702,-10.010000000000005,2479752.63735,667654.8439474045,1.070397853407086,-11645213.420000033,0.3673159919306127,1.1899999999999977,1.952857142857143,48.06144842721287,-0.03407632497018653,SOLUSDT
2026-05-22,84.4,2208484.663,-0.03388278388278376,-0.034470110394683354,-0.009854528390426887,-0.10479422995333043,-9.879999999999995,2538788.89555,578796.0947532003,0.8698969287564797,-13853698.083000034,0.3887379373584766,2.9599999999999937,1.9078571428571425,35.75439910146012,-0.29927036309288724,SOLUSDT
2026-05-23,85.75,2973101.711,0.015995260663506983,0.01586868444413774,0.004333567580229625,-0.05944938027860047,-5.420000000000002,2624011.605,502373.51251571684,1.1330367995838189,-10880596.372000035,0.3921936471717701,1.3499999999999943,1.9242857142857142,36.30289532293987,-0.39594067372357244,SOLUSDT
2026-05-24,85.27,2086657.403,-0.005597667638484016,-0.00561339329209113,0.01162652746470516,-0.07466087900162788,-6.88000000000001,2554879.1142499996,474277.43462939915,0.8167342992322167,-12967253.775000036,0.3929494482429736,0.480000000000004,1.72,26.744186046511615,-0.5054579749444912,SOLUSDT
2026-05-25,85.06,1562235.465,-0.0024627653336459776,-0.002465802928470653,-0.012881513287687163,-0.046839982070820185,-4.179999999999993,2509046.4812000003,523721.3398277983,0.6226411015920401,-14529489.240000036,0.3817063935857495,0.20999999999999375,1.6707142857142847,23.68533561351002,-0.6022540602321698,SOLUSDT
2026-05-26,83.72,2358777.43,-0.015753585704208817,-0.015878992247688517,-0.04166666666666663,-0.032586087358447036,-2.8200000000000074,2452822.5512,471373.7332025021,0.961658408124962,-16888266.670000035,0.3635248456076405,1.3400000000000034,1.5457142857142847,25.60073937153416,-0.7781227417512184,SOLUSDT
2026-05-27,82.44,2119456.363,-0.015289058767319674,-0.01540714155554074,-0.02322274881516595,-0.032848427968090066,-2.799999999999997,2414186.3443,465092.7020454125,0.877917468137507,-19007723.033000037,0.36574326337887153,1.2800000000000011,1.4149999999999991,27.96567390206964,-1.0091523612689741,SOLUSDT
2026-05-28,82.11,2306915.48,-0.004002911208151327,-0.0040109443015608265,-0.04244897959183669,-0.038299367533380146,-3.269999999999996,2397310.3753500003,462414.1400626794,0.9622932031331975,-21314638.513000038,0.3270470463451133,0.3299999999999983,1.3685714285714272,23.799582463465512,-1.2049829479422272,SOLUSDT
2026-05-29,82.04,2064277.646,-0.0008525149190109493,-0.0008528785165174042,-0.037879676322270295,-0.026693557954680314,-2.25,2401810.62285,458501.8382437748,0.8594672812090898,-23378916.15900004,0.3209370575570095,0.06999999999999318,1.1657142857142833,27.941176470588218,-1.3502635164418564,SOLUSDT
2026-05-30,82.73,1018490.244,0.008410531448074021,0.008375359997911575,-0.027392428873736163,-0.0399210862249042,-3.4399999999999977,2324776.6853,550807.2468445196,0.43810239944339824,-22360425.91500004,0.28621593307651905,0.6899999999999977,1.0221428571428552,36.68763102725364,-1.3936569702071893,SOLUSDT
2026-05-31,82.44,993880.666,-0.003505378943551407,-0.0035115371798333395,-0.015289058767319674,-0.05631868131868134,-4.920000000000002,2220568.22035,596086.3297281269,0.44757943344940204,-23354306.58100004,0.27976136342674607,0.29000000000000625,0.9499999999999977,39.47368421052631,-1.4349064628130037,SOLUSDT
2026-06-01,81.28,2309147.396,-0.014070839398350299,-0.014170772192086505,-0.014070839398350299,-0.03696682464454981,-3.1200000000000045,2195523.7222,580330.5412241411,1.0517524236477593,-25663453.977000043,0.2667243585769447,1.1599999999999966,1.0228571428571402,35.68435754189943,-1.543407843483493,SOLUSDT
2026-06-02,74.23,3642536.917,-0.08673720472440938,-0.0907316027007161,-0.09596882231153325,-0.13434402332361517,-11.519999999999996,2218021.97795,627799.2507972078,1.642245637424478,-29305990.894000042,0.379778694471507,7.049999999999997,1.4485714285714266,25.197238658777067,-2.1732205167326555,SOLUSDT
2026-06-03,71.61,3655245.68,-0.03529570254614045,-0.03593365211060724,-0.12713310580204784,-0.16019702122669166,-13.659999999999997,2265327.97155,698425.972566887,1.6135613588433202,-32961236.574000042,0.3816696086337287,2.6200000000000045,1.5014285714285702,15.366317792578457,-2.850900297577624,SOLUSDT
2026-06-04,68.88,4928249.49,-0.0381231671554253,-0.03886886889937314,-0.1674120633385714,-0.19021866917470032,-16.180000000000007,2377948.2645,915858.5055923603,2.072479693344481,-37889486.06400004,0.3867395362974321,2.730000000000004,1.6114285714285705,9.042553191489333,-3.567134880318534,SOLUSDT
2026-06-05,63.64,7041593.488,-0.07607433217189308,-0.07912365664988917,-0.2280446385249878,-0.2398471094123268,-20.08,2631876.8592,1380788.623781188,2.6755026411609557,-44931079.55200004,0.44442226673955393,5.239999999999995,1.7742857142857136,8.212560386473399,-4.505641919442397,SOLUSDT
2026-06-06,62.2,3570841.056,-0.022627278441231913,-0.02288720372445234,-0.234744094488189,-0.24551188743328478,-20.239999999999995,2714710.6498,1385152.1351116593,1.3153670930870933,-48501920.60800004,0.4452772968894027,1.4399999999999977,1.7807142857142852,2.7677496991576334,-5.304464905428986,SOLUSDT
2026-06-07,66.5,2941571.373,0.06913183279742752,0.06684694791667457,-0.10413579415330732,-0.19011082693947146,-15.61,2723196.15125,1386040.210206371,1.080190779371424,-45560349.23500004,0.5346900147738066,4.299999999999997,2.0535714285714275,17.356521739130415,-5.5268536847013365,SOLUSDT
2026-06-08,66.82,3058995.367,0.004812030075187934,0.004800489266801985,-0.0668900991481638,-0.18551925889809862,-15.220000000000013,2792996.6088,1364827.2640054843,1.095237766262196,-42501353.86800004,0.5379299320473856,0.3199999999999932,2.0614285714285705,18.39916839916836,-5.612578754675951,SOLUSDT
2026-06-09,64.96,3082150.311,-0.027835977252319677,-0.028230741075187978,-0.05691056910569103,-0.21479511664450635,-17.77000000000001,2828846.50245,1362412.154239974,1.0895431435854224,-45583504.179000035,0.5260822362504156,1.8599999999999994,2.0985714285714274,18.073519400953003,-5.764157327964611,SOLUSDT
2026-06-10,63.19,2937917.561,-0.027247536945812723,-0.027625635068058534,-0.0070710245128849936,-0.2335031538088307,-19.25,2843026.2855,1361975.8676353712,1.033376854791658,-48521421.74000003,0.5179400066837268,1.769999999999996,2.1335714285714267,17.77703381319047,-5.95842364802877,SOLUSDT
2026-06-11,66.93,2881561.031,0.05918658015508793,0.05750123632718704,0.0760450160771704,-0.17655019685039364,-14.349999999999994,2876680.1039,1353762.3456689166,1.0016967222366444,-45639860.70900003,0.5763187009519017,3.740000000000009,2.3771428571428563,27.193509615384627,-5.744376763201231,SOLUSDT
2026-06-12,66.82,2839586.683,-0.001643508142835981,-0.0016448601839405433,0.004812030075187934,-0.09982486865148876,-7.410000000000011,2870004.3525,1353591.0282786451,0.9894015249581404,-48479447.39200003,0.5687537081431083,0.11000000000001364,2.3800000000000003,27.160864345738275,-5.519988158128925,SOLUSDT
2026-06-13,68.94,1525014.5,0.03172702783597736,0.031234124160108945,0.03172702783597736,-0.03728529534981151,-2.6700000000000017,2841922.20735,1376332.9976389178,0.5366137384253127,-46954432.89200003,0.5891979575500481,2.1200000000000045,2.482142857142858,30.15827338129496,-5.112162462894162,SOLUSDT
2026-06-14,71.28,1851821.931,0.03394255874673635,0.03337922207383461,0.09729064039408875,0.03484320557491305,2.4000000000000057,2856401.53065,1363626.4589229925,0.6483058880656044,-45102610.961000025,0.6091370920935114,2.3400000000000034,2.6285714285714294,34.83695652173914,-4.547715978446476,SOLUSDT
2026-06-15,73.98,3102777.468,0.037878787878787845,0.03717900324175403,0.17075486627630965,0.16247642991829037,10.340000000000003,2893601.53255,1359478.6118244107,1.0722891293417522,-41999833.49300002,0.6295964828692349,2.700000000000003,2.7385714285714298,40.47991653625457,-3.8382753883128657,SOLUSDT
2026-06-16,73.52,2185905.595,-0.006217896728845762,-0.00623730835687645,0.0984610787389808,0.18199356913183262,11.319999999999993,2896923.99415,1357566.93826663,0.7545609064698215,-44185739.08800002,0.6285312913266752,0.46000000000000796,2.267857142857145,48.88188976377951,-3.2753999927573147,SOLUSDT
2026-06-17,72.05,2443239.391,-0.019994559303590842,-0.020197155601900496,0.07826997904818933,0.08345864661654123,5.549999999999997,2903740.1897,1354788.0453287533,0.8414111564342205,-46628978.479000024,0.6307685705954378,1.4699999999999989,2.1857142857142873,50.718954248366,-2.914339212846187,SOLUSDT
2026-06-18,69.71,2263712.329,-0.03247744621790427,-0.03301654294722378,0.011169132579054164,0.043250523795270945,2.8900000000000006,2913711.92385,1349005.713735045,0.7769170007750352,-48892690.80800003,0.6374609900183835,2.3400000000000034,2.1578571428571443,51.37371731214829,-2.784911659208177,SOLUSDT
2026-06-19,69.74,1884570.868,0.0004303543250609998,0.00043026174919778024,-0.021604938271605034,0.07358374384236455,4.780000000000001,2957015.95505,1297898.5689994453,0.637321846296272,-47008119.94000003,0.6354724098414732,0.030000000000001137,1.7857142857142878,62.199999999999974,-2.649378257819876,SOLUSDT
2026-06-20,73.22,2267614.627,0.049899627186693385,0.048694566444585,-0.01027304676939722,0.15872764677955375,10.030000000000001,3020702.6531,1225744.1849242956,0.7506911097895906,-44740505.31300003,0.6676498853265258,3.480000000000004,1.931428571428574,70.37721893491121,-2.235391937554752,SOLUSDT
2026-06-21,72.46,2122685.618,-0.010379677683693078,-0.010433922225159074,-0.01441784548422198,0.08262363663529038,5.529999999999987,3011379.5642,1232133.636000858,0.7048880995391593,-46863190.93100003,0.6671180042995442,0.7600000000000051,1.6785714285714317,62.68085106382975,-1.9461959095686439,SOLUSDT
2026-06-22,71.95,2567224.067,-0.0070383659950316035,-0.007063252133554211,-0.001387925052047101,0.07677342113139796,5.13000000000001,2957613.9217,1226591.6031567852,0.8680051335180324,-49430414.99800003,0.5933207979743287,0.5099999999999909,1.69214285714286,60.827353313634454,-1.7381227148836018,SOLUSDT
2026-06-23,69.71,2202519.285,-0.03113273106323844,-0.031627653835069554,0.0,0.011169132579054164,0.769999999999996,2884977.60195,1226118.5955991752,0.7634441541283662,-51632934.28300004,0.5902960088708453,2.240000000000009,1.7192857142857179,59.86705442459491,-1.7339841980803925,SOLUSDT
2026-06-24,68.11,3368667.529,-0.02295223066991814,-0.023219734245080257,-0.023372526527100645,-0.044472502805836145,-3.1700000000000017,2806998.5039,1135581.2455902128,1.2000959474398103,-55001601.812000036,0.579900713786351,1.5999999999999943,1.7071428571428606,60.292887029288686,-1.8386165943390722,SOLUSDT
2026-06-25,67.72,3716901.281,-0.005726031419762134,-0.005742487988292418,-0.07511608850040974,-0.084617464179508,-6.260000000000005,2640763.89355,600210.4899306595,1.4075098838174964,-58718503.09300004,0.5065080926257988,0.39000000000000057,1.4678571428571456,51.922141119221386,-1.9307517584239093,SOLUSDT
2026-06-26,71.9,4422868.716,0.061724748966331955,0.05989470746206644,-0.007728401876897384,-0.022034820457018323,-1.6199999999999903,2683365.27655,692795.8811432312,1.648254434329745,-54295634.37700004,0.5362346109124739,4.180000000000007,1.758571428571431,60.31681559707556,-1.6474872658017858,SOLUSDT
2026-06-27,70.5,1921832.56,-0.01947148817802513,-0.019663554908778136,-0.020152883947185618,-0.021512838306731452,-1.5499999999999972,2632378.3359,710100.9881272498,0.7300745997603467,-56217466.93700004,0.4922655264705395,1.4000000000000057,1.7071428571428595,53.26359832635983,-1.518462523538858,SOLUSDT
2026-06-28,71.38,1709274.918,0.012482269503546028,0.01240500824379125,0.023956390761727286,0.023956390761727286,1.6700000000000017,2564892.31345,731244.6281525865,0.6664119616393871,-54508192.019000046,0.493314485664566,0.8799999999999955,1.6028571428571448,50.22281639928698,-1.329870916084559,SOLUSDT
2026-06-29,75.16,3861722.1,0.05295601008685913,0.05160145648325034,0.10350902951108498,0.07771723544594211,5.420000000000002,2603870.9029,779455.9664272568,1.4830697235024586,-50646469.919000044,0.5078334694136093,3.780000000000001,1.6800000000000017,52.50850340136052,-0.8654202730239575,SOLUSDT
2026-06-30,73.67,2668784.103,-0.019824374667376188,-0.020023513850542265,0.08786178381571186,0.0061458617863972,0.45000000000000284,2590414.2299999995,775699.5274633565,1.0302537996017729,-53315254.022000045,0.501685639549024,1.4899999999999949,1.7535714285714294,50.30549898167007,-0.6105325011328944,SOLUSDT
2026-07-01,77.46,3613325.296,0.05144563594407492,0.0501660133918839,0.07732962447844205,0.06900358818658581,5.0,2627002.44325,806790.0014862928,1.3754556282520123,-49701928.72600004,0.4919019307769809,3.789999999999992,1.9192857142857147,60.06698920729437,-0.10154028667541581,SOLUSDT
2026-07-02,80.73,3740503.81,0.04221533694810242,0.04134857932031817,0.14510638297872336,0.12202918693537179,8.780000000000001,2672048.2996,843595.1471855359,1.3998638462335975,-45961424.91600004,0.5052125697057516,3.2700000000000102,1.9857142857142864,69.8201438848921,0.5592546424485221,SOLUSDT
2026-07-03,82.34,1769217.383,0.019943019943019946,0.0197467629348345,0.1535444101989354,0.18117917085066715,12.63000000000001,2684258.44375,827737.5012611005,0.6591084353741823,-44192207.53300004,0.5001897956595941,1.6099999999999994,2.098571428571429,71.44315861130022,1.1990312434151775,SOLUSDT
2026-07-04,81.8,1853790.462,-0.006558173427252956,-0.00657977273305736,0.08834486428951571,0.20099838496549705,13.689999999999998,2684356.8703,827633.4166920655,0.6905901679879185,-46045997.995000035,0.49444400031219404,0.5400000000000063,1.8885714285714295,66.22541603630862,1.6435396203159343,SOLUSDT
2026-07-05,81.59,1405482.139,-0.002567237163814129,-0.002570538167992488,0.10750644767205109,0.20481393975191975,13.870000000000005,2599492.10385,868482.2994944451,0.5406756715738427,-47451480.13400003,0.48202074657563027,0.20999999999999375,1.8492857142857144,67.63229045963695,1.9563192361747497,SOLUSDT
2026-07-06,81.94,2393607.64,0.004289741389876145,0.004280566678016121,0.05783630260779771,0.13963838664812234,10.039999999999992,2609877.2061,864509.1759686299,0.9171341986532858,-45057872.49400003,0.4801189997763207,0.3499999999999943,1.837857142857143,69.41313641663426,2.207000482375534,SOLUSDT
2026-07-07,80.58,1858989.517,-0.016597510373443924,-0.01673679235552375,-0.001858045336306291,0.14297872340425521,10.079999999999998,2580664.7123999996,880165.7426393717,0.7203529804037011,-46916862.01100003,0.47783844733018616,1.3599999999999994,1.7749999999999997,71.87122736418513,2.2697621370072056,SOLUSDT
2026-07-08,77.83,2171403.36,-0.03412757508066522,-0.03472351879190445,-0.054772892883167446,0.09036144578313254,6.450000000000003,2576049.26395,882155.0451425866,0.8429199667829589,-49088265.37100003,0.47963482661524304,2.75,1.8571428571428572,68.69230769230768,2.0736949189891902,SOLUSDT
2026-07-09,78.04,1458437.834,0.0026981883592445133,0.0026945547836136658,-0.045965770171149,0.03831825439063352,2.8800000000000097,2554742.61225,904596.0545981387,0.5708746654190467,-47629827.53700003,0.47935611875145184,0.21000000000000796,1.8442857142857148,69.98450813323007,1.913201287562103,SOLUSDT
2026-07-10,78.13,1853732.075,0.0011532547411583494,0.0011525902537424546,-0.04240715773991921,0.060540247047644824,4.459999999999994,2534048.48465,916170.3694979778,0.7315298370291583,-45776095.46200003,0.4505999308669113,0.0899999999999892,1.5521428571428564,64.33502070869764,1.7728350374404584,SOLUSDT
2026-07-11,76.79,1341468.467,-0.01715090234224992,-0.017299682666200585,-0.0628508664876738,-0.00864962561321958,-0.6699999999999875,2494987.6271,950637.1118904222,0.537665378549083,-47117563.92900003,0.4540195535920441,1.3399999999999892,1.547857142857141,64.51315182279652,1.5357636444683465,SOLUSDT
2026-07-12,76.92,1107014.96,0.0016929287667664106,0.0016914973781267037,-0.045420699925539765,-0.04719435154217766,-3.8100000000000023,2421977.17175,999609.0536100093,0.4570707655349724,-46010548.96900003,0.45244074080156466,0.12999999999999545,1.4942857142857124,63.2409177820268,1.34289273949625,SOLUSDT
2026-07-13,75.01,1598648.362,-0.024830993239729593,-0.025144482739034055,-0.036232815109854766,-0.08902113189215444,-7.329999999999998,2391783.6256,1015579.2358485612,0.6683917160771451,-47609197.33100003,0.4465155868051065,1.9099999999999966,1.3607142857142835,49.60629921259845,1.0241147627859704,SOLUSDT
2026-07-14,77.87,1797979.602,0.03812824956672434,0.03741933160734969,-0.0021783700666324624,-0.04804400977995105,-3.9299999999999926,2313249.22925,996614.5464829933,0.7772528698012102,-45811217.72900003,0.45016786466008757,2.8599999999999994,1.4585714285714266,60.28403525954948,0.9908372623686716,SOLUSDT
2026-07-15,77.29,1789391.588,-0.007448311288044129,-0.007476188470115043,-0.010751311916037287,-0.052702537075622,-4.299999999999997,2216873.7446000003,945626.8763449466,0.8071689208096365,-47600609.31700003,0.450859360020191,0.5799999999999983,1.2292857142857128,49.50610110400934,0.9072057476557518,SOLUSDT
2026-07-16,75.32,1525454.678,-0.025488420235476927,-0.02581887732982812,-0.019143117593436787,-0.08079082255308767,-6.6200000000000045,2072003.0426999996,800719.7322438323,0.7362222190620918,-49126063.995000035,0.4153631161447182,1.970000000000013,1.1364285714285702,32.99811439346318,0.6741929569529646,SOLUSDT
2026-07-17,75.04,1361493.075,-0.0037174721189588977,-0.0037243990909822168,-0.024440977639105466,-0.0687515512534127,-5.539999999999992,2043986.0684500001,815909.6933353223,0.666097042448264,-50487557.07000004,0.4079344057743776,0.2799999999999869,1.0414285714285694,24.965706447187898,0.4616137852404876,SOLUSDT
2026-07-18,74.94,150322.073,-0.0013326226012794207,-0.0013335113324280292,-0.0009332089054793213,-0.037132211229602974,-2.8900000000000006,1966038.4262,917688.1422091305,0.07645937688539772,-50637879.14300004,0.40681647337030596,0.10000000000000853,1.009999999999998,25.742574257425687,0.28182538819805814,SOLUSDT
