date,return,log_return,rolling_return_5d,rolling_return_10d,price_momentum,volume_ratio_20d,rolling_volume_mean,rolling_volume_std,obv,volatility_20d,true_range,atr_14d,rsi_14d,macd,symbol,is_pump_and_dump,is_wash_trading,is_spoofing,is_layering,is_manipulation,attribution_confidence,detector_agreement,label_confidence,centroid_distance,evidence_json,used_in_training
2025-08-18,-0.5976114908571739,-0.0098569264381108,-0.0012028160045282,0.0674102079395084,53.49000000000001,0.925264854866816,252621.291915,116941.572828215,881076.7513999998,-2.374679659826033,8.389999999999986,11.91428571428572,73.48920863309351,26.62556920631721,BNBUSDT,0,0,0,0,0,0.0,0.0,0.0,0.0,[],True
2025-08-19,-1.4602235648901167,-0.0273848720614971,-0.019406963185074,0.0316462826884318,25.279999999999973,0.8654466781778949,244731.456415,113917.97548098429,669274.7253999999,-1.6452865639336456,22.879999999999995,12.584285714285718,69.57656941764105,24.568791384019164,BNBUSDT,0,0,0,0,0,0.0,0.0,0.0,0.0,[],True
2025-08-20,2.7176948670798926,0.05309664486407,0.0498181949964364,0.0765962191224201,61.82999999999993,1.5839202069696017,247588.14224,116976.73821325292,1061434.5869,-0.1133548906244561,44.93999999999994,14.764285714285718,74.06869859700048,26.26232680661724,BNBUSDT,0,0,0,0,0,0.0,0.0,0.0,0.0,[],True
2025-08-21,-1.619376188209918,-0.034606096415133,0.0009299996423077,0.0427281421952825,34.39999999999998,1.1492967921587338,241791.04814,112119.88618208666,783544.9109,-0.0771592565633186,29.559999999999945,15.51,61.70212765957448,24.93182234504457,BNBUSDT,0,0,0,0,0,0.0,0.0,0.0,0.0,[],True
2025-08-22,3.0581918571006934,0.0698335048452998,0.052409455446702,0.081372301704566,67.74000000000001,1.7038169522226887,252869.025125,119445.15740284746,1214387.4426,1.5523781823314318,60.72000000000003,19.502142857142854,69.54180859246237,28.44904167178913,BNBUSDT,0,0,0,0,0,0.0,0.0,0.0,0.0,[],True
2025-08-23,-0.961219783751374,-0.0222290030985327,0.0394691790930235,0.0382188889281964,32.40999999999997,0.8168677980234886,256197.970475,117118.28078090258,1005107.5706,1.8877434543060747,19.79000000000008,20.535,64.19005878465336,29.301802777679768,BNBUSDT,0,0,0,0,0,0.0,0.0,0.0,0.0,[],True
2025-08-24,-0.2729871861196321,-0.0044509530317957,0.0635837448884251,0.0429428143071322,36.09000000000003,1.104522249180098,262097.316025,115589.28643744152,715615.2535999999,1.6868675910108264,3.909999999999968,20.215,62.24161690399632,29.324087942948267,BNBUSDT,0,0,0,0,0,0.0,0.0,0.0,0.0,[],True
2025-08-25,-1.7084366136255489,-0.0433560731228329,-0.0342097692883032,0.0139041567509454,11.510000000000105,1.1910337352961544,269152.875775,114581.87975297662,395045.0985999999,2.3764492955922867,37.18999999999994,22.71928571428571,55.38089099883674,26.04064654316778,BNBUSDT,0,0,0,0,0,0.0,0.0,0.0,0.0,[],True
2025-08-26,1.02935669917748,0.0286334460997457,0.0288389379265983,0.0297957577708622,24.99000000000001,0.7198851653547691,270712.744725,113275.41846504668,589927.1876,2.267079123066968,24.379999999999995,22.504999999999995,54.95604151458407,25.116233520055744,BNBUSDT,0,0,0,0,0,0.0,0.0,0.0,0.0,[],True
2025-08-27,-0.4344925740606896,-0.0099135131912453,-0.0500216616122906,-0.0002338142112278,-0.2000000000000454,0.5045087856439536,268069.577475,115890.95319607473,454683.7306,1.9925292383218796,8.520000000000095,22.00357142857144,51.163772114916405,23.42609529944013,BNBUSDT,0,0,0,0,0,0.0,0.0,0.0,0.0,[],True
2025-08-28,0.7373037367483835,0.0211618112986008,-0.0078939597010516,0.0312636512827777,26.48000000000001,0.8610357016490517,269924.837675,114958.1079577357,687098.6525999999,1.9346669818031883,18.29000000000008,22.76785714285715,55.184313725490206,23.29398022289604,BNBUSDT,0,0,0,0,0,0.0,0.0,0.0,0.0,[],True
2025-08-29,-0.563137221816965,-0.0128705464353166,-0.0162120226808593,0.0463409010933004,38.18999999999994,0.6715136067613214,268831.810975,115735.37842251544,506574.4335999999,1.8970333295825563,11.170000000000073,22.665000000000013,55.434748353345306,22.033958664658822,BNBUSDT,0,0,0,0,0,0.0,0.0,0.0,0.0,[],True
2025-08-30,-0.0796426119528037,-0.0003479672945855,0.0270218748510697,-0.0081123065416258,-7.0499999999999545,0.3802111178603186,265747.044875,119473.88882700208,405534.45259999984,1.7603905371022972,0.2999999999999545,21.907857142857143,53.79674611196244,20.77173141914932,BNBUSDT,0,0,0,0,0,0.0,0.0,0.0,0.0,[],True
2025-08-31,-0.2595972433641295,-0.0050591798078591,-0.0070047470186408,0.0216321814434954,18.159999999999968,0.3700840568210549,254648.075925,124733.21639431734,311293.2595999999,1.6671809104350794,4.350000000000023,21.02785714285715,50.38554298719385,19.199083504073087,BNBUSDT,0,0,0,0,0,0.0,0.0,0.0,0.0,[],True
2025-09-01,-0.6040960058371756,-0.0140550533954264,-0.0111087724221801,-0.0605747547794404,-54.530000000000086,1.0010494134506855,253919.248725,124688.98360180264,57107.54459999988,1.351923672864551,11.970000000000027,21.28357142857144,49.7801792126724,16.79328717740009,BNBUSDT,0,0,0,0,0,0.0,0.0,0.0,0.0,[],True
2025-09-02,0.2443856583494082,0.0072107200287054,-0.0248090947599803,-0.0325072124667772,-28.620000000000005,0.678102014344201,242342.841525,121524.8213758046,221440.71359999987,1.2132280106269404,6.1200000000000045,20.08642857142858,54.92336687884497,15.205232651631718,BNBUSDT,0,0,0,0,0,0.0,0.0,0.0,0.0,[],True
2025-09-03,0.0902778455731207,0.0034689702891497,-0.008744056592833,-0.0248143204298867,-21.75,0.5328861631362558,218532.64366,92448.30791357762,337893.7355999999,1.144320476414301,2.9600000000000364,17.08785714285716,47.01333444802074,14.02387673940143,BNBUSDT,0,0,0,0,0,0.0,0.0,0.0,0.0,[],True
2025-09-04,-0.5805520247932707,-0.0131067179282847,-0.0213109048723898,0.0051351093742553,4.309999999999945,0.5119569680543052,211337.88336,95255.843197312,229697.8335999999,1.0904598821597358,11.129999999999995,15.771428571428592,50.93749999999999,12.050633483501429,BNBUSDT,0,0,0,0,0,0.0,0.0,0.0,0.0,[],True
2025-09-05,0.2790773706349979,0.0076870319542122,-0.0087564857459336,-0.0156998957971518,-13.56000000000006,0.5710088545239901,211655.12591,94926.39573627936,350554.7845999999,1.0283064186381987,6.509999999999991,11.899285714285734,34.97208716009365,10.886632260405804,BNBUSDT,0,0,0,0,0,0.0,0.0,0.0,0.0,[],True
2025-09-06,0.4777342767015223,0.0125192314182909,0.017938227225428,0.0066301831193433,5.670000000000073,0.6848098272044658,210619.13581,95573.75723235524,494788.8385999999,0.932033234622876,10.710000000000036,11.2507142857143,43.78769601930039,10.704960279229454,BNBUSDT,0,0,0,0,0,0.0,0.0,0.0,0.0,[],True
2025-09-07,0.8771059952772718,0.0220584508174972,0.0331650622211787,0.0075331722898324,6.579999999999927,0.663582567464177,205758.95856,96799.69810228712,631326.8965999999,1.0056145882447522,19.19999999999993,12.342857142857156,51.024305555555536,11.97225476372978,BNBUSDT,0,0,0,0,0,0.0,0.0,0.0,0.0,[],True
2025-09-08,-0.1729782180190045,-0.0022410183825675,0.0272825120501662,0.0182998956279718,15.780000000000086,0.870261567454188,204047.59631,96989.60972208892,453752.1155999999,0.7086271322500101,1.9699999999999136,9.827142857142867,64.08634976013954,12.67156235399375,BNBUSDT,0,0,0,0,0,0.0,0.0,0.0,0.0,[],True
2025-09-09,0.0177942554349907,0.0021955653866391,0.0431231701101193,0.0208932714617169,18.00999999999999,0.7845493974590761,191970.104735,86840.66977430815,604362.1455999999,-0.22839918314655,1.92999999999995,8.223571428571436,57.08329714236078,13.229007761135222,BNBUSDT,0,0,0,0,0,0.0,0.0,0.0,0.0,[],True
2025-09-10,0.5960605969160959,0.0155152003361695,0.0513209589008869,0.0421150819098699,36.120000000000005,1.5863650663297002,193417.129835,88571.5656765276,911192.3236,-0.6427061873564153,13.759999999999993,8.597857142857142,66.02974162997427,14.612658632700231,BNBUSDT,0,0,0,0,0,0.0,0.0,0.0,0.0,[],True
2025-09-11,0.3455283025544355,0.0100193430597709,0.0486960562234999,0.0675078043704475,57.09000000000003,0.994706270560633,180870.66235,68716.34330644227,1091105.5056,-2.8105989722307725,9.0,7.934285714285709,63.18869283399351,16.24813827700109,BNBUSDT,0,0,0,0,0,0.0,0.0,0.0,0.0,[],True
2025-09-12,0.9693518304967976,0.0241096834781222,0.0508493835577523,0.0857008687485325,73.0,1.3171135335170543,182420.06561,69732.46656373827,1331373.4428,-2.569945715615462,22.029999999999973,8.709999999999988,75.62735771691,19.101711921088736,BNBUSDT,0,0,0,0,0,0.0,0.0,0.0,0.0,[],True
2025-09-13,0.2999982741690782,0.0095562691859851,0.063319970845481,0.0923300107632552,78.91999999999996,1.3944886338271636,180533.01138,67145.1080498893,1583124.6752000002,-2.37895723838808,8.879999999999995,9.322857142857131,77.459393196445,21.82811050923613,BNBUSDT,0,0,0,0,0,0.0,0.0,0.0,0.0,[],True
2025-09-14,-0.4689927475992945,-0.0077089281287821,0.0528403086328563,0.0982421203608217,82.88,0.9264891224248546,172495.25238,58574.09576944212,1423309.7002,-3.2330277064373587,7.169999999999959,9.5242857142857,75.82120893955307,23.143458571069687,BNBUSDT,0,0,0,0,0,0.0,0.0,0.0,0.0,[],True
2025-09-15,-0.4493647349154346,-0.0073990555247106,0.028989561072759,0.0817982920460158,69.53999999999996,1.021779524599464,171513.60228000002,58343.22655938503,1248060.6132,-3.1567052316079764,6.830000000000041,9.157142857142844,78.86115444617789,23.36541550189565,BNBUSDT,0,0,0,0,0,0.0,0.0,0.0,0.0,[],True
2025-09-16,1.6502597261123024,0.0383659537800015,0.0585752738792826,0.110123714932915,94.79999999999995,1.5917487298454749,178997.371355,62869.87304364554,1532979.4517,-2.369073044255192,35.97000000000003,11.289285714285702,82.85352736475804,26.14244255024209,BNBUSDT,0,0,0,0,0,0.0,0.0,0.0,0.0,[],True
2025-09-17,1.4491452470899764,0.0352930036737631,0.0704801038062283,0.124913357195614,109.93000000000006,1.952668337241915,185486.285045,74326.7866829367,1895172.6475,-1.9543458047032356,34.33000000000004,13.529999999999989,85.69316861999792,30.758831918032115,BNBUSDT,0,0,0,0,0,0.0,0.0,0.0,0.0,[],True
2025-09-18,-0.5649572294895058,-0.0090715074505995,0.0507240167937623,0.1172558309037901,102.95999999999992,2.0482475137037475,196593.70218,88746.45004411344,1492500.0858,-1.9156735982552475,8.940000000000055,13.373571428571422,86.69550819847248,33.31197080256243,BNBUSDT,0,0,0,0,0,0.0,0.0,0.0,0.0,[],True
2025-09-19,-0.0215691590201759,0.0031142844511692,0.0621579907394416,0.1182827467869682,104.09000000000005,1.6020623061052222,208220.84118,90778.61935028996,1826082.8468,-1.846547935222936,3.060000000000059,13.127142857142855,86.44575035368376,35.17677225565524,BNBUSDT,0,0,0,0,0,0.0,0.0,0.0,0.0,[],True
2025-09-20,2.54214098458934,0.0588669197531895,0.1349273660403618,0.1678284122313347,150.0,1.7117679088210718,222557.08536,94399.31843784256,2207048.9234,-0.9369831922452776,59.66999999999996,16.62428571428571,89.29706969150125,40.99692413764353,BNBUSDT,0,0,0,0,0,0.0,0.0,0.0,0.0,[],True
2025-09-21,-0.0337205972289641,0.0038535693159899,0.0964265159838853,0.160649999446149,145.02999999999997,1.99259682814766,233068.363725,108723.87478482808,2671460.2057,-1.0870934210950507,4.029999999999973,15.540714285714282,88.55081123316634,45.41115226013994,BNBUSDT,0,0,0,0,0,0.0,0.0,0.0,0.0,[],True
2025-09-22,-2.4456862681954603,-0.0538180529345709,0.0029495545364552,0.073637543252595,68.10000000000002,2.3152090342616503,254288.225075,133251.2549383282,2082729.8097,-0.0333388562409792,54.89999999999998,19.321428571428573,71.22365988909426,43.97259990870384,BNBUSDT,0,0,0,0,0,0.0,0.0,0.0,0.0,[],True
2025-09-23,0.8064597174992505,0.0229789888657558,0.0356152654326022,0.0881458315482821,82.30000000000007,1.558883846680997,269469.12747500004,134014.5817716708,2502800.8797,0.0142281789374807,23.08000000000004,20.832142857142863,73.3104748842791,44.18555632955941,BNBUSDT,0,0,0,0,0,0.0,0.0,0.0,0.0,[],True
2025-09-24,-0.0616639202744478,0.002467474353022,0.0349456356061375,0.0992757768399694,91.98000000000002,1.2864446062899535,282211.82647499995,129926.90885091935,2865850.7617,-0.0974985906995941,2.509999999999991,20.02857142857144,72.23965763195434,44.04909134499246,BNBUSDT,0,0,0,0,0,0.0,0.0,0.0,0.0,[],True
2025-09-25,-3.1285024786648865,-0.0739395620392014,-0.0937658679594163,0.0285099164926931,26.220000000000027,2.0625839673457573,307925.041625,146183.97038573542,2230729.5077,1.283415463446603,72.59000000000003,24.57071428571429,56.26907758946481,37.64953511668512,BNBUSDT,0,0,0,0,0,0.0,0.0,0.0,0.0,[],True
2025-09-26,0.507903710939831,0.0156294155466488,-0.0830311128077877,0.0053890022497775,5.149999999999977,1.202550565250882,319951.214625,141837.79160088443,2615487.0217,1.2652834658859262,14.899999999999975,24.061428571428586,55.343466128361925,33.39518724417428,BNBUSDT,0,0,0,0,0,0.0,0.0,0.0,0.0,[],True
2025-09-27,0.1983579029004451,0.0079305845224745,-0.0246248363379997,-0.0217479140992746,-21.529999999999973,0.7537077142185388,325386.632475,136418.62218879318,2860733.4367,1.1844642264498702,7.650000000000091,23.973571428571443,55.1798111015106,30.29169318743027,BNBUSDT,0,0,0,0,0,0.0,0.0,0.0,0.0,[],True
2025-09-28,0.8651590975927392,0.0250438791996714,-0.0226087127699364,0.012201337356275,11.970000000000027,0.5782996277235848,325932.21742500004,135816.85116949584,3049219.9167,1.205717264044661,24.559999999999945,25.215714285714306,59.41872981700753,29.474178548244254,BNBUSDT,0,0,0,0,0,0.0,0.0,0.0,0.0,[],True
2025-09-29,1.2967902310184427,0.0363694424535508,0.0110948561105164,0.0464282085153946,45.68999999999994,0.8768221100851864,333000.840925,129755.54532646506,3341202.4167,1.3255675297402645,36.77999999999997,27.35500000000001,64.3757996709925,31.431804645198213,BNBUSDT,0,0,0,0,0,0.0,0.0,0.0,0.0,[],True
2025-09-30,-0.9954654149771592,-0.0208809038799539,0.0661909292737075,-0.0337813886200982,-35.25999999999999,0.7829107126085882,330600.880575,130705.49441387288,3082371.4457,1.4108882252344443,21.279999999999973,26.30571428571429,57.17660475724992,30.90981022377809,BNBUSDT,0,0,0,0,0,0.0,0.0,0.0,0.0,[],True
2025-10-01,0.5009737015009078,0.0176809633974716,0.0683805162364696,-0.0203283069288031,-21.299999999999955,0.8028751089234945,335055.61202500004,126758.08501184505,3351379.2567,1.3822804253400929,17.99000000000001,25.13857142857143,55.18838438370177,31.58369140102696,BNBUSDT,0,0,0,0,0,0.0,0.0,0.0,0.0,[],True
2025-10-02,2.239474487186326,0.0602245532606709,0.1257370024265578,0.0980159129821733,97.32000000000004,1.1128498825852713,342076.187415,125109.57123173856,3732058.7017,1.7871721671793157,63.72000000000003,29.051428571428573,63.422010228166805,36.83480980028435,BNBUSDT,0,0,0,0,0,0.0,0.0,0.0,0.0,[],True
2025-10-03,3.237699255398266,0.0870694675528342,0.1977724292806719,0.1706923364633163,173.42000000000007,2.031411477521812,366738.461825,152076.41680974595,4477055.4223,2.6618969251978006,99.18000000000006,35.917142857142856,70.41404820618885,48.44095886180753,BNBUSDT,0,0,0,0,0,0.0,0.0,0.0,0.0,[],True
2025-10-04,-1.4256431236885516,-0.0330350745751426,0.1174608415307976,0.1298589087767185,132.26,0.89835161528047,375619.638525,144346.28434653042,4139616.9133,2.68327929761748,38.65000000000009,34.415714285714294,61.10165622016521,53.89887098850727,BNBUSDT,0,0,0,0,0,0.0,0.0,0.0,0.0,[],True
2025-10-05,0.2461747550084447,0.0143480178371825,0.1575294245966823,0.2341473728723968,221.48000000000013,0.8025516473915457,382193.693075,137575.66000239635,4446347.0913,2.4481905802816684,16.63000000000011,35.31571428571431,62.09295740463575,58.8873905067079,BNBUSDT,0,0,0,0,0,0.0,0.0,0.0,0.0,[],True
2025-10-06,1.4214753033919656,0.046700278768942,0.191612274719922,0.2730953372189844,262.3900000000001,1.4785944609897337,397321.629155,142849.96951239352,5033824.6514,2.356255025769892,55.809999999999945,35.380714285714305,73.24611874911675,66.57677314339844,BNBUSDT,0,0,0,0,0,0.0,0.0,0.0,0.0,[],True
2025-10-07,2.034103113327221,0.0643039634272507,0.1964832786043184,0.3469254995095254,335.98,3.025270615636084,446795.8938,256322.6906697567,6385503.1401,2.4605677000890904,81.24000000000001,39.53500000000002,76.05738134383637,78.32319232435634,BNBUSDT,1,0,0,0,1,0.29537244398094115,0.5,0.14768622199047057,6.632283891059734,"[{""name"": ""volume_spike"", ""value"": 3.025270615636084, ""threshold"": 1.5, ""triggered"": true, ""z_score"": null}, {""name"": ""high_volatility"", ""value"": 2.4605677000890904, ""threshold"": 0.8, ""triggered"": true, ""z_score"": null}, {""name"": ""large_return"", ""value"": 2.034103113327221, ""threshold"": 0.05, ""triggered"": true, ""z_score"": null}]",False
2025-10-08,-0.2171077753758011,0.0022742684479031,0.0992096855557422,0.3166030553569452,314.3900000000001,1.7661810816095442,467990.021865,269659.7754803118,7212058.2631,2.264012775564102,2.970000000000028,39.56785714285717,76.07726329091072,86.87057837981524,BNBUSDT,0,0,0,0,0,0.0,0.0,0.0,0.0,[],True
2025-10-09,-1.625486918503381,-0.0406260140316366,0.0908972409298283,0.2190349488730711,225.56,1.8602130116156643,497592.264015,286122.21217815875,6286430.6591,2.3991566677268144,52.05000000000018,38.10071428571432,79.00676777713201,88.42513351295452,BNBUSDT,0,0,0,0,0,0.0,0.0,0.0,0.0,[],True
2025-10-10,-4.252901035324776,-0.1298613010805681,-0.0556031455053196,0.093167147574144,93.96000000000004,2.717657274515007,553795.243835,362273.3333350426,4781404.986099999,3.403635053448422,152.87999999999988,47.9564285714286,60.55049970955778,76.43984042908414,BNBUSDT,0,0,1,0,1,0.4259727534288123,0.5,0.21298637671440615,8.006949806622007,"[{""name"": ""volume_spike"", ""value"": 2.717657274515007, ""threshold"": 1.5, ""triggered"": true, ""z_score"": null}, {""name"": ""high_volatility"", ""value"": 3.403635053448422, ""threshold"": 0.8, ""triggered"": true, ""z_score"": null}, {""name"": ""large_return"", ""value"": -4.252901035324776, ""threshold"": 0.05, ""triggered"": true, ""z_score"": null}]",False
2025-10-11,0.6824382499155579,0.0291412059561256,-0.0720411383350093,0.105767169995129,108.56999999999994,1.802211122208656,583119.94197,378050.9221570676,5832310.2311,3.104645028162341,32.59999999999991,49.73857142857144,61.96398311169831,68.77911404794258,BNBUSDT,0,0,0,0,0,0.0,0.0,0.0,0.0,[],True
2025-10-12,4.088466801987069,0.1377063281219985,-0.0013645806980826,0.1948505806167562,212.4300000000001,1.9631178695369893,613945.82297,402853.9411202151,7037558.247099999,3.7075079080150366,167.58000000000015,59.95428571428574,68.44500571864278,75.36151800519133,BNBUSDT,1,0,0,0,1,0.6115067702313737,0.5,0.30575338511568684,4.961021118823647,"[{""name"": ""volume_spike"", ""value"": 1.9631178695369893, ""threshold"": 1.5, ""triggered"": true, ""z_score"": null}, {""name"": ""high_volatility"", ""value"": 3.7075079080150366, ""threshold"": 0.8, ""triggered"": true, ""z_score"": null}, {""name"": ""large_return"", ""value"": 4.088466801987069, ""threshold"": 0.05, ""triggered"": true, ""z_score"": null}]",False
2025-10-13,-0.3607735625992161,-0.0062375067471616,-0.0098286675845189,0.0884059189507313,105.14999999999986,2.223183334062653,667096.118065,443955.7301586438,5554481.275199999,3.304315614481879,8.100000000000136,57.905714285714325,66.32950115952039,79.01369753858899,BNBUSDT,0,0,0,0,0,0.0,0.0,0.0,0.0,[],True
2025-10-14,-1.8990656904952496,-0.0687666739493333,-0.0373043374357748,0.0502020421464262,57.76999999999998,1.945618700873685,718876.6130649999,466450.9904841362,4155821.4932,3.2566207338432123,86.02999999999997,62.530714285714325,61.42352900860149,74.11185873952945,BNBUSDT,0,0,0,0,0,0.0,0.0,0.0,0.0,[],True
2025-10-15,-1.121372626533374,-0.0387633987456323,0.0545139550282547,-0.0041203378505715,-4.810000000000173,0.9790180418168614,722486.937715,466047.8703220538,3448493.7461999995,2.771758307805523,45.950000000000045,64.52785714285719,57.53107738628941,65.76128009366175,BNBUSDT,0,0,0,0,0,0.0,0.0,0.0,0.0,[],True
2025-10-16,-0.52929413953286,-0.0153769173528031,0.0085985886333002,-0.0640620018149266,-78.36000000000013,0.9698766344946836,739090.386865,459248.19099293626,2731667.2491999995,2.59385238122338,17.74000000000001,61.24357142857146,53.1845908025332,57.05423095409401,BNBUSDT,0,0,0,0,0,0.0,0.0,0.0,0.0,[],True
2025-10-17,-1.7201220990557409,-0.0665233166863892,-0.1777146585805857,-0.1788367332858029,-233.28,1.3667071632340346,780139.154665,449368.1039940021,1665445.4781999995,2.6138897703763484,73.67999999999984,59.42214285714288,42.89286100659927,43.704671303958776,BNBUSDT,0,0,0,0,0,0.0,0.0,0.0,0.0,[],True
2025-10-18,0.3623671238238737,0.019671735027195,-0.1561314742574638,-0.1644255774820253,-214.97000000000003,0.530489758581402,791714.656515,436111.53522806335,2085441.9951999995,2.431807788897955,21.279999999999973,58.18142857142858,46.42006531293737,34.44510552332349,BNBUSDT,0,0,0,0,0,0.0,0.0,0.0,0.0,[],True
2025-10-19,0.2511876993218526,0.0158473286637452,-0.0816204944891271,-0.1158800334568047,-145.4699999999998,0.5140169357426981,797614.9101150001,429746.5122461509,2495429.5671999995,2.2536392648212056,17.450000000000045,58.24000000000001,46.47395015698588,28.189945945636964,BNBUSDT,0,0,0,0,0,0.0,0.0,0.0,0.0,[],True
2025-10-20,-0.3324379109675497,-0.0087690092106177,-0.0536569840955812,-0.0020680834852648,-2.2799999999999727,0.5951377465342685,808738.914315,417778.8610012412,2014118.5121999995,2.1097960282931134,9.690000000000056,54.9457142857143,42.00509593884873,22.19493549650201,BNBUSDT,0,0,0,0,0,0.0,0.0,0.0,0.0,[],True
2025-10-21,-1.0906680734398602,-0.0398968249218687,-0.0765790554056059,-0.0686389385676653,-77.90999999999985,0.6584967336942867,822364.7488149999,403447.3140306008,1472594.0111999996,2.05241771916961,43.02999999999997,52.21642857142859,33.087561385989645,13.812463657475972,BNBUSDT,0,0,0,0,0,0.0,0.0,0.0,0.0,[],True
2025-10-22,0.2587729141588871,0.0137720708627658,0.0006254959622833,-0.1772003224196831,-230.83000000000013,0.4825708566160841,823193.2296650001,402508.4948911528,1869843.0731999995,1.8435004806351416,14.659999999999854,53.05142857142857,34.140725980180946,8.25705166214243,BNBUSDT,0,0,0,0,0,0.0,0.0,0.0,0.0,[],True
2025-10-23,1.177143635641798,0.0499526188822392,0.0313887388665634,-0.1296435054652195,-167.82999999999993,0.9396816166915712,824690.7295349999,402257.8946575363,2644789.7911999994,1.5884800312402698,54.90000000000009,53.255,41.37371407111338,8.189910621215631,BNBUSDT,0,0,0,0,0,0.0,0.0,0.0,0.0,[],True
2025-10-24,-0.5114845894095381,-0.0158430315244229,-0.0007838685263272,-0.082340383278721,-99.51,0.4154322068802658,824954.436185,401923.24627939786,2302077.1491999994,1.501774427456657,17.710000000000036,43.60000000000001,50.535714285714285,6.631211394036882,BNBUSDT,0,0,0,0,0,0.0,0.0,0.0,0.0,[],True
2025-10-25,0.0333901992418359,0.0067579361590064,0.0148519801125259,-0.039601916443741,-46.03999999999997,0.1989799272942058,817753.7564350001,412838.0094405619,2464793.7321999995,1.4403988681511024,7.519999999999982,41.80857142857144,48.41625093965694,5.934324975090249,BNBUSDT,0,0,0,0,0,0.0,0.0,0.0,0.0,[],True
2025-10-26,0.3582789713707411,0.0192136197270133,0.0766487570471829,-0.00579998777111,-6.639999999999873,0.3010138194267739,800426.85568,429929.7553920234,2705733.2771999994,1.32890625716235,21.66000000000008,31.385714285714293,31.2858443331816,7.04856695483204,BNBUSDT,0,0,0,0,0,0.0,0.0,0.0,0.0,[],True
2025-10-27,-0.1238346570233117,0.0006060419935434,0.0625664757142059,0.0632311067544229,67.73000000000002,0.65270549199453,757566.315995,414534.896297072,3200200.9722,1.1345499998788138,0.6900000000000546,30.856428571428573,31.98222181069008,7.896265748591759,BNBUSDT,0,0,0,0,0,0.0,0.0,0.0,0.0,[],True
2025-10-28,-0.9094415101343029,-0.031603688027659,-0.020652868503266,0.0100876028670029,11.019999999999982,0.4791098075621399,733817.518345,423875.00790092896,2848621.8022,1.1154193489352524,35.430000000000064,27.242142857142863,36.225386087731735,5.644106504402316,BNBUSDT,0,0,0,0,0,0.0,0.0,0.0,0.0,[],True
2025-10-29,-0.0262728335852895,0.0038441582287183,-0.001181233712951,-0.0019641763073485,-2.180000000000064,0.6470082798648511,710521.812945,425578.1536514581,3308335.298199999,1.0485770425062917,4.25,24.26357142857143,41.92351850216375,4.15430531303582,BNBUSDT,0,0,0,0,0,0.0,0.0,0.0,0.0,[],True
2025-10-30,-0.7682963297408734,-0.0262047691354145,-0.0335682874620476,-0.0192148628873195,-21.1400000000001,0.7693402615805359,660685.112145,383968.56024261634,2800043.641199999,0.5708725942922227,28.65000000000009,25.04285714285715,40.61893896177982,0.6542695612467924,BNBUSDT,0,0,0,0,0,0.0,0.0,0.0,0.0,[],True
2025-10-31,0.1115848447044821,0.0090869879645427,-0.0433055992408999,0.0300238374512846,31.74000000000001,0.84669274141709,635023.332195,373524.8715499988,3337713.287199999,0.5243780963606304,9.850000000000136,20.48357142857146,53.09481465983191,-1.3096247692003544,BNBUSDT,0,0,0,0,0,0.0,0.0,0.0,0.0,[],True
2025-11-01,0.0038817458956742,0.0051570350114147,-0.0389417673503794,0.0211882592226306,22.71000000000004,0.2804658791353669,582935.608795,362289.3066426763,3501206.835199999,-0.4891932102421334,5.629999999999882,19.36571428571431,50.3872823841841,-2.384247110499928,BNBUSDT,0,0,0,0,0,0.0,0.0,0.0,0.0,[],True
2025-11-02,-0.3797815050511386,-0.0103592657434112,-0.0183062213965291,-0.038581013916501,-43.47000000000003,0.256891856986672,515401.8876,307393.6947417668,3368804.287199999,-0.4906775593467472,11.279999999999973,18.92500000000002,44.97452349499904,-4.098845843877143,BNBUSDT,0,0,0,0,0,0.0,0.0,0.0,0.0,[],True
2025-11-03,-2.1730544214059573,-0.0864467377375709,-0.1030603954139207,-0.1041198907133389,-115.47000000000004,1.4283045419411569,479728.84275,231535.1488039442,2683605.4021999994,-0.3773578665525908,89.71000000000004,24.640714285714303,34.54213409861727,-12.551835212262633,BNBUSDT,0,0,0,0,0,0.0,0.0,0.0,0.0,[],True
2025-11-04,-1.452868757116386,-0.0588365350229036,-0.1318567258236411,-0.1609988088094364,-179.76,1.9959950576475776,493626.2313,253239.5796133275,1698329.8841999993,-0.3075394145148941,56.76999999999998,25.62214285714288,33.21903487496864,-23.56016779191191,BNBUSDT,0,0,0,0,0,0.0,0.0,0.0,0.0,[],True
2025-11-05,0.507441976198814,0.0237973362784595,-0.118991642942419,-0.1571442377810383,-178.86,1.086867599207739,484092.1078,247927.8828910933,2224473.911199999,-0.2596328944092225,22.56000000000006,26.186428571428603,34.65808352199889,-30.116779724208072,BNBUSDT,0,0,0,0,0,0.0,0.0,0.0,0.0,[],True
2025-11-06,-0.281873418638779,-0.0093521755296231,-0.1316820918567787,-0.1654959258218601,-188.48000000000013,0.7003000067378321,446412.1404999999,209011.17771796184,1911851.486199999,-0.4339935646214494,8.930000000000064,22.902857142857176,22.50499001996012,-35.62287990222694,BNBUSDT,0,0,0,0,0,0.0,0.0,0.0,0.0,[],True
2025-11-07,0.9568542495150684,0.0419829365278395,-0.0850219247634433,-0.1017717159816938,-112.30000000000008,1.0104129786444571,448047.98985,208921.56394774807,2364564.990199999,-0.3500905777838335,40.75,24.548571428571456,32.853235567970216,-36.28010505705947,BNBUSDT,0,0,0,0,0,0.0,0.0,0.0,0.0,[],True
2025-11-08,-0.0710070041908007,-0.0001210788123647,-0.0025263200273768,-0.1053263519003341,-116.67000000000009,0.6816145169426526,442633.89570000005,211348.7269229324,2062859.301199999,-0.3768079544139245,0.1200000000000045,24.02000000000003,31.3399547995718,-36.39114920905581,BNBUSDT,0,0,0,0,0,0.0,0.0,0.0,0.0,[],True
2025-11-09,0.064557363237828,0.0056347814183655,0.0639004237966629,-0.0763820026875492,-82.41999999999996,0.594946515451037,431401.3803500001,215121.03130185613,2319520.049199999,-0.381113106078999,5.600000000000023,22.872857142857168,27.89644619324217,-35.616712015217445,BNBUSDT,0,0,0,0,0,0.0,0.0,0.0,0.0,[],True
2025-11-10,-0.1723745819520206,-0.004676641950912,0.0340341696809232,-0.0890072550280099,-96.92000000000009,0.6719435063409174,418381.5951,215983.49788394777,2038391.2531999988,-0.4589705991547904,4.649999999999977,23.155714285714307,27.34283422789808,-34.97501094294864,BNBUSDT,0,0,0,0,0,0.0,0.0,0.0,0.0,[],True
2025-11-11,-0.8556048202390103,-0.0347716640000997,0.0080808080808081,-0.1246653814879446,-136.44999999999993,0.6880066753057567,412716.73545,218042.9110848228,1754439.3841999988,-0.4474534307478885,33.89999999999998,23.046428571428585,27.472493413916027,-36.77795157358764,BNBUSDT,0,0,0,0,0,0.0,0.0,0.0,0.0,[],True
2025-11-12,-0.1615233502896603,-0.0054632934405986,-0.0386318922463804,-0.1203692591737826,-130.39,0.5638683483673921,384818.75535,204533.49850602943,1537452.268199999,-0.6600551603070192,5.220000000000027,23.1157142857143,26.076880291700164,-38.187800197893694,BNBUSDT,0,0,0,0,0,0.0,0.0,0.0,0.0,[],True
2025-11-13,-0.6566590775775433,-0.0273526235772182,-0.0644581899639769,-0.0668216679751192,-66.38999999999999,0.8697834286190945,384400.37715,204632.6946569373,1203107.190199999,-0.6633452925941898,25.71000000000004,22.9057142857143,26.315953598602988,-40.90813401810021,BNBUSDT,0,0,0,0,0,0.0,0.0,0.0,0.0,[],True
2025-11-14,-0.3190232873904787,-0.0129181127730464,-0.0816551779496904,-0.0229725546292045,-21.519999999999985,1.100505783048749,398174.1984,198092.4603678416,764914.182199999,-0.7084223929905862,11.899999999999975,23.05214285714285,23.0967062250178,-43.522547877030206,BNBUSDT,0,0,0,0,0,0.0,0.0,0.0,0.0,[],True
2025-11-15,0.4119548081989116,0.0184359467499841,-0.0601826649730842,-0.0281967623237051,-27.050000000000068,0.4108925273032487,394226.4564,202136.3377137052,926898.887199999,-0.7463217323528372,17.029999999999973,23.86642857142857,25.720527938227647,-43.71637585337669,BNBUSDT,0,0,0,0,0,0.0,0.0,0.0,0.0,[],True
2025-11-16,-0.1543660141903922,-0.00615439527285,-0.0328991315965264,-0.0250841750841751,-23.840000000000032,0.659907460834175,382110.9655,203071.46193599005,674741.010199999,-0.7841799237339777,5.720000000000027,23.469285714285725,26.15576589463432,-43.826339357883285,BNBUSDT,0,0,0,0,0,0.0,0.0,0.0,0.0,[],True
2025-11-17,-0.4806294575746944,-0.0209395192117617,-0.047750981256428,-0.0845381627402511,-83.78999999999996,0.8733271039582845,381176.5998,203262.23971974791,341849.15419999894,-0.8370307046083957,19.19999999999993,18.43285714285715,33.302332790823854,-44.944671569586376,BNBUSDT,0,0,0,0,0,0.0,0.0,0.0,0.0,[],True
2025-11-18,0.6651968607579576,0.0276408108613821,0.006083158065038,-0.0587671412570759,-58.24000000000001,0.9500624776000172,376054.6979,202468.1608179454,699124.6121999989,-0.7892413775821099,25.42999999999995,16.194285714285716,49.12226534932956,-43.28006379733552,BNBUSDT,0,0,0,0,0,0.0,0.0,0.0,0.0,[],True
2025-11-19,-0.8753918941731135,-0.0382661843520422,-0.0190986069379951,-0.0991942847395723,-98.86,0.8109228712628194,365458.02875,200721.4468707644,402766.33819999895,-0.7881473668452256,35.01999999999998,17.08428571428571,37.131031022660736,-44.276282052155125,BNBUSDT,0,0,0,0,0,0.0,0.0,0.0,0.0,[],True
2025-11-20,-0.782547714184921,-0.0354402610050901,-0.0705474750075084,-0.1264844049275187,-125.47000000000004,0.853359085145099,353664.69550000003,196964.64487036245,100963.35719999892,-0.7959547754516597,31.25999999999999,18.679285714285705,33.960460403043854,-47.04589712869858,BNBUSDT,0,0,0,0,0,0.0,0.0,0.0,0.0,[],True
2025-11-21,-0.922751415874544,-0.0424938856333022,-0.103716974615783,-0.1332039078156313,-127.62,1.730463426261187,378214.32055,202534.09002559824,-553522.6918000011,-0.7867243665087812,36.04999999999996,18.343571428571416,18.71422452396712,-51.555471366689176,BNBUSDT,0,0,0,0,0,0.0,0.0,0.0,0.0,[],True
2025-11-22,0.1435145501192158,0.0039898144548263,-0.0810923999294657,-0.124971139516823,-119.08000000000004,0.4401189912425953,379955.47415,200448.6109161246,-386297.0718000011,-0.7849035401762445,3.3199999999999363,18.57214285714284,19.76077843159875,-54.2362435318762,BNBUSDT,0,0,0,0,0,0.0,0.0,0.0,0.0,[],True
2025-11-23,0.3353908021642259,0.0117088700131275,-0.0956163766764223,-0.0901148681443131,-83.54999999999995,0.473136256486949,354071.73875,192212.52324092505,-218772.8948000011,-1.152423302302791,9.82000000000005,18.873571428571413,21.042273776633976,-54.93512493158835,BNBUSDT,0,0,0,0,0,0.0,0.0,0.0,0.0,[],True
2025-11-24,0.6501391811757957,0.0249585685010746,-0.0365906635329761,-0.0549904397705545,-50.33000000000004,0.7832293913381576,317231.20294999995,123022.79213557683,29691.90719999891,-1.3012588760214172,21.319999999999936,20.06428571428569,27.3834104663581,-53.15589953328197,BNBUSDT,0,0,0,0,0,0.0,0.0,0.0,0.0,[],True
2025-11-25,-0.0498412714392549,-0.002720712073137,-0.0045469757994713,-0.0747736731454068,-69.70999999999992,0.5311852993299402,298861.54455,117491.34451505324,-129058.95180000109,-1.3553685956462866,2.349999999999909,17.810714285714262,30.84820533386804,-51.34361867098176,BNBUSDT,0,0,0,0,0,0.0,0.0,0.0,0.0,[],True
2025-11-26,0.8400773818062236,0.0333031603563014,0.0738385954772054,-0.037536694871352,-34.77999999999997,0.5482222658830639,291212.8929,121460.56947978676,30590.440199998902,-1.217247441865833,29.209999999999923,19.52428571428569,38.827101778005385,-47.008485588883445,BNBUSDT,0,0,0,0,0,0.0,0.0,0.0,0.0,[],True
2025-11-27,0.1191311879605026,0.0044307269046951,0.0743121686775889,-0.0128063833539058,-11.620000000000005,0.5124410540266645,275639.6719,119617.13509899944,171839.5241999989,-1.386357125063152,3.960000000000037,17.970714285714255,43.75770102150323,-42.76040712753718,BNBUSDT,0,0,0,0,0,0.0,0.0,0.0,0.0,[],True
2025-11-28,-0.2087397654771022,-0.0095910277366091,0.0516714082503557,-0.0488856012607338,-45.59999999999991,0.64926068741225,269296.5713,121510.80047567404,-3004.152800001088,-1.3646576125028405,8.549999999999955,17.73142857142854,44.34821140831454,-39.62689372189493,BNBUSDT,0,0,0,0,0,0.0,0.0,0.0,0.0,[],True
2025-11-29,-0.3504130147553213,-0.0162381628156405,0.009226286824215,-0.0277019726656048,-24.870000000000005,0.3073712843117093,260466.5305,128682.4052965158,-83064.08480000109,-1.3435273201837332,14.290000000000076,17.53571428571426,37.90631364562117,-37.86021633887731,BNBUSDT,0,0,0,0,0,0.0,0.0,0.0,0.0,[],True
2025-11-30,0.1051387354740221,0.0027571075862314,0.0147698157830666,0.0101556819886672,8.799999999999955,0.4220161421927095,251721.62005000003,133072.27855987268,23166.50219999891,-1.3123737954641743,2.409999999999968,17.299285714285684,39.4194640571452,-35.852361222964646,BNBUSDT,0,0,0,0,0,0.0,0.0,0.0,0.0,[],True
2025-12-01,-1.3076382220463074,-0.0572451095732622,-0.0730785619771692,-0.0046359848758519,-3.850000000000023,1.3458908883717422,254661.34585,134463.90128609372,-319579.88280000107,-1.1522701731825609,48.69999999999993,19.406428571428545,35.13931318782433,-37.75558173074853,BNBUSDT,0,0,0,0,0,0.0,0.0,0.0,0.0,[],True
2025-12-02,1.573075888631992,0.0587291958769809,-0.0213566436689217,0.0513684665019549,42.83000000000004,0.9126322464435356,255469.47405,134273.99657760863,-86430.20280000108,-0.8159782210808073,50.0,21.161428571428548,40.51846351178019,-34.82784188094104,BNBUSDT,0,0,0,0,0,0.0,0.0,0.0,0.0,[],True
2025-12-03,1.3720468921695066,0.0491372203463197,0.037838568964934,0.0914651493598861,77.15999999999997,0.9088117870655468,250117.7166,133092.6448014043,140879.72619999893,-0.66511786675707,44.14999999999998,21.813571428571404,53.76403942499755,-28.615192803388936,BNBUSDT,0,0,0,0,0,0.0,0.0,0.0,0.0,[],True
2025-12-04,-0.4895946264522066,-0.0228935454930037,0.0309542902967121,0.0404661702816444,35.0,0.7009794285405833,236497.04435,126613.69855443772,-24899.836800001067,-0.6312498905958751,20.840000000000032,21.06928571428569,55.66328779197885,-25.084083779057323,BNBUSDT,0,0,0,0,0,0.0,0.0,0.0,0.0,[],True
2025-12-05,-0.3632658301994207,-0.0183353515294771,0.0094366567273309,0.0243458501918685,21.0,0.5844031653132065,235272.50905,127487.681367795,-162393.83580000108,-0.6268742111814037,16.34999999999991,19.662142857142832,59.64689214226035,-23.33596036934955,BNBUSDT,0,0,0,0,0,0.0,0.0,0.0,0.0,[],True
2025-12-06,0.3103124416026445,0.0076778189390567,0.0771464172947338,-0.001569893920025,-1.3999999999999773,0.3585334916907346,226729.11425,131943.92359712612,-81103.85480000108,-0.6104674359526142,6.809999999999945,19.911428571428548,60.15210216673843,-21.157163277762606,BNBUSDT,0,0,0,0,0,0.0,0.0,0.0,0.0,[],True
2025-12-07,0.2608043929419822,0.0044712219047819,0.0202598647060836,-0.0015294616741464,-1.3700000000000043,0.6086830612964519,216678.96215,131084.3087845318,50784.959199998935,-0.6195693588081321,3.990000000000009,19.494999999999973,59.30091964972705,-18.890730647285523,BNBUSDT,0,0,0,0,0,0.0,0.0,0.0,0.0,[],True
2025-12-08,0.2234559809547269,0.0030700725764304,-0.0256744428515574,0.0111926419369019,9.92999999999995,0.5923093854606594,204882.89225,128352.99623422272,172139.01919999893,-0.6575410232995209,2.75,18.168571428571404,56.329611574146895,-16.68038336531879,BNBUSDT,0,0,0,0,0,0.0,0.0,0.0,0.0,[],True
2025-12-09,0.1315650703277736,0.0002006219286495,-0.0029113698995466,0.0279528010081338,24.399999999999977,1.0453674407071372,200547.2572,126552.3241566669,381784.5921999989,-0.7290898920927874,0.1799999999999499,18.013571428571407,56.88568143066734,-14.744180983546244,BNBUSDT,0,0,0,0,0,0.0,0.0,0.0,0.0,[],True
2025-12-10,-0.0421869234809654,-0.0043222663661621,0.0111592743076383,0.0207012372759365,18.120000000000005,0.9566638841152478,194773.75920000003,124303.74122434195,195451.5711999989,-0.789500683477724,3.870000000000005,16.203571428571415,50.363676438175,-13.367906399723893,BNBUSDT,0,0,0,0,0,0.0,0.0,0.0,0.0,[],True
2025-12-11,-0.1436158646888692,-0.0084526226278204,-0.0050203283991104,0.071738788545989,59.29999999999996,1.0660357897715462,171173.29995,61238.60678877663,12974.707199998898,-0.894354889082548,7.519999999999982,16.457857142857126,47.86684605702876,-12.737173818099905,BNBUSDT,0,0,0,0,0,0.0,0.0,0.0,0.0,[],True
2025-12-12,0.0382545170703821,-0.0048996131941193,-0.0143005691156903,0.0056695679948894,4.970000000000027,0.6572282839430273,168344.04225,62719.81055856698,-97665.7588000011,-0.8603752731971548,4.329999999999927,16.156428571428552,48.75989212608868,-12.443270241977416,BNBUSDT,0,0,0,0,0,0.0,0.0,0.0,0.0,[],True
2025-12-13,0.8062149736952301,0.0171394209098682,-0.000334403424291,-0.0260002606542421,-23.93999999999994,0.5614085956718536,164587.8861,64980.24363661209,-5264.704800001098,-0.8229277938629024,15.240000000000007,16.22428571428569,55.26547503742188,-10.855473762200743,BNBUSDT,0,0,0,0,0,0.0,0.0,0.0,0.0,[],True
2025-12-14,-0.6178741328487608,-0.0220403603042397,-0.0223225231249303,-0.025168903902569,-22.649999999999977,0.703276797169746,157710.34740000003,62880.73274040691,-116178.7328000011,-0.7936274239552703,19.550000000000068,17.44857142857141,50.4011789749468,-11.04730872804862,BNBUSDT,0,0,0,0,0,0.0,0.0,0.0,0.0,[],True
2025-12-15,-0.6145797773780993,-0.0215116569310783,-0.0389845874886671,-0.0282603528865851,-24.970000000000027,1.3153247995564366,160316.198,63996.12445228867,-327046.6038000011,-0.7313177568774081,18.66999999999996,15.303571428571413,57.46557759626605,-12.561056251399007,BNBUSDT,0,0,0,0,0,0.0,0.0,0.0,0.0,[],True
2025-12-16,0.8756912374919767,0.019640471491503,-0.0116038875280783,-0.0165659606010917,-14.75,1.4651535236865405,164375.4952,66478.29247292779,-86211.26780000108,-0.7666077641585325,17.029999999999973,12.94857142857141,49.72969991173874,-12.245376319535126,BNBUSDT,0,0,0,0,0,0.0,0.0,0.0,0.0,[],True
2025-12-17,-1.280110162606688,-0.0378936359540415,-0.0436829329159009,-0.0573588112302514,-51.29999999999996,2.145501566474816,176216.70145,81529.94371184023,-464284.47680000105,-0.6434928975335198,32.559999999999945,12.120714285714266,27.10825623195236,-14.455879206883424,BNBUSDT,0,0,0,0,0,0.0,0.0,0.0,0.0,[],True
2025-12-18,-0.4264908676895885,-0.0155399567440747,-0.0744296514350706,-0.0747391653290528,-67.04999999999995,2.28492999088093,189075.7615,99584.48732444184,-896309.354800001,-0.6107699491391901,13.0,11.560714285714264,28.42137781896816,-17.060052361280327,BNBUSDT,0,0,0,0,0,0.0,0.0,0.0,0.0,[],True
2025-12-19,1.340067526421629,0.030958919970738,-0.0240518882442122,-0.0458375125376128,-41.13,4.980305126889291,246440.11275,250129.81688825897,331037.6021999989,-0.5114214633468559,26.09999999999991,12.257142857142837,42.01631701631698,-16.82389113055092,BNBUSDT,0,0,0,0,0,0.0,0.0,0.0,0.0,[],True
2025-12-20,0.0540031551068162,-0.0023387173446212,-0.0051595620778011,-0.0439430061672431,-39.25999999999999,0.2336883606620134,243979.34,251818.18679409832,274022.47019999893,-0.4874659132317736,2.0,11.91357142857141,39.14503267581986,-16.60668342977374,BNBUSDT,0,0,0,0,0,0.0,0.0,0.0,0.0,[],True
2025-12-21,0.3144075137789985,0.0052195049633052,-0.0194031725728903,-0.0307819078687451,-27.269999999999985,0.303839555839458,230341.3616,253567.61421449372,344009.2871999989,-0.7738419490205592,4.470000000000027,11.947857142857126,39.31966282058945,-15.890675306033586,BNBUSDT,0,0,0,0,0,0.0,0.0,0.0,0.0,[],True
2025-12-22,0.1256769677712688,2.329237757040171e-05,0.0184919401710415,-0.025998774926836,-22.92000000000008,0.6515262176306285,226047.677,254243.7102343012,491285.2751999989,-1.1986749556405722,0.0199999999999818,11.752857142857124,38.31287224990881,-15.147014521837832,BNBUSDT,0,0,0,0,0,0.0,0.0,0.0,0.0,[],True
2025-12-23,-0.4867227580545704,-0.0168651528753851,0.0171431325068969,-0.0585624763051672,-52.520000000000095,0.4725137681199849,219876.92425,255704.96669846252,387390.4011999989,-1.600718409153821,14.360000000000014,12.765714285714273,35.172336615935535,-15.537285821720616,BNBUSDT,0,0,0,0,0,0.0,0.0,0.0,0.0,[],True
2025-12-24,0.2680726174387567,0.0026968222249259,-0.0112010465211347,-0.0349835284462023,-30.68999999999994,0.3934405416138017,215833.83515,257240.01534038672,472308.1821999989,-1.667121308488611,2.2800000000000864,12.652142857142849,36.775249816518965,-15.484110505996568,BNBUSDT,0,0,0,0,0,0.0,0.0,0.0,0.0,[],True
2025-12-25,-0.6114155079991596,-0.0202128321397024,-0.0287179367104908,-0.0337293268110878,-28.96000000000004,0.3423225551381984,212597.98955,258680.3324652617,399531.0951999989,-1.6772322566605322,16.940000000000055,13.324999999999998,34.91825247922809,-16.617330865403687,BNBUSDT,0,0,0,0,0,0.0,0.0,0.0,0.0,[],True
2025-12-26,0.4313424327446947,0.0061044675134048,-0.0278580080126711,-0.0467206468485547,-40.90999999999997,0.5604079016479263,214545.1298,257784.94548923103,519763.8811999989,-1.7200668337139284,5.080000000000041,13.378571428571432,37.490656700480514,-16.91056811718522,BNBUSDT,0,0,0,0,0,0.0,0.0,0.0,0.0,[],True
2025-12-27,0.670482674395412,0.0122876242408242,-0.0158619243938229,0.0023366980203303,1.9699999999999136,0.4230857280063603,212444.8074,258663.4671323642,609646.2471999989,-1.7164603412796924,10.319999999999936,13.027142857142858,35.804364513652786,-16.124351512544763,BNBUSDT,0,0,0,0,0,0.0,0.0,0.0,0.0,[],True
2025-12-28,0.8235377894341596,0.0167574152919421,0.0177898851119271,0.0352379919765803,29.25,0.4342207063488868,210957.2037,259299.6842992815,701248.233199999,-1.7077579382018442,14.280000000000086,12.650714285714288,44.93252780757723,-14.185471249506918,BNBUSDT,0,0,0,0,0,0.0,0.0,0.0,0.0,[],True
2025-12-29,-0.1593896139696007,-0.0080150915711074,0.0069455928559616,-0.0043332515738695,-3.709999999999922,0.6147556529963362,206832.4974,259976.88355902312,574096.7861999989,-1.823059675329148,6.860000000000014,11.807142857142862,48.14277071990321,-13.05198419157682,BNBUSDT,0,0,0,0,0,0.0,0.0,0.0,0.0,[],True
2025-12-30,0.5642572653147637,0.0107228684918447,0.0385829998553588,0.0087570389969209,7.480000000000018,0.3640220575025968,201177.4987,261670.8080700618,647329.833199999,-1.8228770308739024,9.18999999999994,11.24714285714286,45.56077734027689,-11.2820785571123,BNBUSDT,0,0,0,0,0,0.0,0.0,0.0,0.0,[],True
2025-12-31,0.2606634450592724,0.0030707750310063,0.0354370327774582,0.0065918196217273,5.659999999999968,0.7516515790884116,199553.3864,261893.69507171883,797324.451199999,-1.907486927125522,2.6499999999999773,9.110714285714293,58.32222657781258,-9.555433646268398,BNBUSDT,0,0,0,0,0,0.0,0.0,0.0,0.0,[],True
2026-01-01,0.1455602820291537,0.0001041250890343,0.0228983243396763,0.0066731884564321,5.730000000000018,0.4075273440082234,198057.0462,262513.2011567357,878038.113199999,-1.8219332415747764,0.0900000000000318,8.188571428571436,64.96859734822047,-8.086575854054217,BNBUSDT,0,0,0,0,0,0.0,0.0,0.0,0.0,[],True
2026-01-02,0.9003455457486248,0.0193172982788517,0.0255201787459851,0.0437640649058392,36.950000000000045,0.6457119770855275,199890.5806,261863.6629390689,1007109.855199999,-1.7143144144178708,16.860000000000014,7.528571428571444,61.89753320683111,-5.49864936894005,BNBUSDT,0,0,0,0,0,0.0,0.0,0.0,0.0,[],True
2026-01-03,-0.0532220305299261,-0.0029774779366849,0.0306993876545527,0.03785820595809,32.049999999999955,0.403165973987007,198343.13945,262507.78020624816,927144.650199999,-1.7826755819155788,2.6200000000000045,7.572857142857158,61.5355593284286,-3.617411816569188,BNBUSDT,0,0,0,0,0,0.0,0.0,0.0,0.0,[],True
2026-01-04,0.8961446167814332,0.0189401736347649,0.0392038530725933,0.0792994551853816,65.78999999999996,0.6126288879150025,193734.10125,263084.90811204305,1045831.757199999,-1.7696229763254798,16.799999999999955,8.453571428571438,65.54288128432611,-0.7621127448646803,BNBUSDT,0,0,0,0,0,0.0,0.0,0.0,0.0,[],True
2026-01-05,0.7904205222636564,0.0164811510157778,0.0532338308457711,0.0905573126317806,75.58999999999992,0.7437486331439195,188709.9737,263097.5314560378,1186184.5421999989,-1.7374975480859287,14.879999999999995,9.515000000000011,69.38668268148034,2.670638524930609,BNBUSDT,0,0,0,0,0,0.0,0.0,0.0,0.0,[],True
2026-01-06,0.3831110484254253,0.0080199560037978,0.0616041370214832,0.0859130928713434,72.60000000000002,0.9368290226247836,178151.1727,259308.1389135012,1353081.7311999989,-2.2095144716497668,7.330000000000041,9.012857142857156,79.06165794896177,5.9144107331756,BNBUSDT,0,0,0,0,0,0.0,0.0,0.0,0.0,[],True
2026-01-07,-0.827880033838099,-0.019077115729703,0.0216170212765955,0.0476888702695152,40.97999999999991,0.9065099837535548,163982.5183,252354.8928765208,1204429.9411999988,-2.0456393737251166,17.340000000000032,10.088571428571438,69.0172755593316,7.005179150083563,BNBUSDT,0,0,0,0,0,0.0,0.0,0.0,0.0,[],True
2026-01-08,-0.3489326791532073,-0.0089704711857838,0.0155127869524145,0.0466884076672218,39.79999999999996,1.23030131260127,109341.3082,32757.12743154644,1069907.186199999,-2.1940447065253084,8.039999999999964,9.452857142857145,73.65875774520175,7.138571167318219,BNBUSDT,0,0,0,0,0,0.0,0.0,0.0,0.0,[],True
2026-01-09,0.3121935731501543,0.0051422041408027,0.001596998090303,0.0408634596413857,35.21000000000004,0.7378280493040621,110569.61995,31110.98061217811,1151488.553199999,-2.091265031821389,4.600000000000023,9.418571428571427,73.5628697102988,7.528680911108154,BNBUSDT,0,0,0,0,0,0.0,0.0,0.0,0.0,[],True
2026-01-10,0.6358618085570393,0.0122675090490496,-0.0026144939635948,0.0504801573527711,43.63,1.102338585019669,113315.90375,29733.80301788571,1276401.046199999,-1.9578790949006109,11.069999999999936,9.472142857142858,73.71238971419953,8.631602437882407,BNBUSDT,0,0,0,0,0,0.0,0.0,0.0,0.0,[],True
2026-01-11,-0.1549209428199778,-0.0039840030623916,-0.0145154962730481,0.0461944261270954,39.930000000000064,0.889414428873267,110883.1584,28784.286000716696,1177779.965199999,-1.8587754229485047,3.6099999999999,8.709999999999988,68.45169755617519,9.109371697459096,BNBUSDT,0,0,0,0,0,0.0,0.0,0.0,0.0,[],True
2026-01-12,0.1060920615878351,0.0016131708928959,0.006086859935577,0.0278354609929076,24.529999999999973,0.9766695633312096,111114.52335,28743.726848105947,1286302.138199999,-1.9171108057559845,1.4599999999999227,8.324285714285695,72.8762656598593,9.496349075219086,BNBUSDT,0,0,0,0,0,0.0,0.0,0.0,0.0,[],True
2026-01-13,1.9993657551817785,0.0410436573366956,0.0576849797144329,0.0740926214675119,65.10000000000002,2.546985388159485,122464.38414999998,52693.75721237439,1598217.135199999,-1.3709400962970455,37.950000000000045,10.378571428571416,78.24501032346873,12.718666404515716,BNBUSDT,0,0,0,0,0,0.0,0.0,0.0,0.0,[],True
2026-01-14,0.1976647695660018,0.005010051701448,0.0575452132997347,0.0592341109857834,53.04000000000008,1.4314749154678208,127985.9647,52998.16087454984,1781425.833199999,-1.5329162733096904,4.740000000000009,10.527857142857131,78.55349752357695,15.476451589525707,BNBUSDT,0,0,0,0,0,0.0,0.0,0.0,0.0,[],True
2026-01-15,-0.8691947895927735,-0.0183760830099742,0.0256297291641427,0.0229482264283595,20.8900000000001,1.0207498477053598,128534.3988,52970.45261170358,1650224.365199999,-1.2921650552267174,17.269999999999982,11.754999999999988,70.29835328431675,16.08307586166154,BNBUSDT,0,0,0,0,0,0.0,0.0,0.0,0.0,[],True
2026-01-16,0.330593275848738,0.0074464331756356,0.0374203821656049,0.022361710474696,20.519999999999985,0.6056452330551967,127913.79965000002,53517.02107585503,1727694.7481999989,-1.260278756689073,6.959999999999923,11.047857142857124,68.39723281825825,16.93028204795985,BNBUSDT,0,0,0,0,0,0.0,0.0,0.0,0.0,[],True
2026-01-17,0.4077500823823204,0.0095052909505716,0.0456402216873854,0.0520048872598024,46.82000000000005,0.6752214052293348,127643.06690000002,53723.6808526769,1813882.0791999989,-1.2520266405645106,8.960000000000036,11.500714285714269,71.26886528787036,18.115867726136912,BNBUSDT,0,0,0,0,0,0.0,0.0,0.0,0.0,[],True
2026-01-18,-0.7488256268589034,-0.0155459257823205,-0.0118889936740381,0.045110169681483,40.25,0.6141575593467901,125127.90705,54912.27211854559,1737033.8291999989,-1.1386387241008449,14.610000000000014,11.344285714285702,61.67359274650551,17.67282667369875,BNBUSDT,0,0,0,0,0,0.0,0.0,0.0,0.0,[],True
2026-01-19,-0.5011541015252579,-0.0096007978407199,-0.0262211772644364,0.029815132796646,26.74000000000001,1.587413112509763,131938.28269999998,56559.106285827256,1527593.2691999988,-1.0617354399448684,8.909999999999968,10.917857142857128,54.34739941118748,16.413545773085275,BNBUSDT,0,0,0,0,0,0.0,0.0,0.0,0.0,[],True
2026-01-20,-2.167508456073976,-0.0435957960881973,-0.0504725085910653,-0.0261363761523464,-23.729999999999905,1.234746833417626,132626.56325,56873.28851917562,1363833.0401999988,-0.5087294492178447,39.39999999999998,13.208571428571409,40.958252217175,12.096860785161994,BNBUSDT,0,0,0,0,0,0.0,0.0,0.0,0.0,[],True
2026-01-21,-0.1082450815698453,-0.0009504628564083,-0.058412211136693,-0.0231776362349611,-20.96000000000004,1.4539238244151271,138671.7912,57487.23057124312,1162214.8191999989,-0.4832282351086888,0.8400000000000318,12.029999999999982,44.97090606816293,8.50997812185858,BNBUSDT,0,0,0,0,0,0.0,0.0,0.0,0.0,[],True
2026-01-22,0.2046775148363773,0.0053064897414178,-0.0623574626235324,-0.0195632493541478,-17.720000000000027,0.7202409787968203,137157.5277,58148.48043467278,1261001.291199999,-0.5378416590362017,4.699999999999932,11.79142857142855,48.72788950811726,5.97769138426338,BNBUSDT,0,0,0,0,0,0.0,0.0,0.0,0.0,[],True
2026-01-23,0.1462047243834894,0.0040119400440058,-0.0438386719713461,-0.0552064679516387,-52.10000000000002,0.6968062898695216,137966.04794999998,57419.248384803934,1357136.901199999,-0.5173441113996369,3.57000000000005,11.717857142857124,48.40597378847911,4.210370534190133,BNBUSDT,0,0,0,0,0,0.0,0.0,0.0,0.0,[],True
2026-01-24,-0.2850531055974448,-0.0050146271037849,-0.0394434820268515,-0.0646304047571352,-61.30000000000007,0.3809386739025992,134595.32075,60506.31909057811,1305864.338199999,-0.5816642648639703,4.460000000000036,11.245714285714271,43.40701219512195,2.42195254015337,BNBUSDT,0,0,0,0,0,0.0,0.0,0.0,0.0,[],True
2026-01-25,-1.2237698305569482,-0.0241286182333945,-0.0205609590590365,-0.069995704467354,-65.18000000000006,0.9039306651661116,133616.6928,60566.54997560309,1185084.112199999,-0.5171939692803644,21.149999999999977,12.498571428571422,39.05589210195448,-0.6940097348344807,BNBUSDT,0,0,0,0,0,0.0,0.0,0.0,0.0,[],True
2026-01-26,0.7963718990335391,0.0153432250876611,-0.0044715631226227,-0.0626225803700861,-58.75,0.7875406038189082,130406.86855,60410.86519773665,1287784.8161999988,-0.4461666854649439,13.389999999999986,13.350714285714284,42.945802792787966,-2.059233628516268,BNBUSDT,0,0,0,0,0,0.0,0.0,0.0,0.0,[],True
2026-01-27,1.0894471150620386,0.0213196507638822,0.0115983154291376,-0.0514823887152631,-48.75999999999999,1.066426693220065,129900.761,60292.25287969227,1426314.4551999988,-0.3869194318073874,18.950000000000045,11.993571428571428,36.4897861949854,-1.5937055266600737,BNBUSDT,0,0,0,0,0,0.0,0.0,0.0,0.0,[],True
2026-01-28,0.2325286226899981,0.0050520018402144,0.0126509875172435,-0.0317422869459844,-29.600000000000023,0.856901930006873,128688.28525,60438.06494518479,1536587.6951999988,-0.3900183045073648,4.5499999999999545,11.979999999999992,36.41783925590266,-0.8478506830215338,BNBUSDT,0,0,0,0,0,0.0,0.0,0.0,0.0,[],True
2026-01-29,-1.9399070482907583,-0.0386365509300153,-0.0208302805550231,-0.0594521437851883,-54.90999999999997,1.956468374947829,138120.65120000002,67057.5820671714,1266359.0091999988,-0.0568908622612499,34.219999999999914,13.190714285714275,33.07521524882222,-2.9836299287973134,BNBUSDT,0,0,0,0,0,0.0,0.0,0.0,0.0,[],True
2026-01-30,-0.5576379495105366,-0.0114386196542533,-0.0083254428304196,-0.0287152228002715,-25.3900000000001,2.017768592103565,146672.59425,75641.47694218603,970407.6551999988,-0.0752196821933535,9.88000000000011,13.399285714285716,28.850151927075004,-5.411107914190893,BNBUSDT,0,0,0,0,0,0.0,0.0,0.0,0.0,[],True
2026-01-31,-4.723583123377977,-0.0944861228838007,-0.1114724644932397,-0.1154455714544466,-101.98000000000002,2.512578318888444,162106.84775000002,94470.15875324565,563101.5041999987,1.2866068807102329,77.42999999999995,18.29,17.636491447317027,-13.42806521996431,BNBUSDT,0,0,0,0,0,0.0,0.0,0.0,0.0,[],True
2026-02-01,-1.3061690902323038,-0.0296660541470644,-0.1556391647001203,-0.145846001396302,-129.51999999999998,1.527529353468328,169637.01510000002,95964.5888618666,303975.98419999867,1.3542337048552195,22.840000000000032,18.877857142857145,17.08729047637064,-21.378125043918203,BNBUSDT,0,0,0,0,0,0.0,0.0,0.0,0.0,[],True
2026-02-02,1.1522720561872986,0.0200988181444973,-0.1428381566269062,-0.1319942128461356,-117.68999999999994,1.810565307231781,169374.43945,95561.13890823514,610639.4681999986,1.0947603250647462,15.400000000000093,19.341428571428576,22.365019573085178,-26.13468900805401,BNBUSDT,0,0,0,0,0,0.0,0.0,0.0,0.0,[],True
2026-02-03,-1.1064495037833275,-0.0250680351470793,-0.1311284808159413,-0.1492273183268144,-132.39,1.4149224374840912,172411.44569999998,96978.6134731518,366690.6451999986,1.1250695632777648,19.16000000000008,17.8957142857143,24.171788935898466,-31.09194352117413,BNBUSDT,0,0,0,0,0,0.0,0.0,0.0,0.0,[],True
2026-02-04,-3.617121524572312,-0.0792536058456329,-0.1880974837274833,-0.194856931710584,-168.75,2.268994846478954,187074.98065,111503.63170105574,-57781.521800001385,1.8189102932147476,57.50999999999999,21.94357142857144,19.71289997070409,-39.20920054973067,BNBUSDT,0,0,0,0,0,0.0,0.0,0.0,0.0,[],True
2026-02-05,-5.510536193747672,-0.1365045288857279,-0.2215055414778981,-0.3082862373636871,-271.11,3.5811850485387424,223160.395,173636.45534664602,-856960.1918000014,3.378564773214296,88.97000000000003,27.96285714285716,14.268928170021468,-52.21936830088191,BNBUSDT,0,0,1,0,1,0.36196743387828434,0.5,0.18098371693914217,11.021522744936139,"[{""name"": ""volume_spike"", ""value"": 3.5811850485387424, ""threshold"": 1.5, ""triggered"": true, ""z_score"": null}, {""name"": ""high_volatility"", ""value"": 3.378564773214296, ""threshold"": 0.8, ""triggered"": true, ""z_score"": null}, {""name"": ""large_return"", ""value"": -5.510536193747672, ""threshold"": 0.05, ""triggered"": true, ""z_score"": null}]",False
2026-02-06,3.138341333199221,0.0773354207888582,-0.1335855722835973,-0.268433590097511,-241.15,2.3874512228296725,248517.1581,188936.34095698403,-263637.59880000143,4.096209094476702,48.91000000000008,31.20142857142859,23.167437388398,-57.91577473496477,BNBUSDT,1,0,0,0,1,0.4430449249109794,0.5,0.2215224624554897,5.921850710773792,"[{""name"": ""volume_spike"", ""value"": 2.3874512228296725, ""threshold"": 1.5, ""triggered"": true, ""z_score"": null}, {""name"": ""high_volatility"", ""value"": 4.096209094476702, ""threshold"": 0.8, ""triggered"": true, ""z_score"": null}, {""name"": ""large_return"", ""value"": 3.138341333199221, ""threshold"": 0.05, ""triggered"": true, ""z_score"": null}]",False
2026-02-07,-0.3640967262206138,-0.0156573076146172,-0.164017882523193,-0.2834280271566379,-255.91,0.8511834896479212,255550.77565,184781.95041397688,-481158.1998000015,3.646953827564528,10.210000000000036,31.61214285714288,22.866439207357047,-62.53323533448872,BNBUSDT,0,0,0,0,0,0.0,0.0,0.0,0.0,[],True
2026-02-08,-0.1999094206581435,-0.0109874991290646,-0.1521635443440473,-0.2633390507545846,-228.7600000000001,0.4941438193692457,251287.35225,186873.68175569383,-605330.2918000014,3.295920729032713,7.07000000000005,30.6064285714286,23.61782071927001,-66.00226303685679,BNBUSDT,0,0,0,0,0,0.0,0.0,0.0,0.0,[],True
2026-02-09,-0.0146442216443717,-0.0055472124194671,-0.087311945157543,-0.2589862717015404,-222.42,0.5937298629777485,250536.90285,187273.3829185573,-754081.5328000014,2.971626280306681,3.539999999999964,29.902857142857165,20.975062105866627,-68.25039285453124,BNBUSDT,0,0,0,0,0,0.0,0.0,0.0,0.0,[],True
2026-02-10,-0.7045099831575737,-0.0263340696682129,0.018987341772152,-0.2067240011262126,-161.52999999999997,0.6188172804604475,248133.4553,188240.2036781231,-907630.8028000016,2.7358142547008475,16.539999999999964,29.730714285714303,16.54373783725346,-70.55339606946677,BNBUSDT,0,0,0,0,0,0.0,0.0,0.0,0.0,[],True
2026-02-11,-0.4536267658371806,-0.0191217266295971,-0.074709757916039,-0.1983151844332532,-150.42999999999995,0.9268262239848336,255011.70865,184980.9657466636,-1143982.3418000014,2.51680913146046,11.740000000000007,30.24428571428573,15.18822918142746,-72.49024022852495,BNBUSDT,0,0,0,0,0,0.0,0.0,0.0,0.0,[],True
2026-02-12,0.5434550309088396,0.0101113426916304,-0.0505564142194745,-0.2062821407344239,-159.6500000000001,0.4733231651194116,256269.851,183926.065893181,-1022683.8848000016,2.384841384916201,6.17999999999995,28.2414285714286,17.828418230563017,-72.68861966677821,BNBUSDT,0,0,0,0,0,0.0,0.0,0.0,0.0,[],True
2026-02-13,0.4384058560172582,0.0075412081072214,-0.0328004625505913,-0.1799729722568164,-135.83999999999992,0.7999925955023752,264277.21355000004,177919.62070661303,-811264.0708000015,2.279459083839977,4.650000000000091,27.867857142857165,19.25925925925929,-71.64474464356613,BNBUSDT,0,0,0,0,0,0.0,0.0,0.0,0.0,[],True
2026-02-14,0.919766140416837,0.022098669532354,-0.0056883357689466,-0.0925036212657937,-64.5,0.4313481187986595,263930.49845,178220.47558363082,-697418.1468000015,2.239535002447956,13.829999999999927,23.32500000000002,27.245444801714925,-68.90718165223393,BNBUSDT,0,0,0,0,0,0.0,0.0,0.0,0.0,[],True
2026-02-15,-0.7689500761117217,-0.0282246104140418,-0.0075663466967815,0.011277330264672,6.860000000000014,0.4989382533146184,265416.7928,176924.34750572252,-829844.7378000015,2.077226860849047,17.610000000000014,22.95142857142859,27.68890825345452,-67.38188664019606,BNBUSDT,0,0,0,0,0,0.0,0.0,0.0,0.0,[],True
2026-02-16,0.8223294504677457,0.0193671284598195,0.0313759023860815,-0.0456779416016189,-30.019999999999985,0.4005745121602596,263773.35500000004,178312.24139969796,-724183.8548000015,1.973463112848253,12.030000000000086,22.710714285714307,26.92247208680611,-64.4593120679134,BNBUSDT,0,0,0,0,0,0.0,0.0,0.0,0.0,[],True
2026-02-17,-0.365076393690364,-0.0151818680720737,0.0056162398866985,-0.0452241112828438,-29.25999999999999,0.3497502247588441,262856.3972,179188.15261990565,-816117.9388000015,1.86233926298276,9.450000000000044,22.01714285714288,27.77056838826892,-62.188812764068985,BNBUSDT,0,0,0,0,0,0.0,0.0,0.0,0.0,[],True
2026-02-18,-0.5429491263918702,-0.0211698320941453,-0.0228455100655962,-0.0548966293188317,-35.129999999999995,0.3825847358051221,254207.7634,182948.4608203068,-913373.9488000016,1.7684790166576476,12.940000000000056,18.83357142857145,32.46482345355939,-60.7334778363952,BNBUSDT,0,0,0,0,0,0.0,0.0,0.0,0.0,[],True
2026-02-19,0.349685404934852,0.0049974127408464,-0.0394140050887367,-0.0448781407627397,-28.559999999999945,0.4465668678759859,244877.91385,185448.48985671927,-804019.5858000015,1.724862769277628,3.0300000000000864,12.695000000000023,49.867776965059385,-58.65942935646399,BNBUSDT,0,0,0,0,0,0.0,0.0,0.0,0.0,[],True
2026-02-20,1.1892233641194188,0.0293113531899851,0.0174751284218739,0.0097765588448817,6.059999999999945,0.686435255271543,232492.1466,182274.30447238663,-644428.7798000015,1.4535471883315771,18.079999999999927,10.492857142857158,39.34649421375085,-54.92369987097413,BNBUSDT,0,0,0,0,0,0.0,0.0,0.0,0.0,[],True
2026-02-21,0.1450710661251841,-0.0004794170380752,-0.0025191728184442,0.0287776882471921,17.5,0.3651598252737083,223618.69885,185205.68849190645,-726085.3448000015,1.3854590861028544,0.2999999999999545,9.785000000000007,42.19286079275861,-51.3948667997671,BNBUSDT,0,0,0,0,0,0.0,0.0,0.0,0.0,[],True
2026-02-22,-0.4281593586506533,-0.0174301620936389,-0.0047592838410982,0.0008302267658597,0.5099999999999909,0.3238750822792899,211713.9686,187227.88706390365,-794654.2238000014,1.2932041269650316,10.81000000000006,10.052142857142869,41.071555460811496,-48.906751239137634,BNBUSDT,0,0,0,0,0,0.0,0.0,0.0,0.0,[],True
2026-02-23,-0.8404912694198052,-0.030368661644138,-0.0138723544973544,-0.0364009435486478,-22.530000000000086,1.1572146031833537,211769.6755,187238.1483263037,-1039717.1848000014,1.256834102719302,18.389999999999983,11.112857142857154,37.1513047949608,-47.86703960344062,BNBUSDT,0,0,0,0,0,0.0,0.0,0.0,0.0,[],True
2026-02-24,-0.5498672637862624,-0.021712533371672,-0.0398631196222628,-0.0777059595113547,-49.16999999999996,0.8458260243198148,198960.35965,180565.08978372675,-1208003.0348000014,0.992459194943869,12.809999999999944,10.84642857142858,38.06387882779059,-47.52883772814005,BNBUSDT,0,0,0,0,0,0.0,0.0,0.0,0.0,[],True
2026-02-25,2.804775868161648,0.075582943771704,0.0056078349922512,0.0231809610507836,14.259999999999993,1.3031543932860068,170083.69165,113101.4051568976,-986357.7248000014,0.4431114323003188,45.819999999999936,13.280714285714293,55.73065132038938,-43.06706887737028,BNBUSDT,0,0,0,0,0,0.0,0.0,0.0,0.0,[],True
2026-02-26,-0.0458910621653665,-0.0058638110591581,0.0002077971899425,-0.0023118991055343,-1.4500000000000457,0.8631972513677239,146751.3292,53759.58342992114,-1113033.0688000014,-0.0329624898000341,3.67999999999995,13.102142857142862,53.12108161151394,-39.374149477167634,BNBUSDT,0,0,0,0,0,0.0,0.0,0.0,0.0,[],True
2026-02-27,-0.4405470493054809,-0.0188911624727884,-0.0012524398178268,-0.0060057629423382,-3.710000000000037,0.9007899947550664,142283.68515,51221.719916693866,-1241200.7888000014,-0.0369794067533488,11.710000000000036,13.606428571428571,48.71121843666332,-36.96625935476186,BNBUSDT,0,0,0,0,0,0.0,0.0,0.0,0.0,[],True
2026-02-28,0.3157462924561166,0.005052115654108,0.0347579685115944,0.0204034391534391,12.340000000000032,1.1895541943951484,144680.33555,51450.55651465615,-1069095.6888000013,-0.0513071217710786,3.1100000000000136,12.840714285714292,45.65277855036992,-34.41037667362048,BNBUSDT,0,0,0,0,0,0.0,0.0,0.0,0.0,[],True
2026-03-01,0.201162933761219,0.0013278279013526,0.0588759424263194,0.0166658440682427,10.129999999999995,1.1661861596149103,145740.81985,51756.55516151743,-899134.7618000013,-0.0636042937826131,0.82000000000005,11.64142857142858,50.85900110443001,-31.95035033741442,BNBUSDT,0,0,1,0,1,0.4357181586162932,0.5,0.2178590793081466,1.546341794513465,"[{""name"": ""large_return"", ""value"": 0.201162933761219, ""threshold"": 0.05, ""triggered"": true, ""z_score"": null}]",False
2026-03-02,1.1737294965496543,0.0315853451129872,0.0132979568491626,0.0189803645891581,11.879999999999995,1.3670143075275916,148192.41384999998,53284.60033114928,-696553.6118000012,-0.0495500894491171,19.829999999999927,12.198571428571428,53.1034078931959,-28.076992377852093,BNBUSDT,0,0,0,1,1,0.2977258005387543,0.5,0.14886290026937715,2.1182697703535456,"[{""name"": ""large_return"", ""value"": 1.1737294965496543, ""threshold"": 0.05, ""triggered"": true, ""z_score"": null}]",False
2026-03-03,-0.0654313420345191,-0.0066543683626168,0.0124972033112793,0.0127075973849521,7.949999999999932,1.0438314838263516,143884.3897,49100.59802307413,-846744.6678000012,-0.0910721789872462,4.230000000000018,11.825714285714282,54.77772408794394,-25.059780388134183,BNBUSDT,0,0,1,0,1,0.39507517303566153,0.5,0.19753758651783077,2.0886142062068833,"[{""name"": ""large_return"", ""value"": -0.0654313420345191, ""threshold"": 0.05, ""triggered"": true, ""z_score"": null}]",False
2026-03-04,1.3663649770378077,0.0378350264472245,0.0715925931957721,0.0702504879635654,43.190000000000055,1.3524951664220812,147815.451,50329.05965984873,-646824.9848000013,-0.006333419062489,24.430000000000064,12.646428571428569,65.0211804574979,-20.46145440886073,BNBUSDT,0,0,0,1,1,0.29867765367797283,0.5,0.14933882683898642,2.3488437211467574,"[{""name"": ""large_return"", ""value"": 1.3663649770378077, ""threshold"": 0.05, ""triggered"": true, ""z_score"": null}]",False
2026-03-05,-0.3440193107788746,-0.015530545566624,0.0497618044527985,0.0862493921966434,51.440000000000055,0.8913392618495614,143646.34149999998,48191.115498275256,-774862.6088000012,0.0053010616753621,10.139999999999986,13.154285714285704,60.865551694178976,-17.43448728083888,BNBUSDT,0,0,1,0,1,0.4392965515133636,0.5,0.2196482757566818,2.335583268412929,"[{""name"": ""large_return"", ""value"": -0.3440193107788746, ""threshold"": 0.05, ""triggered"": true, ""z_score"": null}]",False
2026-03-06,-0.8328838661413256,-0.0322183517633001,0.0151304291539904,0.0748971898560657,43.70999999999992,0.8004678335776932,143705.6321,48153.23627077654,-889894.3448000012,0.040257063524165,20.54000000000008,13.33,50.37509377344335,-16.50276674143913,BNBUSDT,0,0,1,0,1,0.43721380854655195,0.5,0.21860690427327598,2.7773759041537853,"[{""name"": ""large_return"", ""value"": -0.8328838661413256, ""threshold"": 0.05, ""triggered"": true, ""z_score"": null}]",False
2026-03-07,-0.1726878950423406,-0.0113020913383385,-0.0274855359914705,-0.0145530806138984,-9.159999999999968,0.4500763299980941,140240.24325,51392.600936499904,-953013.1588000013,-0.026663835449296,7.0499999999999545,13.812142857142858,48.61664167140714,-16.147113706394293,BNBUSDT,0,0,1,0,1,0.35610090184695736,0.5,0.17805045092347868,2.7444307381953617,"[{""name"": ""large_return"", ""value"": -0.1726878950423406, ""threshold"": 0.05, ""triggered"": true, ""z_score"": null}]",False
2026-03-08,-0.2283972407102253,-0.0134391427334114,-0.0340614937811729,-0.0219899638827627,-13.759999999999993,0.5892635222158965,139054.17680000002,52494.55727606824,-1034952.7128000011,-0.0628574572972957,8.279999999999973,13.631428571428566,49.261161182142125,-16.344968294819182,BNBUSDT,0,0,1,0,1,0.3562896694012779,0.5,0.17814483470063894,2.7632776677705433,"[{""name"": ""large_return"", ""value"": -0.2283972407102253, ""threshold"": 0.05, ""triggered"": true, ""z_score"": null}]",False
2026-03-09,1.331993169351882,0.0363583067539778,-0.0354868615024545,0.0335651352539778,20.610000000000014,0.8634888596049884,140524.54140000002,51507.83949231672,-913611.3368000012,0.0052045449634774,22.659999999999968,13.936428571428564,59.79703756855108,-14.506079800908992,BNBUSDT,0,1,0,0,1,0.3039077056638637,0.5,0.15195385283193186,2.497539210459086,"[{""name"": ""large_return"", ""value"": 1.331993169351882, ""threshold"": 0.05, ""triggered"": true, ""z_score"": null}]",False
2026-03-10,0.5115261475266427,0.0115303946962137,-0.0090298680250058,0.0402825939008977,24.860000000000014,0.7162956068148674,140700.9132,51357.7031417885,-812827.8908000012,-0.0546301737011578,7.360000000000014,13.547142857142855,65.39597173890118,-12.312921239573145,BNBUSDT,0,0,0,1,1,0.3283555301794509,0.5,0.16417776508972545,2.5121358745462476,"[{""name"": ""large_return"", ""value"": 0.5115261475266427, ""threshold"": 0.05, ""triggered"": true, ""z_score"": null}]",False
2026-03-11,0.6034074391253585,0.0146276942134101,0.0384977124547674,0.0542106285196453,33.5,0.8506471311112721,141240.48575,51066.90291380299,-692682.0768000012,-0.0677464679639086,9.460000000000036,10.950000000000005,57.18851924331379,-9.699672552035622,BNBUSDT,0,0,0,1,1,0.3532765286361718,0.5,0.1766382643180859,1.918901631969449,"[{""name"": ""large_return"", ""value"": 0.6034074391253585, ""threshold"": 0.05, ""triggered"": true, ""z_score"": null}]",False
2026-03-12,0.1641337291809914,0.0003990239313829,0.0507206655273595,0.0218410448580255,13.930000000000064,0.7339582339618095,138337.64825,51616.03172522735,-591148.0208000012,-0.1503942724481126,0.2599999999999909,10.705714285714294,58.66693354683746,-7.520977169468779,BNBUSDT,0,0,1,0,1,0.4172226241516182,0.5,0.2086113120758091,1.8219237315087535,"[{""name"": ""large_return"", ""value"": 0.1641337291809914, ""threshold"": 0.05, ""triggered"": true, ""z_score"": null}]",False
2026-03-13,0.3374801703001576,0.006134097018976,0.0714892643550442,0.0349927394406213,22.17000000000008,1.5905028779832855,145853.87,53825.51744235654,-359167.0208000012,-0.1745051895867082,4.009999999999991,10.155714285714293,64.66450977633986,-5.408426916238796,BNBUSDT,0,0,0,0,0,0.0,0.0,0.0,0.0,[],True
2026-03-14,0.2389244333045781,0.0029997814535749,0.0363355603176605,-0.0004407361814008,-0.2899999999999636,0.3804755099086591,145187.4393,54904.46880981885,-303926.7558000012,-0.239083831383781,1.9700000000000275,10.07428571428572,64.37889960294953,-3.53450945953432,BNBUSDT,0,0,0,0,0,0.0,0.0,0.0,0.0,[],True
2026-03-15,0.928158835027662,0.0241399060764356,0.0494859813084112,0.0400092614031024,25.91999999999996,0.6759428985335801,137584.24595,50714.80930729688,-210927.6618000012,-0.3403280132043473,16.069999999999936,11.163571428571426,67.85462921492098,-0.7441238799564189,BNBUSDT,0,0,0,0,0,0.0,0.0,0.0,0.0,[],True
2026-03-16,0.4307680103189379,0.0087774302337315,0.0433641359408099,0.0835312684318758,52.40000000000009,1.614874563897759,140515.71625,54160.296334292325,15987.59419999877,-0.4467812754225734,5.940000000000055,10.171428571428578,64.71910112359552,1.924401846265141,BNBUSDT,0,0,0,0,0,0.0,0.0,0.0,0.0,[],True
2026-03-17,-0.3584932480244286,-0.0164653061175382,0.0259160375621432,0.0779511817624867,48.35000000000002,1.075501010815887,136789.3024,50740.443475912514,-131129.43880000123,-1.023383707904748,11.100000000000025,10.662142857142864,61.74047028873854,3.1077265395013,BNBUSDT,0,0,0,0,0,0.0,0.0,0.0,0.0,[],True
2026-03-18,-0.5963668584188223,-0.0247423438638931,-0.0052765619996035,0.0658354848197653,40.28999999999997,1.0495667643754043,137680.79450000002,50710.01511195416,-275634.6248000012,-0.9564094359789248,16.340000000000032,10.084285714285718,47.97421731123387,2.695941310105013,BNBUSDT,0,0,0,0,0,0.0,0.0,0.0,0.0,[],True
2026-03-19,-0.4450393654926263,-0.0203194180220104,-0.0282043484871522,0.007106391024833,4.509999999999991,0.8579961662654242,137156.3914,50867.55450396391,-393314.2828000012,-0.9712611879231814,13.120000000000005,10.297142857142862,46.98251942286348,1.2959848903773263,BNBUSDT,0,0,0,0,0,0.0,0.0,0.0,0.0,[],True
2026-03-20,0.3193214830742455,0.0046204599628467,-0.046989328702673,0.0001713395638629,0.1100000000000136,0.724876208748465,133385.5365,50935.74140514606,-296626.28080000123,-0.9932418460858388,2.9600000000000364,9.041428571428574,55.84610522989416,0.4205092351448911,BNBUSDT,0,0,0,0,0,0.0,0.0,0.0,0.0,[],True
2026-03-21,-0.3770719321839318,-0.0179293149072719,-0.0721042797663709,-0.0318668836152641,-20.75999999999999,0.4250547481931784,127599.3251,53089.65591456461,-350862.97980000125,-0.9655627128623868,11.409999999999968,9.352857142857149,53.98655872918896,-1.1803962979876133,BNBUSDT,0,0,0,0,0,0.0,0.0,0.0,0.0,[],True
2026-03-22,-0.0530715701186165,-0.0068252048803372,-0.0631160168109959,-0.0388356963112994,-25.31000000000006,0.8349399910883817,122587.94655,50296.23563856647,-453216.5588000013,-1.1030636608840416,4.290000000000077,9.067857142857154,55.683339897597456,-2.763437427387771,BNBUSDT,0,0,0,1,1,0.3267927703461594,0.5,0.1633963851730797,3.057442036398557,"[{""name"": ""large_return"", ""value"": -0.0530715701186165, ""threshold"": 0.05, ""triggered"": true, ""z_score"": null}]",False
2026-03-23,0.7911362545323455,0.0200714747481535,-0.0201756941144004,-0.0253457978131242,-16.620000000000005,2.012851261749882,127956.23745,58464.034761258896,-195659.68480000127,-1.0587792290410385,12.700000000000044,8.356428571428589,51.91041969399095,-2.95911423899895,BNBUSDT,0,0,0,0,0,0.0,0.0,0.0,0.0,[],True
2026-03-24,0.1136578356552376,-0.0012681912754103,-0.0013298912618321,-0.0294967310323857,-19.40000000000009,0.8224284469236718,123018.96825,56192.25739856941,-296833.98380000127,-1.2836306233169148,0.8100000000000591,7.888571428571448,48.324882289025695,-3.143315567309628,BNBUSDT,0,0,0,0,0,0.0,0.0,0.0,0.0,[],True
2026-03-25,0.6095105253616043,0.0145574750335594,0.0086433788603197,-0.0387520964127224,-26.110000000000014,0.9593928414903196,122493.03405000002,56192.03788370625,-179315.04380000127,-1.2830769587059363,9.360000000000014,7.88142857142859,48.2780496646728,-2.505144920632347,BNBUSDT,0,0,0,0,0,0.0,0.0,0.0,0.0,[],True
2026-03-26,-0.7505344063781693,-0.02945721088543,-0.0029173933724433,-0.0748113165908991,-50.85000000000002,0.7797179663390239,121477.3509,56516.64987858277,-274033.11680000124,-1.3120323619689926,18.799999999999955,9.205714285714302,41.131284916201125,-3.476320112886356,BNBUSDT,0,0,0,0,0,0.0,0.0,0.0,0.0,[],True
2026-03-27,-0.5827285854218123,-0.0239951648036192,-0.0198911256205998,-0.0817516938125364,-54.65999999999997,1.0546520683687348,124908.1417,54845.51941188385,-405767.7468000013,-1.248362906834262,14.909999999999968,9.984285714285727,35.05508656460155,-5.386997883308936,BNBUSDT,0,0,0,0,0,0.0,0.0,0.0,0.0,[],True
2026-03-28,0.0236308738393592,-0.0046856081089996,-0.0438578648432976,-0.063148696092109,-41.18999999999994,0.5637901085849688,124315.5581,55395.481114299866,-475855.6288000012,-1.2743293346869082,2.8700000000000045,10.04857142857144,33.43048052317319,-7.051523226137988,BNBUSDT,0,0,0,1,1,0.33003361627735006,0.5,0.16501680813867503,3.038224618276479,[],False
2026-03-29,-0.0709135203692399,-0.0081993936039611,-0.0504621651261161,-0.0517249471954939,-33.059999999999945,0.6813621065970272,122419.07525,56146.83408601066,-559267.3478000013,-1.4982228484210705,4.990000000000009,9.257142857142876,23.88888888888896,-8.673341962244649,BNBUSDT,0,0,0,1,1,0.32728956064961373,0.5,0.16364478032480687,3.3413930640927467,"[{""name"": ""large_return"", ""value"": -0.0709135203692399, ""threshold"": 0.05, ""triggered"": true, ""z_score"": null}]",False
2026-03-30,0.3531057264205782,0.0052658549498222,-0.0592440478028595,-0.0511127376929186,-32.82000000000005,0.9947878583578256,123523.90709999998,55915.61856307036,-436387.2648000013,-1.511386154024222,3.199999999999932,9.06142857142858,22.244994482106264,-9.589885508057591,BNBUSDT,0,0,0,0,0,0.0,0.0,0.0,0.0,[],True
2026-03-31,0.5858952510263424,0.0132713569090953,-0.018175746589066,-0.0210401141588711,-13.270000000000095,1.1177560637422992,124473.14715,56016.30790345459,-297256.6498000013,-1.498678367055801,8.139999999999986,8.850000000000007,29.34624697336561,-9.549344006822023,BNBUSDT,0,0,0,0,0,0.0,0.0,0.0,0.0,[],True
2026-04-01,-0.1794730776811644,-0.010779756570835,-0.0051144229986156,-0.0249038169888731,-15.600000000000025,1.0066275354105587,125724.3226,55755.8315885148,-423814.2148000013,-1.4701959581283937,6.6200000000000045,8.155714285714291,31.84445612191276,-9.93684745734322,BNBUSDT,0,0,0,0,0,0.0,0.0,0.0,0.0,[],True
2026-04-02,-1.3648851383472025,-0.0457072181212732,-0.0451004778425084,-0.0869803320242212,-55.59000000000003,2.3070080772493298,129006.18855,63704.57886146259,-721432.5338000013,-1.1919861330954626,27.289999999999964,9.167857142857144,28.32878846903,-12.304186656955608,BNBUSDT,0,0,1,0,1,0.38088482887367964,0.5,0.19044241443683982,4.618778762784679,"[{""name"": ""volume_spike"", ""value"": 2.3070080772493298, ""threshold"": 1.5, ""triggered"": true, ""z_score"": null}, {""name"": ""large_return"", ""value"": -1.3648851383472025, ""threshold"": 0.05, ""triggered"": true, ""z_score"": null}]",False
2026-04-03,0.3989597134535063,0.0081752927957792,-0.0293355772245047,-0.0783174056086479,-49.99000000000001,0.5881961451360008,130069.49405,62576.01716661086,-644926.1588000013,-1.1457331116786706,4.789999999999964,9.298571428571424,29.33630357965889,-13.636612677655307,BNBUSDT,0,0,0,1,1,0.3203959904067604,0.5,0.1601979952033802,2.8452048083126202,"[{""name"": ""large_return"", ""value"": 0.3989597134535063, ""threshold"": 0.05, ""triggered"": true, ""z_score"": null}]",False
2026-04-04,0.4196667072750319,0.0085472775721532,-0.0261451853797041,-0.0838402865701138,-54.29999999999996,0.4646738923555678,128402.81105,64042.0754091405,-585260.7248000012,-1.2231121883775316,5.050000000000068,8.844285714285718,34.921660474882884,-14.12228420181998,BNBUSDT,0,0,0,1,1,0.3214106337314602,0.5,0.1607053168657301,2.8047888890582686,"[{""name"": ""large_return"", ""value"": 0.4196667072750319, ""threshold"": 0.05, ""triggered"": true, ""z_score"": null}]",False
2026-04-05,0.5726517227673099,0.0136252379864309,-0.0258004956027403,-0.0435072989218586,-27.360000000000014,0.6451126293301775,120958.64575,60546.011613660135,-507228.7748000013,-1.169746976095707,8.139999999999986,9.119285714285713,40.24438004229656,-13.69251363868034,BNBUSDT,0,0,0,0,0,0.0,0.0,0.0,0.0,[],True
2026-04-06,-0.0091683938224219,-0.0023135636687556,-0.0175177223686578,-0.0225425523251079,-13.840000000000032,0.8831204680555564,118850.77155,60320.8169202248,-612188.3238000013,-1.151681415042144,1.3899999999999864,8.311428571428564,33.241663801993795,-13.310641959426448,BNBUSDT,0,0,0,1,1,0.34521062289981136,0.5,0.17260531144990568,2.568087673901921,[],False
2026-04-07,1.4177607652332265,0.0327677836098543,0.0626885111050179,0.0147607514564378,9.019999999999982,1.3649779419090866,119801.85684999998,60893.839294850855,-448661.4318000013,-0.981870079520886,19.99000000000001,9.68142857142856,43.286114800059046,-11.265122644233998,BNBUSDT,0,0,0,0,0,0.0,0.0,0.0,0.0,[],True
2026-04-08,-1.3903315768824172,-0.0310196332899388,0.0218422260372932,-0.0081341054958835,-4.930000000000064,1.3285518132512688,122023.60825,61618.64115343729,-610776.1178000013,-0.888921424467752,18.94000000000005,10.365714285714278,33.97877618522601,-11.045013521000897,BNBUSDT,0,0,1,0,1,0.43885717649968725,0.5,0.21942858824984363,2.9188651188309818,"[{""name"": ""large_return"", ""value"": -1.3903315768824172, ""threshold"": 0.05, ""triggered"": true, ""z_score"": null}]",False
2026-04-09,0.1892454947312696,0.0031058246675208,0.0162970203586354,-0.0102742536394819,-6.259999999999991,0.8755713167417927,122554.46695,61434.34017370043,-503470.9418000013,-0.8633336346241242,1.8700000000000043,9.156428571428568,39.92511116311722,-10.597520464097444,BNBUSDT,0,0,0,0,0,0.0,0.0,0.0,0.0,[],True
2026-04-10,0.2272855880266647,0.0041536751843171,0.0067165419783872,-0.019257243736132,-11.889999999999986,0.8337544102647204,125055.9286,59494.09160589408,-399205.0098000013,-0.8617607574663374,2.509999999999991,8.270714285714282,46.36842559806543,-9.925923106533787,BNBUSDT,0,0,0,0,0,0.0,0.0,0.0,0.0,[],True
2026-04-11,0.1427912870996414,0.0024905380722526,0.0115645464998082,-0.0061557603837527,-3.759999999999991,0.756247432787641,124651.62315000004,59683.66391668006,-304937.5398000013,-0.8358154570520782,1.509999999999991,8.173571428571424,48.23909813859998,-9.166171067342589,BNBUSDT,0,0,0,0,0,0.0,0.0,0.0,0.0,[],True
2026-04-12,-1.1377511686360435,-0.0247836306521654,-0.0450088695371714,0.0148581025500411,8.670000000000073,0.8872438439495629,116962.492,50923.192544425125,-408711.7908000013,-0.8144577675867357,14.8599999999999,8.878571428571417,44.40868865647627,-9.651879058661848,BNBUSDT,0,0,0,0,0,0.0,0.0,0.0,0.0,[],True
2026-04-13,1.7788504494900557,0.0373230825410802,0.0225397564708231,0.0448743009637777,26.40000000000009,1.165578247823045,118829.00204999998,50998.12850773989,-270207.2908000013,-0.5632942938706268,22.519999999999985,10.25857142857142,51.8869238267651,-8.125959347488333,BNBUSDT,0,0,0,0,0,0.0,0.0,0.0,0.0,[],True
2026-04-14,-0.0821515915897029,-0.0015629327701687,0.0177768933552229,0.0343636241067817,20.389999999999983,1.4255793175106386,121622.1566,52432.23976704453,-443589.3218000013,-0.5752764592257817,0.9600000000000364,9.745714285714282,48.651421870419256,-6.914415877509214,BNBUSDT,0,0,0,0,0,0.0,0.0,0.0,0.0,[],True
2026-04-15,0.6502820080590164,0.0143005170929483,0.0281566865937841,0.0350623441396509,21.090000000000032,0.9372912022726902,122633.41395,52079.8886448707,-328646.10180000134,-0.6227194108672696,8.840000000000032,9.904285714285711,54.24780037501805,-5.181218960830279,BNBUSDT,0,0,0,0,0,0.0,0.0,0.0,0.0,[],True
2026-04-16,0.9687757485097668,0.0209486665125323,0.0473107651758504,0.0594224392194764,35.65999999999997,1.072764566696732,122624.0175,52078.17706939907,-197099.4008000013,-0.6269514770798955,13.17999999999995,8.896428571428569,70.9755118426335,-2.712859906898757,BNBUSDT,0,0,0,0,0,0.0,0.0,0.0,0.0,[],True
2026-04-17,0.4957024449960121,0.0114944693054945,0.0860028031543929,0.0371230446702144,23.019999999999985,1.2105216335560096,126793.9653,50977.44231438282,-43612.56280000135,-0.5980921291308293,7.350000000000023,9.079285714285716,71.56006608449377,-0.1617197944805184,BNBUSDT,0,0,1,0,1,0.39657628222265495,0.5,0.19828814111132748,2.1456461055093934,"[{""name"": ""large_return"", ""value"": 0.4957024449960121, ""threshold"": 0.05, ""triggered"": true, ""z_score"": null}]",False
2026-04-18,-0.9790253482829172,-0.020770255391822,0.0247108392575359,0.0478075720274135,28.74000000000001,0.9304756908937786,128606.6473,49988.61674973844,-163277.92180000135,-0.5078339652828185,13.220000000000027,9.66285714285714,63.50532229450028,0.7842927698868607,BNBUSDT,0,0,0,0,0,0.0,0.0,0.0,0.0,[],True
2026-04-19,-1.036393399460885,-0.0222167152402859,0.0037637474541749,0.0216075485465068,13.029999999999973,0.7889953862484048,127492.18025,50370.01560111678,-263868.6638000014,-0.394870502107413,13.840000000000032,10.070000000000002,55.16385302879839,0.4124873115434866,BNBUSDT,0,0,0,0,0,0.0,0.0,0.0,0.0,[],True
2026-04-20,0.960260895526546,0.0212001644363955,0.0107133105253858,0.0391716484460151,23.720000000000027,0.7363391095891437,125143.03505,50891.54600520535,-171720.95280000137,-0.3210162069409932,13.200000000000044,10.913571428571434,59.5392368610511,1.16947748165569,BNBUSDT,0,0,0,0,0,0.0,0.0,0.0,0.0,[],True
2026-04-21,0.1413751710899291,0.0039017321778611,-0.006370228227189,0.0406391565768884,24.67000000000008,0.8492101553733008,124083.81875,51080.66108393983,-66347.71380000137,-0.3156445751773434,2.4600000000000364,9.661428571428578,54.29543102173592,1.945472885798722,BNBUSDT,0,0,0,0,0,0.0,0.0,0.0,0.0,[],True
2026-04-22,0.404023191543038,0.0090609590998968,-0.0087852966786913,0.076461946334791,45.27999999999997,1.1641548500842736,115952.21975,30998.83607621641,68638.62519999864,-0.7676080272173605,5.75,8.719285714285718,64.87261407389204,2.989965320545707,BNBUSDT,0,0,0,0,0,0.0,0.0,0.0,0.0,[],True
2026-04-23,0.05264902643586,0.0016771032371169,0.0137164629306238,0.0387662474988204,23.829999999999927,0.8407643949004513,117047.3638,29899.324955247543,167047.88119999864,-0.7641282403079018,1.0699999999999363,8.662142857142856,64.64088397790056,3.85958229568314,BNBUSDT,0,0,0,0,0,0.0,0.0,0.0,0.0,[],True
2026-04-24,-0.2096661841953836,-0.0036556228197855,0.0327078531311886,0.0365947046843178,22.46000000000004,0.6005832558919426,117595.383,28875.130957851383,96422.06319999864,-0.7553198638457029,2.3299999999999272,8.649285714285709,62.66413411512102,4.311053346908352,BNBUSDT,0,0,0,0,0,0.0,0.0,0.0,0.0,[],True
2026-04-25,-0.6329837483313481,-0.0121449379310515,-0.0011600928074245,0.0095407892834769,5.939999999999941,0.5051310644055326,116639.70235,30522.773685158965,37503.72619999864,-0.7360938687022026,7.680000000000064,9.09,58.43941537010845,4.002991596763877,BNBUSDT,0,0,0,0,0,0.0,0.0,0.0,0.0,[],True
2026-04-26,0.4791755795077822,0.0114373740438934,0.006395238396758,-1.5728958585592423e-05,-0.0099999999999909,0.4771221761447396,114114.0419,33486.18228716705,91950.06619999863,-0.729088572113704,7.230000000000018,8.545000000000007,68.21031513834319,4.292766674607833,BNBUSDT,0,0,0,0,0,0.0,0.0,0.0,0.0,[],True
2026-04-27,-0.7800406107705291,-0.0141457621384267,-0.016690981536386,-0.0253296429904216,-16.289999999999964,0.935308538887224,111134.97170000002,31447.061805265697,-11995.421800001364,-0.9841160396530176,8.92999999999995,7.57428571428572,55.71482459449265,3.758513340444324,BNBUSDT,0,0,0,0,0,0.0,0.0,0.0,0.0,[],True
2026-04-28,-0.2071514619387351,-0.0036439810815789,-0.0219093557177311,-0.0084934116526432,-5.350000000000023,0.5873737605287674,106146.6245,30841.72377549591,-74343.16380000136,-1.3516263913262694,2.2800000000000864,7.668571428571438,55.02980625931443,3.115226388146084,BNBUSDT,0,0,0,1,1,0.34513011620996575,0.5,0.17256505810498288,2.7068396164082653,"[{""name"": ""large_return"", ""value"": -0.2071514619387351, ""threshold"": 0.05, ""triggered"": true, ""z_score"": null}]",False
2026-04-29,-0.6491124920648245,-0.0115304754300039,-0.0295814275160718,0.0021588806285102,1.330000000000041,0.9616626552024848,105872.0243,30855.31178959613,-176156.33580000137,-1.234778152237698,7.159999999999968,7.548571428571433,47.53974261922784,2.004557392605875,BNBUSDT,0,0,0,0,0,0.0,0.0,0.0,0.0,[],True
2026-04-30,-0.18628989725,-0.0032609518096032,-0.0209218334844796,-0.0220576550233607,-13.879999999999995,0.7516295400782345,104589.34995,31453.0185217024,-254768.78080000132,-1.1904664405355472,2.009999999999991,6.750714285714293,39.21278171622052,0.9511892919108504,BNBUSDT,0,0,0,0,0,0.0,0.0,0.0,0.0,[],True
2026-05-01,-0.0087912651772143,-6.500260012681083e-05,-0.0321190386309298,-0.0259292091432913,-16.379999999999995,0.844408022569453,104278.66345,31590.7296337784,-342822.5208000014,-1.1530170374943327,0.0399999999999636,6.228571428571432,34.07110091743121,0.1118702467290404,BNBUSDT,0,0,0,0,0,0.0,0.0,0.0,0.0,[],True
2026-05-02,0.2683681508493778,0.00436203939662,-0.0140388941180225,-0.0304955527318933,-19.44000000000005,0.5111090932305085,101688.6506,33688.09758590051,-290848.5268000014,-1.4064065569887063,2.689999999999941,5.476428571428569,42.2590322159906,-0.3324038798004949,BNBUSDT,0,0,0,0,0,0.0,0.0,0.0,0.0,[],True
2026-05-03,-0.0543641123977863,-0.0012304704863438,-0.0116563926026739,-0.0333103642684874,-21.269999999999985,0.7403022200528498,98405.9321,33105.572077135825,-363698.6568000014,-2.021077860259811,0.7599999999999909,4.542142857142851,50.95140745400223,-0.737320601385818,BNBUSDT,0,0,0,0,0,0.0,0.0,0.0,0.0,[],True
2026-05-04,0.5590034866813575,0.0086459123947032,0.008487341874666,-0.0213451533298754,-13.58000000000004,2.065059324509624,100069.2806,37601.37955371821,-157049.6558000014,-1.9099705544893828,5.360000000000014,3.982142857142849,44.05381165919282,-0.6185821855181075,BNBUSDT,0,0,0,0,0,0.0,0.0,0.0,0.0,[],True
2026-05-05,0.7612724328780296,0.0124338220515751,0.0244401833013747,0.0030070163715336,1.8899999999999864,1.446022958652677,101673.20935,38929.93972240969,-10027.860800001392,-1.8721110024743577,7.789999999999964,4.36285714285713,48.93582187295344,0.1029203589425833,BNBUSDT,0,0,0,1,1,0.3338700021890875,0.5,0.16693500109454376,2.37071349088926,"[{""name"": ""large_return"", ""value"": 0.7612724328780296, ""threshold"": 0.05, ""triggered"": true, ""z_score"": null}]",False
2026-05-06,1.6324176892714983,0.0271031173395073,0.0526538174017616,0.0188435887756386,11.980000000000018,2.255027237564349,107180.6371,49684.46583733312,231667.3951999986,-1.665012297758349,17.32000000000005,5.189285714285704,57.06813489332416,2.0486796703125947,BNBUSDT,0,0,0,0,0,0.0,0.0,0.0,0.0,[],True
2026-05-07,-1.0249619711997089,-0.0166883290147096,0.0307266637541867,0.0162564012571191,10.18999999999994,1.3510174613418973,106714.98565,49269.54363245393,87493.5861999986,-1.5413219668874358,10.720000000000027,5.8785714285714255,49.07654921020657,2.69463149921728,BNBUSDT,0,0,0,0,0,0.0,0.0,0.0,0.0,[],True
2026-05-08,1.0891348582796214,0.0191862101993836,0.0519869749056329,0.0397246017132335,24.81000000000006,1.0153913916445294,106119.35150000002,49176.66310879396,195246.2621999986,-1.5554931426154237,12.340000000000032,6.593571428571432,57.12273859820169,4.154398527570265,BNBUSDT,0,0,0,0,0,0.0,0.0,0.0,0.0,[],True
2026-05-09,0.0050335665982838,0.0006004110686794,0.043557168784029,0.0524141952412575,32.360000000000014,0.9277921848876692,106007.459,49192.44789456537,293599.1541999986,-1.8638809399294989,0.3899999999999863,6.072857142857141,62.47941660785699,5.281858181948564,BNBUSDT,0,0,0,0,0,0.0,0.0,0.0,0.0,[],True
2026-05-10,1.268014791200215,0.0210165353616585,0.0525522667428064,0.078276837076278,48.16999999999996,1.1109616816640815,107363.9343,49164.19055481653,412876.3711999986,-1.836478106980785,13.799999999999956,6.542142857142851,65.17087018233431,7.205858102821139,BNBUSDT,0,0,0,0,0,0.0,0.0,0.0,0.0,[],True
2026-05-11,0.6132565510321664,0.0105686251488699,0.0352919381233212,0.0898040107907822,55.25999999999999,1.6505002124641568,111278.53459999998,52030.69957240385,596541.6161999987,-1.7797080779157646,7.050000000000068,6.407857142857146,74.39527365956971,9.193540569569564,BNBUSDT,0,0,0,0,0,0.0,0.0,0.0,0.0,[],True
2026-05-12,-0.5426493283813636,-0.0084609841729558,0.0438447772440426,0.0759186447259843,46.92000000000007,1.4351921278984778,112610.0721,53001.05782917334,434924.5271999986,-1.708584066355033,5.649999999999977,6.648571428571423,71.70176192522567,10.195359703693498,BNBUSDT,0,0,0,0,0,0.0,0.0,0.0,0.0,[],True
2026-05-13,0.5846159035917864,0.0100701867730958,0.0343723050388073,0.0881461921039414,54.40999999999997,1.8998029070640583,118992.7477,58592.35200765553,660987.2951999987,-1.661948780240184,6.7299999999999045,6.617857142857133,79.29843497031843,11.400940396198736,BNBUSDT,0,0,0,0,0,0.0,0.0,0.0,0.0,[],True
2026-05-14,0.557448198380812,0.0097634021240665,0.0438938053097344,0.0893628639802128,55.63999999999999,1.2944361468105885,123451.45829999998,58109.00960934832,820787.3251999987,-1.656207841640396,6.590000000000032,6.944999999999993,82.34084130412427,12.741256432820135,BNBUSDT,0,0,0,0,0,0.0,0.0,0.0,0.0,[],True
2026-05-15,-0.5419896134172023,-0.0087217818641225,0.0133072112124181,0.0665588020684624,41.96000000000004,1.292427142399843,128830.76,56785.27179761363,654282.9541999986,-1.714088072321928,5.889999999999986,7.362857142857138,77.66783081102056,13.176304536351836,BNBUSDT,0,0,0,0,0,0.0,0.0,0.0,0.0,[],True
2026-05-16,-1.4578316296696372,-0.0243580363652106,-0.0214733074858335,0.0130607959983943,8.460000000000036,0.9787399703564836,132597.3598,54022.84373052433,524504.6181999986,-1.2572641476655262,16.17999999999995,8.326428571428567,66.3721369134426,12.076284622750109,BNBUSDT,0,0,0,0,0,0.0,0.0,0.0,0.0,[],True
2026-05-17,-0.6051066588501455,-0.0102935778080876,-0.0232649071358749,0.019559825437192,12.460000000000036,0.7248010966098118,132190.683,54279.88577679478,428692.6661999986,-1.2846739943681884,6.720000000000027,8.752142857142855,63.14371990532933,10.54075580585129,BNBUSDT,0,0,0,0,0,0.0,0.0,0.0,0.0,[],True
2026-05-18,-0.5629540602942382,-0.0092033967227929,-0.0419098380181037,-0.0089780707157817,-5.830000000000041,0.9320359232126796,135382.3569,51775.91168794308,302511.4461999986,-1.1812594409204633,5.9500000000000455,8.794285714285715,58.487654320987644,8.742939715051875,BNBUSDT,0,0,0,0,0,0.0,0.0,0.0,0.0,[],True
2026-05-19,-0.351427169016815,-0.0054692201306742,-0.0563934716263434,-0.0149749903809157,-9.730000000000018,0.6026075739704565,134339.39515,52689.73880176042,221557.5091999986,-1.223864714061376,3.509999999999991,8.488571428571431,54.03904409289802,6.954759704140088,BNBUSDT,0,0,0,0,0,0.0,0.0,0.0,0.0,[],True
2026-05-20,0.9086078255271712,0.0147034102452077,-0.034028376810732,-0.02117398839575,-14.049999999999956,0.6164177830840663,134555.90555,52457.07895659171,304500.1621999986,-1.1006473911057428,9.480000000000018,7.928571428571429,50.7927927927928,6.230746764489709,BNBUSDT,0,0,0,0,0,0.0,0.0,0.0,0.0,[],True
2026-05-21,0.8270014528786426,0.0138831659244118,0.0036269430051814,-0.017924246943036,-12.019999999999982,0.7616489744280373,135306.00245,51861.00733193546,407555.8401999986,-0.9955895366029998,9.08000000000004,7.811428571428572,59.85735186539871,6.316824982547246,BNBUSDT,0,0,0,0,0,0.0,0.0,0.0,0.0,[],True
2026-05-22,-0.8216142456521824,-0.0124369450775441,0.0014781055613721,-0.021821189563125,-14.509999999999993,0.8920462632889913,138902.68375,48138.33941490559,283648.22019999864,-0.8111319392281071,8.139999999999986,7.511428571428569,50.51350323316852,5.662933843047654,BNBUSDT,0,0,0,0,0,0.0,0.0,0.0,0.0,[],True
2026-05-23,0.5294329768807924,0.0089079949274512,0.0197815175671685,-0.0229573606479275,-15.41999999999996,0.8019949568165794,140910.65915000002,46029.49018552257,396657.8581999986,-0.7709885426408826,5.819999999999936,7.899285714285709,52.94330409621123,5.550364615883609,BNBUSDT,0,0,0,0,0,0.0,0.0,0.0,0.0,[],True
2026-05-24,-0.0073521354041047,0.0004722622209452,0.0258585669197839,-0.0319931590664483,-21.69999999999993,0.5486912650451937,134261.61795,45636.661282329245,470326.03519999865,-0.7648724316397162,0.3100000000000591,6.935714285714288,46.40576725025752,5.423646678750629,BNBUSDT,0,0,0,0,0,0.0,0.0,0.0,0.0,[],True
2026-05-25,0.6028614264666821,0.0099718948344436,0.0210161662817551,-0.0137273565543294,-9.230000000000018,0.8614264094688989,132622.76585,45742.71771028215,584570.7881999987,-0.7689081122559782,6.579999999999927,6.902142857142849,46.145089516713206,5.787458589216158,BNBUSDT,0,0,0,0,0,0.0,0.0,0.0,0.0,[],True
2026-05-26,-0.7135830070598814,-0.0101851469296922,-0.003264599593064,0.0003505028954584,0.2299999999999045,0.9658805692104336,126654.66715,37872.521336609854,462237.50619999866,-1.0924535016936163,6.720000000000027,6.978571428571423,45.639713408392986,5.470474090701032,BNBUSDT,0,0,0,0,0,0.0,0.0,0.0,0.0,[],True
2026-05-27,-0.8339605080381497,-0.0116299088287557,-0.0024598733165241,-0.0009854037075813,-0.6399999999999864,0.8169538300255352,124532.8564,38027.779431602175,360499.9121999987,-1.1594676153588783,7.589999999999918,7.0399999999999965,38.41314935064938,4.554312741827857,BNBUSDT,0,0,0,0,0,0.0,0.0,0.0,0.0,[],True
2026-05-28,-1.1324726140852095,-0.0164717650248173,-0.0274586292018407,-0.0082202849905986,-5.289999999999964,1.1491168455862368,126408.10685,38081.45075652522,215242.22719999868,-1.191685636320249,10.600000000000025,7.326428571428567,30.486497026420977,2.939037465738238,BNBUSDT,0,0,0,0,0,0.0,0.0,0.0,0.0,[],True
2026-05-29,0.4271480008931902,0.0075858449837209,-0.020515710434531,0.0048123496140746,3.080000000000041,0.9057158483623002,127253.2254,37610.7118567816,330497.4901999987,-1.1135721518121482,4.860000000000014,7.25285714285714,35.582036635808564,2.0277074065143097,BNBUSDT,0,0,0,0,0,0.0,0.0,0.0,0.0,[],True
2026-05-30,7.500727588141402,0.1111994458304772,0.0838271884189099,0.1066050808314087,69.24000000000001,3.785756129689467,149608.41285000002,105044.15488061609,896878.4561999987,4.272811814663931,75.63999999999999,11.5,69.42236024844719,7.324554711606538,BNBUSDT,1,0,0,0,1,0.670715517470078,0.5,0.335357758735039,8.096095511974315,"[{""name"": ""volume_spike"", ""value"": 3.785756129689467, ""threshold"": 1.5, ""triggered"": true, ""z_score"": null}, {""name"": ""high_volatility"", ""value"": 4.272811814663931, ""threshold"": 0.8, ""triggered"": true, ""z_score"": null}, {""name"": ""large_return"", ""value"": 7.500727588141402, ""threshold"": 0.05, ""triggered"": true, ""z_score"": null}]",False
2026-05-31,-0.6552896898747463,-0.0114603609334242,0.0824459576801792,0.0789122050472226,51.96999999999992,2.384479307957867,159433.4372,116915.93978605092,516712.7241999987,3.7258106436445297,8.190000000000055,11.605000000000002,68.794238936419,10.737702261617756,BNBUSDT,0,0,0,0,0,0.0,0.0,0.0,0.0,[],True
2026-06-01,-1.263856600443378,-0.0248650291139313,0.0682140435238272,0.0655863723018264,42.65999999999997,2.9959745965554925,178019.70905,143748.98642598727,-16629.801800001238,3.443836957799573,17.449999999999932,12.426428571428564,64.24670920273613,11.897430943118025,BNBUSDT,0,0,0,0,0,0.0,0.0,0.0,0.0,[],True
2026-06-02,-3.060010622033403,-0.063140950606251,0.0195067686136876,-0.0084874897144423,-5.569999999999936,1.70196185517961,182223.43765,146432.1572899515,-326767.14180000126,3.84267864150948,42.40999999999997,15.204999999999991,52.50622445624092,9.287333118731,BNBUSDT,0,0,0,0,0,0.0,0.0,0.0,0.0,[],True
2026-06-03,-2.1322456229569884,-0.0472982471559402,-0.0349401337272586,-0.0547390224956974,-35.940000000000055,1.5897868798233343,189279.1083,148677.3290819864,-627680.5848000012,3.6832380315711455,30.06000000000006,16.674999999999994,43.81666309702291,4.738597408812439,BNBUSDT,0,0,0,0,0,0.0,0.0,0.0,0.0,[],True
2026-06-04,-1.1524377009307074,-0.0262837945467553,-0.1589030803906838,-0.088396290432029,-58.620000000000005,1.9969198381908584,201025.478,155888.71410810892,-1029112.3498000012,3.336878236212593,16.100000000000023,17.176428571428566,38.7615918825633,-0.1635584597426032,BNBUSDT,0,0,0,0,0,0.0,0.0,0.0,0.0,[],True
2026-06-05,-2.281253775102553,-0.0549277637961164,-0.1946801773274223,-0.1282848133083496,-84.20999999999992,2.417036108574434,221278.46295,171659.93501831128,-1563950.3848000013,3.268774557018433,32.309999999999945,18.902857142857133,35.22143288996372,-6.579850852943878,BNBUSDT,0,0,0,0,0,0.0,0.0,0.0,0.0,[],True
2026-06-06,0.1846210130945103,0.0040287824277016,-0.1710719953830617,-0.1145274643980026,-74.31000000000006,0.9929460627735064,227797.3915,169101.01106089074,-1337759.8618000012,2.970232151478899,2.309999999999945,18.65214285714285,34.35070654463293,-11.347603003139284,BNBUSDT,0,0,0,0,0,0.0,0.0,0.0,0.0,[],True
2026-06-07,2.1932358783335046,0.0507500942989816,-0.0710783937051438,-0.0529581348708948,-33.799999999999955,0.8343525473724419,231130.5486,167643.34889255997,-1144915.4998000013,3.060686714159525,29.91000000000008,20.76642857142857,41.03463694837134,-12.56772103530784,BNBUSDT,0,0,0,0,0,0.0,0.0,0.0,0.0,[],True
2026-06-08,-0.1875786980318013,-0.0042775494221107,-0.0302434622883198,-0.0641268853988493,-41.24000000000001,0.5210038742495181,233156.62705,165969.34877903125,-1266391.005800001,2.8017551725428484,2.580000000000041,20.48071428571429,39.31224496913472,-13.586244040165866,BNBUSDT,0,0,0,0,0,0.0,0.0,0.0,0.0,[],True
2026-06-09,-0.5742058351028242,-0.014088746382168,-0.018344829867831,-0.1743328602832734,-125.29999999999995,0.571120577918058,235741.33065,163896.46751188755,-1401027.7308000014,2.574453905209636,8.419999999999959,20.60214285714285,39.080539472315664,-14.901084069155218,BNBUSDT,0,0,0,0,0,0.0,0.0,0.0,0.0,[],True
2026-06-10,-0.4663455540327655,-0.0117122960607724,0.0250078641082101,-0.1745408486383787,-124.01999999999998,0.4859543454896226,236330.84685,163414.5900652794,-1515873.7328000015,2.377993451072637,6.910000000000082,20.55357142857144,39.172893136403125,-16.3126415383731,BNBUSDT,0,0,0,0,0,0.0,0.0,0.0,0.0,[],True
2026-06-11,1.3261683717688997,0.0322600503404496,0.0543574748054931,-0.1260135622565287,-87.34000000000003,0.4908574963201465,235925.7623,163717.70130566254,-1400067.8038000015,2.3401898842904365,19.23000000000001,21.17000000000001,44.52054794520548,-15.698646489602195,BNBUSDT,0,0,0,0,0,0.0,0.0,0.0,0.0,[],True
2026-06-12,-0.1541556049327437,-0.0031911666562275,-0.0010091985970485,-0.0720158600869845,-46.860000000000014,0.4472080721596106,235542.09675000003,164029.60447003835,-1505404.1308000016,2.190836020985872,1.92999999999995,20.96071428571429,43.30891122848868,-15.192654397378988,BNBUSDT,0,0,0,0,0,0.0,0.0,0.0,0.0,[],True
2026-06-13,0.3920388538565512,0.0095923206415432,0.012943209384242,-0.0176917003689799,-10.980000000000018,0.3120202960239809,235533.24555,164038.80359577131,-1431912.9778000016,2.087250696234888,5.819999999999936,15.973571428571429,25.609265304297267,-14.15881267957002,BNBUSDT,0,0,0,0,0,0.0,0.0,0.0,0.0,[],True
2026-06-14,0.4681399243958045,0.0116435874006532,0.0393468589916417,0.0202802176897756,12.259999999999993,0.5172362479106634,235922.38845,163744.90022161126,-1309885.3668000016,1.98658246132509,7.139999999999986,15.898571428571424,28.93790996495641,-12.617896089496526,BNBUSDT,0,0,0,0,0,0.0,0.0,0.0,0.0,[],True
2026-06-15,0.065652540912858,0.0017494699357849,0.0534329019828483,0.0797770088427527,45.64999999999998,0.7155447361575229,238332.60645,162333.63168928138,-1139347.7248000016,1.889373932773248,1.080000000000041,14.729285714285718,31.75888657194122,-11.180677723034478,BNBUSDT,0,0,0,0,0,0.0,0.0,0.0,0.0,[],True
2026-06-16,-0.848049655961631,-0.0211487997836114,-0.0013536714210247,0.0529302212243052,30.41000000000008,0.7913745264639129,242855.1976,159564.18795275092,-1331537.1418000015,1.8212157152532564,12.92999999999995,12.623571428571427,37.05652690544899,-10.958689798051068,BNBUSDT,0,0,0,0,0,0.0,0.0,0.0,0.0,[],True
2026-06-17,-0.1931589970718498,-0.0054866411455124,-0.0036434095689185,-0.0046489312421416,-2.810000000000059,0.6940225032472838,244061.5228,158877.22530515367,-1500921.3308000015,1.7299628813655454,3.310000000000059,10.712857142857144,43.665822109614616,-10.923927864824236,BNBUSDT,0,0,0,0,0,0.0,0.0,0.0,0.0,[],True
2026-06-18,-1.5561430503798712,-0.0392386645468916,-0.051127696219142,-0.0388462433123982,-23.379999999999995,0.616441100866163,245877.20025,157529.51218707277,-1652490.1428000014,1.7297050229747415,23.149999999999977,11.216428571428567,41.70540661020189,-12.618927172241,BNBUSDT,0,0,0,0,0,0.0,0.0,0.0,0.0,[],True
2026-06-19,0.2357232627662788,0.0050694133912242,-0.0573452876992168,-0.0202547856565113,-12.020000000000095,0.4244429593342399,222275.3115,141531.9019340174,-1558146.951800001,0.5365699354919821,2.939999999999941,9.118571428571428,53.60332132226223,-13.5685827302201,BNBUSDT,0,0,0,0,0,0.0,0.0,0.0,0.0,[],True
2026-06-20,0.5038879761151766,0.0113045797473726,-0.0482949487756324,0.0025574139430208,1.5,0.4074342216724194,207494.0334,139598.32729904103,-1473606.7818000014,0.5640950196568626,6.610000000000014,9.425714285714289,55.11518642012732,-13.63069369182506,BNBUSDT,0,0,0,0,0,0.0,0.0,0.0,0.0,[],True
2026-06-21,-0.2256618602199665,-0.0064832260935181,-0.0342348001454689,-0.0355421288959323,-21.529999999999973,0.3443640448611678,183994.9697,120048.03103626314,-1536968.0338000015,0.5303958165548642,3.7999999999999545,7.560714285714279,40.45347189418986,-13.82715448861734,BNBUSDT,0,0,0,0,0,0.0,0.0,0.0,0.0,[],True
2026-06-22,0.4587883062977848,0.0100820009633027,-0.0190814952711799,-0.0226553831376381,-13.680000000000064,0.6067669291954204,173759.6842,117425.03649755123,-1431536.4038000014,0.2635963172206719,5.919999999999959,7.799285714285702,44.63778734316327,-13.351251642929014,BNBUSDT,0,0,0,0,0,0.0,0.0,0.0,0.0,[],True
2026-06-23,-0.7880942654336895,-0.0206644744757478,-0.0006914672935969,-0.0517838103830065,-31.569999999999936,0.6631154547214169,164156.75615,114290.57500432292,-1540391.2858000014,0.1013998307817253,12.069999999999936,8.059999999999986,43.19390287132221,-13.789091275020157,BNBUSDT,0,0,0,0,0,0.0,0.0,0.0,0.0,[],True
2026-06-24,-0.8835675701995716,-0.0234707776851425,-0.0288087785077912,-0.0845020185152158,-52.120000000000005,1.057696689935052,152130.5678,99737.2642289712,-1701299.2838000013,0.0813987380647697,13.410000000000082,8.5242857142857,40.84129378247023,-15.044730972242292,BNBUSDT,0,0,0,0,0,0.0,0.0,0.0,0.0,[],True
2026-06-25,-0.2283299628561999,-0.0071981755585123,-0.0466132680305425,-0.0926570314143752,-57.25,1.1731643927252016,133202.06185,43157.765106773964,-1857567.1998000008,-0.22053301994382,4.0499999999999545,7.439999999999982,28.33141321044542,-16.180121265254115,BNBUSDT,0,0,0,0,0,0.0,0.0,0.0,0.0,[],True
2026-06-26,0.576019713580915,0.0124441008106616,-0.0283963507522723,-0.0616590075048766,-37.30000000000007,1.4192040134373431,131202.70605,39384.47550119647,-1671363.792800001,-0.2048710020679783,7.019999999999982,7.803571428571412,33.437070938215044,-16.325283218294544,BNBUSDT,0,0,0,0,0,0.0,0.0,0.0,0.0,[],True
2026-06-27,-0.6850120030548262,-0.018563173060686,-0.0558332627298143,-0.0738493758622408,-44.42999999999995,0.6480236241248464,125631.08345,38065.15975388055,-1752775.7028000013,-0.5658987529411145,10.43999999999994,8.133571428571413,26.969351014314555,-17.08579149240552,BNBUSDT,0,0,0,0,0,0.0,0.0,0.0,0.0,[],True
2026-06-28,-0.3765413193228232,-0.011062399079568,-0.0467236368668696,-0.0473827962937352,-27.409999999999968,0.6229126445562089,123400.701,39597.48973109957,-1829643.559800001,-0.5600352992780506,6.129999999999996,8.061428571428555,20.884281410597183,-17.975924282750043,BNBUSDT,0,0,0,0,0,0.0,0.0,0.0,0.0,[],True
2026-06-29,0.6779806840925487,0.0152174304889831,-0.0091203711902526,-0.037666402944515,-21.899999999999977,0.8674595247870933,121958.57095,39691.84670604829,-1723849.4358000013,-0.5246807586036663,8.449999999999932,8.58785714285712,25.73400981452208,-17.794393856008583,BNBUSDT,0,0,0,0,0,0.0,0.0,0.0,0.0,[],True
2026-06-30,-0.8759936578817271,-0.0235083698447786,-0.0251507259819485,-0.0705916364811318,-41.50999999999999,0.8747941201979353,121532.04685,39817.93377598807,-1830164.9558000013,-0.4787542287703179,13.0,8.592857142857124,25.71903574397332,-18.48642108456136,BNBUSDT,0,0,0,0,0,0.0,0.0,0.0,0.0,[],True
2026-07-01,0.3505831302424818,0.0071470549267939,-0.0303008949334083,-0.0578368108450438,-33.789999999999964,1.3086732347098953,123845.409,40799.67148193673,-1668091.7838000013,-0.6645972812008906,3.9200000000000728,8.636428571428553,28.831362170209232,-18.50522964158074,BNBUSDT,0,0,0,0,0,0.0,0.0,0.0,0.0,[],True
2026-07-02,0.6777150328492563,0.0153599558471142,0.0031586503948313,-0.0528509700923492,-31.18999999999994,1.207001053505662,126194.43335,41029.72423544635,-1515774.9698000012,-0.6055031860226826,8.519999999999982,7.591428571428553,40.8167105758374,-17.629421762988272,BNBUSDT,0,0,0,0,0,0.0,0.0,0.0,0.0,[],True
2026-07-03,1.101931446873957,0.0262204168263569,0.0412651750231365,-0.0073865208967618,-4.270000000000096,0.819230344183719,127752.82525,39485.43699376189,-1411115.978800001,-0.5067855872609672,14.849999999999907,8.442142857142837,46.78060749640408,-15.55772702320212,BNBUSDT,0,0,0,0,0,0.0,0.0,0.0,0.0,[],True
2026-07-04,0.1472989088302919,0.0027149810443025,0.0283278524449528,0.0189491207253795,10.700000000000044,0.7646162707400492,126487.1514,40079.84046847611,-1314401.8448000012,-0.5437245028633974,1.5600000000000591,8.081428571428555,44.40516174650875,-13.632863884928724,BNBUSDT,0,0,0,0,0,0.0,0.0,0.0,0.0,[],True
2026-07-05,1.0358306283103451,0.0248888615236593,0.0793200614799092,0.0521743783668082,29.25,1.0660881499832695,124602.111,38763.98479626678,-1181565.0108000012,-0.4456588942963625,14.5,8.845714285714271,52.27713178294574,-10.812724800698106,BNBUSDT,0,0,0,0,0,0.0,0.0,0.0,0.0,[],True
2026-07-06,-0.2081161110262381,-0.006565319360688,0.0646210304483685,0.0323620604608554,18.370000000000005,1.1538321043579365,122032.9149,35624.336874439585,-1322370.505800001,-0.5042201001711644,3.8600000000000136,8.698571428571418,48.30021349975365,-8.7879124150395,BNBUSDT,0,0,0,0,0,0.0,0.0,0.0,0.0,[],True
2026-07-07,-0.5752480710264251,-0.0158065948444178,0.031952196937169,0.0352117731514716,19.620000000000005,0.7872673704625273,118217.1299,34349.87526417737,-1415438.9948000014,-0.4875718307955285,9.18999999999994,8.492857142857133,49.47014297729184,-7.834479207870686,BNBUSDT,0,0,0,0,0,0.0,0.0,0.0,0.0,[],True
2026-07-08,-0.4931982058617897,-0.0142475434480378,-0.008975096286227,0.0319197198178089,17.589999999999918,0.8599375892155515,115609.5387,33657.31693489286,-1514855.9828000013,-0.6793420784072335,8.160000000000082,8.117857142857133,51.755389353277614,-7.649145735497655,BNBUSDT,0,0,0,0,0,0.0,0.0,0.0,0.0,[],True
2026-07-09,0.0794630216563405,0.0001055056358573,-0.0115577802109946,0.0164426651415499,9.200000000000044,0.7434144055181269,115173.4596,34002.08953751488,-1429234.373800001,-0.6950770520720794,0.0600000000000591,7.832857142857141,53.69323363122379,-7.411985371268088,BNBUSDT,0,0,0,0,0,0.0,0.0,0.0,0.0,[],True
2026-07-10,0.5584311846022086,0.0117293657804785,-0.0244799701629173,0.052898338578643,28.909999999999968,0.7588018650057173,115321.76979999998,33867.64411569356,-1341727.9998000013,-0.7036972577063757,6.709999999999923,7.810714285714279,53.56195701874713,-6.6064382440652025,BNBUSDT,0,0,0,0,0,0.0,0.0,0.0,0.0,[],True
2026-07-11,0.035203858925231,-0.0013564275869386,-0.0193853347212504,0.0439829954218442,24.209999999999923,0.5692707024208572,115439.52415,33681.05439191279,-1407444.3388000012,-0.7189642298882519,0.7799999999999727,7.120714285714281,58.75213160798473,-5.962246754159196,BNBUSDT,0,0,0,0,0,0.0,0.0,0.0,0.0,[],True
2026-07-12,0.0332333775276838,-0.0012885702138192,-0.005044901355709,0.0267460998998139,14.949999999999932,0.7152155215673334,114253.74525,34460.38783925782,-1489160.390800001,-0.7489950452158796,0.7400000000000091,6.735714285714282,62.11028632025448,-5.448623828971677,BNBUSDT,0,0,0,0,0,0.0,0.0,0.0,0.0,[],True
2026-07-13,-0.3531111129921551,-0.0112494615460192,-0.0020574684345654,-0.0110140987434863,-6.319999999999936,0.6811095524116237,112647.25729999998,35459.74883659261,-1565885.513800001,-0.8042010634211081,6.419999999999959,6.590714285714284,54.31884686246886,-5.496256878138411,BNBUSDT,0,0,0,0,0,0.0,0.0,0.0,0.0,[],True
2026-07-14,1.1157357603099198,0.0250239270286345,0.0231220987480658,0.0112970784017241,6.5,1.112596262848467,110763.61669999998,33719.05994395352,-1442650.327800001,-0.8011718198140423,14.379999999999995,6.689285714285712,68.87346502936467,-4.323818305512646,BNBUSDT,0,0,0,0,0,0.0,0.0,0.0,0.0,[],True
2026-07-15,-0.0067502793660226,-0.0022711250105485,0.0088976938984759,-0.0158000915455949,-9.32000000000005,1.0396044265890616,108595.01375,31988.792021904606,-1555546.184800001,-0.8212142261909502,1.32000000000005,6.5035714285714255,66.53487095002741,-3.461265938862539,BNBUSDT,0,0,0,0,0,0.0,0.0,0.0,0.0,[],True
2026-07-16,-0.4852364496740908,-0.0140505347031936,-0.0038284172974852,-0.0231395368679714,-13.559999999999944,0.8334683532532641,103602.30555,26572.287102603605,-1641895.427800001,-0.8087697949288056,8.099999999999909,6.47357142857142,57.44234800838576,-3.3921862676825185,BNBUSDT,0,0,0,0,0,0.0,0.0,0.0,0.0,[],True
2026-07-17,-0.230915102092947,-0.0076455384964316,-0.0101409628687423,-0.0151347040671266,-8.730000000000018,1.3375074453684557,106664.9696,27397.21416759066,-1784560.6188000012,-0.8668170252532074,4.360000000000014,5.724285714285713,46.431245320688845,-3.647212892624793,BNBUSDT,0,0,0,0,0,0.0,0.0,0.0,0.0,[],True
2026-07-18,0.0206568989167743,-0.0012505836218205,-0.0001938360147315,-0.0022509056378151,-1.2799999999999727,0.2101332603053154,103913.3594,32781.78040219973,-1806396.2718000007,-0.897121216469189,0.7100000000000364,5.663571428571426,44.96153361079581,-3.862094574358821,BNBUSDT,0,0,0,0,0,0.0,0.0,0.0,0.0,[],True
2025-08-18,-0.6151227838382738,-0.0100839754772945,-0.0574129021495471,-0.0038370773313914,-447.6900000000023,1.2118298433133363,14643.9202153,6574.45555011571,-55048.122789,1.6888523738876238,1177.959999999992,1467.3428571428533,52.85262963179316,574.6170072740788,BTCUSDT,0,0,0,0,0,0.0,0.0,0.0,0.0,[],True
2025-08-19,-1.7869922732686694,-0.0292828443291047,-0.0458357992711278,-0.0308195144778672,-3589.3099999999977,1.2232969281348949,14767.857111800002,6616.39420203503,-73113.597029,2.0643534884219066,3354.1100000000006,1640.8307142857104,47.2644300818009,150.38547974720132,BTCUSDT,0,0,0,0,0,0.0,0.0,0.0,0.0,[],True
2025-08-20,0.8638659813011011,0.0123121592980693,-0.0261697319929214,-0.042104125764571,-5022.7699999999895,1.0637565149006856,14699.173843799996,6599.000933562585,-57477.255089,1.789973524545249,1398.300000000003,1679.1007142857104,48.4663771976581,-72.15814415275236,BTCUSDT,0,0,0,0,0,0.0,0.0,0.0,0.0,[],True
2025-08-21,-0.8643354927674344,-0.0156216989473507,-0.0415797627990845,-0.0521207219048581,-6186.0,0.7733355511177457,14016.8033583,6228.833303562882,-68316.947439,1.51103616596598,1771.2400000000052,1628.4935714285689,39.09594800804072,-386.988867787717,BTCUSDT,0,0,0,0,0,0.0,0.0,0.0,0.0,[],True
2025-08-22,2.528037253087003,0.0386734694256492,-0.0039948891448499,-0.026621005463229,-3198.0899999999965,1.5843500495770446,14597.8411628,6517.728614274718,-45188.85706899999,2.2072285967415257,4435.990000000005,1888.4021428571407,50.49408740496028,-275.3728379542881,BTCUSDT,1,0,0,0,1,0.33853589932373573,0.5,0.16926794966186787,6.405767021746874,"[{""name"": ""volume_spike"", ""value"": 1.5843500495770446, ""threshold"": 1.5, ""triggered"": true, ""z_score"": null}, {""name"": ""high_volatility"", ""value"": 2.2072285967415257, ""threshold"": 0.8, ""triggered"": true, ""z_score"": null}, {""name"": ""large_return"", ""value"": 2.528037253087003, ""threshold"": 0.05, ""triggered"": true, ""z_score"": null}]",False
2025-08-23,-0.6988238008950182,-0.01289266863907,-0.0067884369430352,-0.0638115952266235,-7868.37999999999,0.7657860883851537,14794.4212383,6346.17107554931,-56518.21903899999,1.984463950713028,1497.9400000000023,1980.219999999998,48.152802646747766,-304.2800187064131,BTCUSDT,0,0,0,0,0,0.0,0.0,0.0,0.0,[],True
2025-08-24,-0.9056716448593958,-0.0169876628753381,0.0054986607064544,-0.0405891740730743,-4801.5,1.3777625158492273,15369.8365113,6378.511091782456,-77694.20365899999,1.9177861466515973,1944.4600000000064,1916.8414285714275,39.192749381609175,-478.5741344671114,BTCUSDT,0,0,0,0,0,0.0,0.0,0.0,0.0,[],True
2025-08-25,-1.605715806706117,-0.0302485115739085,-0.0363981348237755,-0.0616153373833165,-7230.070000000007,1.5712891022358295,16026.8366618,6687.043971710219,-102876.997449,2.0933939044403216,3381.6100000000006,2114.9557142857134,35.52144624439957,-879.4335797557869,BTCUSDT,0,0,0,0,0,0.0,0.0,0.0,0.0,[],True
2025-08-26,0.9506181100148776,0.0148846782912907,-0.0065491555555555,-0.0478566060201058,-5617.440000000002,1.1209519065722218,16461.4009413,6539.203308729145,-84424.55867899998,1.981400600577656,1651.2400000000052,2129.4671428571423,35.960840639542965,-1051.7523636172118,BTCUSDT,0,0,0,0,0,0.0,0.0,0.0,0.0,[],True
2025-08-27,-0.1515534641457774,-0.0044946559972962,-0.0485221017070964,-0.0523231504345512,-6143.0,0.8137642248847603,16457.6032473,6541.054696265468,-97817.16742899998,1.6204790899189223,501.2100000000064,1938.6714285714293,27.811719365987017,-1214.7567399916445,BTCUSDT,0,0,0,0,0,0.0,0.0,0.0,0.0,[],True
2025-08-28,0.7581318874383093,0.0116598412911834,-0.0248717818778124,-0.0314913782979091,-3660.1500000000087,0.6725564226760905,16510.5514803,6490.507611750836,-86712.88998899997,1.5886750970501522,1304.8899999999994,1673.9250000000009,37.778531637575504,-1224.529550655454,BTCUSDT,0,0,0,0,0,0.0,0.0,0.0,0.0,[],True
2025-08-29,-2.020057011230237,-0.0379281313827635,-0.0450791097541279,-0.0398283237771605,-4495.540000000008,1.3155729470673363,17163.8604308,6406.258950102459,-109293.20043899998,1.920301297159208,4189.5,1905.100714285716,33.19427056912252,-1552.436686638146,BTCUSDT,0,0,0,0,0,0.0,0.0,0.0,0.0,[],True
2025-08-30,0.3530236389159328,0.0040418348867215,-0.0117666579058881,-0.0477365083287798,-5454.910000000004,0.6305306710492816,16983.1414738,6540.2036883529045,-98584.80884899998,1.5470831623757988,438.9300000000076,1933.6950000000013,34.182152378145034,-1756.6380417626206,BTCUSDT,0,0,0,0,0,0.0,0.0,0.0,0.0,[],True
2025-08-31,-0.1601934709588379,-0.0052517670016201,-0.0314671499264247,-0.0378102222222221,-4253.649999999994,0.5882089166976285,16132.9005573,6340.946565774239,-108074.32480899998,1.470237896748646,569.9799999999959,1972.6685714285736,33.418654063965604,-1942.0746813414733,BTCUSDT,0,0,0,0,0,0.0,0.0,0.0,0.0,[],True
2025-09-01,0.6402464652535278,0.0091140305348327,-0.01819659738306,-0.0658357619412125,-7698.570000000007,0.997144456939334,16099.575220299996,6339.449281437468,-92020.72261899998,1.3738892913423353,991.0699999999924,1959.319285714288,37.25936886972772,-1986.168177520464,BTCUSDT,0,0,0,0,0,0.0,0.0,0.0,0.0,[],True
2025-09-02,1.1409139547596523,0.0181664406573254,-0.0117875681039453,-0.0363661721590066,-4198.040000000008,1.166767762159812,15864.5860473,6146.16573622222,-73510.43505899998,1.1757815514453638,2002.5899999999965,1862.782142857145,46.86925662267844,-1838.3291995692853,BTCUSDT,0,0,0,0,0,0.0,0.0,0.0,0.0,[],True
2025-09-03,0.316643388006512,0.0041777045760736,0.0307103695050814,-0.0157531363665559,-1787.87999999999,0.7820874915052335,15054.22471,5498.932734502715,-61736.71421899998,0.6929321684814495,465.7000000000117,1796.1678571428597,44.89880241068784,-1664.401462432972,BTCUSDT,0,0,0,0,0,0.0,0.0,0.0,0.0,[],True
2025-09-04,-0.4168653348905687,-0.0087651612090672,0.0175942342477457,0.0056205510063482,618.8899999999994,0.8144537560085919,14983.214541,5527.478677592892,-73939.84957899997,0.6820143502379403,974.8400000000112,1739.2821428571458,46.367282068341,-1586.9307685235108,BTCUSDT,0,0,0,0,0,0.0,0.0,0.0,0.0,[],True
2025-09-05,0.0511356337371855,-0.0006403155254173,0.0222976571496407,-0.0098711364973199,-1103.229999999996,1.3712472041072143,15742.9009265,5325.21421038437,-95527.25845899998,0.6671833443003212,70.8799999999901,1427.488571428573,34.29809795825237,-1513.8039198078477,BTCUSDT,0,0,0,0,0,0.0,0.0,0.0,0.0,[],True
2025-09-06,-0.1592499773483997,-0.00427462149747,0.0087016884873334,-0.0096532500176834,-1074.0399999999936,0.3185312865903937,15697.983778999998,5415.639787004144,-100527.55742899998,0.6521137389572723,472.0200000000041,1354.2085714285734,36.15406362809697,-1476.9134950898006,BTCUSDT,0,0,0,0,0,0.0,0.0,0.0,0.0,[],True
2025-09-07,0.5974844939783558,0.0085790081825398,-0.0009229592841639,-0.01269964794269,-1429.5599999999977,0.3763758109481318,15094.751773999998,5831.475380075431,-94846.25798899998,0.665993690588595,949.3699999999952,1283.1307142857154,43.44168253651922,-1355.4465982868714,BTCUSDT,0,0,0,0,0,0.0,0.0,0.0,0.0,[],True
2025-09-08,0.5719538888534987,0.0083143786859431,0.0032184567825583,0.0340276662846681,3687.8300000000017,0.7841525426834074,14770.598167499998,5837.834376944915,-83263.85587899998,0.3947539070087814,927.8899999999994,1107.8650000000011,56.29669937866333,-1170.8138261673594,BTCUSDT,0,0,0,0,0,0.0,0.0,0.0,0.0,[],True
2025-09-09,-0.2101276031850062,-0.0046405542886385,0.0073648838846835,0.025088697624704,2730.0599999999977,1.042116006023172,14757.7451945,5836.110701912248,-98643.13835899998,0.3277560481377766,518.8399999999965,1026.979285714286,49.24595085030926,-1054.204858539044,BTCUSDT,0,0,0,0,0,0.0,0.0,0.0,0.0,[],True
2025-09-10,1.375286455993704,0.021406951444263,0.0298211666203838,0.0527837659191279,5713.649999999994,1.1607372101120066,15091.6314885,5791.0031418920535,-81125.72012899998,0.4197094538333981,2413.6100000000006,1163.5792857142858,58.28106746977156,-758.2921362258203,BTCUSDT,0,0,0,0,0,0.0,0.0,0.0,0.0,[],True
2025-09-11,0.8370861058461991,0.0132731389706203,0.0480517065519947,0.0571715260210283,6245.270000000004,0.9355408547477438,14619.0635295,5477.847696725305,-67448.98893899997,-0.1747850878697162,1522.6900000000023,1179.1364285714287,58.83149350826364,-396.3420302969316,BTCUSDT,0,0,0,0,0,0.0,0.0,0.0,0.0,[],True
2025-09-12,0.3047405599250543,0.0047231310394015,0.0440183290332485,0.0430547426236298,4789.410000000004,1.0340990075137486,14818.800790499998,5424.14942701839,-52124.88174899997,-0.2381537861282587,546.7299999999959,918.9385714285714,79.73935767508166,-64.63238000737329,BTCUSDT,0,0,0,0,0,0.0,0.0,0.0,0.0,[],True
2025-09-13,-0.0432202285624826,-0.0009582332889029,0.0343822968105271,0.0377114115294552,4212.579999999987,0.5834423691011079,14173.4717565,5395.701821316815,-60394.28568899997,-0.3850560316432019,111.13000000000466,895.5242857142855,78.32323283886372,187.1255782537628,BTCUSDT,0,0,0,0,0,0.0,0.0,0.0,0.0,[],True
2025-09-14,-0.3273390132734602,-0.0056256077023168,0.0333638766794692,0.0409744816418402,4537.139999999999,0.5062451082873677,13249.7121655,4976.9244843686,-67101.88765899997,-0.8834249299679688,650.2799999999988,901.26,77.82477547306782,330.36516859220865,BTCUSDT,0,0,0,0,0,0.0,0.0,0.0,0.0,[],True
2025-09-15,0.0666355821559154,0.0007085318805328,0.0121947174447174,0.0423795447659085,4689.720000000001,1.017308331344457,12987.7158015,4824.204035863253,-53889.37616899997,-0.9642413721926276,81.70000000001164,836.3050000000013,76.10244724455448,445.3424525486189,BTCUSDT,0,0,0,0,0,0.0,0.0,0.0,0.0,[],True
2025-09-16,0.800470822341631,0.0124000748497902,0.0113113922095164,0.0599066304606574,6600.990000000005,0.8493892610562114,12864.430834,4844.774439774942,-42962.46676899996,-0.9072566441287828,1439.25,796.0664285714302,74.89450359939453,645.1612083258806,BTCUSDT,0,0,0,0,0,0.0,0.0,0.0,0.0,[],True
2025-09-17,-0.1773892167026541,-0.0029272448401405,0.0036039997442027,0.0477809708240273,5310.25,1.2743846950373543,13146.929232,4901.134984361116,-59716.71216899996,-0.9299281380166444,341.3700000000099,787.1857142857158,71.51371068725832,767.13030520748,BTCUSDT,0,0,0,0,0,0.0,0.0,0.0,0.0,[],True
2025-09-18,0.3493888501790149,0.0053608983982732,0.0099659855230784,0.0446909358058695,5008.300000000003,0.925120342784696,12600.775392,4374.965804062572,-48059.47851899996,-2.0436591409029456,625.9400000000023,762.2642857142865,79.71719594816194,903.8804488588066,BTCUSDT,0,0,0,0,0,0.0,0.0,0.0,0.0,[],True
2025-09-19,-0.7830080993462162,-0.0123861781142075,0.0031610678452764,0.0366304100025112,4085.990000000005,0.7185073226055037,12514.960345,4430.518530986376,-57051.56916899996,-1.7425901899671354,1441.1499999999942,860.1407142857154,70.64608199488951,885.7567101370951,BTCUSDT,0,0,0,0,0,0.0,0.0,0.0,0.0,[],True
2025-09-20,0.0469551029485887,0.000460405144767,0.0029121876422575,0.0151424183924184,1725.6300000000049,0.380873355677211,12274.230923,4724.595123243117,-52376.64164899996,-1.7277318268555788,53.25,830.2285714285723,73.64951132218322,865.7109694276442,BTCUSDT,0,0,0,0,0,0.0,0.0,0.0,0.0,[],True
2025-09-21,-0.2367161915641556,-0.003926421842189,-0.0133289139658406,-0.0021682903299188,-250.4000000000088,0.3856948992430797,11697.126923,4938.725606214674,-56888.16383899996,-1.6572111523531696,453.3400000000111,794.7978571428591,68.40068049647837,803.9760903028073,BTCUSDT,0,0,0,0,0,0.0,0.0,0.0,0.0,[],True
2025-09-22,-1.4404650644077597,-0.0226555490034091,-0.0326035085827022,-0.0291170118750916,-3378.429999999993,1.759566891611028,11810.698223,5126.2060935223535,-77669.87739899996,-1.3828812590595003,2581.2999999999884,912.8985714285726,52.29160178959017,540.5305173098313,BTCUSDT,0,0,0,0,0,0.0,0.0,0.0,0.0,[],True
2025-09-23,-0.3277423547835328,-0.0058062981699451,-0.0433465190637029,-0.0338125243220892,-3919.489999999991,1.0392193154689875,11837.078196,5127.363198350206,-89971.19769899995,-1.3307399166601406,652.1900000000023,922.423571428573,51.75163563686656,275.94084596421453,BTCUSDT,0,0,0,0,0,0.0,0.0,0.0,0.0,[],True
2025-09-24,0.8138745277705359,0.0116127920508121,-0.0201101110259946,-0.0170126126060473,-1961.0099999999948,1.04422610869356,11845.3844115,5128.121916389641,-77601.93802899995,-1.2771618253447037,1308.199999999997,843.4657142857156,47.23504723707967,169.85445563971007,BTCUSDT,0,0,0,0,0,0.0,0.0,0.0,0.0,[],True
2025-09-25,-2.449146562002786,-0.0388036185100834,-0.0578389900284072,-0.0550952403781509,-6355.220000000001,1.7950557024265723,11827.571446,5092.999603318375,-98833.08759899996,-0.4096529392747686,4312.509999999995,1042.7385714285722,27.777610331037664,-259.21521718591976,BTCUSDT,0,0,0,0,0,0.0,0.0,0.0,0.0,[],True
2025-09-26,0.4508502672370286,0.0059364982695478,-0.0485005548358015,-0.0611830090789403,-7145.5,1.1589385792867963,12289.707293,4854.653686516162,-84590.07168899996,-0.3926699542405973,648.9700000000012,1050.0414285714298,28.27990460240349,-540.6572090899135,BTCUSDT,0,0,0,0,0,0.0,0.0,0.0,0.0,[],True
2025-09-27,0.0656739674697915,-6.94091932618392e-05,-0.0267653218138607,-0.0584961869970859,-6811.739999999991,0.4480015189779032,12280.7316425,4867.66338600065,-90091.85811899995,-0.4300330935862372,7.610000000000582,1042.6471428571438,28.480461133954435,-755.6059240108298,BTCUSDT,0,0,0,0,0,0.0,0.0,0.0,0.0,[],True
2025-09-28,1.5264561669817862,0.0227972206435223,0.0014745693703861,-0.041935867142641,-4909.580000000002,0.6244309439654225,12078.728117,4980.686130546403,-82549.52651899995,-0.1962248643680571,2528.099999999992,1176.7771428571432,40.57941544946003,-713.7303482479037,BTCUSDT,0,0,0,0,0,0.0,0.0,0.0,0.0,[],True
2025-09-29,1.230500538660697,0.0189695620345703,0.0088693549383533,-0.0114191198001805,-1320.4199999999985,1.2857906426823646,12086.8199955,4986.458723984179,-67008.40646899995,-0.0697040364758432,2148.0100000000093,1324.3707142857145,47.201501090275215,-501.4369444649929,BTCUSDT,0,0,0,0,0,0.0,0.0,0.0,0.0,[],True
2025-09-30,-0.1372638873868008,-0.0023036354107678,0.0463733533685968,-0.0141478245828804,-1636.7000000000116,1.257540668832257,11963.1569005,4874.094956763825,-82052.56279899995,-0.2978554027138592,263.0300000000134,1240.3550000000012,42.110467222229545,-350.3782726183854,BTCUSDT,0,0,0,0,0,0.0,0.0,0.0,0.0,[],True
2025-10-01,2.4869108563858,0.0390866760019979,0.0816421699935407,0.0291819246150537,3362.700000000012,1.6314768008901288,12281.140099,5189.046176230087,-62016.16763899995,0.3220582313543937,4546.060000000012,1540.6900000000012,54.977825334289015,134.6141144137655,BTCUSDT,1,0,0,0,1,0.32692373506247824,0.5,0.16346186753123912,6.164270592775205,"[{""name"": ""volume_spike"", ""value"": 1.6314768008901288, ""threshold"": 1.5, ""triggered"": true, ""z_score"": null}, {""name"": ""large_return"", ""value"": 2.4869108563858, ""threshold"": 0.05, ""triggered"": true, ""z_score"": null}]",False
2025-10-02,0.9158727371783154,0.0161790488991379,0.0993607474197537,0.0699360032255376,7878.360000000001,1.5738586254224447,12498.476491,5409.548305262992,-42345.33260899995,0.3878073934550876,1934.3600000000008,1634.1485714285725,57.55268798780318,667.3677610695595,BTCUSDT,0,0,0,0,0,0.0,0.0,0.0,0.0,[],True
2025-10-03,0.7825288028352728,0.0140275865129558,0.0897619065662362,0.0913688360946725,10233.199999999995,1.802186985285772,13281.822694,5878.89987693599,-18409.004608999945,0.4204400207032727,1702.6499999999942,1652.827142857144,64.26045762282632,1212.9859427962656,BTCUSDT,0,0,1,0,1,0.3136503475680866,0.5,0.1568251737840433,5.570901294378228,"[{""name"": ""volume_spike"", ""value"": 1.802186985285772, ""threshold"": 1.5, ""triggered"": true, ""z_score"": null}, {""name"": ""large_return"", ""value"": 0.7825288028352728, ""threshold"": 0.05, ""triggered"": true, ""z_score"": null}]",False
2025-10-04,0.0090967764236829,0.0012999597126279,0.0706753694014168,0.0801715692763906,9084.0,0.6145285906275081,13356.8509345,5799.622641835223,-10200.837828999944,0.3673265085263948,159.0,1660.3807142857154,64.42304755406784,1639.3251342596775,BTCUSDT,0,0,1,0,1,0.3456702483860679,0.5,0.17283512419303396,4.9490603474007315,[],False
2025-10-05,0.4544818257525796,0.0088770689789275,0.0827134458867786,0.1329224991098172,14487.819999999992,1.5975134163105331,13798.38023765,6115.588007609085,11842.259724000054,0.3550283391471723,1091.3099999999977,1705.9500000000005,67.27152445432583,2041.7258667821727,BTCUSDT,0,0,1,0,1,0.3116009310543976,0.5,0.1558004655271988,6.845501180516524,"[{""name"": ""volume_spike"", ""value"": 1.5975134163105331, ""threshold"": 1.5, ""triggered"": true, ""z_score"": null}, {""name"": ""large_return"", ""value"": 0.4544818257525796, ""threshold"": 0.05, ""triggered"": true, ""z_score"": null}]",False
2025-10-06,0.4892028352909374,0.0094804125139022,0.0511282137634987,0.1369446020765852,15015.079999999987,1.3702782845336257,14226.7662073,6203.307814343562,31336.88851700005,0.3123781545463959,1176.229999999996,1605.587857142858,76.7092871636245,2427.559878111409,BTCUSDT,0,0,1,0,1,0.29739586325084183,0.5,0.14869793162542091,7.220587944329968,"[{""name"": ""large_return"", ""value"": 0.4892028352909374, ""threshold"": 0.05, ""triggered"": true, ""z_score"": null}]",False
2025-10-07,-1.6764291965633376,-0.0270398998328903,0.0066672557348064,0.1066904666676091,11697.099999999991,1.4950150077497382,14470.7536298,6400.772165527768,9702.894667000057,0.6535330456500554,3325.5899999999965,1796.5450000000003,68.55575563094716,2436.897751624492,BTCUSDT,0,0,1,0,1,0.3419971007564175,1.0,0.3419971007564175,7.663810147995839,"[{""name"": ""large_return"", ""value"": -1.6764291965633376, ""threshold"": 0.05, ""triggered"": true, ""z_score"": null}]",False
2025-10-08,0.9130214688038754,0.0161306511638574,0.0087865698016886,0.0993371756255017,11142.050000000005,1.1542960021340674,14738.5228473,6388.884157198151,26715.512667000054,0.704501369405961,1973.050000000003,1844.0342857142864,69.36553705230146,2573.837136837013,BTCUSDT,0,0,0,1,1,0.2785837930997657,0.5,0.13929189654988286,6.577671018561788,"[{""name"": ""large_return"", ""value"": 0.9130214688038754, ""threshold"": 0.05, ""triggered"": true, ""z_score"": null}]",False
2025-10-09,-0.845854207170747,-0.0134190749805211,-0.0059530521035043,0.0643015831414315,7350.439999999988,1.4029751781481947,15366.8863183,6411.93171933353,5156.152597000055,0.6919829349310033,1643.6000000000058,1653.3978571428586,77.36336902750477,2520.680961298829,BTCUSDT,0,0,1,0,1,0.33282559904673437,0.5,0.16641279952336718,5.837934708365904,"[{""name"": ""large_return"", ""value"": -0.845854207170747, ""threshold"": 0.05, ""triggered"": true, ""z_score"": null}]",False
2025-10-10,-4.356428181418083,-0.075859746128425,-0.0867153359861829,-0.0111744143500512,-1274.429999999993,3.498683881443509,18341.7369058,12294.125660590116,-59015.78667299995,2.5892174400559647,8887.899999999994,2241.8928571428582,54.98787695346724,1741.3024082555494,BTCUSDT,0,0,1,0,1,0.33262367034581114,0.5,0.16631183517290557,13.749529467206145,"[{""name"": ""volume_spike"", ""value"": 3.498683881443509, ""threshold"": 1.5, ""triggered"": true, ""z_score"": null}, {""name"": ""high_volatility"", ""value"": 2.5892174400559647, ""threshold"": 0.8, ""triggered"": true, ""z_score"": null}, {""name"": ""large_return"", ""value"": -4.356428181418083, ""threshold"": 0.05, ""triggered"": true, ""z_score"": null}]",False
2025-10-11,-0.9415579796405034,-0.0190687944931956,-0.1124202160557953,-0.067039847130136,-7950.590000000011,1.782354734059055,19888.5866223,12408.140744951916,-94464.30319299994,2.509142602614428,2130.100000000006,2393.499285714287,51.50489465662795,940.911776574838,BTCUSDT,0,0,0,0,0,0.0,0.0,0.0,0.0,[],True
2025-10-12,2.0687232152073407,0.0382523481182313,-0.0525343692706721,-0.04621737361066,-5570.550000000003,1.576330920212875,20462.2660803,12713.0952111092,-62209.00047299994,2.6356904494738123,4314.400000000009,2521.092142857145,53.95923932060057,647.2711189722904,BTCUSDT,1,0,0,0,1,0.3014871066337748,0.5,0.1507435533168874,7.270129962117988,"[{""name"": ""volume_spike"", ""value"": 1.576330920212875, ""threshold"": 1.5, ""triggered"": true, ""z_score"": null}, {""name"": ""high_volatility"", ""value"": 2.6356904494738123, ""threshold"": 0.8, ""triggered"": true, ""z_score"": null}, {""name"": ""large_return"", ""value"": 2.0687232152073407, ""threshold"": 0.05, ""triggered"": true, ""z_score"": null}]",False
2025-10-13,0.140243152401768,0.0018007625079209,-0.066014630269411,-0.0578081026245173,-7066.0,1.075431397629705,20975.0620818,12572.655569638857,-39651.76014299994,2.44043713493269,207.1999999999971,2382.462857142859,51.28024781078882,426.3632405774406,BTCUSDT,0,0,0,0,0,0.0,0.0,0.0,0.0,[],True
2025-10-14,-0.958381761889866,-0.0187377515517996,-0.0709690093241626,-0.0764995792174261,-9362.86,1.4519435952922075,21950.1155853,12626.19276050213,-71522.08988299995,2.3525810240807075,2137.8600000000006,2516.3792857142867,48.55122056037999,77.8868886660639,BTCUSDT,0,0,0,0,0,0.0,0.0,0.0,0.0,[],True
2025-10-15,-1.0200147977433291,-0.0202415028158518,-0.0178339961604795,-0.1030028511776302,-12719.03,1.0430443168562384,22037.8825123,12627.032872479893,-94508.57799299996,1.962730921153155,2264.8600000000006,2353.4364285714287,38.11508459817573,-376.69608663389226,BTCUSDT,0,0,0,0,0,0.0,0.0,0.0,0.0,[],True
2025-10-16,-1.1566334052440073,-0.0234668114929177,-0.0221440940526587,-0.1320748662706943,-16464.259999999995,1.3084582382811785,22818.5903428,12602.3984363793,-124365.75051299996,1.9892168625969957,2569.0,2398.7678571428573,31.634812515353858,-933.4924794001416,BTCUSDT,0,0,0,0,0,0.0,0.0,0.0,0.0,[],True
2025-10-17,-0.771781654039298,-0.0164252229988888,-0.0741754437241865,-0.1228130528434362,-14901.270000000004,1.5516117327288383,24439.5344403,12340.00842057796,-162286.41889299994,1.9447187191616464,1762.6000000000058,2403.0500000000006,26.51746144037192,-1499.6971463321242,BTCUSDT,0,0,0,0,0,0.0,0.0,0.0,0.0,[],True
2025-10-18,0.4249032985982842,0.0070531298183406,-0.0692998801729677,-0.1307397044750459,-16120.990000000003,0.4518208972871167,24618.5772433,12105.694288269133,-151163.23123299994,1.7389275170847316,753.3300000000017,2445.502142857144,27.79306499424746,-1866.1195247394355,BTCUSDT,0,0,0,0,0,0.0,0.0,0.0,0.0,[],True
2025-10-19,0.7378709123252638,0.0135088458148793,-0.0387988336355884,-0.1070143281737002,-13019.619999999995,0.6288976451860313,24615.554452300003,12108.087536885469,-135682.56700299995,1.6252756854217685,1457.770000000004,2471.6778571428586,28.55775530156064,-2015.6469206455515,BTCUSDT,0,0,0,0,0,0.0,0.0,0.0,0.0,[],True
2025-10-20,0.932000655958818,0.0172406334529956,-0.0020872440758344,-0.0198840163334796,-2242.4100000000035,0.7732114220170676,24823.0187158,11970.218987513748,-116489.12540299995,1.638707166600892,1889.3099999999977,2522.6121428571446,30.00025200635285,-1959.1134909919929,BTCUSDT,0,0,0,0,0,0.0,0.0,0.0,0.0,[],True
2025-10-21,-1.0365065442906294,-0.0204222465741934,0.0009555958041405,-0.0212096590518814,-2346.729999999996,1.4495423710339943,25682.5997873,12222.99671326231,-153717.14199299994,1.2629097801302922,2234.4199999999983,2444.67142857143,30.9567163568578,-2070.739168716522,BTCUSDT,0,0,0,0,0,0.0,0.0,0.0,0.0,[],True
2025-10-22,-0.2991341837807469,-0.0067656397595052,0.0106712587830992,-0.0642957302964192,-7391.360000000001,1.0949569648505388,26129.5972613,12154.852052259224,-182327.926503,1.136056307482255,730.2299999999959,2355.8985714285727,26.141102363732628,-2192.8489826748555,BTCUSDT,0,0,0,0,0,0.0,0.0,0.0,0.0,[],True
2025-10-23,1.2938630209485458,0.0230728409142147,0.0269923005091849,-0.044178142854662,-5087.820000000007,0.6808258662850868,25811.4355083,12297.725373675104,-164754.8335629999,1.2022726978100502,2510.7399999999907,2417.837142857143,32.88875063072899,-2063.2423812727066,BTCUSDT,0,0,0,0,0,0.0,0.0,0.0,0.0,[],True
2025-10-24,0.4615864599216964,0.0083834137779145,0.0217419878246856,-0.0179004095794197,-2023.25,0.5737832298078833,26151.285625800003,11872.208367778516,-149749.66443299994,1.201577831399352,926.7100000000064,1849.180714285716,46.582250904164894,-1864.2604299602096,BTCUSDT,0,0,0,0,0,0.0,0.0,0.0,0.0,[],True
2025-10-25,0.294382479611034,0.0057613153607323,0.010080149574662,0.0079718657663443,882.9900000000052,0.2525852409201908,25369.52918015,12646.480252134708,-143341.69579299993,1.1616017025393444,641.3800000000047,1742.8435714285722,52.05302828177763,-1635.9535401289322,BTCUSDT,0,0,0,0,0,0.0,0.0,0.0,0.0,[],True
2025-10-26,1.4021447168972625,0.0257578960116831,0.0578196188339046,0.0588304668231998,6365.119999999995,0.5367294613269401,25067.521609,12864.40545439035,-129887.21842299993,1.2850087679796287,2913.12999999999,1642.7528571428568,49.13168401124591,-1206.0508368123556,BTCUSDT,0,0,0,0,0,0.0,0.0,0.0,0.0,[],True
2025-10-27,-0.2451507920675576,-0.0039511646974532,0.0608010193419124,0.0721211015366853,7675.970000000001,0.8560119282604152,25058.333537,12867.052183710088,-151337.45083299992,1.147020324290597,451.75,1660.220714285714,47.72330185014125,-891.5253474696074,BTCUSDT,0,0,0,0,0,0.0,0.0,0.0,0.0,[],True
2025-10-28,-0.5868634528405781,-0.0106535589733105,0.0256206089163175,0.0533044686006001,5713.440000000002,0.6213376962957662,24983.8737655,12920.260934229393,-166860.87340299992,1.0563012702290668,1209.199999999997,1593.8878571428563,49.70940328746914,-731.4028091244836,BTCUSDT,0,0,0,0,0,0.0,0.0,0.0,0.0,[],True
2025-10-29,-1.451390380816799,-0.025814849578232,-0.0088608709039755,0.0126884639733997,1378.5099999999948,0.8445434869869997,24959.89145,12927.39518238945,-187940.5871629999,1.1136638783394786,2877.1600000000035,1637.623571428571,48.38182331278816,-827.1326402315899,BTCUSDT,0,0,0,0,0,0.0,0.0,0.0,0.0,[],True
2025-10-30,-0.8558004680301,-0.0155574958212031,-0.0297671386603421,-0.019987046295786,-2209.209999999992,1.1274619815412903,23050.7359055,9078.053051577055,-213929.4155429999,0.0655011689154713,1698.409999999989,1575.4385714285704,50.291528798783474,-1028.1943296718528,BTCUSDT,0,0,0,0,0,0.0,0.0,0.0,0.0,[],True
2025-10-31,0.6297072228838907,0.0117940590867665,-0.0432211586303699,0.012099429285967,1310.3399999999965,0.9626014283738,22354.220299,8598.503253524234,-192411.2111529999,0.0337341837772644,1285.12999999999,1541.3335714285693,57.35988362582125,-1071.4864871572645,BTCUSDT,0,0,0,0,0,0.0,0.0,0.0,0.0,[],True
2025-11-01,0.2284324061496651,0.0044613307556547,-0.03513831018341,0.0235262640813986,2530.6600000000035,0.349520197064506,21110.3803785,8885.377660236703,-185032.7068429999,-0.3901679269249394,490.0900000000111,1522.5307142857127,56.83328931201485,-1054.0986733676982,BTCUSDT,0,0,0,0,0,0.0,0.0,0.0,0.0,[],True
2025-11-02,0.2182508274007624,0.0040118114648444,-0.0208839891070249,0.0042015592917687,462.5,0.5880648074652374,20587.8684055,9100.479602028769,-172925.70597299992,-0.3719332601467058,442.5799999999872,1450.01714285714,54.67457527595733,-993.1576947762514,BTCUSDT,0,0,0,0,0,0.0,0.0,0.0,0.0,[],True
2025-11-03,-1.9421840442348848,-0.0364591983685811,-0.0312507697373845,-0.0398347316050672,-4421.850000000006,1.4039852320169466,20428.411308,8918.505906048049,-201606.8937629999,-0.1257581039793961,3957.64,1597.7549999999974,41.17277054366907,-1249.803051209994,BTCUSDT,0,0,0,0,0,0.0,0.0,0.0,0.0,[],True
2025-11-04,-2.4910513545650805,-0.0488929906927473,-0.0630121724976293,-0.0909036190819452,-10149.050000000005,2.3174936423662853,21805.8305905,11176.019560650391,-252141.7675229999,0.3007038373630205,5085.819999999992,1801.4264285714255,36.51772781648827,-1842.3421418494247,BTCUSDT,0,0,1,0,1,0.33618597288416985,0.5,0.16809298644208492,9.01716111767041,"[{""name"": ""volume_spike"", ""value"": 2.3174936423662853, ""threshold"": 1.5, ""triggered"": true, ""z_score"": null}, {""name"": ""large_return"", ""value"": -2.4910513545650805, ""threshold"": 0.05, ""triggered"": true, ""z_score"": null}]",False
2025-11-05,1.2428500097479158,0.023254649315978,-0.0522119688150527,-0.0931764656588634,-10674.23999999999,1.535265554606433,22001.910750000003,11357.638770936705,-218362.99181299988,0.365204416764655,2387.9400000000023,1919.8342857142832,43.14992960701965,-2095.0958779133653,BTCUSDT,0,0,0,0,0,0.0,0.0,0.0,0.0,[],True
2025-11-06,-1.172673079662891,-0.0247452586464772,-0.0794932882583805,-0.1118383386214684,-12761.61,1.206481929603234,21396.6084005,10772.101661299575,-244177.61320299987,0.4276140673679675,2539.12000000001,1921.8614285714275,33.77291212462917,-2471.7974559929426,BTCUSDT,0,0,0,0,0,0.0,0.0,0.0,0.0,[],True
2025-11-07,1.0307598320759097,0.0194748205542768,-0.0651488664625546,-0.0846722873520406,-9559.369999999995,1.428458898348034,22443.4244885,10738.428572248791,-212118.10378299988,0.5068081212023998,1993.040000000008,1998.027857142856,36.29754196906306,-2579.7764421693137,BTCUSDT,0,0,0,0,0,0.0,0.0,0.0,0.0,[],True
2025-11-08,-0.4284982496550098,-0.0099794644960753,-0.0400635973603303,-0.0700623488417558,-7708.349999999991,0.5559163091355465,22288.9302695,10865.351449643233,-224508.88363299987,0.4524135657804293,1026.1399999999994,2025.5107142857128,33.543250996662195,-2716.833523165973,BTCUSDT,0,0,0,0,0,0.0,0.0,0.0,0.0,[],True
2025-11-09,1.2067481931687465,0.0232822313820756,0.0317815601254891,-0.0332332375210112,-3599.9199999999983,0.737777406021111,22146.2067375,10926.72712088404,-208169.91267299987,0.5040384279989423,2410.020000000004,1989.5742857142848,32.34288455103821,-2601.00105359737,BTCUSDT,0,0,0,0,0,0.0,0.0,0.0,0.0,[],True
2025-11-10,0.6560033636214173,0.0122257015459849,0.0204646168904201,-0.0328158498635272,-3596.87999999999,1.0589823417591704,21418.918744500003,10338.281824526202,-185487.65594299987,0.4591611215769202,1288.1699999999985,2049.318571428571,35.88987419511575,-2377.848081102348,BTCUSDT,0,0,0,0,0,0.0,0.0,0.0,0.0,[],True
2025-11-11,-1.295141457094586,-0.0282425458643332,0.0169019924212137,-0.0639348907928474,-7039.110000000001,1.1414413304926454,21198.204878,10223.139703875077,-209684.1631229999,0.5889054461378714,2952.1399999999994,2173.814285714285,33.83443847877662,-2411.4134948899737,BTCUSDT,0,0,0,0,0,0.0,0.0,0.0,0.0,[],True
2025-11-12,-0.5698623471264329,-0.0137230129311303,-0.0163027385186708,-0.0803895000464987,-8886.309999999998,0.9585430040788272,21342.432184,10189.59762013726,-230141.8021829999,0.4455792320731966,1404.62000000001,2068.632857142857,35.554779795903855,-2522.2801467761165,BTCUSDT,0,0,0,0,0,0.0,0.0,0.0,0.0,[],True
2025-11-13,-0.8299048963938876,-0.0194928961604392,-0.0256167010741749,-0.0646540012369697,-6891.0199999999895,1.6158533862120943,22402.099113,10590.000970518638,-266340.3098929999,0.4393780100864041,1962.3499999999915,2087.4857142857145,35.23367140237059,-2736.9382911681023,BTCUSDT,0,0,0,0,0,0.0,0.0,0.0,0.0,[],True
2025-11-14,-2.330155696067125,-0.0524915845448105,-0.0967214830444059,-0.068013882547719,-6903.220000000001,1.9343833775850567,24446.1079215,11264.1908420993,-313628.4547029999,0.8063712925860854,5098.020000000004,2359.8350000000014,27.277451904173702,-3280.607227188389,BTCUSDT,0,0,1,0,1,0.32660448894692107,0.5,0.16330224447346053,9.35953008658969,"[{""name"": ""volume_spike"", ""value"": 1.9343833775850567, ""threshold"": 1.5, ""triggered"": true, ""z_score"": null}, {""name"": ""high_volatility"", ""value"": 0.8063712925860854, ""threshold"": 0.8, ""triggered"": true, ""z_score"": null}, {""name"": ""large_return"", ""value"": -2.330155696067125, ""threshold"": 0.05, ""triggered"": true, ""z_score"": null}]",False
2025-11-15,0.622796490418388,0.0105394396407166,-0.0982433636920953,-0.0797892596016601,-8288.919999999998,0.6160437769188786,24528.9287485,11184.931131448286,-298517.5607929999,0.6065337196790225,1002.2400000000052,2396.4171428571435,28.38758694527307,-3589.2220662107,BTCUSDT,0,0,0,0,0,0.0,0.0,0.0,0.0,[],True
2025-11-16,-0.4962109971597867,-0.0140612904673639,-0.0853642171342839,-0.0699050500641168,-7084.599999999991,0.9691093358559928,24650.887383,11162.871129143146,-322406.9658929999,0.5817600413522852,1334.800000000003,2460.147142857145,26.36720916228592,-3896.5912755163736,BTCUSDT,0,0,0,0,0,0.0,0.0,0.0,0.0,[],True
2025-11-17,-0.8396812374853551,-0.0219478729477921,-0.0928561162692759,-0.1076450458045494,-11123.940000000002,1.5180033749074615,25835.6461575,11398.103855356649,-361625.5639529999,0.5889525984537777,2046.300000000003,2323.622857142859,27.91641254789323,-4256.239615849685,BTCUSDT,0,0,0,1,1,0.2983971827962836,0.5,0.1491985913981418,7.95630784493392,"[{""name"": ""volume_spike"", ""value"": 1.5180033749074615, ""threshold"": 1.5, ""triggered"": true, ""z_score"": null}, {""name"": ""large_return"", ""value"": -0.8396812374853551, ""threshold"": 0.05, ""triggered"": true, ""z_score"": null}]",False
2025-11-18,0.5358385370551988,0.0080538963103698,-0.0675198476267208,-0.0914069129476682,-9352.11,1.487861875059353,26773.417854,11752.261805927485,-321790.4162629999,0.5685452831074461,745.6900000000023,2013.6135714285745,34.85950453679759,-4430.025983736472,BTCUSDT,0,0,0,0,0,0.0,0.0,0.0,0.0,[],True
2025-11-19,-0.5316910212622645,-0.0152387739374434,-0.0321271962280904,-0.1257412892072569,-13168.0,1.1919030610753,27088.308315,11814.340939416255,-354077.0538629999,0.5425383521865366,1405.8699999999951,1943.4657142857168,27.34128868457384,-4627.84794166786,BTCUSDT,0,0,1,0,1,0.30634263322332955,0.5,0.15317131661166478,7.752120756751453,"[{""name"": ""large_return"", ""value"": -0.5316910212622645, ""threshold"": 0.05, ""triggered"": true, ""z_score"": null}]",False
2025-11-20,-2.263680826232132,-0.055209816891895,-0.0937171796715018,-0.1827534523969323,-19373.90000000001,1.419090286974127,27999.057632,12061.840856292754,-393810.2445929999,0.8566181179580958,4917.7300000000105,2113.366428571431,25.143229505531664,-5122.395197122183,BTCUSDT,0,0,1,0,1,0.31593325724552845,1.0,0.31593325724552845,11.78065187315533,"[{""name"": ""high_volatility"", ""value"": 0.8566181179580958, ""threshold"": 0.8, ""triggered"": true, ""z_score"": null}, {""name"": ""large_return"", ""value"": -2.263680826232132, ""threshold"": 0.05, ""triggered"": true, ""z_score"": null}]",False
2025-11-21,-0.5609651131870068,-0.0175568265742415,-0.0968795936068874,-0.1739737600766319,-17929.560000000012,2.312718638739568,31242.938756,14667.001538049548,-466066.37138299993,0.7822866968915191,1507.800000000003,2078.7064285714305,18.713973559792866,-5571.766463394117,BTCUSDT,0,0,0,1,1,0.2851510252475256,0.5,0.1425755126237628,10.216318968900424,"[{""name"": ""volume_spike"", ""value"": 2.312718638739568, ""threshold"": 1.5, ""triggered"": true, ""z_score"": null}, {""name"": ""large_return"", ""value"": -0.5609651131870068, ""threshold"": 0.05, ""triggered"": true, ""z_score"": null}]",False
2025-11-22,-0.0079667532553396,-0.0045881272465222,-0.0810647796012671,-0.1663935352705445,-16914.62999999999,0.4527962301755349,31347.285344000004,14530.48424433919,-480260.3040129999,0.7098123365535703,389.6899999999878,2033.245714285716,19.132393527027887,-5891.428435961629,BTCUSDT,0,0,0,1,1,0.2783779239835324,0.5,0.1391889619917662,9.60750075185058,[],False
2025-11-23,1.263510855332423,0.0243675070874857,-0.0659506805178051,-0.1290175482450852,-12862.020000000004,0.6386568494200299,30899.949163500005,14752.89770140931,-460525.8398329999,0.8727741798677257,2090.2599999999948,2010.4057142857148,18.213665471930327,-5907.992677307004,BTCUSDT,0,1,0,0,1,0.2687064035279383,0.5,0.13435320176396914,8.846514681779967,"[{""name"": ""high_volatility"", ""value"": 0.8727741798677257, ""threshold"": 0.8, ""triggered"": true, ""z_score"": null}, {""name"": ""large_return"", ""value"": 1.263510855332423, ""threshold"": 0.05, ""triggered"": true, ""z_score"": null}]",False
2025-11-24,0.9090129253767334,0.016788036787637,-0.035551869609249,-0.0665368839461276,-6293.990000000005,0.8330347394859055,29606.361873,14058.54700613937,-435862.7118829999,0.6103220453198759,1470.0099999999948,2023.394285714286,18.738668263229528,-5736.377052408847,BTCUSDT,0,0,0,0,0,0.0,0.0,0.0,0.0,[],True
2025-11-25,-0.3181154488932749,-0.0105887043733438,0.008457449528338,-0.0860523384601736,-8226.279999999999,0.6771592387989182,28895.775142499995,14195.055456552693,-455429.7529829999,0.3042362534358461,930.0499999999884,1878.9592857142848,20.17910370596489,-5610.740570766022,BTCUSDT,0,0,0,0,0,0.0,0.0,0.0,0.0,[],True
2025-11-26,1.7094071286522368,0.0350217440422705,0.0628993991854522,-0.0400738626526392,-3777.4199999999983,0.7555490574837496,28688.8351925,14272.295790172226,-433753.9305929999,0.7272781253490957,3114.0599999999977,2001.0621428571408,30.06353411598913,-5199.952323658217,BTCUSDT,1,0,0,0,1,0.2637143082159261,0.5,0.13185715410796306,7.1848972666531,"[{""name"": ""large_return"", ""value"": 1.7094071286522368, ""threshold"": 0.05, ""triggered"": true, ""z_score"": null}]",False
2025-11-27,0.524986825896008,0.0093493089928668,0.0778172083133603,-0.0095558061290152,-881.1900000000023,0.6027567132932827,27927.5351875,14487.500725515014,-416920.4212729999,0.5791498493675723,849.929999999993,1921.60357142857,34.46596871288672,-4751.050280212978,BTCUSDT,0,0,0,0,0,0.0,0.0,0.0,0.0,[],True
2025-11-28,-0.073258123527129,-0.0048648838036232,0.0467660946677415,-0.0222688416185613,-2070.1300000000047,0.6665899923540493,28249.539201,14192.568231919837,-435751.2813929999,0.5493003359757082,443.25,1589.1199999999983,41.67710970312409,-4380.562351243498,BTCUSDT,0,0,0,0,0,0.0,0.0,0.0,0.0,[],True
2025-11-29,0.1116827864530177,-0.00097152822547,0.0283400873907035,-0.0082193253101744,-752.5200000000041,0.2672227107579831,27804.0847985,14716.225787408996,-443181.1643029999,0.2319234186376997,88.25999999999476,1523.835714285712,38.7647243563001,-4047.4137761107695,BTCUSDT,0,0,0,0,0,0.0,0.0,0.0,0.0,[],True
2025-11-30,-0.0583099076778106,-0.0048844658930887,0.0342227465824638,0.042969633262744,3722.770000000004,0.3567656202947049,27154.359049499995,15232.07249748375,-452868.9060529999,0.0581469436064438,442.4400000000023,1460.095714285712,40.4569856966324,-3775.569920652255,BTCUSDT,0,0,0,0,0,0.0,0.0,0.0,0.0,[],True
2025-12-01,-1.8245924252682335,-0.0461342155738557,-0.0463950430142251,0.0135861358404489,1156.5800000000015,1.247164143313639,27669.984304,15301.065093738716,-487377.9183229999,0.3936517660975255,4073.990000000005,1604.9307142857122,36.80599474031587,-3844.551060442289,BTCUSDT,0,0,0,0,0,0.0,0.0,0.0,0.0,[],True
2025-12-02,2.7682828502098613,0.0562410040171468,-0.0006139009645371,0.0771555352895818,6538.139999999999,1.005439293752467,28057.613717,15206.64341386943,-459167.6910029999,1.7956759875779185,4991.87000000001,1908.229285714284,46.85020256251028,-3456.571713435129,BTCUSDT,1,0,0,0,1,0.349836495689151,0.5,0.1749182478445755,7.878458773955163,"[{""name"": ""high_volatility"", ""value"": 1.7956759875779185, ""threshold"": 0.8, ""triggered"": true, ""z_score"": null}, {""name"": ""large_return"", ""value"": 2.7682828502098613, ""threshold"": 0.05, ""triggered"": true, ""z_score"": null}]",False
2025-12-03,1.1675933509710967,0.0233034776016145,0.0279374017363711,0.0760100195784867,6599.949999999997,0.9338696121820048,27533.314624,15091.520040869356,-433455.1651529999,1.9070772252926829,2152.0699999999924,1961.529285714284,53.41386330854823,-2941.53306021374,BTCUSDT,0,0,0,0,0,0.0,0.0,0.0,0.0,[],True
2025-12-04,-0.4216567031170063,-0.0145752620889966,0.0140483009046892,0.0427865183707227,3778.050000000003,0.7570572859580871,26159.104413,14435.0567405129,-453259.10574299993,1.1054281293208712,1351.8899999999994,1706.826428571426,61.38459973961703,-2612.334080507935,BTCUSDT,0,0,0,0,0,0.0,0.0,0.0,0.0,[],True
2025-12-05,-1.037773306025888,-0.030298870064162,-0.011398406374502,0.022434255435163,1960.0799999999872,0.7499267211151037,26393.208326500004,14283.621445517005,-473052.0779229999,1.295360154740663,2748.020000000004,1795.413571428569,58.35583444960354,-2543.8597336670937,BTCUSDT,0,0,0,0,0,0.0,0.0,0.0,0.0,[],True
2025-12-06,0.1714417064654852,-0.0010444269910222,0.0341976642563492,-0.0137839808620352,-1247.2300000000105,0.3282497449825701,25619.2130795,14835.197028033786,-481461.5780829999,1.2289904317656897,93.25,1774.239285714284,59.05226988628928,-2468.660633052016,BTCUSDT,0,0,0,0,0,0.0,0.0,0.0,0.0,[],True
2025-12-07,0.7315883448278105,0.0128989870207887,-0.0096690457753839,-0.0102770109033935,-938.6399999999994,0.5356423707667817,24309.338769,14727.403413732887,-468440.4662329999,1.1271973692414532,1158.520000000004,1707.6864285714275,57.45643332813275,-2289.193524216229,BTCUSDT,0,0,0,0,0,0.0,0.0,0.0,0.0,[],True
2025-12-08,0.3094134570666438,0.0026407844119582,-0.0299219896831797,-0.002820530593339,-256.3600000000006,0.6834924000222136,23107.263328,14370.288261598193,-452646.8273629999,1.0736098887680503,239.02999999999884,1619.759285714285,55.14699494589805,-2103.429794795433,BTCUSDT,0,0,0,0,0,0.0,0.0,0.0,0.0,[],True
2025-12-09,1.118847597326292,0.0223065817697799,0.0065242469270097,0.0206642024157059,1876.3600000000008,0.9417191063256642,22554.952955,14210.30339479626,-431406.3972229999,1.153160227394738,2044.4600000000064,1699.3600000000006,61.1572255773602,-1770.8268752230651,BTCUSDT,0,0,0,0,0,0.0,0.0,0.0,0.0,[],True
2025-12-10,-0.1820023171191563,-0.0071841233904618,0.0300607723896686,0.0183197211155377,1655.3699999999951,0.8829110513547848,21518.22746,13635.829259333002,-450405.0780529999,-0.071070783983677,663.4300000000076,1524.3150000000012,53.58791138502022,-1542.983369857553,BTCUSDT,0,0,0,0,0,0.0,0.0,0.0,0.0,[],True
2025-12-11,0.3622078436754428,0.0053976543938289,0.0367179276618983,0.072171259280618,6227.37000000001,1.056524239634689,18904.0504995,6586.098209207548,-430432.4904729999,-0.2527459346353452,498.0100000000093,1499.1778571428597,52.80970665350391,-1307.1623514673993,BTCUSDT,0,0,0,0,0,0.0,0.0,0.0,0.0,[],True
2025-12-12,-0.946804918369184,-0.024565606595954,-0.0014037232683863,-0.0110591963792323,-1009.4600000000064,0.876545981420578,19028.3134525,6515.621162588583,-447111.68216299993,0.0794191091673643,2244.9600000000064,1627.8714285714316,48.63476406525612,-1286.5909854754864,BTCUSDT,0,0,0,0,0,0.0,0.0,0.0,0.0,[],True
2025-12-13,0.1572024895884907,-0.0003147775451217,-0.0043507791859024,-0.0341425848991677,-3189.9400000000023,0.3215307101335009,18336.3756375,7141.443850140351,-453007.39004299993,-0.1061462818984661,28.41000000000349,1623.5964285714322,48.76282151396699,-1258.0781376416417,BTCUSDT,0,0,0,0,0,0.0,0.0,0.0,0.0,[],True
2025-12-14,-0.8768021499053682,-0.0231815182233915,-0.0486263309408409,-0.0424193342040438,-3905.89,0.5358429808062629,17574.066242,7243.546707948196,-462424.330083,0.0615284268995799,2067.8399999999965,1739.6964285714316,45.5085965326463,-1386.3578364881687,BTCUSDT,0,0,0,0,0,0.0,0.0,0.0,0.0,[],True
2025-12-15,-0.7297065121348015,-0.0199324771490597,-0.0606777976331561,-0.0324410467072442,-2897.959999999992,1.1247703690417672,17584.648782,7246.765503525115,-482203.0219829999,0.196180459353146,1740.0899999999965,1572.989285714288,50.3316478860768,-1609.8735226330027,BTCUSDT,0,0,0,0,0,0.0,0.0,0.0,0.0,[],True
2025-12-16,0.9061626568399588,0.0164246601605556,-0.0502625674253822,-0.0153901770783103,-1373.3699999999951,1.059252188625574,17423.660171000003,7186.609943899429,-463746.9718129999,-0.24812128689047,1431.3399999999965,1318.665714285716,40.75239473667104,-1652.4655442834337,BTCUSDT,0,0,0,0,0,0.0,0.0,0.0,0.0,[],True
2025-12-17,-0.6974390651592568,-0.0186121192274582,-0.044591452913433,-0.0459325821217936,-4152.0899999999965,1.1286256129047294,17573.6905695,7204.938840879437,-483581.089103,-0.1597257534673357,1620.199999999997,1280.6750000000018,29.95830881594253,-1796.2505692883717,BTCUSDT,0,0,0,0,0,0.0,0.0,0.0,0.0,[],True
2025-12-18,-0.2270837946755228,-0.0084631567748879,-0.0523448523554018,-0.0564678906471872,-5117.929999999993,1.4191053408817806,17902.418445,7412.315369012566,-508986.50673299993,-0.1284914925360967,726.8099999999977,1236.0264285714304,31.040482837572284,-1946.4117077476549,BTCUSDT,0,0,0,0,0,0.0,0.0,0.0,0.0,[],True
2025-12-19,1.5514878697464465,0.0301834539651766,-0.0003995591806348,-0.0490064610245277,-4541.860000000001,1.143214373885173,18593.7568015,7018.486334268628,-487729.856693,0.3761081812195982,2620.529999999999,1226.9200000000014,46.52701771218059,-1832.832865141696,BTCUSDT,0,0,0,0,0,0.0,0.0,0.0,0.0,[],True
2025-12-20,0.2700125883494753,0.0025378227881089,0.0223160197000926,-0.0397158648604032,-3654.470000000001,0.2789537230376844,18365.526311,7387.837462192894,-482606.724753,0.3913592176564042,223.95999999999185,1236.2564285714293,47.46963615384927,-1705.093853240818,BTCUSDT,0,0,0,0,0,0.0,0.0,0.0,0.0,[],True
2025-12-21,0.2913773992372365,0.0033664070202197,0.0090531417966657,-0.0416644597786828,-3854.520000000004,0.4196617266532703,16996.719326500002,6747.749818715915,-475473.85217299993,-0.5827823240285649,297.9600000000064,1174.787857142858,44.72108338101165,-1561.813272939689,BTCUSDT,0,0,0,0,0,0.0,0.0,0.0,0.0,[],True
2025-12-22,0.1136487695989115,-0.0004294909267388,0.0275681960854428,-0.0182525627456424,-1647.6300000000049,0.8991015644182583,16319.8689455,6222.217344376322,-490147.071873,-2.427678928442867,38.070000000006985,1160.433571428573,43.80296280885162,-1434.7948892514396,BTCUSDT,0,0,0,0,0,0.0,0.0,0.0,0.0,[],True
2025-12-23,-0.4272922140644795,-0.0128876996356668,0.0230317198769218,-0.0305187244549285,-2754.0099999999948,0.8843319816371721,15729.759105,5831.958555579492,-504057.40091299993,-2.6201023026042147,1134.7899999999936,1095.4571428571437,33.07034245324847,-1409.4526810711686,BTCUSDT,0,0,0,0,0,0.0,0.0,0.0,0.0,[],True
2025-12-24,0.2635880924661825,0.0020947114928907,-0.0053041324103152,-0.0057015722761502,-502.7200000000012,0.6015056428624066,15196.6042355,5926.536429790097,-494916.55771299993,-2.508347136237379,183.4499999999971,1061.172857142857,35.37359606150069,-1358.9013478123088,BTCUSDT,0,0,0,0,0,0.0,0.0,0.0,0.0,[],True
2025-12-25,-0.0582988991193402,-0.0050794095442267,-0.0128521778297866,0.0091770324166675,793.1900000000023,0.4873428961325676,14561.784744,6086.12177761633,-502013.1400629999,-2.820893446153919,444.179999999993,1057.327857142856,32.13788938287149,-1339.2427095290186,BTCUSDT,0,0,0,0,0,0.0,0.0,0.0,0.0,[],True
2025-12-26,0.2744825489428995,0.0016528557328896,-0.0145422578183387,-0.005620769143746,-493.8600000000006,1.2182199904439297,15058.540488500004,5961.722471317074,-483668.5250129999,-2.605365675445475,144.2899999999936,907.2799999999978,38.5888904984443,-1297.0683039278229,BTCUSDT,0,0,0,0,0,0.0,0.0,0.0,0.0,[],True
2025-12-27,0.4613625846010601,0.0057912850251953,-0.0083928387458518,0.0189439819153318,1633.7899999999936,0.3054858194013299,14630.962474,6405.670487837823,-479198.9734529999,-2.5151070749458486,507.4499999999971,941.49714285714,41.036312984790165,-1208.7639314034896,BTCUSDT,0,0,0,0,0,0.0,0.0,0.0,0.0,[],True
2025-12-28,0.2206795557876299,0.0008610604018155,0.0053346821205679,0.028489268901723,2436.300000000003,0.3161562029697937,14063.595173,6788.369463318182,-474752.6806029999,-2.356482456703226,75.70000000001164,799.201428571427,49.01928889731003,-1119.7657599795348,BTCUSDT,0,0,0,0,0,0.0,0.0,0.0,0.0,[],True
2025-12-29,-0.2153451926574034,-0.0081692406318066,-0.0049312502815974,-0.0102092266874705,-899.8099999999977,1.4214437474826165,13996.3229535,6719.824889351251,-494647.6663529999,-2.5375135726352203,715.5800000000017,726.0221428571416,53.9601802778546,-1094.3602893769566,BTCUSDT,0,0,0,0,0,0.0,0.0,0.0,0.0,[],True
2025-12-30,0.8223026319397096,0.0142085407306048,0.0144478773181211,0.0014100127997791,124.59000000001106,0.9565181634196392,13701.6844125,6617.353175019471,-481541.7563429999,-2.260251316275512,1248.3600000000006,712.9521428571419,53.11616788544216,-962.4001025586768,BTCUSDT,0,0,0,0,0,0.0,0.0,0.0,0.0,[],True
2025-12-31,-0.2846356908431358,-0.0095072806518879,0.0031894403497052,-0.011399199132495,-1010.6399999999994,0.8703134255538058,13280.986056999998,6463.364987271027,-493100.3768129999,-2.1648001899005327,837.2700000000041,657.028571428571,57.63719777352584,-914.8357384981064,BTCUSDT,0,0,0,0,0,0.0,0.0,0.0,0.0,[],True
2026-01-01,0.7967703654178439,0.013494889906895,0.0109474594094631,0.0024627404021111,218.25,0.4920906551489059,12761.005039,6592.62368380327,-486820.8054829999,-2.2560032019484804,1190.8199999999924,690.172142857142,67.19358834907644,-772.1505445646326,BTCUSDT,0,0,0,0,0,0.0,0.0,0.0,0.0,[],True
2026-01-02,0.759482749895803,0.0129293647305218,0.0232217972590043,0.0286803602862173,2509.1300000000047,1.3045053927828396,13336.0682955,6462.592736404227,-469423.8324729999,-2.0975448137801744,1156.090000000011,585.5692857142858,61.33323249536166,-559.3370103482157,BTCUSDT,0,0,0,0,0,0.0,0.0,0.0,0.0,[],True
2026-01-03,0.4519506432762745,0.0070077686612814,0.0388696877121013,0.0337467612720281,2958.5599999999977,0.533924695356839,13218.0946515,6558.722207780943,-462366.3653129999,-2.289141439920596,632.8799999999901,614.7778571428571,63.17032052227925,-335.742395103458,BTCUSDT,0,0,0,0,0,0.0,0.0,0.0,0.0,[],True
2026-01-04,0.5676600556842505,0.0099005111234531,0.0344038327639932,0.0493487724371617,4304.459999999992,0.8177358303986253,12750.4865415,6397.771629776145,-451939.8356129999,-2.390426386863333,901.7200000000012,657.903571428571,65.58451357938907,-84.80322481080657,BTCUSDT,0,0,0,0,0,0.0,0.0,0.0,0.0,[],True
2026-01-05,1.3494367492361412,0.0251373831135929,0.0708684101057615,0.0742838810221775,6490.150000000009,1.6074186315929058,12861.363825,6519.906698984475,-431266.23977299983,-2.0896795280074576,2329.9800000000105,821.6114285714284,72.77284361046591,298.6353071827034,BTCUSDT,0,0,0,0,0,0.0,0.0,0.0,0.0,[],True
2026-01-06,-0.0057378630047554,-0.0011912093706725,0.055256450317338,0.0668088274737614,5870.960000000006,1.4492809960194608,12796.978875,6453.445138089981,-449812.65806299984,-2.221447655595616,111.74000000000524,748.5364285714293,79.87720799922894,586.7331278934871,BTCUSDT,0,0,0,0,0,0.0,0.0,0.0,0.0,[],True
2026-01-07,-1.1898384906939805,-0.0257567322610848,0.0152122675971466,0.0387873210501414,3411.449999999997,1.1663291807772274,12240.532506,5750.586714666645,-464089.1483129998,-1.7679874140189606,2383.8099999999977,905.7050000000008,64.56919511004452,615.6028947991581,BTCUSDT,0,0,0,0,0,0.0,0.0,0.0,0.0,[],True
2026-01-08,-0.0594455510320506,-0.0028955845252425,0.0052078821988921,0.0442799986657058,3862.8600000000006,1.3461560468864593,11984.3395625,5433.145397657772,-480221.9394829998,-2.0455486742088977,264.16999999999825,892.8471428571439,65.49905358940018,610.132850126407,BTCUSDT,0,0,0,0,0,0.0,0.0,0.0,0.0,[],True
2026-01-09,-0.1449142459241127,-0.0050479560758538,-0.0097066821894918,0.0243632035037608,2155.7899999999936,1.2464548406488871,12507.696935,5238.073583932829,-495812.2188729998,-1.9236111114913557,458.7100000000064,915.3057142857162,62.76591427688483,562.3018709653988,BTCUSDT,0,0,0,0,0,0.0,0.0,0.0,0.0,[],True
2026-01-10,0.0450605909902836,-0.0015079553615388,-0.0357449431710369,0.0325902796428723,2856.479999999996,0.2522388954983073,12306.259167,5525.24309379437,-498916.3360929998,-1.83345280624554,136.58000000000175,888.8150000000023,60.55856071607379,507.52418790802767,BTCUSDT,0,0,0,0,0,0.0,0.0,0.0,0.0,[],True
2026-01-11,0.384536586769255,0.0056077122089449,-0.0291667115565276,0.024478089812767,2174.6100000000006,0.4623438783762081,11846.454978999998,5697.847874988229,-493439.2001529998,-1.7439768987801194,508.9499999999971,919.76142857143,61.88561319472589,499.4234483285254,BTCUSDT,0,0,0,0,0,0.0,0.0,0.0,0.0,[],True
2026-01-12,0.2411729453433249,0.003099670437196,-0.0007438365328374,0.014457115623923,1301.0699999999924,1.3534798407394892,11960.342661,5763.655111288893,-477251.1174729998,-1.765238135356216,282.5500000000029,888.8307142857157,66.30983081303441,509.9248808707489,BTCUSDT,0,0,0,0,0,0.0,0.0,0.0,0.0,[],True
2026-01-13,2.3683366442139477,0.0441161525063742,0.0473546704011711,0.0528091701450799,4785.990000000005,1.819253227479626,12654.376242,6223.643308871627,-454229.6026529998,-1.0231559071018368,4117.800000000003,1093.790714285716,72.62286399787888,840.8268592913228,BTCUSDT,1,0,0,0,1,0.3293134726881085,0.5,0.16465673634405426,6.043523021540859,"[{""name"": ""volume_spike"", ""value"": 1.819253227479626, ""threshold"": 1.5, ""triggered"": true, ""z_score"": null}, {""name"": ""large_return"", ""value"": 2.3683366442139477, ""threshold"": 0.05, ""triggered"": true, ""z_score"": null}]",False
2026-01-14,0.815107585118336,0.0159884232879441,0.0696205967082548,0.0592381295126731,5422.050000000003,1.7000188329027504,13442.1418385,6475.17442631955,-431377.7083729998,-0.9813882658951556,1537.7799999999988,1143.827142857144,79.04896968697814,1213.170382449447,BTCUSDT,0,0,0,0,0,0.0,0.0,0.0,0.0,[],True
2026-01-15,-0.7365574845928629,-0.0139907134975526,0.0563517695766075,0.0185925356044676,1745.0899999999965,1.5961715986818343,13611.2017705,6651.6446075415415,-453103.5220629998,-0.8402867058820489,1346.979999999996,1154.98142857143,70.92105377080894,1383.6158164627996,BTCUSDT,0,0,0,0,0,0.0,0.0,0.0,0.0,[],True
2026-01-16,-0.0506712054478672,-0.0005635195827788,0.0498528517425684,0.0192320964389949,1802.9700000000007,0.800776321286736,13946.109922500002,6327.886216005082,-464271.2366629998,-0.8077071026719647,53.86000000000058,1076.250714285715,68.43639061795875,1497.091460587646,BTCUSDT,0,0,0,0,0,0.0,0.0,0.0,0.0,[],True
2026-01-17,-0.2598644500909662,-0.0042283516305704,0.0421876266482066,0.0414124094174346,3783.6100000000006,0.3071353092473361,13937.8353485,6341.056822610817,-468552.0380329998,-0.7644966271449354,403.1699999999983,1059.8428571428583,65.23055978649128,1536.7742990263214,BTCUSDT,0,0,0,0,0,0.0,0.0,0.0,0.0,[],True
2026-01-18,-0.8367902813762976,-0.0156196681906746,-0.0182453308738759,0.0282453378974025,2573.149999999994,0.5189086872482186,13287.8449705,6364.50957320206,-475447.2162229998,-0.6703101175282469,1474.6300000000049,1100.7650000000017,56.95428698612848,1432.7174425435223,BTCUSDT,0,0,0,0,0,0.0,0.0,0.0,0.0,[],True
2026-01-19,-0.6085437873845,-0.0111876297516868,-0.0445662782055161,0.0219515876210045,1989.7200000000007,1.0710405692958913,13347.3258435,6368.277567034584,-489742.7436929998,-0.6267058094902141,1042.1399999999994,1008.7764285714292,45.6499280953517,1251.7304758684622,BTCUSDT,0,0,0,0,0,0.0,0.0,0.0,0.0,[],True
2026-01-20,-2.604770832576011,-0.0464390422167479,-0.0750709169414087,-0.022949526378188,-2077.0399999999936,1.586712698341443,13869.761125,6636.746148319319,-511750.0697929998,-0.0367711191569234,4203.3399999999965,1301.0335714285716,35.39537521541939,760.3576617968938,BTCUSDT,0,0,0,0,0,0.0,0.0,0.0,0.0,[],True
2026-01-21,0.5765313450408871,0.0115478706304071,-0.063800628230345,-0.0171284197480268,-1558.9199999999985,1.4134494742480657,14586.6577445,6547.493787503894,-491132.5660729999,-0.0334609619434997,1027.0699999999924,1204.123571428571,44.33663369860589,448.6454267061199,BTCUSDT,0,0,0,0,0,0.0,0.0,0.0,0.0,[],True
2026-01-22,0.0051795518842552,0.0011724197832196,-0.0587307511253285,-0.0190208354783659,-1736.5299999999988,0.7592538143171063,14258.084339999998,6563.90854391805,-480307.0611529999,-0.0602052232487109,104.94000000000231,1192.75,45.38784920801268,207.68495275515303,BTCUSDT,0,0,0,0,0,0.0,0.0,0.0,0.0,[],True
2026-01-23,-0.0124684531171002,0.0004531147192842,-0.0434796997303603,-0.0609317290963591,-5813.740000000005,0.95324704340734,14601.1354415,6343.358599078966,-466388.5719629999,-0.0560933205673492,40.58999999999651,1162.884285714285,46.80283875437795,19.76942526928906,BTCUSDT,0,0,0,0,0,0.0,0.0,0.0,0.0,[],True
2026-01-24,-0.2495967364001607,-0.004193141802223,-0.0367658775140071,-0.0796936373937642,-7726.440000000002,0.2957474463985671,14291.137325,6699.599834641437,-470615.1393329999,-0.0680308217059288,374.9199999999983,1179.9085714285704,46.12754499137948,-157.59128059876093,BTCUSDT,0,0,0,0,0,0.0,0.0,0.0,0.0,[],True
2026-01-25,-1.587731039806366,-0.029053123136142,-0.0198727411762338,-0.0934517932154034,-8934.440000000002,1.0320093752278394,13978.7685425,6529.846885048336,-485041.3595229999,-0.0808721592120234,2554.979999999996,1326.0535714285704,38.30232025747721,-498.56925493302697,BTCUSDT,0,0,0,0,0,0.0,0.0,0.0,0.0,[],True
2026-01-26,1.09654155330988,0.0191611910276511,-0.0123822407154993,-0.075392874209296,-7203.860000000001,1.2745196122047897,13939.7733545,6503.409184734031,-467274.8449929999,0.0716460425317302,1676.7200000000012,1425.6371428571415,42.61202509955449,-626.2800980161846,BTCUSDT,0,0,0,0,0,0.0,0.0,0.0,0.0,[],True
2026-01-27,0.5801986507624732,0.0101682728080736,-0.0034576947413942,-0.0619853728573985,-5897.770000000004,0.9454831535557224,13882.2190545,6505.365632667978,-454149.4407429999,-0.0209580055780341,902.9199999999984,1196.0028571428556,31.59345056509657,-647.1735494572204,BTCUSDT,0,0,0,0,0,0.0,0.0,0.0,0.0,[],True
2026-01-28,0.0381303084321128,0.0005599552406158,-0.0033512179540549,-0.0466852077340419,-4373.149999999994,1.0391523262119988,13792.188746999998,6485.007582988411,-439817.2557229999,-0.0047200475540696,49.99000000000524,1089.7321428571418,24.92244162228596,-652.1800592818763,BTCUSDT,0,0,0,0,0,0.0,0.0,0.0,0.0,[],True
2026-01-29,-2.8348089021073024,-0.0534743771871527,-0.0512766888868116,-0.0861573339378825,-7980.8399999999965,2.093771252597665,14534.243878,7475.10904624238,-470248.6377329999,0.637334517053032,4649.830000000002,1325.6499999999994,20.48714646723168,-1019.5968967880036,BTCUSDT,0,0,1,0,1,0.3525028494140364,0.5,0.1762514247070182,8.176014033542176,"[{""name"": ""volume_spike"", ""value"": 2.093771252597665, ""threshold"": 1.5, ""triggered"": true, ""z_score"": null}, {""name"": ""large_return"", ""value"": -2.8348089021073024, ""threshold"": 0.05, ""triggered"": true, ""z_score"": null}]",False
2026-01-30,-0.1898186594688614,-0.0046139268457584,-0.0278050073866082,-0.0471251868476446,-4167.169999999998,2.180817756196197,16138.830413499998,8292.12682195594,-505444.4856629999,0.6399208062508178,389.6699999999983,1349.6364285714278,20.12303842675089,-1326.9245398849744,BTCUSDT,0,0,0,0,0,0.0,0.0,0.0,0.0,[],True
2026-01-31,-3.502658948711895,-0.0677479434199895,-0.1087301357328391,-0.1197660537346655,-10713.64,2.2137246218567848,17839.568183,9404.006770095515,-544936.3769929999,1.4061393667097664,5519.400000000009,1715.0814285714284,15.835274793283432,-1992.8806757599807,BTCUSDT,0,0,1,0,1,0.33692261873743434,0.5,0.16846130936871717,10.273803751904124,"[{""name"": ""volume_spike"", ""value"": 2.2137246218567848, ""threshold"": 1.5, ""triggered"": true, ""z_score"": null}, {""name"": ""high_volatility"", ""value"": 1.4061393667097664, ""threshold"": 0.8, ""triggered"": true, ""z_score"": null}, {""name"": ""large_return"", ""value"": -3.502658948711895, ""threshold"": 0.05, ""triggered"": true, ""z_score"": null}]",False
2026-02-01,-1.0692729611049971,-0.0227726489856116,-0.1376110924369746,-0.1405929700276921,-12591.459999999992,1.387735930877532,18299.938133,9543.245442384648,-570331.8586729999,1.4506392622273578,1772.87999999999,1736.3849999999989,15.64099304836526,-2633.356614969627,BTCUSDT,0,0,0,0,0,0.0,0.0,0.0,0.0,[],True
2026-02-02,1.3863584222971053,0.0227411528626167,-0.1182685462786726,-0.1212234205570385,-10861.649999999994,2.194600815378369,19262.5419,10916.688631231493,-528058.2685129999,1.0809639555737662,1770.3999999999942,1788.40357142857,22.257000956559395,-2963.915751216846,BTCUSDT,0,0,0,0,0,0.0,0.0,0.0,0.0,[],True
2026-02-03,-1.8540074601457748,-0.0384284248395607,-0.1049017509240384,-0.1507994253650363,-13455.12999999999,1.94860535935752,20075.9526305,11770.870599377704,-567178.3774029999,1.1032126323938076,2968.399999999994,1700.1935714285698,23.41174597346265,-3425.919453390976,BTCUSDT,0,0,1,0,1,0.3134218559896418,0.5,0.1567109279948209,8.642108528407517,"[{""name"": ""volume_spike"", ""value"": 1.94860535935752, ""threshold"": 1.5, ""triggered"": true, ""z_score"": null}, {""name"": ""high_volatility"", ""value"": 1.1032126323938076, ""threshold"": 0.8, ""triggered"": true, ""z_score"": null}, {""name"": ""large_return"", ""value"": -1.8540074601457748, ""threshold"": 0.05, ""triggered"": true, ""z_score"": null}]",False
2026-02-04,-1.653331368041435,-0.0349766987828992,-0.1316709646478439,-0.155814859889817,-13504.53,1.8354013237297908,20908.429946,12462.154070839331,-605553.7374029999,1.2339263509171556,2604.3800000000047,1812.8585714285707,17.909993766750375,-3956.603157904712,BTCUSDT,0,0,0,1,1,0.30136058090645645,0.5,0.15068029045322823,8.89896648768311,"[{""name"": ""volume_spike"", ""value"": 1.8354013237297908, ""threshold"": 1.5, ""triggered"": true, ""z_score"": null}, {""name"": ""high_volatility"", ""value"": 1.2339263509171556, ""threshold"": 0.8, ""triggered"": true, ""z_score"": null}, {""name"": ""large_return"", ""value"": -1.653331368041435, ""threshold"": 0.05, ""triggered"": true, ""z_score"": null}]",False
2026-02-05,-6.966148513889821,-0.1510256005239137,-0.2010542399146366,-0.2879237208518945,-25437.22,4.141784077942874,25664.9856655,22588.93844900874,-711852.5663929998,3.895105490793408,10255.97,2537.932142857142,12.497857507729153,-5145.43155137953,BTCUSDT,0,0,1,0,1,0.33348900619980587,0.5,0.16674450309990294,20.533481063589726,"[{""name"": ""volume_spike"", ""value"": 4.141784077942874, ""threshold"": 1.5, ""triggered"": true, ""z_score"": null}, {""name"": ""high_volatility"", ""value"": 3.895105490793408, ""threshold"": 0.8, ""triggered"": true, ""z_score"": null}, {""name"": ""large_return"", ""value"": -6.966148513889821, ""threshold"": 0.05, ""triggered"": true, ""z_score"": null}]",False
2026-02-06,4.84144136083181,0.1150475938253494,-0.0829946545463381,-0.2091847619047619,-18669.740000000005,3.076650821194603,30077.9063625,26477.74093540916,-619313.3510829998,5.685541392234981,7670.399999999994,3082.9185714285704,27.966148033194884,-5406.328651094795,BTCUSDT,1,0,0,0,1,0.4005571889661394,0.5,0.2002785944830697,14.944935242898724,"[{""name"": ""volume_spike"", ""value"": 3.076650821194603, ""threshold"": 1.5, ""triggered"": true, ""z_score"": null}, {""name"": ""high_volatility"", ""value"": 5.685541392234981, ""threshold"": 0.8, ""triggered"": true, ""z_score"": null}, {""name"": ""large_return"", ""value"": 4.84144136083181, ""threshold"": 0.05, ""triggered"": true, ""z_score"": null}]",False
2026-02-07,-0.4703725921714797,-0.0184588543043171,-0.12000757950896,-0.2240830038166857,-20010.61,1.385324896643674,31945.921471,26070.87470100351,-663568.8314429999,4.576888451490554,1290.87999999999,3148.344285714284,27.38498376244021,-5652.100810118485,BTCUSDT,0,0,0,1,1,0.27856042939263903,0.5,0.13928021469631952,11.63538409088137,"[{""name"": ""high_volatility"", ""value"": 4.576888451490554, ""threshold"": 0.8, ""triggered"": true, ""z_score"": null}, {""name"": ""large_return"", ""value"": -0.4703725921714797, ""threshold"": 0.05, ""triggered"": true, ""z_score"": null}]",False
2026-02-08,0.6265653743077859,0.0149122057058759,-0.0717937828072536,-0.169164240209351,-14319.78,0.6631297700726387,32302.171681500004,25864.86011178853,-642148.2997629999,3.978327894391018,1041.0,3040.202857142856,30.804875802460543,-5697.203204679841,BTCUSDT,0,1,0,0,1,0.2721466859885656,0.5,0.1360733429942828,9.815632943950387,"[{""name"": ""high_volatility"", ""value"": 3.978327894391018, ""threshold"": 0.8, ""triggered"": true, ""z_score"": null}, {""name"": ""large_return"", ""value"": 0.6265653743077859, ""threshold"": 0.05, ""triggered"": true, ""z_score"": null}]",False
2026-02-09,0.0403298213284867,-0.0027391234992863,-0.0413831155882465,-0.1676051254864528,-14122.490000000003,0.8926278838676162,32659.4417975,25764.327738009903,-671301.0281829999,3.425964800506116,192.38000000000463,2934.17857142857,27.83624036904949,-5682.960998656068,BTCUSDT,0,0,0,1,1,0.2821965736129747,0.5,0.14109828680648734,9.500683502397651,"[{""name"": ""high_volatility"", ""value"": 3.425964800506116, ""threshold"": 0.8, ""triggered"": true, ""z_score"": null}]",False
2026-02-10,-0.4633162941608273,-0.0186610196327817,0.0942845843243014,-0.1257259710273252,-9899.800000000005,0.624057692689676,32647.255147500004,25770.380348594776,-691674.798903,3.0622328335232734,1296.7100000000064,2962.306428571428,25.394763587928225,-5710.480740390645,BTCUSDT,0,0,1,0,1,0.338230264223909,0.5,0.1691151321119545,8.628297485903362,"[{""name"": ""high_volatility"", ""value"": 3.0622328335232734, ""threshold"": 0.8, ""triggered"": true, ""z_score"": null}, {""name"": ""large_return"", ""value"": -0.4633162941608273, ""threshold"": 0.05, ""triggered"": true, ""z_score"": null}]",False
2026-02-11,-0.6953566615563714,-0.0258802069394735,-0.0495569157722002,-0.1284386112136426,-9885.690000000002,0.8561903975667635,33541.8922025,25278.843227450685,-720393.0449229999,2.8077892303190923,1758.7699999999895,3084.3621428571414,24.27406268533872,-5807.265828753749,BTCUSDT,0,0,1,0,1,0.3044512758073457,0.5,0.15222563790367286,9.203835005889387,"[{""name"": ""high_volatility"", ""value"": 2.8077892303190923, ""threshold"": 0.8, ""triggered"": true, ""z_score"": null}, {""name"": ""large_return"", ""value"": -0.6953566615563714, ""threshold"": 0.05, ""triggered"": true, ""z_score"": null}]",False
2026-02-12,-0.245666637539852,-0.0121534529376775,-0.0435450569769856,-0.1583268995985578,-12466.440000000002,0.7126265423112065,34059.5548845,24959.837860043248,-744664.7877529999,2.591075001983648,810.3500000000058,2810.11357142857,26.64305128491246,-5881.558238966973,BTCUSDT,0,0,1,0,1,0.29024398303142257,0.5,0.14512199151571128,9.17236480523056,"[{""name"": ""high_volatility"", ""value"": 2.591075001983648, ""threshold"": 0.8, ""triggered"": true, ""z_score"": null}, {""name"": ""large_return"", ""value"": -0.245666637539852, ""threshold"": 0.05, ""triggered"": true, ""z_score"": null}]",False
2026-02-13,1.3946242123323456,0.0382176894647478,-0.0209926350461919,-0.0912792771723873,-6916.25,0.5807310929965156,34860.4539935,24197.536906719863,-724420.2382029999,2.545554290523292,2581.790000000008,2966.693571428571,31.4529812049056,-5666.783480712751,BTCUSDT,0,1,0,0,1,0.26168034249633937,0.5,0.13084017124816968,8.560233496618936,"[{""name"": ""high_volatility"", ""value"": 2.545554290523292, ""threshold"": 0.8, ""triggered"": true, ""z_score"": null}, {""name"": ""large_return"", ""value"": 1.3946242123323456, ""threshold"": 0.05, ""triggered"": true, ""z_score"": null}]",False
2026-02-14,0.5525546208473061,0.0139750124276553,-0.0044918589067267,-0.0456890873786302,-3342.8800000000047,0.516902406368471,35044.882180500004,24047.18424736276,-706305.4542729999,2.3950186227571577,968.9899999999908,2641.664285714284,37.94301752412574,-5356.635582015428,BTCUSDT,0,0,0,0,0,0.0,0.0,0.0,0.0,[],True
2026-02-15,-0.3457423198269396,-0.0142855729250263,-0.0001265229050761,0.0941461322597125,5922.720000000001,0.6319643547801065,35271.059058,23896.922194394658,-728595.506353,2.214013439981822,990.3699999999952,2585.770714285713,38.76318721221276,-5131.601808597115,BTCUSDT,0,0,1,0,1,0.31577105989264687,0.5,0.15788552994632343,7.368770286015355,"[{""name"": ""high_volatility"", ""value"": 2.214013439981822, ""threshold"": 0.8, ""triggered"": true, ""z_score"": null}, {""name"": ""large_return"", ""value"": -0.3457423198269396, ""threshold"": 0.05, ""triggered"": true, ""z_score"": null}]",False
2026-02-16,0.1316142902768736,0.0008691232444626,0.0269803519605402,-0.0239136268412726,-1687.8300000000015,0.438415154708506,35390.5771125,23786.053884617275,-713079.7410129999,2.0809595013678783,59.84999999999127,2463.5885714285696,35.72613585756432,-4892.039144994764,BTCUSDT,0,0,0,0,0,0.0,0.0,0.0,0.0,[],True
2026-02-17,-0.5438747890276384,-0.0203665579406587,0.0185801973890398,-0.025773935341895,-1785.8600000000006,0.4645014791060855,35498.421321999995,23690.248209840047,-729568.8102229999,1.9725219367313649,1388.909999999989,2350.767857142855,37.44074504531193,-4759.394104907507,BTCUSDT,0,0,0,0,0,0.0,0.0,0.0,0.0,[],True
2026-02-18,-0.3693285457426755,-0.0155644352091181,-0.0347541375978956,-0.0550171917171499,-3869.3800000000047,0.4458066534714833,34751.474141,24090.54762054241,-745061.2486129999,1.8177371196257264,1042.520000000004,2239.2064285714264,39.30611259282226,-4684.395807347319,BTCUSDT,0,0,0,0,0,0.0,0.0,0.0,0.0,[],True
2026-02-19,0.3986820347734727,0.0081329800253017,-0.0403766956280134,-0.0446871881148593,-3134.270000000004,0.4312808265283359,33718.7952385,24509.52678683805,-730518.9787329999,1.7530511313515156,542.7299999999959,1545.403571428569,59.46093600146056,-4528.958328548353,BTCUSDT,0,0,0,0,0,0.0,0.0,0.0,0.0,[],True
2026-02-20,0.6204099494369526,0.0150536371114734,-0.0118050202389625,-0.0119300495385835,-821.2799999999988,1.0549083310955372,33511.7942175,24475.66188793005,-695167.1078229998,1.57512207412548,1016.2799999999988,1070.1092857142835,41.45531197414415,-4274.493998109872,BTCUSDT,0,0,0,0,0,0.0,0.0,0.0,0.0,[],True
2026-02-21,0.1043377180212637,-0.000648254669127,-0.0133033484230415,0.0133180745147913,893.4099999999889,0.2460765970751307,32643.662199,25079.171395926063,-703199.9491329999,1.5032753256147744,44.08000000000175,981.0521428571416,45.218508117742346,-4029.9315284146433,BTCUSDT,0,0,0,0,0,0.0,0.0,0.0,0.0,[],True
2026-02-22,-0.0378997712303162,-0.0049038830436894,0.002072188235517,0.0206908872910001,1371.229999999996,0.2642361967495096,30938.739433,25544.76978709924,-711375.0839729998,1.4146802920205213,332.52999999999884,930.4471428571414,39.68629522211282,-3818.9242199250575,BTCUSDT,0,0,0,0,0,0.0,0.0,0.0,0.0,[],True
2026-02-23,-1.2913752995974892,-0.0451685712163617,-0.0271584839229022,-0.060968751833591,-4197.94000000001,1.0796232413981863,30636.52945,25478.55246354516,-744450.9932029998,1.3795555669155113,2987.3799999999974,1130.089999999998,32.675273650771146,-3848.3941153258056,BTCUSDT,0,0,0,0,0,0.0,0.0,0.0,0.0,[],True
2026-02-24,-0.1506591546382478,-0.0092899530772159,-0.0439614331918535,-0.0825631114125082,-5764.799999999996,0.7733709716176622,29872.903261,25463.266228438548,-767553.8294229999,1.3008493741580571,597.8699999999953,1080.1728571428544,34.18526928891009,-3875.320054852593,BTCUSDT,0,0,0,0,0,0.0,0.0,0.0,0.0,[],True
2026-02-25,2.08456064115255,0.0595405427658225,-0.0004700087518364,-0.012269480527971,-844.5400000000081,1.1783655429708944,26095.461441,18054.95476750032,-736803.8368329998,0.6072948424937898,3929.889999999992,1235.2528571428545,52.618087447682754,-3538.7571863353805,BTCUSDT,0,0,0,0,0,0.0,0.0,0.0,0.0,[],True
2026-02-26,-0.111833157221682,-0.0074237891369714,-0.0072194672437728,-0.0204267725786417,-1407.25,0.9214582957613656,22505.3895715,9031.542577971726,-757541.6147529999,-0.2462981084706225,502.8600000000006,1213.2892857142829,53.57060646824894,-3274.854800046,BTCUSDT,0,0,0,0,0,0.0,0.0,0.0,0.0,[],True
2026-02-27,-0.6114107265126367,-0.0241930350949816,-0.0261858510955982,-0.0241679248726585,-1631.4199999999985,0.9941247418520588,21354.044765500003,7440.494998803217,-778770.1989929999,-0.2418196254910268,1613.0799999999872,1144.0957142857098,40.69177528853102,-3159.452135003929,BTCUSDT,0,0,0,0,0,0.0,0.0,0.0,0.0,[],True
2026-02-28,0.6344024188511547,0.0165784521278679,0.0358395088345988,0.0077076781872074,512.2599999999948,1.053163864889601,21410.454006,7445.300639677078,-756221.4825029998,-0.2502657499939715,1101.159999999989,1153.536428571424,41.17716265075531,-2945.1899656974274,BTCUSDT,0,0,0,0,0,0.0,0.0,0.0,0.0,[],True
2026-03-01,-0.4189254582738108,-0.0180312596565804,0.026824377538221,-0.018316293734692,-1227.2599999999948,1.0989417387084242,21112.9105145,7235.559867704413,-779423.3410929998,-0.2456327823432345,1196.7899999999936,1168.2807142857096,40.657486306189824,-2839.227753668704,BTCUSDT,0,0,0,0,0,0.0,0.0,0.0,0.0,[],True
2026-03-02,1.5383293437470809,0.0453783925294239,0.0123848253310436,0.0119089956029116,810.0500000000029,1.4754904897806729,21694.741194,7630.104069371001,-747412.9567829998,-0.1193561887455574,3053.5899999999965,1382.1192857142814,49.83883446074275,-2480.26182967276,BTCUSDT,0,0,0,0,0,0.0,0.0,0.0,0.0,[],True
2026-03-03,-0.1034092969597263,-0.0071745873014225,0.0126371449257451,0.0053264442281262,362.070000000007,1.1610977716846305,21507.440983,7493.372639872757,-772385.1985829998,-0.1779323187120478,492.0599999999977,1318.0585714285678,52.26111781288713,-2210.008278625537,BTCUSDT,0,0,0,0,0,0.0,0.0,0.0,0.0,[],True
2026-03-04,2.0151490229943056,0.0614182153169307,0.1031494365596359,0.0742625296776922,5023.37000000001,1.992877526041136,22539.8076465,9136.421366884404,-727466.1224829998,0.0311181365610241,4328.770000000004,1552.7907142857107,64.27331067980373,-1627.7709006982332,BTCUSDT,1,0,0,0,1,0.30591769427360127,0.5,0.15295884713680064,6.510770007829276,"[{""name"": ""volume_spike"", ""value"": 1.992877526041136, ""threshold"": 1.5, ""triggered"": true, ""z_score"": null}, {""name"": ""large_return"", ""value"": 2.0151490229943056, ""threshold"": 0.05, ""triggered"": true, ""z_score"": null}]",False
2026-03-05,-0.6187795601564247,-0.0247446597423505,0.0584928970159135,0.0964287625498756,6234.700000000004,1.1633368094763343,22857.1057955,9162.670693429662,-754056.6350129998,-0.0177425891093407,1776.050000000003,1640.8849999999968,58.460134100108895,-1294.7311214024958,BTCUSDT,0,0,0,0,0,0.0,0.0,0.0,0.0,[],True
2026-03-06,-1.02690411749625,-0.0399564707144598,0.0355377842562849,0.0633154407362686,4055.8700000000026,0.980376187302564,23082.86096,9095.050285464837,-776686.5222329998,0.0504667341652677,2776.699999999997,1766.6292857142823,50.190051191110136,-1240.550882679032,BTCUSDT,0,0,0,0,0,0.0,0.0,0.0,0.0,[],True
2026-03-07,-0.2239227106041829,-0.0125740953632673,-0.0227683950878437,-0.0106655523530313,-725.1299999999901,0.5627036964835131,22604.3355135,9386.07291979772,-789406.0653829998,0.0283821322719347,851.1100000000006,1824.2742857142823,48.60410245326519,-1251.8594605147227,BTCUSDT,0,0,0,0,0,0.0,0.0,0.0,0.0,[],True
2026-03-08,-0.4118688386131245,-0.0193906871624942,-0.034633732330475,-0.0224342588995094,-1513.979999999996,0.942614936506216,22908.229197,9241.768984115914,-810999.7043929999,0.0273138040793022,1291.7100000000064,1892.78714285714,46.84478897710179,-1349.4956458787055,BTCUSDT,0,0,0,0,0,0.0,0.0,0.0,0.0,[],True
2026-03-09,1.216487813705295,0.0366246064135192,-0.0582743666740657,0.0388641017972706,2560.0599999999977,1.228152410511434,23528.611801500003,9204.559843586789,-782102.9830929999,0.0712442997931453,2460.9600000000064,1855.185714285712,57.26946859382583,-1214.2964675071562,BTCUSDT,0,0,0,0,0,0.0,0.0,0.0,0.0,[],True
2026-03-10,0.7505924022377329,0.0219182259322737,-0.0132893275734821,0.0444262381732651,2975.37000000001,1.337041440822429,24384.118745,9213.472514701543,-749500.4058329999,0.0547844465076078,1516.4700000000012,1920.799999999998,60.9524305348962,-973.5610831133964,BTCUSDT,0,0,0,0,0,0.0,0.0,0.0,0.0,[],True
2026-03-11,0.2036589379204245,0.0034712343910404,0.0305053203437413,0.067127196093071,4415.389999999999,1.0891228505304928,25019.469022,8932.928953287532,-722251.1304129999,0.0299171946531246,243.22999999999595,1657.4671428571414,54.74868280086572,-754.4530630543013,BTCUSDT,0,0,0,0,0,0.0,0.0,0.0,0.0,[],True
2026-03-12,0.2438679821435123,0.0049665710490482,0.048740531743274,0.0248623929719078,1711.2799999999988,0.9033098402889896,24351.733501500003,8613.348207488405,-700253.9699129999,-0.003928603307362,349.4799999999959,1646.511428571427,56.629080705699856,-546.3107332296204,BTCUSDT,0,0,0,0,0,0.0,0.0,0.0,0.0,[],True
2026-03-13,0.2592612041322347,0.0054945542723691,0.0751661331005044,0.0379291170359097,2592.0,1.397931084823051,25749.922275,8077.9231528729315,-664257.3531329999,-0.0286304430214119,388.6600000000035,1559.0528571428565,61.58647603810738,-346.0062784298934,BTCUSDT,0,0,0,0,0,0.0,0.0,0.0,0.0,[],True
2026-03-14,0.2144961880992868,0.0039671661995195,0.0406211056322056,-0.0200204302461772,-1454.820000000007,0.500816920454628,25992.0279015,7580.721952058511,-651240.1057629999,-0.0589503461468233,281.9499999999971,1500.537857142857,60.08850159918849,-162.63775938816252,BTCUSDT,0,0,0,0,0,0.0,0.0,0.0,0.0,[],True
2026-03-15,0.7726347270383906,0.0222646325397677,0.0409816461022896,0.0271477000092537,1924.520000000004,0.5605931397154824,25040.097792,7835.446175139557,-637202.7987229999,-0.2273965382848529,1603.290000000008,1529.5735714285724,66.43494942334536,110.7782342700375,BTCUSDT,0,0,0,0,0,0.0,0.0,0.0,0.0,[],True
2026-03-16,0.9379527278219352,0.028023922724339,0.066856897651665,0.0994017090754588,6770.649999999994,1.1226652696279866,25305.432490500003,7856.214974375569,-608793.2685329999,-0.237246432808104,2069.429999999993,1459.2764285714293,64.81803359492741,488.8133491387707,BTCUSDT,0,0,0,0,0,0.0,0.0,0.0,0.0,[],True
2026-03-17,-0.273675266606776,-0.013109719098401,0.0477453362808248,0.0988130011026879,6646.449999999997,0.9810862650528376,24993.996179,7751.78753941783,-633314.5348929999,-0.4669556773352995,975.3099999999976,1493.7942857142864,63.32025063692074,701.6216773220949,BTCUSDT,0,0,0,0,0,0.0,0.0,0.0,0.0,[],True
2026-03-18,-0.9251528797510674,-0.0366932210131126,0.0044627097138023,0.0799642874466433,5275.3399999999965,0.9309950428225732,25126.751329500003,7697.606219303871,-656707.4158229999,-0.3709101387105325,2662.820000000007,1374.797857142858,46.31054851180717,647.9374708865507,BTCUSDT,0,0,0,0,0,0.0,0.0,0.0,0.0,[],True
2026-03-19,-0.4054651329599398,-0.0186515148503324,-0.01800189434498,0.0218879544354584,1497.8399999999965,0.8880720399262826,25183.563027000004,7671.470404831129,-679072.2340129999,-0.4158804188978649,1316.5399999999936,1341.9757142857145,47.44321538712112,493.4701584839204,BTCUSDT,0,0,0,0,0,0.0,0.0,0.0,0.0,[],True
2026-03-20,0.355946729779925,0.0082701551029787,-0.0316487317764798,0.0080358972005598,562.0999999999913,0.7259447453250495,24962.185575000003,7814.0647847974,-660951.066563,-0.4525424212179371,580.7299999999959,1185.1207142857145,57.22262168591624,413.1512082142435,BTCUSDT,0,0,0,0,0,0.0,0.0,0.0,0.0,[],True
2026-03-21,-0.5291982008725279,-0.0228457635345591,-0.0796765212425988,-0.018146548616891,-1273.7400000000052,0.5474499147524967,24471.9510205,8226.967383875413,-674348.234063,-0.4586374207398411,1592.6100000000006,1238.0850000000005,54.77468371373069,218.46916788085943,BTCUSDT,0,0,0,0,0,0.0,0.0,0.0,0.0,[],True
2026-03-22,-0.3385146432886795,-0.0154871102583228,-0.0818618913761396,-0.0380250786276529,-2682.3399999999965,0.628611204025963,23613.621146,8294.309464338256,-689192.020883,-0.6313275480653117,1059.1199999999951,1221.471428571428,55.51968936762454,-21.037378453052952,BTCUSDT,0,0,0,0,0,0.0,0.0,0.0,0.0,[],True
2026-03-23,1.400354128542093,0.0439293795760913,-0.0047734247866633,-0.0003320174820246,-23.55000000000291,1.1914629902187877,23781.7636155,8357.14888365497,-660856.929693,-0.4833148024178221,3047.449999999997,1263.36357142857,56.994621500766925,34.65620921642403,BTCUSDT,0,0,0,0,0,0.0,0.0,0.0,0.0,[],True
2026-03-24,-0.0471258560701385,-0.0049441937848232,0.008962390962391,-0.0092008433977722,-655.2099999999919,0.9172161530205416,22570.9309325,6729.240432194121,-681559.352133,-0.8666724580442569,349.70999999999185,1180.0235714285695,51.8404898691491,49.99874987808289,BTCUSDT,0,0,0,0,0,0.0,0.0,0.0,0.0,[],True
2026-03-25,0.4059474214171304,0.0109913296166372,0.0117116926742923,-0.0203076993222848,-1478.7100000000064,0.8007952314521835,22127.380339000003,6742.697632805321,-663839.851473,-0.9282478028121296,779.7899999999936,1218.3492857142835,53.355447564004926,123.65494270555791,BTCUSDT,0,0,0,0,0,0.0,0.0,0.0,0.0,[],True
2026-03-26,-0.905744203606222,-0.0359096335700841,-0.0014192203733938,-0.080982663073764,-6064.360000000001,0.944799373196228,22036.908862,6747.737585331745,-684660.309153,-0.9743383270955966,2516.220000000001,1373.116428571427,45.52366020361399,-20.77048961144465,BTCUSDT,0,0,0,0,0,0.0,0.0,0.0,0.0,[],True
2026-03-27,-0.8944319013795391,-0.0356922158369555,-0.0213931829234147,-0.1015037878828879,-7502.080000000002,1.2528382302853325,22831.116483,6524.453422728009,-713264.004723,-0.8764466518320637,2413.029999999999,1517.7142857142835,39.357304216867455,-326.18003926594974,BTCUSDT,0,0,0,0,0,0.0,0.0,0.0,0.0,[],True
2026-03-28,0.1023858769561495,-0.0004556261281669,-0.063878814973814,-0.0683473190417386,-4869.509999999995,0.5134435490119865,22324.554456,7001.4496764319,-724726.403193,-0.9304547337479342,30.25,1499.7357142857124,38.486257102441854,-564.1569794309762,BTCUSDT,0,0,0,0,0,0.0,0.0,0.0,0.0,[],True
2026-03-29,-0.0343143795933747,-0.0055307285227093,-0.0644277215755718,-0.0560427570427571,-3919.070000000007,0.4701471345452953,21382.361183,7330.657687459217,-734779.259033,-1.1008660890278503,366.1000000000058,1411.364999999998,32.78184088250933,-773.3815681137639,BTCUSDT,0,0,0,0,0,0.0,0.0,0.0,0.0,[],True
2026-03-30,0.4570972429373188,0.0118433741341851,-0.0636302326451819,-0.0526637577004237,-3713.3600000000006,0.88792825050289,20669.9018075,6860.112598339375,-716425.869283,-1.1589491302992647,786.4400000000023,1319.7228571428557,28.11418198193124,-865.7545470747718,BTCUSDT,0,0,0,0,0,0.0,0.0,0.0,0.0,[],True
2026-03-31,0.7274387865506189,0.022018799448928,-0.0077859283109884,-0.0091940987362975,-633.6399999999994,1.082923746424312,20412.7083675,6694.897114095916,-694320.462663,-1.095653259029388,1487.1100000000006,1356.2799999999988,35.18826706664025,-809.6305329037568,BTCUSDT,0,0,0,0,0,0.0,0.0,0.0,0.0,[],True
2026-04-01,0.0107689141947356,-0.0025009104050785,0.0256995919724463,0.0037566129769079,254.91999999999825,0.9386262070763792,20263.8598375,6690.908212377481,-713340.652563,-1.1015344578561987,170.55999999999767,1178.261428571427,40.50471457340901,-770.0380940757168,BTCUSDT,0,0,0,0,0,0.0,0.0,0.0,0.0,[],True
2026-04-02,-0.4646102513876324,-0.0179528849727263,0.0079087600032723,-0.056475257187463,-4004.459999999992,1.0374483209982457,19474.2029565,5575.367094088108,-733544.131723,-1.0690116313310254,1211.929999999993,1170.7892857142838,40.76322139216218,-826.9211907879362,BTCUSDT,0,0,0,0,0,0.0,0.0,0.0,0.0,[],True
2026-04-03,0.0781160222771456,0.0009309289814481,0.0144426082165485,-0.0509156177000241,-3592.4400000000023,0.589288519985242,19394.797153500003,5682.44963468199,-722115.000413,-1.061870416541821,62.30999999999767,1133.759285714284,38.82847392020101,-857.0935179466469,BTCUSDT,0,0,0,0,0,0.0,0.0,0.0,0.0,[],True
2026-04-04,0.2088795593479761,0.0050068357818153,0.007530985127109,-0.0565784458537582,-4036.1100000000006,0.3868255123930573,19061.607608,6186.158721517583,-714741.484283,-1.124410964476895,336.11999999999534,1044.009999999998,44.466049175774174,-844.1523666556459,BTCUSDT,0,0,0,0,0,0.0,0.0,0.0,0.0,[],True
2026-04-05,0.8024195604791186,0.025435266920256,0.0109790687429998,0.003107658189857,213.8699999999953,0.6437126060033544,18227.8044745,5980.301268902728,-703008.016763,-1.1358530486451195,1733.7599999999948,1092.1985714285693,53.842773226741855,-686.0876769928291,BTCUSDT,0,0,0,0,0,0.0,0.0,0.0,0.0,[],True
2026-04-06,-0.0655295282584187,-0.0026183614615228,0.010860335156162,0.0368390333108057,2446.3800000000047,1.1257666068156071,18015.8216785,5818.427099780014,-723289.627203,-1.136270243756098,180.51999999998952,887.4178571428545,41.73851100906724,-568.8296132741816,BTCUSDT,0,0,0,0,0,0.0,0.0,0.0,0.0,[],True
2026-04-07,1.507130115731524,0.0436296819458189,0.0750684695627139,0.0835709280755707,5547.190000000002,1.3170061255800205,18033.7024625,5836.343124723952,-699539.130593,-1.0005265966472423,3070.5599999999977,1081.7642857142837,54.51471471868046,-225.5334139131301,BTCUSDT,0,0,0,0,0,0.0,0.0,0.0,0.0,[],True
2026-04-08,-0.5146313442289405,-0.0119487428550878,0.061310728253711,0.0766388232978994,5059.0,1.1059495823341634,17905.5958665,5763.942522213162,-719341.8168629999,-0.9929857791394856,854.2900000000081,1087.085714285713,49.124132674516375,-22.147463827830503,BTCUSDT,0,0,0,0,0,0.0,0.0,0.0,0.0,[],True
2026-04-09,0.3886289716179042,0.0100525913759035,0.0666793758493633,0.0747125223642788,4990.600000000006,1.014014440713066,17907.4585735,5764.0218731709365,-701183.3952729999,-0.959395256688888,718.0400000000081,958.6442857142848,61.0560151165858,194.73243967292365,BTCUSDT,0,0,0,0,0,0.0,0.0,0.0,0.0,[],True
2026-04-10,0.6520823361076552,0.0162314383904955,0.0569068829382779,0.0685107362610069,4678.220000000001,0.9594836203975884,18106.2318425,5668.045758269134,-683810.7623929998,-0.9774631198002592,1174.729999999996,870.1942857142848,76.90458288461036,456.1440741573024,BTCUSDT,0,0,0,0,0,0.0,0.0,0.0,0.0,[],True
2026-04-11,0.0065601198687666,0.0011021476555086,0.0608464386642626,0.0723675865373774,4929.240000000005,0.5091004955543821,17817.589688500004,5981.263329624259,-674739.8186529998,-0.990358206491921,80.4600000000064,873.7807142857138,77.24666126594369,662.1739977657853,BTCUSDT,0,0,0,0,0,0.0,0.0,0.0,0.0,[],True
2026-04-12,-1.361565768483826,-0.0320254620862258,-0.0164512037808682,0.0573822990915515,3838.989999999991,0.7890421817314591,17074.4585295,5510.526173774544,-688212.2866629998,-1.0519365229491522,2302.180000000008,1012.0721428571424,66.69153314169446,632.3976245500235,BTCUSDT,0,0,0,0,0,0.0,0.0,0.0,0.0,[],True
2026-04-13,2.098953828473757,0.0506726764555671,0.0471093752308466,0.1113084135875384,7453.690000000002,1.4045811510826685,17250.84822,5686.42221938662,-663982.0704129997,-0.7188416510662733,3677.010000000009,1218.5414285714287,72.33530954454919,895.1844817222882,BTCUSDT,0,0,0,0,0,0.0,0.0,0.0,0.0,[],True
2026-04-14,-0.2433965985677447,-0.003856496021569,0.0326458597450241,0.1015020411462515,6831.130000000005,1.4997549073003176,17691.520415,6054.256411259004,-690515.0149729997,-0.6973199860608793,286.4400000000023,1132.779285714286,68.43465282292416,1068.020173447323,BTCUSDT,0,0,0,0,0,0.0,0.0,0.0,0.0,[],True
2026-04-15,0.3106325130856574,0.0091102145487579,0.025318279065879,0.0836659463471574,5775.810000000012,0.8303735657092124,17371.7496145,6049.188553057201,-676089.9733029997,-0.8552195308969127,678.4400000000023,1169.0564285714293,70.45627151078496,1245.3821521669597,BTCUSDT,0,0,0,0,0,0.0,0.0,0.0,0.0,[],True
2026-04-16,0.1288548146864048,0.004591768185657,0.0289025009323253,0.0915075538468106,6300.62999999999,1.017426087104902,16795.9992245,5441.336449068001,-659001.2855329998,-1.0659450207720085,344.2999999999884,1107.0828571428574,76.62176530857151,1397.614105270186,BTCUSDT,0,0,0,0,0,0.0,0.0,0.0,0.0,[],True
2026-04-17,0.9724197319016172,0.025196849489872,0.0894957915482652,0.0715722742631064,5147.779999999999,1.4806760534447916,17519.947648,5653.425286509275,-633059.9185929998,-1.003787785398972,1917.7100000000064,1239.6114285714295,79.1211646967713,1653.936642826622,BTCUSDT,0,0,0,0,0,0.0,0.0,0.0,0.0,[],True
2026-04-18,-0.8152137652033746,-0.0180707460956844,0.0171164257459788,0.0650321450999038,4621.830000000002,0.5231565081218456,17474.397084,5720.033060905317,-642201.7631529998,-0.91462675252422,1380.2400000000052,1314.1914285714302,72.80419030060848,1725.8062475465997,BTCUSDT,0,0,0,0,0,0.0,0.0,0.0,0.0,[],True
2026-04-19,-1.1049383913733748,-0.0252863177373479,-0.0044483084462689,0.0280523324451156,2013.8199999999924,0.6639227510537408,17125.2187125,5874.617480846432,-653571.5854729998,-0.7553772179321385,1889.9700000000007,1325.3492857142878,62.84731410426037,1611.6801971414825,BTCUSDT,0,0,0,0,0,0.0,0.0,0.0,0.0,[],True
2026-04-20,1.0341767727759763,0.0272556618945294,0.0137813145009109,0.0394485127332184,2878.270000000004,1.0073381291091883,16869.618898499997,5756.552133890465,-636578.1751329999,-0.7066818924691879,2039.180000000008,1458.1107142857177,67.11439215619032,1666.5681041216158,BTCUSDT,0,0,0,0,0,0.0,0.0,0.0,0.0,[],True
2026-04-21,0.1667103609619666,0.0065079658193144,0.0157257822540801,0.0450827976226657,3292.9899999999907,0.894884683433709,16664.237969499998,5749.056718993401,-621665.6038129999,-0.706080664561658,495.179999999993,1274.155000000003,62.36654320482421,1730.0807594009675,BTCUSDT,0,0,0,0,0,0.0,0.0,0.0,0.0,[],True
2026-04-22,0.8798110043753594,0.0238446062784453,0.0143532022005397,0.1051335449409947,7437.25,1.1860815973116112,16640.939624,5734.885582974884,-601928.0915629999,-0.7547966573004876,1842.0800000000013,1344.711428571431,68.87898412617467,1907.0719194129776,BTCUSDT,0,0,0,0,0,0.0,0.0,0.0,0.0,[],True
2026-04-23,-0.0648790768396399,0.00101319585892,0.0338969525877057,0.0515935730056669,3839.489999999991,1.0031192889143008,16918.022809,5602.159814665699,-584957.2965529999,-0.7536237115630284,79.25,1299.0835714285734,67.78591721526765,2030.32913116696,BTCUSDT,0,0,0,0,0,0.0,0.0,0.0,0.0,[],True
2026-04-24,-0.5280648618255638,-0.0105380345749075,0.0492581548496318,0.0445907309370976,3305.5800000000017,0.7376515344361388,17183.10416,5240.524053718141,-597632.4397029999,-0.6886940588581756,820.3499999999913,1273.770714285716,62.54551306890285,2038.319492157505,BTCUSDT,0,0,0,0,0,0.0,0.0,0.0,0.0,[],True
2026-04-25,-0.0358704535425615,0.0024231589225083,0.0235233014556643,0.0376287979720355,2815.0099999999948,0.3367821683093689,16880.686494,5723.795481250192,-591947.325503,-0.8020599606591566,187.8699999999953,1281.442857142858,62.76975730482379,2036.337814960265,BTCUSDT,0,0,0,0,0,0.0,0.0,0.0,0.0,[],True
2026-04-26,0.4039929081245765,0.0132140795576038,0.0304102315875245,0.0466142385218464,3503.2600000000093,0.4896198802302045,16264.784053,5994.896845202946,-583983.7638829999,-0.8956734348059605,1032.550000000003,1190.7550000000006,73.74414912027603,2093.9477508888085,BTCUSDT,0,0,0,0,0,0.0,0.0,0.0,0.0,[],True
2026-04-27,-0.8244035804408817,-0.0164874505191099,-0.0103214155654328,0.0038836412705003,299.320000000007,1.01053670692397,15879.605431500002,5730.258075096131,-600030.6880629999,-1.2959931247177698,1286.229999999996,1019.9849999999996,60.340943389223526,2012.615845979395,BTCUSDT,0,0,0,0,0,0.0,0.0,0.0,0.0,[],True
2026-04-28,-0.6827361039841636,-0.0133828375927313,-0.0244667985731202,0.0086008041033793,651.0100000000093,0.8495638340908781,15550.0073095,5682.109327732479,-613241.4118929999,-1.2453538829851054,1028.550000000003,1072.9928571428568,57.35998775121657,1843.908902292751,BTCUSDT,0,0,0,0,0,0.0,0.0,0.0,0.0,[],True
2026-04-29,-0.4381794903220345,-0.0073989261089505,-0.021399682555384,0.0268043634172017,1978.2100000000064,1.1750985466168136,15556.082741,5685.109255326505,-631521.3421129999,-1.187510531586924,562.7700000000041,1064.730714285714,53.25370667163997,1645.8245572129963,BTCUSDT,0,0,0,0,0,0.0,0.0,0.0,0.0,[],True
2026-04-30,0.2243141219293371,0.0074487003761102,-0.0164693075684378,0.006666581400528,505.6000000000058,0.6827203803422683,15206.5419005,5781.633728529617,-621139.5260429999,-1.2180399420405768,566.570000000007,1080.6071428571438,53.94050963413429,1517.0709015839675,BTCUSDT,0,0,0,0,0,0.0,0.0,0.0,0.0,[],True
2026-05-01,0.9603747656384576,0.024384544212578,-0.0054212214847779,0.0248241495019072,1894.9800000000105,1.10863193943059,15618.7679645,5612.58861482765,-603824.0610229999,-1.0172398429529947,1884.5599999999977,1078.239285714286,53.839361127764526,1549.242243736924,BTCUSDT,0,0,0,0,0,0.0,0.0,0.0,0.0,[],True
2026-05-02,0.15447722800297,0.0058084010670789,0.0170028118946399,0.0065059032418617,508.6200000000099,0.4032650680813079,15252.688385,5986.282344528048,-597673.184603,-1.4653337158192394,455.7200000000012,1012.202142857143,60.56780019236703,1593.1462611645984,BTCUSDT,0,0,0,0,0,0.0,0.0,0.0,0.0,[],True
2026-05-03,-0.1839553235116463,-0.0015043045550349,0.0291553476511265,0.0039752110596968,311.09000000001106,0.5152339837403692,14412.4672175,5837.360632934414,-605098.977503,-2.354934594976504,118.27999999999884,885.6528571428571,69.22222025075938,1599.953041073284,BTCUSDT,0,0,0,0,0,0.0,0.0,0.0,0.0,[],True
2026-05-04,0.7178360949190055,0.0163160019963956,0.0538533913961467,0.0313012633603542,2423.87999999999,1.810051373955452,14387.968057,5784.603987712255,-579056.016153,-2.171533477737144,1292.4399999999878,832.3142857142842,67.2498369434623,1690.153531986667,BTCUSDT,0,0,0,0,0,0.0,0.0,0.0,0.0,[],True
2026-05-05,0.5280441678601834,0.0129943054348013,0.0597138810558222,0.0422611272141706,3280.520000000004,1.167637619611411,14514.074971,5812.877512737939,-562108.8362029999,-2.0370234446955537,1044.5100000000093,871.5521428571426,68.72427106647996,1824.885158406134,BTCUSDT,0,0,0,0,0,0.0,0.0,0.0,0.0,[],True
2026-05-06,0.181987092923722,0.0066705706140401,0.0411074210483728,0.0354633471294236,2789.459999999992,1.28762436223821,14599.5792805,5865.084686455023,-543310.0622429999,-1.9483057066850284,541.4899999999907,778.6528571428561,64.99283561168834,1952.8434963882755,BTCUSDT,0,0,0,0,0,0.0,0.0,0.0,0.0,[],True
2026-05-07,-1.063246996527946,-0.0178509928749019,0.016764554687346,0.0340524111518323,2634.679999999993,1.1448983623783815,14110.2511025,5244.440076365979,-559464.865623,-1.902306218199146,1441.0099999999948,875.9214285714271,57.129308727951816,1915.8887640792675,BTCUSDT,0,0,0,0,0,0.0,0.0,0.0,0.0,[],True
2026-05-08,-0.0541613273045156,0.0023367172896862,0.0206774795570288,0.0504356863131898,3850.399999999994,1.1071100586557912,14453.224379,5125.361654669962,-543463.5555329999,-2.01310870226099,187.16999999999825,830.6942857142848,61.84912448451036,1880.03307621232,BTCUSDT,0,0,0,0,0,0.0,0.0,0.0,0.0,[],True
2026-05-09,0.1670154888381161,0.0060325323053357,0.0102351573064252,0.0646397466349959,4898.399999999994,0.5292623809814614,14262.1543515,5314.112717124061,-535915.1337629999,-2.330617302007349,485.2299999999959,851.9342857142848,62.8002830533542,1869.2239409751053,BTCUSDT,0,0,0,0,0,0.0,0.0,0.0,0.0,[],True
2026-05-10,0.8586430269430165,0.0188069191850575,0.0161243633314513,0.0768010927013485,5863.5,0.8587232244996763,14014.1997755,5295.628524304908,-523880.8149429999,-2.403942137395018,1531.6700000000128,887.5857142857141,64.29447457790798,1961.6380493679023,BTCUSDT,0,0,0,0,0,0.0,0.0,0.0,0.0,[],True
2026-05-11,-0.440007288521318,-0.0056652032891695,0.0036666784943977,0.0449248272394888,3514.519999999989,0.9306993645990176,13916.1592375,5296.271849607947,-536832.575503,-2.26499958026293,464.4200000000128,828.885000000001,68.84773779578238,1974.63966649196,BTCUSDT,0,0,0,0,0,0.0,0.0,0.0,0.0,[],True
2026-05-12,-0.9248305363748874,-0.0152998865192237,0.006230407719421,0.0230994124177037,1817.619999999996,0.9142095857549344,13548.596463,5123.2689884106585,-549218.832263,-2.262490117834604,1241.179999999993,844.0728571428574,67.6089234003158,1863.31159254082,BTCUSDT,0,0,0,0,0,0.0,0.0,0.0,0.0,[],True
2026-05-13,-0.8805985643434285,-0.0149029701846675,-0.0109680163535124,0.0094826722695855,745.0399999999936,1.1018928484737294,13440.559534,5069.808551442429,-564028.888693,-2.0578132152046726,1190.8600000000006,888.9364285714286,64.19678090430699,1659.8570435188012,BTCUSDT,0,0,0,0,0,0.0,0.0,0.0,0.0,[],True
2026-05-14,1.0452092476051895,0.0221497849881491,0.0051016133190544,0.0153889864403169,1228.9800000000105,1.4302608608372849,13793.19578,5255.641360848662,-544301.020623,-1.862417556779087,1776.3800000000049,975.3514285714284,67.36890439489942,1623.2451086039073,BTCUSDT,0,0,0,0,0,0.0,0.0,0.0,0.0,[],True
2026-05-15,-1.3498582574888225,-0.0246796610139954,-0.0376700810496816,-0.0221531237918005,-1792.3099999999977,1.2069186821289617,14376.5036095,4946.702817630577,-561652.291413,-1.4924106710979372,1976.7799999999988,981.9385714285714,53.20823094840091,1418.3701726038707,BTCUSDT,0,0,0,0,0,0.0,0.0,0.0,0.0,[],True
2026-05-16,-0.6819457440050106,-0.0122747600818709,-0.0440096812490938,-0.0405043721064775,-3298.959999999992,0.8318743929019551,14584.9686245,4746.003617303625,-573785.153333,-1.4604644426146625,965.1600000000036,1018.327142857143,48.1103462401221,1164.699038443112,BTCUSDT,0,0,0,0,0,0.0,0.0,0.0,0.0,[],True
2026-05-17,-0.5103704764580773,-0.0088735109479428,-0.0378463456749669,-0.031851736119791,-2548.3300000000017,0.5943573612463209,14204.7575255,4923.976621224534,-582227.8555330001,-1.49765345152144,690.3800000000047,1059.191428571429,46.254218177207925,897.6078759132506,BTCUSDT,0,0,0,0,0,0.0,0.0,0.0,0.0,[],True
2026-05-18,-0.3938399287959098,-0.0059018863198046,-0.0291468261247975,-0.0397951596127201,-3191.300000000003,1.2944460476745487,14481.497173,5019.771773646787,-600973.372313,-1.526306771383584,455.8000000000029,999.4314285714302,39.78297660669926,641.7591545475443,BTCUSDT,0,0,0,0,0,0.0,0.0,0.0,0.0,[],True
2026-05-19,-0.2106945331052271,-0.0021777713377916,-0.0524803369688416,-0.0476464580358558,-3844.0399999999936,0.7808669136944868,14118.743651,4992.902913822016,-611998.2320930001,-1.5125876570518142,167.50999999999476,936.788571428572,34.47904085690931,420.6317614029249,BTCUSDT,0,0,0,0,0,0.0,0.0,0.0,0.0,[],True
2026-05-20,0.4126054954937522,0.0092997089153491,-0.0197309652838003,-0.0566577792720528,-4657.840000000011,0.7975071611737775,14164.466001000004,4960.965890932342,-600701.9690230001,-1.460176090090579,717.8699999999953,949.3871428571438,35.3485180665422,299.85626237050747,BTCUSDT,0,0,0,0,0,0.0,0.0,0.0,0.0,[],True
2026-05-21,-0.0713414562387417,0.0008157623412056,-0.0068143734872463,-0.0505241563312541,-4130.12999999999,0.8163418909260497,13864.6056705,4941.69290897714,-589383.7106130001,-1.7322164701675802,63.29000000000815,850.9785714285733,39.96751638869541,206.86319318701865,BTCUSDT,0,0,0,0,0,0.0,0.0,0.0,0.0,[],True
2026-05-22,-1.5872928792851055,-0.0271117089392304,-0.0247641066404398,-0.0616732213751609,-4964.970000000001,0.7982874342210856,14120.6799165,4644.707676801091,-600656.071953,-1.3640756618693417,2076.020000000004,985.8964285714308,33.14199187831238,-33.960472904727794,BTCUSDT,0,0,0,0,0,0.0,0.0,0.0,0.0,[],True
2026-05-23,0.8299536050679047,0.0159238767968549,-0.003244856261283,-0.0322971051248329,-2561.600000000006,1.0402071241943258,14503.7346785,4371.38004109148,-585569.183813,-1.1888518298949888,1212.5099999999948,1037.8450000000023,36.48852051262819,-125.5285249947774,BTCUSDT,0,0,0,0,0,0.0,0.0,0.0,0.0,[],True
2026-05-24,0.1400515157744975,0.0040691275067177,0.0030012614148149,-0.0496365827644077,-4025.029999999999,0.6165260629577083,13621.486689,3639.182240761188,-577171.182253,-1.2921196228959309,312.95000000001164,950.7935714285736,30.673625264910328,-170.87467948134872,BTCUSDT,0,0,0,0,0,0.0,0.0,0.0,0.0,[],True
2026-05-25,0.105453529082739,0.0033299473074173,-0.0029685800137533,-0.0226409723483601,-1791.2000000000116,0.5831031590561164,13157.743790000002,3781.259021097797,-569498.8602829999,-1.3486371335397969,257.0499999999884,935.981428571429,33.120696839223015,-183.9495904952637,BTCUSDT,0,0,0,0,0,0.0,0.0,0.0,0.0,[],True
2026-05-26,-1.1638615228807798,-0.018166654938215,-0.0217161464614294,-0.0283825380159838,-2218.040000000008,1.2975778699979947,13065.4789065,3656.8363056940248,-586452.336573,-1.2303030692608852,1392.0,946.7542857142864,32.74382552117912,-303.1399100589188,BTCUSDT,0,0,0,0,0,0.0,0.0,0.0,0.0,[],True
2026-05-27,-1.3040461576740137,-0.0196936381229792,-0.0144321844862621,-0.0388388909710296,-3008.369999999996,1.2882197159896824,13101.627479,3692.3827971000646,-603330.111403,-1.1649546116344076,1480.709999999992,967.4578571428574,32.04310855917683,-511.1873694314854,BTCUSDT,0,0,0,0,0,0.0,0.0,0.0,0.0,[],True
2026-05-28,-0.7778150495335907,-0.0112354517544058,-0.0408393213415518,-0.0439516598752731,-3384.3600000000006,1.5917397420385029,13365.262987500002,4078.376189907304,-624604.131663,-1.1207752277345662,831.7900000000081,899.9871428571433,20.346877971272576,-734.715636809633,BTCUSDT,0,0,0,0,0,0.0,0.0,0.0,0.0,[],True
2026-05-29,-0.2396988106784668,-0.0021312466894342,-0.0467680772169349,-0.0439071790277162,-3373.5800000000017,1.3422282137686896,13922.1789695,4002.0342012599913,-643290.873073,-1.1360242291795957,156.72999999999593,769.9835714285717,23.782232830570564,-913.9744715154812,BTCUSDT,0,0,0,0,0,0.0,0.0,0.0,0.0,[],True
2026-05-30,0.2372567293073353,0.0057497805427274,-0.0444586218076843,-0.0472952228453004,-3667.8499999999913,0.5487208654356145,13696.233483,4235.010310684293,-635775.463983,-1.337153897849611,423.6000000000058,731.3007142857148,29.177658985310927,-1010.2123109970998,BTCUSDT,0,0,0,0,0,0.0,0.0,0.0,0.0,[],True
2026-05-31,-0.2553723741052549,-0.0028461899181889,-0.029706567930124,-0.0507776022115165,-3941.1300000000047,0.5214564558693291,13397.9683085,4492.441321957675,-642761.921053,-1.2884146385722623,209.99000000000524,696.9871428571433,30.614112578424297,-1090.8512757077842,BTCUSDT,0,0,0,0,0,0.0,0.0,0.0,0.0,[],True
2026-06-01,-1.9143159144443525,-0.0312327375457685,-0.0408385303824214,-0.0546813256640565,-4130.600000000006,1.7117415483409786,13974.710062499998,5060.260546543162,-666683.012893,-0.964481207213538,2265.490000000005,826.2507142857149,25.82465889374637,-1322.3214471967076,BTCUSDT,0,0,0,0,0,0.0,0.0,0.0,0.0,[],True
2026-06-02,-3.8671255906363657,-0.0673059801266161,-0.0931392545061629,-0.1301748319034249,-9991.179999999991,2.2086400063201923,14877.117034,6593.936467637591,-699541.208753,0.4581163585447215,4648.069999999992,1146.2907142857148,18.614512523935915,-1859.3897417000264,BTCUSDT,0,0,1,0,1,0.3491219885007356,0.5,0.1745609942503678,9.295648762696553,"[{""name"": ""volume_spike"", ""value"": 2.2086400063201923, ""threshold"": 1.5, ""triggered"": true, ""z_score"": null}, {""name"": ""large_return"", ""value"": -3.8671255906363657, ""threshold"": 0.05, ""triggered"": true, ""z_score"": null}]",False
2026-06-03,-2.0526120422456438,-0.0400054630037914,-0.1268436028041085,-0.1676794486106267,-12922.210000000006,1.9573329772896555,15397.6389555,7363.048644678837,-729679.515253,0.4066861473230392,2618.0800000000017,1282.020000000001,12.64410851624784,-2467.829804439665,BTCUSDT,0,0,1,0,1,0.3120737180533868,0.5,0.1560368590266934,8.23641923618012,"[{""name"": ""volume_spike"", ""value"": 1.9573329772896555, ""threshold"": 1.5, ""triggered"": true, ""z_score"": null}, {""name"": ""large_return"", ""value"": -2.0526120422456438, ""threshold"": 0.05, ""triggered"": true, ""z_score"": null}]",False
2026-06-04,-0.1713761790484058,-0.0040109797882663,-0.1353248142570866,-0.17376708132652,-13436.019999999997,2.608016476962844,16708.9342015,9695.237385992075,-773256.690963,0.3715896745393326,256.76000000000204,1295.8392857142862,12.160403489189292,-2936.8867219201347,BTCUSDT,0,0,0,0,0,0.0,0.0,0.0,0.0,[],True
2026-06-05,-2.2128753937668755,-0.0453009148713143,-0.1712660260912917,-0.1958848681832123,-14873.539999999994,2.918653522853015,18853.655509,12858.161748319968,-828283.979033,0.7890226558446278,2829.519999999997,1349.6607142857142,11.675473994787056,-3496.6293584427767,BTCUSDT,0,0,0,1,1,0.2999637414818965,0.5,0.14998187074094824,10.032848696077826,"[{""name"": ""volume_spike"", ""value"": 2.918653522853015, ""threshold"": 1.5, ""triggered"": true, ""z_score"": null}, {""name"": ""large_return"", ""value"": -2.2128753937668755, ""threshold"": 0.05, ""triggered"": true, ""z_score"": null}]",False
2026-06-06,-0.0501169032009877,-0.002818575982386,-0.1473805085920662,-0.1822002355965737,-13564.68,1.0192720845479817,19421.2998375,12622.805249909374,-848079.567803,0.8221658486526817,171.84999999999854,1275.3278571428575,5.564955566047743,-3909.035363029529,BTCUSDT,0,1,0,0,1,0.3016289133041296,0.5,0.1508144566520648,7.922100946888981,"[{""name"": ""high_volatility"", ""value"": 0.8221658486526817, ""threshold"": 0.8, ""triggered"": true, ""z_score"": null}, {""name"": ""large_return"", ""value"": -0.0501169032009877, ""threshold"": 0.05, ""triggered"": true, ""z_score"": null}]",False
2026-06-07,2.2097588194174618,0.0394102908722764,-0.0513597569113505,-0.1397154019471725,-10285.499999999993,1.3430533639831592,19814.62922,12722.805597263878,-821467.463373,1.6950394725854137,2447.3899999999994,1427.7878571428566,15.64878335767166,-3992.364678725382,BTCUSDT,1,0,0,0,1,0.31328354254910823,0.5,0.15664177127455411,7.083403479865411,"[{""name"": ""high_volatility"", ""value"": 1.6950394725854137, ""threshold"": 0.8, ""triggered"": true, ""z_score"": null}, {""name"": ""large_return"", ""value"": 2.2097588194174618, ""threshold"": 0.05, ""triggered"": true, ""z_score"": null}]",False
2026-06-08,-0.1077551081716318,-0.0038921721682,-0.0164751277424183,-0.1412289659870206,-10374.79,1.1291792477467202,20416.055543,12568.802419264988,-844520.849613,1.6644634647300751,246.02000000000407,1427.0000000000005,14.370757833616992,-4031.779673316414,BTCUSDT,0,0,0,0,0,0.0,0.0,0.0,0.0,[],True
2026-06-09,-0.9754592311196236,-0.0217286799632316,-0.0337474616891747,-0.1645054069615256,-12154.380000000005,1.0335911922931094,20933.053369,12385.249166363265,-866157.069203,1.5616650403292711,1355.989999999998,1424.4278571428574,14.39670765054042,-4124.88430243115,BTCUSDT,0,0,0,0,0,0.0,0.0,0.0,0.0,[],True
2026-06-10,-0.0481041030653008,-0.0035541783711382,0.0074442561124152,-0.1650967181404555,-12163.4,0.7558302484728924,21167.0762745,12237.349224865377,-882155.7857230001,1.5128679879118128,219.01000000000204,1334.3064285714297,15.369086882484169,-4168.293179345186,BTCUSDT,0,0,0,0,0,0.0,0.0,0.0,0.0,[],True
2026-06-11,1.84883012265488,0.0338061766363807,0.0450256567257871,-0.1089907560542172,-7782.909999999996,0.8094512490370832,21472.5055285,12052.22246382076,-864774.839303,1.977002127835556,2115.0,1425.9642857142862,24.97553034287576,-3986.0831179035295,BTCUSDT,0,0,0,0,0,0.0,0.0,0.0,0.0,[],True
2026-06-12,0.0415252093628066,-0.0007229219062385,0.0039158712947844,-0.0476450038143624,-3180.82,0.7613075465917146,21538.0137415,12019.202943489548,-881171.8917030001,1.7500019703974123,45.979999999995925,1418.053571428572,25.114858143078425,-3801.5684188492087,BTCUSDT,0,0,0,0,0,0.0,0.0,0.0,0.0,[],True
2026-06-13,0.8564249099013522,0.0137148912874207,0.0217484103839855,0.0049149748022965,315.26000000000204,0.4608008959367571,21616.150745,11934.061712343406,-871211.1500730001,1.8290414880848505,878.0,1450.5107142857144,26.790514670941008,-3543.643017381008,BTCUSDT,0,0,0,0,0,0.0,0.0,0.0,0.0,[],True
2026-06-14,1.1595880767709703,0.0197916731525655,0.0650647983152437,0.0291215648376115,1860.4599999999991,0.6030796563094813,21892.686334,11654.760690157034,-858008.1163230002,1.9823006106421857,1288.439999999995,1527.5428571428563,31.464303082448,-3198.3997767163964,BTCUSDT,0,0,0,0,0,0.0,0.0,0.0,0.0,[],True
2026-06-15,0.5622685099557062,0.0088176102228013,0.0783234020457157,0.086350717622555,5272.270000000004,0.8446638533104978,21973.0025705,11624.427100433086,-839448.3153030002,1.9539840032975904,582.2900000000081,1407.3142857142852,37.107763521195416,-2845.010573612032,BTCUSDT,0,0,0,0,0,0.0,0.0,0.0,0.0,[],True
2026-06-16,-0.4128669149947109,-0.0099047995910631,0.0322041354484228,0.0786798045220613,4790.389999999992,0.654729724901762,21844.2167295,11697.883595623163,-853750.3733130002,1.831197406093175,653.7300000000105,1122.0042857142869,46.54374887796454,-2587.8663196286943,BTCUSDT,0,0,0,0,0,0.0,0.0,0.0,0.0,[],True
2026-06-17,-0.804728307586529,-0.01790753821922,0.0146176447597288,0.0185907568700252,1177.3899999999994,0.8764873371527337,21732.948421,11714.164986855714,-872799.0274030002,1.790203185403128,1165.6099999999933,1018.2564285714288,51.28598676028141,-2449.891803606093,BTCUSDT,0,0,0,0,0,0.0,0.0,0.0,0.0,[],True
2026-06-18,-1.1372060802782251,-0.024342953377447,-0.0232709635311422,-0.0020286596120627,-127.97999999999593,0.7824112056180261,21645.391181,11744.63695588524,-889734.6240130002,1.794841710986112,1551.3899999999994,1110.73,47.01618369386416,-2437.630723490321,BTCUSDT,0,0,0,0,0,0.0,0.0,0.0,0.0,[],True
2026-06-19,0.6213862731190349,0.0092631667485294,-0.0335005159974416,0.029384578000972,1813.9100000000035,0.6481407166210571,21981.9919265,11410.062434828744,-875487.2000130002,1.7664714081264643,585.9000000000015,950.471428571429,59.34664001322652,-2353.506735097726,BTCUSDT,0,0,0,0,0,0.0,0.0,0.0,0.0,[],True
2026-06-20,0.787180427675359,0.0117975190981868,-0.0306161401528206,0.0453093016386179,2787.020000000004,0.4306934042922077,22108.774235,11247.60151260236,-865965.0967730002,1.792217092210411,754.0999999999985,992.0607142857148,62.28823840706753,-2200.6209124528323,BTCUSDT,0,0,0,0,0,0.0,0.0,0.0,0.0,[],True
2026-06-21,-0.6781758392628352,-0.0154539553914663,-0.0359805046089828,-0.0049350902044903,-314.0,0.37695846108791,21314.4528095,11666.053831668329,-873999.7601030002,1.6232791264664386,986.020000000004,887.6771428571436,49.91945269676554,-2134.417137874057,BTCUSDT,0,0,0,0,0,0.0,0.0,0.0,0.0,[],True
2026-06-22,0.7898732805094504,0.0111209640477762,-0.0075863362548713,0.0069204141364558,440.0,0.754455609358932,20442.698442,11406.577623547926,-858576.6515930002,0.7401507607919331,708.0200000000041,920.6771428571436,53.62318728141089,-2001.7440137696103,BTCUSDT,0,0,0,0,0,0.0,0.0,0.0,0.0,[],True
2026-06-23,-0.9151091510843732,-0.0202830393828215,-0.0035490321247447,-0.0267374062587412,-1723.4400000000023,1.013839729660696,19946.932763,11176.144781328285,-878799.6445130002,0.4496881467782895,1285.4400000000023,915.6378571428584,53.91830675415186,-1977.5281585451007,BTCUSDT,0,0,0,0,0,0.0,0.0,0.0,0.0,[],True
2026-06-24,-1.241833781643063,-0.0267610792131901,-0.0388065512493644,-0.0710070277558712,-4668.459999999999,1.589384732507512,19301.988249,10056.87120723027,-909477.9299430002,0.622990342516076,1656.5800000000015,1018.3214285714296,48.48139445165363,-2068.1685208786657,BTCUSDT,0,0,0,0,0,0.0,0.0,0.0,0.0,[],True
2026-06-25,-0.915370030712092,-0.021246250672292,-0.070048979742919,-0.0985204905143684,-6534.740000000005,1.6815791043889297,18069.9241925,6231.800016018172,-939863.9368830002,0.2189775959138806,1283.989999999998,958.9635714285724,35.728677314571044,-2218.040730446228,BTCUSDT,0,0,1,0,1,0.3242340038959547,0.5,0.16211700194797735,5.018824517281166,"[{""name"": ""volume_spike"", ""value"": 1.6815791043889297, ""threshold"": 1.5, ""triggered"": true, ""z_score"": null}, {""name"": ""large_return"", ""value"": -0.915370030712092, ""threshold"": 0.05, ""triggered"": true, ""z_score"": null}]",False
2026-06-26,0.503150688829018,0.005059094742014,-0.0507758483029834,-0.0849294122680757,-5577.739999999998,1.485261683553351,18450.3226155,6565.924898144859,-912460.3796530002,0.2353278179317605,303.2699999999968,977.3414285714296,37.27327341373609,-2285.992681184965,BTCUSDT,0,0,0,0,0,0.0,0.0,0.0,0.0,[],True
2026-06-27,0.154061817711311,-0.0011366374290999,-0.0623400402467916,-0.0694534439942086,-4480.4000000000015,0.5447574410356418,17599.078852,6555.686362191161,-922047.608813,-0.3077274535919665,68.2699999999968,919.5035714285722,32.79735571601137,-2318.6262302687537,BTCUSDT,0,0,0,0,0,0.0,0.0,0.0,0.0,[],True
2026-06-28,-0.1978137863259855,-0.0075580173873697,-0.0503320577474269,-0.0537024597823215,-3381.0,0.5273064834689138,16891.766438,6697.8315433399175,-930954.746773,-0.2887246532981811,451.989999999998,859.7571428571438,24.372164897064,-2353.8269170977146,BTCUSDT,0,0,0,1,1,0.3190252693141133,0.5,0.15951263465705665,4.099477489303867,"[{""name"": ""large_return"", ""value"": -0.1978137863259855, ""threshold"": 0.05, ""triggered"": true, ""z_score"": null}]",False
2026-06-29,0.8165668517172007,0.0114022571947225,-0.0133891112002867,-0.0516760772196738,-3283.7000000000044,1.201129999751567,16820.112547499997,6651.911817071571,-910751.6049930002,-0.3470400073589599,683.1999999999971,866.9650000000001,25.000926878742,-2300.0812795181555,BTCUSDT,0,0,0,0,0,0.0,0.0,0.0,0.0,[],True
2026-06-30,-1.245057448343554,-0.0275157385357423,-0.0195553065524969,-0.0882344570228534,-5673.300000000003,1.155136670638667,17002.168115,6678.023281798547,-930391.4328630002,-0.1195172263692785,1635.5,937.091428571428,23.13000408559006,-2362.228358001201,BTCUSDT,0,0,1,0,1,0.3630724109739029,0.5,0.18153620548695146,4.807326000416983,"[{""name"": ""large_return"", ""value"": -1.245057448343554, ""threshold"": 0.05, ""triggered"": true, ""z_score"": null}]",False
2026-07-01,1.5286672121820128,0.0235882021843151,-0.0012191901562249,-0.0519331330447834,-3287.989999999998,1.4431645488075704,17387.793125,6919.366741510882,-905297.9862430004,-0.3317941676818399,1399.2900000000009,953.7828571428572,33.20447301572085,-2272.3748342144027,BTCUSDT,0,0,0,0,0,0.0,0.0,0.0,0.0,[],True
2026-07-02,1.578256796987516,0.0252678267272509,0.0255043395692082,-0.0384256422327956,-2460.010000000002,1.2123424584036744,17637.047586499997,6971.39185314065,-883915.8446130003,-0.0681481552010395,1536.0,952.6835714285714,44.75912778714562,-2053.550850230851,BTCUSDT,0,0,0,0,0,0.0,0.0,0.0,0.0,[],True
2026-07-03,1.0596512560440572,0.0164855212337974,0.0504599005556001,-0.0024119078205205,-151.30999999999767,0.7874347958586021,17841.4598185,6792.095276639495,-869866.8583430003,-0.046860866728388,1023.260000000002,983.9235714285714,46.513049431104186,-1777.0776906969477,BTCUSDT,0,0,0,0,0,0.0,0.0,0.0,0.0,[],True
2026-07-04,0.6632299261032765,0.0089201605697872,0.047855790744838,0.0338259330406911,2066.020000000004,0.5181807577018307,17638.299500999998,6995.850404473385,-860727.0309430003,-0.1709447467062075,560.75,970.1128571428573,45.751598856686776,-1495.4838740741252,BTCUSDT,0,0,0,0,0,0.0,0.0,0.0,0.0,[],True
2026-07-05,0.6195604164193429,0.0079813342291525,0.0857196564383857,0.0644880757266614,3856.0,0.5342258653322834,17168.913329,7241.393496858124,-851554.9533630003,-0.1832005150109413,505.989999999998,935.8249999999996,51.289961874740015,-1217.4555120582445,BTCUSDT,0,0,0,0,0,0.0,0.0,0.0,0.0,[],True
2026-07-06,0.5219378477310939,0.0061401054133939,0.0669402239104357,0.0656394208921635,3944.75,1.2230859644690315,17525.574646999998,7268.376826958571,-830119.6689930003,-0.1931102995883001,392.0199999999968,913.2535714285706,50.08607373167363,-954.4806356975604,BTCUSDT,0,0,0,0,0,0.0,0.0,0.0,0.0,[],True
2026-07-07,-0.3670303251057496,-0.0106437114085373,0.029304580896686,0.0555563144480166,3334.989999999998,0.966658108136838,17414.852354,7260.816831981824,-846953.8772230003,-0.2638445639290752,678.0299999999988,869.8671428571417,52.58422057884045,-791.6567794526054,BTCUSDT,0,0,0,0,0,0.0,0.0,0.0,0.0,[],True
2026-07-08,-0.6859812924769123,-0.017094819742218,-0.0046859176079994,0.0455375320110895,2712.989999999998,1.0640616937395038,17499.077421500002,7264.733899378989,-865573.9751830003,-0.3707624973229347,1073.989999999998,828.2535714285701,55.226185907524886,-740.740917386589,BTCUSDT,0,0,0,0,0,0.0,0.0,0.0,0.0,[],True
2026-07-09,0.9954155253969552,0.0149779728044677,0.0013618077154111,0.0492827688453128,2969.790000000001,0.9500086525024206,17623.8465575,7227.280782239974,-848831.1684630003,-0.3356268600692724,940.0,803.6828571428559,65.26899381063606,-617.4223255412799,BTCUSDT,0,0,0,0,0,0.0,0.0,0.0,0.0,[],True
2026-07-10,0.9840692989196071,0.0146278991084595,0.0080395915161037,0.0944483989771549,5537.010000000002,0.9756928172889624,18027.1914565,6971.926373774334,-831242.1672430004,-0.3286485946305176,931.7200000000012,848.572142857142,67.10625664456515,-439.44380115489184,BTCUSDT,0,0,0,0,0,0.0,0.0,0.0,0.0,[],True
2026-07-11,-0.0773721186267295,-0.0053558195209024,-0.0034824010860369,0.0632247101159535,3795.0,0.5061076961137353,18083.057006,6891.657166588353,-840394.1415630004,-0.4247094794379603,342.7200000000012,868.1757142857138,65.59098470849383,-322.333517933017,BTCUSDT,0,0,0,0,0,0.0,0.0,0.0,0.0,[],True
2026-07-12,0.1587483774793506,-0.0006112900761674,0.0065654009477622,0.0360623781676412,2220.0,0.7727183783122344,18007.643432,6930.439414784862,-854308.9785930004,-0.4908579941306735,39.0,838.6764285714281,67.8980570575916,-230.0182417001197,BTCUSDT,0,0,0,0,0,0.0,0.0,0.0,0.0,[],True
2026-07-13,-0.9975332093540866,-0.0229242961434892,0.0007147214641194,-0.0039745452697734,-248.74000000000524,1.1992123817393523,18080.618888,6962.603578552271,-875991.4806330005,-0.4688226295857188,1445.4800000000032,893.125,58.29475157452764,-270.37911369200447,BTCUSDT,0,0,0,0,0,0.0,0.0,0.0,0.0,[],True
2026-07-14,2.492304531116185,0.0425482910408419,0.0286885971848807,0.0300894732532823,1899.9700000000007,1.1694567773853384,17574.3253085,6338.524763853748,-855439.0667930004,-0.1342306774872609,2709.4600000000064,969.836428571429,73.63900098028313,-82.78037677748216,BTCUSDT,0,0,0,0,0,0.0,0.0,0.0,0.0,[],True
2026-07-15,-0.0683956962808996,-0.004432972185701,0.0092665844992934,0.0173806755695207,1106.2799999999988,1.0840511049182917,16975.119832,5585.346301060678,-873840.9642030004,-0.3420172181799042,287.7000000000044,890.4371428571436,68.98056492316773,42.19162937238434,BTCUSDT,0,0,0,0,0,0.0,0.0,0.0,0.0,[],True
2026-07-16,-0.572323726033355,-0.0144042517076171,0.0001754963255455,-0.0033075159090859,-211.8199999999997,1.134276484309069,16543.16831,5044.245293833378,-892605.4909930005,-0.2380537972001862,926.0800000000016,846.8714285714294,59.57389382770194,65.74802587872546,BTCUSDT,0,0,0,0,0,0.0,0.0,0.0,0.0,[],True
2026-07-17,0.2317834965997183,0.0015884241727964,0.0023780181875194,0.008959031778144,567.6800000000003,1.071676823755651,16973.3015465,4779.727611471113,-874415.5971030005,-0.2589422625210715,101.47000000000116,781.0292857142865,56.16590195538668,91.54909976969066,BTCUSDT,0,0,0,0,0,0.0,0.0,0.0,0.0,[],True
2026-07-18,0.1882953915916048,0.000849296387459,0.0264936667515849,0.0272273238079947,1695.989999999998,0.1246333132656534,16631.587139000003,5566.323633096736,-872342.7472930005,-0.3175637252616061,54.31999999999971,744.8557142857151,54.0371193653996,115.05354113988142,BTCUSDT,0,0,0,0,0,0.0,0.0,0.0,0.0,[],True
2025-08-18,-1.1494332901249646,-0.0522451366332068,-0.0906788661057103,-0.0337254221103346,-0.0077699999999999,1.3330287671270142,1370643857.85,589818165.8297269,8526164689.0,-0.7424287478118102,0.0119399999999999,0.009645,54.52862326890322,0.0045772129736376,DOGEUSDT,0,0,0,0,0,0.0,0.0,0.0,0.0,[],True
2025-08-19,-1.2649363737461272,-0.06107672741466,-0.0642927352336698,-0.1271931652427589,-0.0305199999999999,1.284670069174776,1399654513.75,596144142.8971914,6728070428.0,-0.2694623472022605,0.01319,0.0098314285714285,53.494623655913976,0.002779478175125,DOGEUSDT,0,0,0,0,0,0.0,0.0,0.0,0.0,[],True
2025-08-20,1.278280418449433,0.0568904549554419,-0.0313291968889277,-0.0519991447509087,-0.01216,1.4372736985631094,1462565655.45,600778963.6031321,8830177577.0,-0.1271578852831298,0.0122599999999999,0.0103192857142857,55.693223506610366,0.0023173272284256,DOGEUSDT,0,0,0,0,0,0.0,0.0,0.0,0.0,[],True
2025-08-21,-0.6555178781458556,-0.0318985846268209,-0.0710361237291801,-0.0330526410591254,-0.0073399999999999,0.6951846042546719,1414925485.95,598999187.4574354,7846543163.0,-0.2464765530371099,0.0069599999999999,0.0095992857142857,47.19101123595505,0.0013736211906591,DOGEUSDT,0,0,0,0,0,0.0,0.0,0.0,0.0,[],True
2025-08-22,2.544560338805209,0.1135049709034297,0.0254945429740791,0.0200152658807564,0.00472,1.6790359231362637,1471448530.05,643272589.9176435,10317158104.0,1.0247806239109014,0.02581,0.0108635714285714,53.33684002893024,0.0026775139395241,DOGEUSDT,0,0,0,0,0,0.0,0.0,0.0,0.0,[],True
2025-08-23,-0.406407427732337,-0.0177418934991279,0.0614949240858861,-0.034760232007189,-0.00851,0.92034423638914,1503451739.35,620682495.4405272,8933464961.0,0.98318055338396,0.00423,0.0104828571428571,48.75988007631507,0.0033311334557057,DOGEUSDT,0,0,0,0,0,0.0,0.0,0.0,0.0,[],True
2025-08-24,-0.4248976877958205,-0.0191832939227436,0.1069092298142577,0.0357430077741043,0.008,1.1415482271173183,1540553776.2,612166900.0931815,7174848529.0,0.7018969902210171,0.0044899999999999,0.0103678571428571,49.30072338959697,0.0034470902452417,DOGEUSDT,0,0,0,0,0,0.0,0.0,0.0,0.0,[],True
2025-08-25,-1.9225737091160835,-0.1005217348438272,-0.0543100726239342,-0.0839377785545748,-0.01921,1.3431358044424906,1606221250.2,603903350.7491955,5017475258.0,1.6340066774308544,0.0221699999999999,0.01111,46.00745788864601,0.0017301094935079,DOGEUSDT,0,0,1,0,1,0.4144265360014944,0.5,0.2072132680007472,6.352527959034751,"[{""name"": ""high_volatility"", ""value"": 1.6340066774308544, ""threshold"": 0.8, ""triggered"": true, ""z_score"": null}, {""name"": ""large_return"", ""value"": -1.9225737091160835, ""threshold"": 0.05, ""triggered"": true, ""z_score"": null}]",False
2025-08-26,0.8085641605783896,0.040842981659909,0.0170446607367391,-0.0552022496214579,-0.0127599999999999,0.7701172964628019,1638049425.45,564983731.2805568,6278965453.0,1.6420754255729424,0.0087399999999999,0.0107521428571428,44.21045638743107,0.001062388283534,DOGEUSDT,0,0,0,0,0,0.0,0.0,0.0,0.0,[],True
2025-08-27,0.0432556615775635,0.0024239109990365,-0.0898811008564064,-0.0666780354706684,-0.0156399999999999,0.7855939203451215,1646582413.0,558039740.8006587,7572510586.0,0.7296464297851377,0.00053,0.0101471428571428,40.8841334647332,0.0005694170986993,DOGEUSDT,0,0,0,0,0,0.0,0.0,0.0,0.0,[],True
2025-08-28,0.4750359208560977,0.0245901085959685,-0.0505268503237271,0.0078609289372024,0.00175,0.5862771661781919,1634163694.7,570964125.7233195,8530583446.0,0.6193300396242076,0.00545,0.0090364285714285,50.21737412062289,0.000611454864442,DOGEUSDT,0,0,0,0,0,0.0,0.0,0.0,0.0,[],True
2025-08-29,-0.9290347273706137,-0.0477411090579721,-0.0772582175826072,0.0213913956930715,0.0044799999999999,0.8728118976316567,1632398460.5,571584895.3426001,7105806648.0,0.615599743878939,0.01046,0.0094235714285714,44.33411657697263,-0.0001969936651263,DOGEUSDT,0,0,0,0,0,0.0,0.0,0.0,0.0,[],True
2025-08-30,0.1958159669864151,0.0094915335929964,0.0300500834724541,-0.0258920113672245,-0.0057399999999999,0.3358266285676846,1604291158.5,611522383.7213166,7644570339.0,0.5606095616725765,0.00204,0.0094057142857142,44.22843256379102,-0.0006654135254421,DOGEUSDT,0,0,0,0,0,0.0,0.0,0.0,0.0,[],True
2025-08-31,-0.2025442624855588,-0.0104269436046102,-0.0214295526351938,-0.0047501513528617,-0.0010199999999999,0.3153441740037037,1556911798.2,659839143.7308648,7153607274.0,0.2337865564498801,0.0022399999999999,0.0093221428571428,42.01210635200369,-0.001203515541069,DOGEUSDT,0,0,0,0,0,0.0,0.0,0.0,0.0,[],True
2025-09-01,-0.2714834345646517,-0.0140422625929784,-0.0374109263657956,-0.1239294919763864,-0.02981,0.9734546723058742,1564080795.25,658584219.3300344,5631045516.0,-0.3460867310556259,0.00298,0.0086821428571428,45.1090086384204,-0.0018491109602517,DOGEUSDT,0,0,0,0,0,0.0,0.0,0.0,0.0,[],True
2025-09-02,0.4209028182920381,0.0195485760853479,-0.042251637919508,-0.0906436460581439,-0.0214199999999999,0.6828198092588257,1510443138.9,655966374.4459453,6662406012.0,-0.5265316488006448,0.0041599999999999,0.0080371428571428,52.42623533594027,-0.0020019949956769,DOGEUSDT,0,0,0,0,0,0.0,0.0,0.0,0.0,[],True
2025-09-03,0.5265264013322103,0.0248639845138278,0.0298723762329953,-0.0496937278923302,-0.01152,0.593555002210352,1389769423.1,531556996.1168907,7487310605.0,-1.4849403407359782,0.0054099999999999,0.0075478571428571,49.34229204126053,-0.0016673942257602,DOGEUSDT,0,0,0,0,0,0.0,0.0,0.0,0.0,[],True
2025-09-04,-0.7566753013244814,-0.0364718845695038,-0.0163926834915489,0.0131647984736464,0.0027599999999999,0.5147515374742581,1339428450.05,548408160.1554922,6797837751.0,-1.3213181201629176,0.00789,0.0076142857142857,48.91181988742964,-0.0020156426912013,DOGEUSDT,0,0,0,0,0,0.0,0.0,0.0,0.0,[],True
2025-09-05,0.5528434566301089,0.0254260832766802,0.0195124233774739,-0.0023352717615275,-0.00051,0.8746910616083861,1345187762.45,545934336.3830283,7974461463.0,-1.1749435906119152,0.00547,0.0061614285714285,36.86529098075586,-0.0018291633670746,DOGEUSDT,0,0,0,0,0,0.0,0.0,0.0,0.0,[],True
2025-09-06,-0.1905594912766249,-0.0088975531087635,0.0247710340245812,-0.0135665996711127,-0.00297,0.3689953747732453,1308836554.65,578636236.3868502,7491506828.0,-1.1795894706093932,0.0019299999999999,0.0059971428571428,37.87517865650311,-0.0018161762798861,DOGEUSDT,0,0,0,0,0,0.0,0.0,0.0,0.0,[],True
2025-09-07,1.2775062104618835,0.0576702326209818,0.0645911861882824,0.0196104648571555,0.0043999999999999,0.6995258465815953,1261607523.6,572625585.5682513,8374033899.0,-0.9900742250635122,0.0128199999999999,0.0065921428571428,48.34759995665836,-0.0007626259833152,DOGEUSDT,0,0,0,0,0,0.0,0.0,0.0,0.0,[],True
2025-09-08,1.1709377173360478,0.0547318832428485,0.0968679073990013,0.1296339582067225,0.02773,1.3406372390247925,1255887272.85,567533059.5195808,10057723145.0,-1.2109125089599544,0.0128699999999999,0.0059278571428571,69.27340643451016,0.0010981627217851,DOGEUSDT,0,0,0,0,0,0.0,0.0,0.0,0.0,[],True
2025-09-09,-0.1452032113293924,-0.0041885312235975,0.1328562685372629,0.1142857142857143,0.02468,1.5493808514386496,1247418209.8,555374204.3785678,8124997257.0,-1.5831236970759794,0.0010099999999999,0.0053757142857142,64.77544512357161,0.0024629611349346,DOGEUSDT,0,0,0,0,0,0.0,0.0,0.0,0.0,[],True
2025-09-10,0.3687413788143067,0.0194660357590531,0.1261244721865246,0.1480978896635627,0.0316499999999999,1.0622177851467094,1265445420.7,552203753.0427,9469175889.0,-1.7191143646501337,0.0047299999999999,0.0056757142857142,66.63730178706267,0.0038815016451237,DOGEUSDT,0,0,0,0,0,0.0,0.0,0.0,0.0,[],True
2025-09-11,0.8814126512952118,0.0425681053076476,0.1855985181755035,0.2149670194087218,0.0452999999999999,1.4315935946942977,1229954416.9,489972930.7726025,11229970754.0,-3.646393778014479,0.0106699999999999,0.0060485714285714,68.69390647142181,0.0057998282369229,DOGEUSDT,0,0,0,0,0,0.0,0.0,0.0,0.0,[],True
2025-09-12,1.5729831216229275,0.0732930034793255,0.2042662936573851,0.2820512820512821,0.06061,1.6465111959880645,1264903661.8,525180118.16106623,13312648795.0,-2.464800183282509,0.01947,0.0066921428571428,82.86903618315723,0.0087898581508746,DOGEUSDT,1,0,0,0,1,0.27183133917858227,0.5,0.13591566958929113,6.106108070761705,"[{""name"": ""volume_spike"", ""value"": 1.6465111959880645, ""threshold"": 1.5, ""triggered"": true, ""z_score"": null}, {""name"": ""large_return"", ""value"": 1.5729831216229275, ""threshold"": 0.05, ""triggered"": true, ""z_score"": null}]",False
2025-09-13,0.9649630702402072,0.0491530747159663,0.197566628041715,0.3135724012709941,0.06908,2.9145963039752245,1377752450.15,804863738.7881716,17328240994.0,-2.177675305929756,0.01388,0.0075378571428571,84.79105467639535,0.0121395413239038,DOGEUSDT,0,0,1,0,1,0.29333758853807473,1.0,0.29333758853807473,7.49149397718599,"[{""name"": ""volume_spike"", ""value"": 2.9145963039752245, ""threshold"": 1.5, ""triggered"": true, ""z_score"": null}, {""name"": ""large_return"", ""value"": 0.9649630702402072, ""threshold"": 0.05, ""triggered"": true, ""z_score"": null}]",False
2025-09-14,-0.982255422300665,-0.040263484862809,0.1551344387649087,0.3086012899580999,0.06555,1.74530442996825,1391295496.25,820793650.2046894,14900006801.0,-3.430988873630061,0.01142,0.0081935714285714,78.00540493418183,0.0137145974700218,DOGEUSDT,0,0,1,0,1,0.404952329293775,1.0,0.404952329293775,6.876405555741681,"[{""name"": ""volume_spike"", ""value"": 1.74530442996825, ""threshold"": 1.5, ""triggered"": true, ""z_score"": null}, {""name"": ""large_return"", ""value"": -0.982255422300665, ""threshold"": 0.05, ""triggered"": true, ""z_score"": null}]",True
2025-09-15,-0.8604638293154284,-0.0353341899983495,0.0935360286925335,0.2314576831283274,0.05043,1.7304678046775246,1454028458.2,857477346.1131905,12383857367.0,-2.8255331283585594,0.0096499999999999,0.00867,73.71889932443565,0.0140225235392593,DOGEUSDT,0,0,1,0,1,0.3897392936991357,0.5,0.19486964684956784,6.2266362352804405,"[{""name"": ""volume_spike"", ""value"": 1.7304678046775246, ""threshold"": 1.5, ""triggered"": true, ""z_score"": null}, {""name"": ""large_return"", ""value"": -0.8604638293154284, ""threshold"": 0.05, ""triggered"": true, ""z_score"": null}]",False
2025-09-16,0.0336971816687029,0.006093728216519,0.0543686286763271,0.2500578837693912,0.054,1.2483721089250437,1481845959.85,861014085.9403213,14233752533.0,-2.596743590575604,0.00164,0.00849,73.16170284368164,0.0142348015303797,DOGEUSDT,0,0,1,0,1,0.31970531253911616,1.0,0.31970531253911616,5.952911359402283,[],False
2025-09-17,0.91649416112518,0.0456541607512989,0.0256261343012702,0.2351269834331424,0.0537899999999999,1.3098438857598975,1534435890.3,859458781.0470033,16243624002.0,-2.276268639333253,0.0126099999999999,0.0090042857142857,74.69458987783594,0.0152448221612532,DOGEUSDT,0,0,0,1,1,0.26728701611141487,1.0,0.26728701611141487,6.015566157231508,"[{""name"": ""large_return"", ""value"": 0.91649416112518, ""threshold"": 0.05, ""triggered"": true, ""z_score"": null}]",False
2025-09-18,-0.4254689355516566,-0.0142215431313934,-0.0373557260349715,0.1528306571759641,0.0369299999999999,1.1292985231280424,1550760635.15,860366544.7092791,14492352307.0,-2.4982937348256065,0.0039899999999999,0.0087257142857142,77.079240340537,0.0155441281009832,DOGEUSDT,0,0,1,0,1,0.31370806212648705,1.0,0.31370806212648705,6.094892298638262,"[{""name"": ""large_return"", ""value"": -0.4254689355516566, ""threshold"": 0.05, ""triggered"": true, ""z_score"": null}]",False
2025-09-19,-1.1593312839395822,-0.0489211990670846,-0.0456540509425815,0.1023978722520051,0.0246399999999999,0.900218531671707,1595643859.2,827584476.6860662,13055924135.0,-1.90919525904701,0.0132999999999999,0.0092849999999999,68.22832525578892,0.0145405173346635,DOGEUSDT,0,0,1,0,1,0.3594581881400452,0.5,0.1797290940700226,6.070290226037082,"[{""name"": ""large_return"", ""value"": -1.1593312839395822, ""threshold"": 0.05, ""triggered"": true, ""z_score"": null}]",False
2025-09-20,0.1032078977396054,0.0087077831309372,-0.002683463158287,0.0906015650472775,0.02223,0.4424229892178331,1606636348.75,813479039.4738511,13766736991.0,-1.8807940717190057,0.0023199999999999,0.0093128571428571,69.80365086669735,0.013773579927038,DOGEUSDT,0,0,0,1,1,0.30251110568290923,0.5,0.15125555284145462,5.405669180661527,"[{""name"": ""large_return"", ""value"": 0.1032078977396054, ""threshold"": 0.05, ""triggered"": true, ""z_score"": null}]",False
2025-09-21,-0.6570583384874146,-0.0259322161134214,-0.0341174291535469,0.0183962816857401,0.00471,0.4534099546400212,1566010498.3,837823419.7528064,13056692242.0,-1.7246614576718535,0.0068499999999999,0.0088864285714285,62.84864560726631,0.0124693004204705,DOGEUSDT,0,0,0,0,0,0.0,0.0,0.0,0.0,[],True
2025-09-22,-1.743620066623203,-0.077814362079536,-0.1463052095130237,-0.1244283121597097,-0.03428,1.7923629650143669,1663524454.7,884515607.3644456,10075052618.0,-0.972819908212074,0.01952,0.0093614285714285,49.83976804517015,0.0097481777253482,DOGEUSDT,0,0,1,0,1,0.3456280478007768,0.5,0.1728140239003884,7.273389916321771,"[{""name"": ""volume_spike"", ""value"": 1.7923629650143669, ""threshold"": 1.5, ""triggered"": true, ""z_score"": null}, {""name"": ""large_return"", ""value"": -1.743620066623203, ""threshold"": 0.05, ""triggered"": true, ""z_score"": null}]",False
2025-09-23,-0.421467896672093,-0.0172695642701031,-0.1489033277093728,-0.1806966618287373,-0.05229,0.8434326731538303,1693705555.25,864465520.1349709,8646526014.0,-0.9438323908229392,0.0041299999999999,0.0095842857142857,48.680876434640034,0.0071756949559464,DOGEUSDT,0,1,0,0,1,0.303191469323776,0.5,0.151595734661888,6.369213820089013,"[{""name"": ""large_return"", ""value"": -0.421467896672093, ""threshold"": 0.05, ""triggered"": true, ""z_score"": null}]",False
2025-09-24,0.3288044312412777,0.0166475318628937,-0.0912278056319976,-0.132716937688876,-0.0368899999999999,0.966859858338781,1743518831.05,831633300.4966693,10332264384.0,-1.082428855518026,0.00398,0.0095307142857142,48.3924154987634,0.005395935578712,DOGEUSDT,0,0,0,0,0,0.0,0.0,0.0,0.0,[],True
2025-09-25,-1.7160052448923149,-0.0782743850465516,-0.1669344893306924,-0.1691699899370131,-0.0453899999999999,1.247316241289192,1796742980.5,827495663.6563063,8091157683.0,-0.5135034613384862,0.01815,0.010065,38.2513661202186,0.0024921818150245,DOGEUSDT,0,0,1,0,1,0.3378136793637643,0.5,0.16890683968188214,7.406097108797016,"[{""name"": ""large_return"", ""value"": -1.7160052448923149, ""threshold"": 0.05, ""triggered"": true, ""z_score"": null}]",False
2025-09-26,0.9146934086218272,0.0418191645055692,-0.1085372401626141,-0.1389516577143915,-0.03751,0.7734691946667123,1843905452.0,773815076.8755497,9517361748.0,-0.3845093725948672,0.00952,0.0093542857142857,33.55986560781918,0.0009481903270639,DOGEUSDT,0,0,0,0,0,0.0,0.0,0.0,0.0,[],True
2025-09-27,-0.1894738143457492,-0.007210583690417,-0.0433214492993947,-0.1832885050962627,-0.0517899999999999,0.3099725199670508,1828112327.7,797334806.3912334,8950697163.0,-0.6576599420992258,0.00167,0.0084821428571428,25.32210526315788,-0.000405514574638,DOGEUSDT,0,0,0,0,0,0.0,0.0,0.0,0.0,[],True
2025-09-28,0.5897988034328583,0.0281143014808392,0.0010966299717407,-0.1479699895896901,-0.0412199999999999,0.3549630705111888,1775438622.65,840980703.3863237,9580912308.0,-0.8515876690743102,0.00658,0.0081364285714285,32.17452374681767,-0.0009365880494799,DOGEUSDT,0,0,0,0,0,0.0,0.0,0.0,0.0,[],True
2025-09-29,-0.2865245569213248,-0.010886939546951,-0.0260920064711495,-0.1149394956082482,-0.03049,0.5607841549277728,1727232560.85,858931025.0588171,8612307656.0,-0.8166030021885305,0.00257,0.0076307142857142,34.30684264719648,-0.0015470121331939,DOGEUSDT,0,0,0,0,0,0.0,0.0,0.0,0.0,[],True
2025-09-30,-0.23733662809646,-0.007910926207113,0.0449040014354924,-0.1295265144437385,-0.0346599999999999,0.448165653669837,1698074564.1,882201873.101207,7851288959.0,-0.8268529268754274,0.0018499999999999,0.0076457142857142,32.707399103139,-0.0021552132001129,DOGEUSDT,0,0,0,0,0,0.0,0.0,0.0,0.0,[],True
2025-10-01,1.4607437609848546,0.0669558520497394,0.0715023231801754,-0.0447955818056302,-0.01168,0.7042269908759619,1668795357.5,889696283.6037264,9026499692.0,-0.5232711186939263,0.01613,0.0078971428571428,34.84985528219973,-0.0013204395266151,DOGEUSDT,0,0,0,0,0,0.0,0.0,0.0,0.0,[],True
2025-10-02,1.0273409160545808,0.0506506724680944,0.1353295489015036,0.0861454274106625,0.02078,0.8485926252340689,1633991095.1,886261893.7570975,10413092485.0,-0.7957567982925965,0.01294,0.0085364285714285,43.067525730064446,0.0003808838873972,DOGEUSDT,0,0,0,1,1,0.28861935238611425,0.5,0.14430967619305712,4.958809345791402,"[{""name"": ""large_return"", ""value"": 1.0273409160545808, ""threshold"": 0.05, ""triggered"": true, ""z_score"": null}]",False
2025-10-03,-0.4438451448500766,-0.0146487557654926,0.0878028228354748,0.0889957400143404,0.0210999999999999,0.9196308221592456,1502289050.9,687043099.7643564,9031541170.0,-1.0414512659350197,0.00381,0.0078585714285714,46.78240319941827,0.0014055574010833,DOGEUSDT,0,0,0,0,0,0.0,0.0,0.0,0.0,[],True
2025-10-04,-0.7309404851560547,-0.0288804623207841,0.068404463753301,0.0405276475712448,0.00977,0.6213535432330776,1425153551.7,663823175.4502088,8146016961.0,-1.0761539267387272,0.0073499999999999,0.0082178571428571,42.72055627987832,0.0016060217505401,DOGEUSDT,0,0,0,0,0,0.0,0.0,0.0,0.0,[],True
2025-10-05,0.0716729740576317,0.0079415919292778,0.085476323358949,0.1342185537412525,0.02992,1.0598384257468725,1372053849.6,612447225.7098538,9600172353.0,-1.1331871324019651,0.002,0.0078714285714285,46.41560798548094,0.0019043226311626,DOGEUSDT,0,0,0,0,0,0.0,0.0,0.0,0.0,[],True
2025-10-06,1.0716022993756082,0.0508522067730817,0.0681361920822292,0.1445104112889346,0.0335899999999999,1.119574671245398,1355434603.85,603238703.5510732,11117682604.0,-0.8085620796454717,0.0131899999999999,0.0074192857142857,61.94281313179936,0.0031685261971071,DOGEUSDT,0,0,0,0,0,0.0,0.0,0.0,0.0,[],True
2025-10-07,-1.7396716921999449,-0.0749497583521421,-0.0579389312977098,0.0695497681674395,0.01605,1.3649568817907305,1346861418.5,594605008.5057672,9279274842.0,-0.5437455357922072,0.0192099999999999,0.0084964285714285,54.08995376208492,0.0025904688633359,DOGEUSDT,0,0,0,0,0,0.0,0.0,0.0,0.0,[],True
2025-10-08,0.7527384626394389,0.0351108787570433,-0.0098764475773655,0.07705919528123,0.0182899999999999,0.964851879883696,1323129009.35,587038434.7478167,10555898354.0,-0.3627377902674589,0.0088199999999999,0.0088421428571428,55.88496647548267,0.0028116436717677,DOGEUSDT,0,0,0,0,0,0.0,0.0,0.0,0.0,[],True
2025-10-09,-0.6732419262567219,-0.0283676015037985,-0.0093685217668634,0.0583950932788142,0.01371,1.0705894139878362,1322077721.4,586843650.3958701,9140495941.0,-0.4903163611873246,0.0071499999999999,0.0080564285714285,61.335224753967545,0.0023825168843936,DOGEUSDT,0,0,0,0,0,0.0,0.0,0.0,0.0,[],True
2025-10-10,-5.008271351628892,-0.250176771730445,-0.2347334282550229,-0.1693212553127548,-0.03944,3.797421647056016,1588064628.45,1190409462.6621337,3109944944.0,3.1638761110096727,0.0549999999999999,0.0113049999999999,37.69507803121248,-0.0023683091385849,DOGEUSDT,0,0,1,0,1,0.40334195084631125,1.0,0.40334195084631125,13.562756671186634,"[{""name"": ""volume_spike"", ""value"": 3.797421647056016, ""threshold"": 1.5, ""triggered"": true, ""z_score"": null}, {""name"": ""high_volatility"", ""value"": 3.1638761110096727, ""threshold"": 0.8, ""triggered"": true, ""z_score"": null}, {""name"": ""large_return"", ""value"": -5.008271351628892, ""threshold"": 0.05, ""triggered"": true, ""z_score"": null}]",True
2025-10-11,-0.7895866222551622,-0.043411610985916,-0.3035747847987069,-0.2561230225648438,-0.06379,2.755067962663192,1800601344.95,1388396762.3835015,-1850834135.0,2.9357130154071323,0.00822,0.0117728571428571,36.197063463171936,-0.006719203496889,DOGEUSDT,0,1,0,0,1,0.3205022815239395,1.0,0.3205022815239395,10.043586536748952,"[{""name"": ""volume_spike"", ""value"": 2.755067962663192, ""threshold"": 1.5, ""triggered"": true, ""z_score"": null}, {""name"": ""high_volatility"", ""value"": 2.9357130154071323, ""threshold"": 0.8, ""triggered"": true, ""z_score"": null}, {""name"": ""large_return"", ""value"": -0.7895866222551622, ""threshold"": 0.05, ""triggered"": true, ""z_score"": null}]",False
2025-10-12,2.308467663665675,0.111725491695876,-0.1606433838424763,-0.2092748091603054,-0.05483,1.8119001475001648,1816043871.7,1403855849.0840828,1439656024.0,3.376011280439036,0.0219,0.0128671428571428,41.623181969579214,-0.0083044431964505,DOGEUSDT,1,0,0,0,1,0.36250778093475977,1.0,0.36250778093475977,8.019405697659424,"[{""name"": ""volume_spike"", ""value"": 1.8119001475001648, ""threshold"": 1.5, ""triggered"": true, ""z_score"": null}, {""name"": ""high_volatility"", ""value"": 3.376011280439036, ""threshold"": 0.8, ""triggered"": true, ""z_score"": null}, {""name"": ""large_return"", ""value"": 2.308467663665675, ""threshold"": 0.05, ""triggered"": true, ""z_score"": null}]",False
2025-10-13,0.6118861989614021,0.0315012863331473,-0.1636676576435611,-0.1719276501800999,-0.0443899999999999,1.409690392466918,1876910689.85,1412533154.939603,4085518991.0,3.096306952287678,0.0066299999999999,0.0131571428571428,44.30510314875135,-0.0089229136938682,DOGEUSDT,0,1,0,0,1,0.32601653274499987,1.0,0.32601653274499987,7.764762051513123,"[{""name"": ""high_volatility"", ""value"": 3.096306952287678, ""threshold"": 0.8, ""triggered"": true, ""z_score"": null}, {""name"": ""large_return"", ""value"": 0.6118861989614021, ""threshold"": 0.05, ""triggered"": true, ""z_score"": null}]",False
2025-10-14,-0.8393229676757031,-0.0451089220705001,-0.1775524165962413,-0.1852575346834636,-0.04647,1.4399606888091243,1931702558.7,1425917569.666317,1303943244.0,2.886230521824161,0.0094299999999999,0.0136985714285714,42.553968088434665,-0.0100580354374989,DOGEUSDT,0,0,0,1,1,0.292423953639439,1.0,0.292423953639439,8.635071535112335,"[{""name"": ""high_volatility"", ""value"": 2.886230521824161, ""threshold"": 0.8, ""triggered"": true, ""z_score"": null}, {""name"": ""large_return"", ""value"": -0.8393229676757031, ""threshold"": 0.05, ""triggered"": true, ""z_score"": null}]",False
2025-10-15,-0.7370490893746504,-0.0407465622884344,0.0140575740348338,-0.2239756367663344,-0.05663,0.7185856282124303,1887462391.05,1429534095.5030107,-52360104.0,2.505709570616681,0.00816,0.0131292857142857,35.62374190740438,-0.0114836945194033,DOGEUSDT,0,0,1,0,1,0.3486518074008053,1.0,0.3486518074008053,7.55931160449259,"[{""name"": ""high_volatility"", ""value"": 2.505709570616681, ""threshold"": 0.8, ""triggered"": true, ""z_score"": null}, {""name"": ""large_return"", ""value"": -0.7370490893746504, ""threshold"": 0.05, ""triggered"": true, ""z_score"": null}]",False
2025-10-16,-0.7067855026155212,-0.0400875073439447,0.0174340152210288,-0.2914332969965792,-0.0775299999999999,0.9961151136556587,1911348336.05,1425406457.52047,-1956283069.0,2.29629980274545,0.0077099999999999,0.0127557142857142,29.420987792585947,-0.0130848383069991,DOGEUSDT,0,0,1,0,1,0.34619088396430325,1.0,0.34619088396430325,7.794595697686098,"[{""name"": ""high_volatility"", ""value"": 2.29629980274545, ""threshold"": 0.8, ""triggered"": true, ""z_score"": null}, {""name"": ""large_return"", ""value"": -0.7067855026155212, ""threshold"": 0.05, ""triggered"": true, ""z_score"": null}]",False
2025-10-17,-0.3335002297381053,-0.0203651196828712,-0.1084616498527778,-0.2516813872457661,-0.06212,0.9127886187474776,1973064654.85,1390412927.93952,-3757274030.0,2.169737648860416,0.0037999999999999,0.0127549999999999,29.42263538108304,-0.0144933146271154,DOGEUSDT,0,0,0,1,1,0.2897020174052595,1.0,0.2897020174052595,8.002058080202616,"[{""name"": ""high_volatility"", ""value"": 2.169737648860416, ""threshold"": 0.8, ""triggered"": true, ""z_score"": null}, {""name"": ""large_return"", ""value"": -0.3335002297381053, ""threshold"": 0.05, ""triggered"": true, ""z_score"": null}]",False
2025-10-18,0.5265455297646456,0.0262891822846188,-0.1130963517305893,-0.2582537943983726,-0.0660199999999999,0.2975832450132665,1970878924.9,1392667523.0798123,-3170773484.0,2.0504061091542343,0.00492,0.0125814285714285,32.62177813103213,-0.0150391771043904,DOGEUSDT,0,1,0,0,1,0.304223496503755,1.0,0.304223496503755,7.766008051122776,"[{""name"": ""high_volatility"", ""value"": 2.0504061091542343, ""threshold"": 0.8, ""triggered"": true, ""z_score"": null}, {""name"": ""large_return"", ""value"": 0.5265455297646456, ""threshold"": 0.05, ""triggered"": true, ""z_score"": null}]",False
2025-10-19,0.571028248904902,0.0297707520112665,-0.0441356363458432,-0.2138516640508672,-0.0531399999999999,0.5288599985574807,1974664752.2,1389899705.211209,-2126452286.0,2.005474118424404,0.0057299999999999,0.0128478571428571,34.01901373213987,-0.0148383664856812,DOGEUSDT,0,1,0,0,1,0.2821499503536376,1.0,0.2821499503536376,7.294526809729812,"[{""name"": ""high_volatility"", ""value"": 2.005474118424404, ""threshold"": 0.8, ""triggered"": true, ""z_score"": null}, {""name"": ""large_return"", ""value"": 0.571028248904902, ""threshold"": 0.05, ""triggered"": true, ""z_score"": null}]",False
2025-10-20,0.4629927067907781,0.0235245450469571,0.0193160389378728,0.0336451496201355,0.00651,0.5722249531420771,1993654767.65,1374959371.414975,-985633280.0,1.9442202775649813,0.00465,0.0122378571428571,30.73016984766241,-0.0141409978643486,DOGEUSDT,0,0,0,1,1,0.2839177333511552,1.0,0.2839177333511552,6.83808052522494,"[{""name"": ""high_volatility"", ""value"": 1.9442202775649813, ""threshold"": 0.8, ""triggered"": true, ""z_score"": null}, {""name"": ""large_return"", ""value"": 0.4629927067907781, ""threshold"": 0.05, ""triggered"": true, ""z_score"": null}]",False
2025-10-21,-0.5472644510699647,-0.0290684224973474,0.0306100795755968,0.0485777513898635,0.009,0.7254219121233015,2007716300.9,1367566898.5873592,-2442074678.0,1.666791426747252,0.00573,0.0112749999999999,33.35445042762116,-0.0138905694816595,DOGEUSDT,0,0,1,0,1,0.34721074915039296,1.0,0.34721074915039296,6.94799511970071,"[{""name"": ""high_volatility"", ""value"": 1.666791426747252, ""threshold"": 0.8, ""triggered"": true, ""z_score"": null}, {""name"": ""large_return"", ""value"": -0.5472644510699647, ""threshold"": 0.05, ""triggered"": true, ""z_score"": null}]",False
2025-10-22,-0.3979952431919295,-0.0225933608265445,0.0283161884136435,-0.0832166819520201,-0.01724,0.6661966231376472,2005178829.5,1368826529.2199793,-3777918043.0,1.474973345881097,0.00434,0.010955,28.57794875138555,-0.0138822786464283,DOGEUSDT,0,0,1,0,1,0.3381518032011739,1.0,0.3381518032011739,6.927494222496241,"[{""name"": ""high_volatility"", ""value"": 1.474973345881097, ""threshold"": 0.8, ""triggered"": true, ""z_score"": null}, {""name"": ""large_return"", ""value"": -0.3979952431919295, ""threshold"": 0.05, ""triggered"": true, ""z_score"": null}]",False
2025-10-23,0.5665769163100336,0.0259849365339089,0.0280033751713952,-0.0882600561272216,-0.0188699999999999,0.4740663413601161,1983107489.35,1382897831.140626,-2837793531.0,1.4880445591517264,0.005,0.0108014285714285,32.29070228805713,-0.0133187199732822,DOGEUSDT,0,0,0,1,1,0.28251919023972855,1.0,0.28251919023972855,6.794932665366668,"[{""name"": ""high_volatility"", ""value"": 1.4880445591517264, ""threshold"": 0.8, ""triggered"": true, ""z_score"": null}, {""name"": ""large_return"", ""value"": 0.5665769163100336, ""threshold"": 0.05, ""triggered"": true, ""z_score"": null}]",False
2025-10-24,0.3164898149471168,0.0143630868897096,0.0122856411568978,-0.0323922297793217,-0.0066199999999999,0.3859314483443146,1976980220.9,1388277914.9075894,-2074814691.0,1.4553599632312149,0.00282,0.0070742857142857,52.150646203554125,-0.0125004478507514,DOGEUSDT,0,0,0,1,1,0.28973640764927433,1.0,0.28973640764927433,6.789039076499022,"[{""name"": ""high_volatility"", ""value"": 1.4553599632312149, ""threshold"": 0.8, ""triggered"": true, ""z_score"": null}, {""name"": ""large_return"", ""value"": 0.3164898149471168, ""threshold"": 0.05, ""triggered"": true, ""z_score"": null}]",False
2025-10-25,-0.1322265772650976,-0.0062393993473158,-0.0174,0.0015799398603537,0.00031,0.3509769000237909,1938287152.1,1414159636.1198802,-2755108707.0,1.411478068481944,0.00123,0.006575,56.11080934274851,-0.0118150158704125,DOGEUSDT,0,0,1,0,1,0.3015998186110982,1.0,0.3015998186110982,7.018636701284986,"[{""name"": ""high_volatility"", ""value"": 1.411478068481944, ""threshold"": 0.8, ""triggered"": true, ""z_score"": null}, {""name"": ""large_return"", ""value"": -0.1322265772650976, ""threshold"": 0.05, ""triggered"": true, ""z_score"": null}]",False
2025-10-26,0.9743784625704722,0.0459948328788922,0.0591959643794719,0.0916180371352786,0.01727,0.4767683567836535,1907892784.95,1430121868.706246,-1845485799.0,1.360682668791929,0.00925,0.0056714285714285,49.11838790931991,-0.010405460719202,DOGEUSDT,0,0,0,1,1,0.26973106347622605,1.0,0.26973106347622605,6.819204224543351,"[{""name"": ""high_volatility"", ""value"": 1.360682668791929, ""threshold"": 0.8, ""triggered"": true, ""z_score"": null}, {""name"": ""large_return"", ""value"": 0.9743784625704722, ""threshold"": 0.05, ""triggered"": true, ""z_score"": null}]",False
2025-10-27,-0.5366534351779949,-0.0265434763482227,0.0550202706260201,0.0848944233892798,0.01568,0.541282761704662,1866487265.95,1444158535.301412,-2855783181.0,1.2042737419450358,0.00539,0.0055828571428571,41.415046059365416,-0.0096124991537898,DOGEUSDT,0,0,1,0,1,0.3528754078470249,1.0,0.3528754078470249,6.926264391378456,"[{""name"": ""high_volatility"", ""value"": 1.2042737419450358, ""threshold"": 0.8, ""triggered"": true, ""z_score"": null}, {""name"": ""large_return"", ""value"": -0.5366534351779949, ""threshold"": 0.05, ""triggered"": true, ""z_score"": null}]",False
2025-10-28,-0.6724529936888892,-0.0343180885391916,-0.0067203611552865,0.0210948212213899,0.0039999999999999,0.6070809542251442,1859086902.9,1447715127.2846684,-3984399432.0,1.1260743431198543,0.00676,0.0053921428571428,42.87985163597829,-0.0094209480794209,DOGEUSDT,0,0,1,0,1,0.34037124245096817,1.0,0.34037124245096817,7.061914720598638,"[{""name"": ""high_volatility"", ""value"": 1.1260743431198543, ""threshold"": 0.8, ""triggered"": true, ""z_score"": null}, {""name"": ""large_return"", ""value"": -0.6724529936888892, ""threshold"": 0.05, ""triggered"": true, ""z_score"": null}]",False
2025-10-29,-0.1231629720085643,-0.0064768743738353,-0.0272060682680151,-0.0152546711031481,-0.0029799999999999,0.6893291673987916,1852153969.95,1450281442.938714,-5261143186.0,1.093279894903456,0.0012499999999999,0.0048985714285714,47.20034995625549,-0.0092632263193948,DOGEUSDT,0,0,0,0,0,0.0,0.0,0.0,0.0,[],True
2025-10-30,-1.0131586190313382,-0.0516846126012918,-0.0704254019947079,-0.0866,-0.01732,1.0146694512655,1633499523.35,1065875397.3970318,-6918605251.0,-0.6881328844757167,0.00969,0.00504,45.87585034013606,-0.009807082760179,DOGEUSDT,0,0,0,0,0,0.0,0.0,0.0,0.0,[],True
2025-10-31,0.4434683953798607,0.0203734831877419,-0.0939398357389318,-0.0403047305296752,-0.00783,0.4883778590106395,1420138786.4,742965243.8837352,-6225040911.0,-0.7377884118121926,0.0037599999999999,0.0050371428571428,51.23369256948383,-0.0098214764643811,DOGEUSDT,0,0,0,0,0,0.0,0.0,0.0,0.0,[],True
2025-11-01,0.1152726000749649,0.004922428344867,-0.0649765445653258,-0.0135313010056336,-0.0025699999999999,0.2991376421510495,1274679509.6,634356028.9019945,-5843736288.0,-1.5573707196062525,0.00092,0.0047514285714285,48.30126277811184,-0.0096474376119538,DOGEUSDT,0,0,0,0,0,0.0,0.0,0.0,0.0,[],True
2025-11-02,-0.0852066068171597,-0.0052442994918978,-0.0373928313190785,-0.0438618991432822,-0.00855,0.3628236265312631,1163493507.95,573317761.4511567,-6265879222.0,-1.5976445776091923,0.00098,0.0044121428571428,42.73919378338999,-0.0094793167149017,DOGEUSDT,0,0,0,0,0,0.0,0.0,0.0,0.0,[],True
2025-11-03,-2.032878813153644,-0.1073417069298159,-0.1297499610126319,-0.1534260429835651,-0.03034,1.966323948624214,1136113033.95,500415608.5706586,-8499845489.0,-1.0778467992960874,0.0189699999999999,0.005435,28.584570902878184,-0.010752848015332,DOGEUSDT,0,0,0,0,0,0.0,0.0,0.0,0.0,[],True
2025-11-04,-0.5573465005524605,-0.0314308120053858,-0.1119443836216333,-0.174486057398738,-0.0342899999999999,2.633188360153531,1230275180.85,686582586.6670358,-11739391775.0,-1.0796853498543797,0.0051799999999999,0.0053957142857142,28.79269261318508,-0.0120413087434147,DOGEUSDT,0,0,0,0,0,0.0,0.0,0.0,0.0,[],True
2025-11-05,0.6721408013971393,0.030115808827247,-0.1032503754559106,-0.1874908878845312,-0.03858,1.2012551551117203,1207611510.2,670467551.12017,-10288742223.0,-1.0323881495272464,0.0049599999999999,0.00544,35.07090336134455,-0.0125178941144947,DOGEUSDT,0,0,0,0,0,0.0,0.0,0.0,0.0,[],True
2025-11-06,-0.5939892156588843,-0.0337592500392817,-0.1372758326216908,-0.1933326679309311,-0.03874,0.8491202016318559,1167112920.05,657067582.9741185,-11279761381.0,-0.9785760113412396,0.0055499999999999,0.0054792857142857,28.301394863772657,-0.0131913681902469,DOGEUSDT,0,0,0,0,0,0.0,0.0,0.0,0.0,[],True
2025-11-07,2.1882953715177966,0.1007284232167243,-0.0408305612190148,-0.0766966222497674,-0.0148499999999999,1.3232863756978956,1218402675.8,649351195.4800255,-9667465720.0,-0.4090536433959406,0.01713,0.0065014285714285,39.57372006152494,-0.0122021941106767,DOGEUSDT,0,0,0,0,0,0.0,0.0,0.0,0.0,[],True
2025-11-08,-0.2234311618921423,-0.0153320178259357,0.0516098202018995,-0.0848365129697977,-0.01632,1.0040971882643153,1227829629.85,648058226.6919615,-10900325999.0,-0.4475331768059442,0.00272,0.0066078571428571,38.93633120743704,-0.01150512388753,DOGEUSDT,0,0,0,0,0,0.0,0.0,0.0,0.0,[],True
2025-11-09,0.4292070579826035,0.0182923350100255,0.1052209825556307,-0.0185022991022554,-0.00338,0.6804170542128238,1212022726.2,654119363.706034,-10075645066.0,-0.4556954060292745,0.0032499999999999,0.0061792857142857,34.70119061380184,-0.0105686144661184,DOGEUSDT,0,0,0,0,0,0.0,0.0,0.0,0.0,[],True
2025-11-10,0.3415126992071314,0.0137917941188833,0.0873257969974281,-0.0249409997854537,-0.0046499999999999,0.9396287734502246,1195360408.0,651805908.8066378,-8952450032.0,-0.4670869903188788,0.00249,0.0059721428571428,38.88290874297333,-0.0095158094839171,DOGEUSDT,0,0,0,0,0,0.0,0.0,0.0,0.0,[],True
2025-11-11,-0.954188880837648,-0.0550089215367683,0.064464241524375,-0.0816609735269001,-0.0153,1.0049763836121923,1188277795.85,650968127.2201885,-10146641154.0,-0.3772606704962084,0.00973,0.0061842857142857,37.549087549087545,-0.009358702338501,DOGEUSDT,0,0,0,0,0,0.0,0.0,0.0,0.0,[],True
2025-11-12,-0.0873871010414822,-0.0109865527717907,-0.0480505677686413,-0.0869191973387701,-0.0161999999999999,0.8192006735656471,1190014608.7,650317209.8518766,-11121501923.0,-0.4241874989218015,0.0018799999999999,0.0062292857142857,37.27783511065244,-0.0092789323261266,DOGEUSDT,0,0,0,0,0,0.0,0.0,0.0,0.0,[],True
2025-11-13,-0.5914705821930618,-0.0379663585702682,-0.0693552967906844,-0.0213248909862014,-0.0035699999999999,1.2750127308338843,1230297943.75,647419325.9497449,-12690147464.0,-0.4077963602068751,0.0063399999999999,0.0059899999999999,38.766992606725495,-0.0096164466204073,DOGEUSDT,0,0,0,0,0,0.0,0.0,0.0,0.0,[],True
2025-11-14,-0.6029375442982627,-0.0385129558600731,-0.1207473508087003,-0.0282315231461505,-0.00458,1.426987632130365,1288195171.85,647421184.085462,-14528386042.0,-0.3858240528567219,0.00619,0.0061635714285714,33.317881562174065,-0.0102650809350671,DOGEUSDT,0,0,0,0,0,0.0,0.0,0.0,0.0,[],True
2025-11-15,0.8442517740733532,0.0343539284582877,-0.1024808845371032,-0.0241043124588791,-0.00403,0.5279365911525923,1276407127.85,656755930.6124951,-13854524014.0,-0.4553834824785058,0.0055099999999999,0.0064914285714285,36.68573943661971,-0.0102167450740733,DOGEUSDT,0,0,0,0,0,0.0,0.0,0.0,0.0,[],True
2025-11-16,-0.4170787820239265,-0.0285351782478816,-0.0784028827153319,-0.0189928235585252,-0.00307,0.8083081141516364,1277523905.7,656298440.2155055,-14887156953.0,-0.4650201440099241,0.00459,0.0067492857142857,35.28415705365647,-0.0104285988003707,DOGEUSDT,0,0,0,0,0,0.0,0.0,0.0,0.0,[],True
2025-11-17,-0.6433864806323005,-0.041394986632321,-0.1060054060406628,-0.148962353862505,-0.02663,1.235754025382347,1301510430.85,659329340.6545153,-16495503707.0,-0.4598872363551594,0.0064299999999999,0.0058535714285714,40.68334350213544,-0.0109886711067248,DOGEUSDT,0,0,0,0,0,0.0,0.0,0.0,0.0,[],True
2025-11-18,1.4262166551674944,0.061127128562532,-0.01287841796875,-0.0813405282590172,-0.01432,1.1095113847984883,1310366574.8,660168192.598178,-15041637074.0,-0.2402690408655351,0.00959,0.0061685714285714,49.71051412691061,-0.0105372329295752,DOGEUSDT,0,0,0,0,0,0.0,0.0,0.0,0.0,[],True
2025-11-19,-0.7311253382604527,-0.0450871419783655,-0.0193466539803363,-0.1377579475738984,-0.0247,1.087236027902075,1298058256.7,655635502.2162838,-16452932777.0,-0.2762086701403345,0.00713,0.0063235714285714,42.88941601716931,-0.0106322345522691,DOGEUSDT,0,0,0,0,0,0.0,0.0,0.0,0.0,[],True
2025-11-20,-0.5674430169789817,-0.0374318871488054,-0.0872762932091198,-0.180813026019033,-0.03287,1.1912878835471217,1343398773.8,642862324.6004227,-18053307459.0,-0.2941658153881664,0.0056799999999999,0.0063328571428571,42.82652831039928,-0.0110386063700234,DOGEUSDT,0,0,0,0,0,0.0,0.0,0.0,0.0,[],True
2025-11-21,-0.977480975109555,-0.0596975402738352,-0.1152803178407012,-0.1846448913169823,-0.0317699999999999,1.9339958573854648,1466105655.9,682549263.5298303,-20888749724.0,-0.2257703288441068,0.0086299999999999,0.0057257142857142,25.998003992015967,-0.0119196258127651,DOGEUSDT,0,0,0,0,0,0.0,0.0,0.0,0.0,[],True
2025-11-22,0.1479882654499802,-0.0001425719991009,-0.0780202445116339,-0.1757550828534492,-0.0299099999999999,0.6547562063640843,1493905711.0,648252223.584571,-21866893760.0,-0.2287954065838972,1.999999999999225e-05,0.0055328571428571,26.90420862380583,-0.0124756424609215,DOGEUSDT,0,0,0,0,0,0.0,0.0,0.0,0.0,[],True
2025-11-23,0.8087673472048555,0.0331646056889942,-0.1034440116243122,-0.1149902343750001,-0.01884,0.5942456807838217,1424533542.9,639059871.9617661,-21020370855.0,-0.5398100742193657,0.0047299999999999,0.0056385714285714,28.274638966303527,-0.0123917735389822,DOGEUSDT,0,0,0,0,0,0.0,0.0,0.0,0.0,[],True
2025-11-24,1.0600124729977856,0.0458959965240494,-0.0180465717981888,-0.0370440849984142,-0.00584,0.8593230682375465,1319238847.3,477281447.2261408,-19886718481.0,-0.4528964485318195,0.00681,0.0059471428571428,31.996156617823686,-0.0116415996139418,DOGEUSDT,0,0,0,0,0,0.0,0.0,0.0,0.0,[],True
2025-11-25,0.2558722489907966,0.0078735397890982,0.027464410421703,-0.062208874724197,-0.0101499999999999,0.7237201109600596,1293513454.75,483649108.9522462,-18950576780.0,-0.5003870238948429,0.0012,0.0053378571428571,37.254114813328,-0.0108254622126828,DOGEUSDT,0,0,0,0,0,0.0,0.0,0.0,0.0,[],True
2025-11-26,0.3368298410267783,0.0112430103875863,0.1030009266519351,-0.0241533707510878,-0.00383,0.6673282985300152,1286901796.15,488877535.1518264,-18091790794.0,-0.5343075254920897,0.0017299999999999,0.0053271428571428,39.64869938321265,-0.009924665534059,DOGEUSDT,0,0,0,0,0,0.0,0.0,0.0,0.0,[],True
2025-11-27,-0.1635667962441092,-0.0136640814213319,0.0881870677978184,0.0032864466938347,0.0005,0.360294735971127,1228416615.1,517055993.7175395,-18534382834.0,-1.1730560266037,0.0020999999999999,0.0050242857142857,42.03866932044355,-0.0092733329165154,DOGEUSDT,0,0,0,0,0,0.0,0.0,0.0,0.0,[],True
2025-11-28,-0.2022270220868275,-0.016314222007787,0.0356551724137932,-0.0714771532801583,-0.01156,0.5890513577926317,1202180916.2,529969528.80603087,-19242529135.0,-1.153933892712141,0.00247,0.0047585714285714,44.386070249174416,-0.0088543876131236,DOGEUSDT,0,0,0,0,0,0.0,0.0,0.0,0.0,[],True
2025-11-29,-0.1168037359253815,-0.012058831729487,-0.0226599038271523,-0.0402975420439843,-0.0062299999999999,0.2563779088931352,1176022174.85,561553747.2156734,-19544035241.0,-1.1764661227434092,0.0017999999999999,0.0044935714285714,38.24511206485455,-0.008568839154761,DOGEUSDT,0,0,0,0,0,0.0,0.0,0.0,0.0,[],True
2025-11-30,-0.1962037658261097,-0.0161710277508136,-0.0458793542905692,-0.0196749932849851,-0.0029299999999999,0.3156720060055572,1137821340.4,590573613.653327,-19903213586.0,-1.187729595326774,0.0023799999999999,0.0043357142857142,39.63756177924219,-0.0084373258138245,DOGEUSDT,0,0,0,0,0,0.0,0.0,0.0,0.0,[],True
2025-12-01,-1.3093183348525363,-0.0747879126192435,-0.1245314721468268,-0.0343574025233444,-0.0048199999999999,1.0499256049914645,1137844381.85,590575937.678538,-21097865537.0,-1.0538438353488182,0.01052,0.0046278571428571,37.1353603951227,-0.0090773387140727,DOGEUSDT,0,0,0,0,0,0.0,0.0,0.0,0.0,[],True
2025-12-02,1.7392668380734226,0.0732798234932763,-0.04500786163522,0.0392100948171383,0.0055,0.7134273178067514,1129388161.75,594231956.634833,-20292129170.0,-0.6620139753613982,0.0103,0.0046785714285714,37.81679389312977,-0.0086536754454459,DOGEUSDT,0,0,0,0,0,0.0,0.0,0.0,0.0,[],True
2025-12-03,0.9619013733989218,0.0396111361868681,0.0099220882999266,0.0459310344827585,0.0066599999999999,0.8217707743477188,1095988448.5,586971865.5594538,-19391477894.0,-0.61411788656369,0.0058899999999999,0.0045899999999999,47.7124183006536,-0.0077532706002773,DOGEUSDT,0,0,0,0,0,0.0,0.0,0.0,0.0,[],True
2025-12-04,-0.4158619715709506,-0.0285590384241228,-0.0066051088494979,-0.0291153415453527,-0.00442,0.615248003306019,1035944663.9,568167899.5111079,-20028840780.0,-0.6458716275400548,0.0042699999999999,0.0044892857142857,48.78281622911694,-0.0073000956292731,DOGEUSDT,0,0,0,0,0,0.0,0.0,0.0,0.0,[],True
2025-12-05,-0.8948100972335309,-0.0545875185300932,-0.0440441126104529,-0.0879027514541533,-0.01345,0.6927419750344506,1038212221.75,566735463.9928324,-20748053965.0,-0.612998672722983,0.00783,0.0044321428571428,49.41176470588235,-0.0074864674254462,DOGEUSDT,0,0,0,0,0,0.0,0.0,0.0,0.0,[],True
2025-12-06,0.2124364523600335,0.0013604957166353,0.0315937107846755,-0.0968721726767479,-0.0149899999999999,0.3117575655832845,1002202789.9,589530008.972147,-20435609663.0,-0.6349148559291061,0.00019,0.0044442857142857,49.58212793314047,-0.0075320126512178,DOGEUSDT,0,0,0,0,0,0.0,0.0,0.0,0.0,[],True
2025-12-07,0.0085396203612227,-0.0077581022694358,-0.0487068669822324,-0.0915225366876311,-0.01397,0.6693386367615383,953702964.3,576801548.8258072,-21073959905.0,-0.6959906112025179,0.00108,0.0041835714285714,44.596209663650335,-0.0075680151768084,DOGEUSDT,0,0,0,0,0,0.0,0.0,0.0,0.0,[],True
2025-12-08,0.749391764222633,0.0278763695282548,-0.059804826585784,-0.0504761270560032,-0.00758,0.6984080114734857,912888049.0,568366115.0972278,-20436391578.0,-0.8696218020204383,0.00392,0.0039771428571428,41.72054597701149,-0.007197270543846,DOGEUSDT,0,0,0,0,0,0.0,0.0,0.0,0.0,[],True
2025-12-09,0.9183215833405796,0.037036171220415,0.0039351380690684,-0.0026959627957134,-0.0004,1.1133090444060108,891975482.45,556635991.4598126,-19443347206.0,-0.8578633320887973,0.0053799999999999,0.0042757142857142,45.790177079852974,-0.0063956071357547,DOGEUSDT,0,0,0,0,0,0.0,0.0,0.0,0.0,[],True
2025-12-10,-0.6707402339055416,-0.0319296580776897,0.0269418171395816,-0.0182889238988972,-0.00267,0.9060907363118028,850487699.65,531408364.82662046,-20213966232.0,-0.847342001641439,0.0046499999999999,0.0044842857142857,40.90474673462887,-0.0060655790281532,DOGEUSDT,0,0,0,0,0,0.0,0.0,0.0,0.0,[],True
2025-12-11,-0.42188917395074,-0.0210831006737086,0.0041502683363148,0.0358751014984868,0.00486,1.1063444161484557,750215418.35,253894590.9611212,-21043962871.0,-0.9775549027608296,0.0029899999999999,0.0045478571428571,40.33296686037381,-0.0059764051087713,DOGEUSDT,0,0,0,0,0,0.0,0.0,0.0,0.0,[],True
2025-12-12,-0.4862214254841772,-0.0245999781010599,-0.0126198889449773,-0.0607120806750361,-0.00885,0.7312542223813636,727923057.0,252397439.42451748,-21576259680.0,-0.914972913691202,0.00341,0.004615,39.746169323634106,-0.0061104551137141,DOGEUSDT,0,0,0,0,0,0.0,0.0,0.0,0.0,[],True
2025-12-13,0.5873775495923678,0.0154367670179893,-0.0248264254155269,-0.0831465119345904,-0.0126099999999999,0.309322781693687,696367020.95,275211013.2267211,-21360857496.0,-0.9422171976332328,0.00213,0.0046385714285714,42.82414536495227,-0.0059759307003363,DOGEUSDT,0,0,0,0,0,0.0,0.0,0.0,0.0,[],True
2025-12-14,-0.797547613529545,-0.036396943946201,-0.0938703791309047,-0.0903046339643123,-0.0133099999999999,0.6751630613526087,662033428.05,260210458.4506597,-21807838012.0,-1.008855802443837,0.00497,0.0048235714285714,41.1816970235451,-0.006198899542273,DOGEUSDT,0,0,0,0,0,0.0,0.0,0.0,0.0,[],True
2025-12-15,-0.7089921071383604,-0.0328271146877749,-0.0946832263466368,-0.0702923473774719,-0.0098099999999999,1.1985767489507957,654446564.8,253934127.33294395,-22592242448.0,-0.953627518644109,0.00433,0.0043814285714285,45.33746331920444,-0.0066483606059866,DOGEUSDT,0,0,0,0,0,0.0,0.0,0.0,0.0,[],True
2025-12-16,0.5661543551288217,0.0156002246097998,-0.0608565524121714,-0.0569588550983901,-0.00796,0.8422369307546727,638391093.25,250462031.18710297,-22054565893.0,-0.9159213495820416,0.0020399999999999,0.0037914285714285,36.83119819140919,-0.0067620026290558,DOGEUSDT,0,0,0,0,0,0.0,0.0,0.0,0.0,[],True
2025-12-17,-0.9721285704138845,-0.0423122158138517,-0.0773444347063978,-0.0889882454748682,-0.0123399999999999,1.246031711958355,657206498.15,249109911.1693216,-22873466031.0,-0.8216928892169286,0.0054599999999999,0.0037607142857142,25.94491927825264,-0.0072095340986507,DOGEUSDT,0,0,0,0,0,0.0,0.0,0.0,0.0,[],True
2025-12-18,-0.7355469132234508,-0.0343028801602377,-0.1221143473570658,-0.1439091100357669,-0.0205199999999999,1.7198365219031164,680299368.05,274222316.82895803,-24043469730.0,-0.7625983073088183,0.00426,0.00376,25.94984802431614,-0.0078178332945026,DOGEUSDT,0,0,0,0,0,0.0,0.0,0.0,0.0,[],True
2025-12-19,2.4084329459298304,0.0798725512237237,-0.0138723150357995,-0.1064404946948704,-0.0157499999999999,1.2493904625160597,709549267.1,262646913.3494473,-23156965643.0,-0.2262000850587595,0.01015,0.0039257142857142,43.32241630276567,-0.0073956422565575,DOGEUSDT,0,0,0,0,0,0.0,0.0,0.0,0.0,[],True
2025-12-20,0.1026641429478216,-0.0021199281107072,0.016878612716763,-0.0794027351381524,-0.01138,0.3646860467399371,704435234.9,270700379.27768576,-23413863344.0,-0.2002395676631854,0.00028,0.0039321428571428,42.90644868301544,-0.0070029211612265,DOGEUSDT,0,0,0,0,0,0.0,0.0,0.0,0.0,[],True
2025-12-21,-0.0135957598349631,-0.0062343393591506,-0.005083845511799,-0.0656310126131263,-0.00921,0.4769718288168127,660453523.6,258022944.8360927,-23728881069.0,-0.4922169538129539,0.00082,0.0039135714285714,43.11005657966783,-0.0066808414294291,DOGEUSDT,0,0,0,0,0,0.0,0.0,0.0,0.0,[],True
2025-12-22,0.4256183429995021,0.0110733023776714,0.049473600886567,-0.0316973415132922,-0.0043399999999999,0.8913245892379028,649094395.0,256285287.79706213,-23150327274.0,-0.9365139965479062,0.00146,0.0037378571428571,40.43569654118098,-0.0062358975776855,DOGEUSDT,0,0,0,0,0,0.0,0.0,0.0,0.0,[],True
2025-12-23,-0.4963147144913823,-0.0252056420404601,0.0590644712050463,-0.0702624955052139,-0.00977,0.8061465046384737,629432574.7,251000241.7653297,-23657742144.0,-1.0845295644320678,0.0032999999999999,0.0035892857142857,31.402985074626898,-0.0060794783482261,DOGEUSDT,0,0,0,0,0,0.0,0.0,0.0,0.0,[],True
2025-12-24,0.0195403300195046,-0.005584873343528,-0.0276811374981091,-0.0411694510739856,-0.0055199999999999,0.5464233882471176,614349168.1,259421435.25625384,-23993436898.0,-1.1279515639832216,0.0007199999999999,0.0033085714285714,34.06735751295339,-0.0059450817627724,DOGEUSDT,0,0,0,0,0,0.0,0.0,0.0,0.0,[],True
2025-12-25,-0.8234139161941882,-0.038940727461832,-0.0628315901167198,-0.0470134874759152,-0.0061,0.6987795683285721,599328432.0,261717133.994828,-24412235361.0,-1.266222141986505,0.00491,0.0034457142857142,32.71144278606967,-0.0061637159848498,DOGEUSDT,0,0,0,0,0,0.0,0.0,0.0,0.0,[],True
2025-12-26,-0.123253409324476,-0.0125327161224947,-0.0687156802928614,-0.0734501859018134,-0.0096799999999999,1.1616617133092966,619700323.9,253953136.9095541,-25132117501.0,-1.2990815769039854,0.0015399999999999,0.0033121428571428,34.03062324778955,-0.0063876178285304,DOGEUSDT,0,0,0,0,0,0.0,0.0,0.0,0.0,[],True
2025-12-27,0.6765160973764591,0.0181778924044831,-0.0620757278624226,-0.0156732367608644,-0.0019799999999999,0.4037734963425113,599893874.15,267507839.94374603,-24889896254.0,-1.2702041440970884,0.00224,0.00332,34.18674698795181,-0.0063115566766729,DOGEUSDT,0,0,0,0,0,0.0,0.0,0.0,0.0,[],True
2025-12-28,0.0853821271529541,-0.0033832801726308,-0.0413830445544555,0.0152371590071269,0.00186,0.382317163915998,579085167.75,280303504.5546064,-25111290453.0,-1.51348794236603,0.00042,0.002995,37.89649415692822,-0.0062135423078197,DOGEUSDT,0,0,0,0,0,0.0,0.0,0.0,0.0,[],True
2025-12-29,-0.0493421359910942,-0.0085086206774207,-0.044181705040448,-0.0706398426864317,-0.00934,1.1960842724585845,563109255.35,264105572.4456618,-25784816577.0,-2.0584310232105505,0.0010499999999999,0.0027607142857142,41.11254851228978,-0.0061497015082016,DOGEUSDT,0,0,0,0,0,0.0,0.0,0.0,0.0,[],True
2025-12-30,0.2593720999117376,0.0038986404156573,-0.0023453295592398,-0.0650295588904047,-0.00858,1.1286930990315889,555953338.9,260095642.79095152,-25157315880.0,-2.028891572516724,0.0004799999999999,0.0026492857142857,38.63575087624699,-0.0059913111209431,DOGEUSDT,0,0,0,0,0,0.0,0.0,0.0,0.0,[],True
2025-12-31,-1.1049607418723164,-0.0489239279792246,-0.037998525919253,-0.1041031116534471,-0.0136499999999999,1.223306488462654,547970287.35,253611193.872545,-25827651488.0,-1.6736731631772068,0.0058899999999999,0.00268,38.19296375266527,-0.0062687965882368,DOGEUSDT,0,0,0,0,0,0.0,0.0,0.0,0.0,[],True
2026-01-01,2.283498919699342,0.0766646252435436,0.0199437072778447,-0.0433700407301252,-0.00575,1.5672462579107975,565683732.55,264593033.7848696,-24941085775.0,-0.5661157801132359,0.0093599999999999,0.0030442857142857,55.58423275457531,-0.0056680937881025,DOGEUSDT,0,0,0,0,0,0.0,0.0,0.0,0.0,[],True
2026-01-02,3.1390720223368893,0.112134022826083,0.1448398289356895,0.0974628712871286,0.0126,3.3587955286830016,666915215.55,447564648.0251788,-22701053931.0,1.2411284956055355,0.01505,0.0033942857142857,60.16414141414141,-0.0039322942291584,DOGEUSDT,1,0,0,0,1,0.45997516835442326,0.5,0.22998758417721163,5.711689356675992,"[{""name"": ""volume_spike"", ""value"": 3.3587955286830016, ""threshold"": 1.5, ""triggered"": true, ""z_score"": null}, {""name"": ""high_volatility"", ""value"": 1.2411284956055355, ""threshold"": 0.8, ""triggered"": true, ""z_score"": null}, {""name"": ""large_return"", ""value"": 3.1390720223368893, ""threshold"": 0.05, ""triggered"": true, ""z_score"": null}]",False
2026-01-03,0.2677716377825251,0.0089114016387028,0.1649576822916667,0.1134878655880522,0.0145899999999999,1.476944575091217,695960979.4,451373969.4913698,-21673158138.0,1.025152859310311,0.0012699999999999,0.003465,61.55431869717583,-0.0024262142985993,DOGEUSDT,0,0,0,0,0,0.0,0.0,0.0,0.0,[],True
2026-01-04,1.130174465611631,0.0436040100516282,0.2121433203631646,0.209300444803882,0.02588,1.8903049363515807,725291900.6,475821228.3271591,-20302135278.0,0.9931658545769892,0.0063799999999999,0.0038621428571428,67.02422785278344,-0.0007096421102855,DOGEUSDT,0,0,0,0,0,0.0,0.0,0.0,0.0,[],True
2026-01-05,0.3832252911291969,0.0144737621642492,0.2914786754064868,0.2424043894848908,0.0296,1.4785262615159271,754160368.35,481322295.269291,-19187089368.0,0.9594096263169704,0.00218,0.0039135714285714,67.45756524913307,0.0008172408533253,DOGEUSDT,0,0,0,0,0,0.0,0.0,0.0,0.0,[],True
2026-01-06,-0.181743255726801,-0.0076755488322586,0.1870219979500118,0.2106956172094891,0.0261999999999999,1.6378314686411295,776831298.8,495015647.40734565,-20459408115.0,0.6589323490950445,0.00116,0.0037607142857142,70.19943019943017,0.0019116677809029,DOGEUSDT,0,0,0,0,0,0.0,0.0,0.0,0.0,[],True
2026-01-07,-0.6622427269928295,-0.0278160507092461,0.0319988722864392,0.1814734124102315,0.0224899999999999,1.051327997755017,758186234.65,486374500.8223988,-21256510531.0,0.6003660483788473,0.0041299999999999,0.0040042857142857,65.92936139850158,0.0024178806981684,DOGEUSDT,0,0,0,0,0,0.0,0.0,0.0,0.0,[],True
2026-01-08,-0.7378091541538774,-0.0310747711216596,-0.0084526720223541,0.1551106770833334,0.01906,1.2594690714533436,761836506.15,487660475.5629032,-22216020048.0,0.0462867081098229,0.0044799999999999,0.0039735714285714,66.43897177781774,0.0024295531467592,DOGEUSDT,0,0,0,0,0,0.0,0.0,0.0,0.0,[],True
2026-01-09,-0.1431505526881532,-0.0087033982966726,-0.0589848190998461,0.1406452658884565,0.01735,0.897265893355973,784172168.15,473335945.7170741,-22919630989.0,0.0732174513379579,0.00123,0.0039514285714285,66.81127982646422,0.0023128913540965,DOGEUSDT,0,0,0,0,0,0.0,0.0,0.0,0.0,[],True
2026-01-10,-0.1039766997905844,-0.0075617424089785,-0.0794937710104806,0.1888141653188046,0.0221799999999999,0.2818176632417129,779403769.35,478760260.3162138,-23139280738.0,0.0866296110973139,0.00106,0.0038671428571428,64.13003324713705,0.0021105735239011,DOGEUSDT,0,0,0,0,0,0.0,0.0,0.0,0.0,[],True
2026-01-11,-0.2374549502062468,-0.0118131460912371,-0.0832945865161075,0.0881494914452416,0.0111799999999999,0.5436661854744396,771446549.75,483572518.6477378,-23558690141.0,0.1230216569807273,0.00164,0.0039542857142857,62.71676300578034,0.0017971840726209,DOGEUSDT,0,0,0,0,0,0.0,0.0,0.0,0.0,[],True
2026-01-12,-0.1927577389638651,-0.0101227969962453,-0.0669307471656878,-0.0370735833098394,-0.00526,0.9218988782711643,782127950.25,479777974.457421,-24279733021.0,0.0531850579188244,0.00139,0.0039785714285714,62.3339317773788,0.0014202871056905,DOGEUSDT,0,0,0,0,0,0.0,0.0,0.0,0.0,[],True
2026-01-13,2.340458866100965,0.0818990289788282,0.0446667606030715,0.0358365351030387,0.0051299999999999,1.1827754244504929,813449623.75,469435705.2514791,-23317604797.0,0.8732048848568825,0.01166,0.0047771428571428,68.63038277511961,0.0020389543013356,DOGEUSDT,0,0,0,0,0,0.0,0.0,0.0,0.0,[],True
2026-01-14,-0.1834115397239823,-0.0074460507840785,0.0459810958709403,-0.015715909850866,-0.0023499999999999,1.0442992956013115,836170303.55,460235933.2084224,-24190816856.0,0.6328037752248784,0.0010999999999999,0.004435,73.92494765662747,0.002412679832951,DOGEUSDT,0,0,0,0,0,0.0,0.0,0.0,0.0,[],True
2026-01-15,-1.231700411207574,-0.049728231411988,0.0027926960257786,-0.0769230769230769,-0.01167,0.9358282630012212,839455505.95,459596226.3813912,-24976403044.0,0.9918526158820083,0.00714,0.0042764285714285,61.032236512443625,0.0021084171601944,DOGEUSDT,0,0,0,0,0,0.0,0.0,0.0,0.0,[],True
2026-01-16,-0.3161197972809084,-0.0137328253745963,0.0008695022099849,-0.0824975091331782,-0.0124199999999999,1.129953913921585,876886510.85,438391344.3021046,-25967244389.0,1.023788329162141,0.0019099999999999,0.0033378571428571,45.98758827305799,0.0016936425059243,DOGEUSDT,0,0,0,0,0,0.0,0.0,0.0,0.0,[],True
2026-01-17,-0.0237858360597194,-0.0018115290632038,0.0092226613965744,-0.058325365387242,-0.0085399999999999,0.3886048691934973,882973184.85,429567702.6534868,-26310372068.0,1.0166146943073782,0.00025,0.003265,44.23539706847518,0.0013294328194628,DOGEUSDT,0,0,0,0,0,0.0,0.0,0.0,0.0,[],True
2026-01-18,-1.148858079887824,-0.0463128175735254,-0.1122201240895601,-0.072565872904044,-0.0103,0.5485720773120287,873248876.15,436700701.759088,-26789412018.0,1.3238099249561202,0.0062399999999999,0.003255,30.370858020627622,0.0005311553406743,DOGEUSDT,0,0,0,0,0,0.0,0.0,0.0,0.0,[],True
2026-01-19,-0.4468957888070653,-0.0190189781850648,-0.1224351134665036,-0.0820837182858361,-0.01155,1.4818538866222335,909242033.35,444967487.89897794,-28136775859.0,1.3935478062498756,0.00248,0.0032764285714285,25.419664268585123,-0.0002981635426007,DOGEUSDT,0,0,0,0,0,0.0,0.0,0.0,0.0,[],True
2026-01-20,-1.1526559586385017,-0.0459450360750551,-0.1191088260497,-0.1166487647690655,-0.01629,0.8677014242805098,915441758.85,442319542.5520593,-28931105977.0,1.3650669026886535,0.0058,0.0036078571428571,23.08453771530391,-0.0014071949919746,DOGEUSDT,0,0,0,0,0,0.0,0.0,0.0,0.0,[],True
2026-01-21,0.7327684935024048,0.0254515539037189,-0.0839064649243465,-0.0831099195710454,-0.0114699999999999,1.0266023819425765,918247211.95,442304692.3456466,-27988431202.0,0.6976024743134659,0.00318,0.00354,29.9435028248588,-0.0020063826518319,DOGEUSDT,0,0,0,0,0,0.0,0.0,0.0,0.0,[],True
2026-01-22,-0.4310650629203002,-0.0172974700530887,-0.0979837539889759,-0.089664763577807,-0.0122499999999999,0.5135465686493805,827493440.6,328355682.56024325,-28413387619.0,-1.481372443320918,0.00217,0.003375,31.407407407407405,-0.002626072326628,DOGEUSDT,0,0,0,0,0,0.0,0.0,0.0,0.0,[],True
2026-01-23,0.1375634891161117,0.0032110487572805,-0.0521877848678213,-0.1585513892635554,-0.0235099999999999,0.6646706676332178,802777793.55,331069773.0709856,-27879804767.0,-1.4517242415391314,0.0004,0.0033157142857142,32.83067643257219,-0.0030497485980309,DOGEUSDT,0,0,0,0,0,0.0,0.0,0.0,0.0,[],True
2026-01-24,-0.0466529158812271,-0.0043373561973445,-0.0381697119851347,-0.1559315124337547,-0.02295,0.2271434926091417,742661183.3,331616503.7283249,-28048495422.0,-1.8977005523900647,0.00054,0.0032785714285714,33.20261437908499,-0.0033900106500072,DOGEUSDT,0,0,0,0,0,0.0,0.0,0.0,0.0,[],True
2026-01-25,-0.975209455939984,-0.039236812453767,-0.0316958495460441,-0.1470294201656669,-0.0205899999999999,0.8961870608788574,719132761.6,320305654.0655507,-28692972898.0,-1.7797425335359955,0.0047799999999999,0.0035028571428571,31.0766721044046,-0.0039992756690768,DOGEUSDT,0,0,0,0,0,0.0,0.0,0.0,0.0,[],True
2026-01-26,0.7613956426898356,0.0240696455108842,-0.0330330330330331,-0.1141678129298487,-0.01577,1.024844835479764,690921174.1,292674413.100262,-27984885901.0,-1.4866790373005676,0.0029099999999999,0.0036114285714285,35.8979430379747,-0.0041989075139995,DOGEUSDT,0,0,0,0,0,0.0,0.0,0.0,0.0,[],True
2026-01-27,0.928960020494136,0.0308211883821165,0.0146337541207686,-0.0847838700319119,-0.01169,1.0265632323706395,686292168.65,291636932.76001203,-27280363594.0,-1.2387830742012134,0.00383,0.0030521428571428,24.15164989468761,-0.0040019363666995,DOGEUSDT,0,0,0,0,0,0.0,0.0,0.0,0.0,[],True
2026-01-28,-0.1936790302504015,-0.009474970362518,0.0018433918409874,-0.0504405955636585,-0.00664,0.970702161101092,670877820.3,284495863.114446,-27931586144.0,-1.3091602992633766,0.0011899999999999,0.0030585714285714,24.100887435777693,-0.0038969369052344,DOGEUSDT,0,0,0,0,0,0.0,0.0,0.0,0.0,[],True
2026-01-29,-1.6031126271520877,-0.0637494991639598,-0.055944618852129,-0.0919789408485599,-0.01188,1.7108417572256522,695162964.65,307256887.09017813,-29120899972.0,-0.8041702973830512,0.00772,0.0031,23.778801843318,-0.0043861032883573,DOGEUSDT,0,0,0,0,0,0.0,0.0,0.0,0.0,[],True
2026-01-30,-0.2527969669478024,-0.012613320942055,-0.0304730012557555,-0.0612029831387808,-0.00755,1.5689672153582688,742422288.75,302927851.6847896,-30285736203.0,-0.7971089142496869,0.0014699999999999,0.0030685714285714,24.022346368715105,-0.0048366341778313,DOGEUSDT,0,0,0,0,0,0.0,0.0,0.0,0.0,[],True
2026-01-31,-2.654425355962898,-0.1050631378563263,-0.1479241582216409,-0.176070807649755,-0.02228,2.916126240030507,844599800.65,480714761.7195325,-32748695844.0,0.3282006516943843,0.0115499999999999,0.0038757142857142,19.019535569480297,-0.0060558634026006,DOGEUSDT,0,0,0,0,0,0.0,0.0,0.0,0.0,[],True
2026-02-01,0.1303108615106572,0.0,-0.1737855614549488,-0.1616949425102516,-0.0201099999999999,1.3042779087555167,864954723.55,483816515.546918,-32748695844.0,0.3554049966657983,0.0,0.00343,21.49104539775097,-0.0069420872863645,DOGEUSDT,0,0,0,0,0,0.0,0.0,0.0,0.0,[],True
2026-02-02,1.0978181311907775,0.0345024325595405,-0.1366399999999999,-0.1350484892201651,-0.01685,1.7886780286055022,897077448.45,511162735.0001936,-31144113122.0,-0.6894427628133399,0.0036599999999999,0.0035142857142857,28.414634146341484,-0.0072653443202381,DOGEUSDT,0,0,0,0,0,0.0,0.0,0.0,0.0,[],True
2026-02-03,-0.3512827472739212,-0.0177624563398403,-0.0960095497953614,-0.1465829509780245,-0.0182099999999999,1.7281702745837977,934133973.8,535620420.4876902,-32758455688.0,-0.6755139896887705,0.0018999999999999,0.0032357142857142,30.8609271523179,-0.0075873793830139,DOGEUSDT,0,0,0,0,0,0.0,0.0,0.0,0.0,[],True
2026-02-04,-0.4551588259440285,-0.0208728092442974,-0.1034452983334771,-0.1307660108832147,-0.0156199999999999,1.376569434883336,960998738.95,541222754.8682595,-34081337179.0,-0.8211390416966309,0.0021899999999999,0.003165,24.37373053486797,-0.0079279210489149,DOGEUSDT,0,0,0,0,0,0.0,0.0,0.0,0.0,[],True
2026-02-05,-3.894357085695337,-0.1598653950361039,-0.1512564741991177,-0.2768061457992807,-0.03387,2.9602011014848824,1069797451.4,732462090.1858057,-37248152773.0,1.4696269420303918,0.01534,0.0041057142857142,18.789144050104383,-0.0093280842224965,DOGEUSDT,0,0,1,0,1,0.39386618914803934,0.5,0.19693309457401967,10.227460019479272,"[{""name"": ""volume_spike"", ""value"": 2.9602011014848824, ""threshold"": 1.5, ""triggered"": true, ""z_score"": null}, {""name"": ""high_volatility"", ""value"": 1.4696269420303918, ""threshold"": 0.8, ""triggered"": true, ""z_score"": null}, {""name"": ""large_return"", ""value"": -3.894357085695337, ""threshold"": 0.05, ""triggered"": true, ""z_score"": null}]",False
2026-02-06,2.898443694283304,0.1069639305969392,-0.0554383272587761,-0.2195895078849353,-0.02771,2.417386999990004,1197365906.25,816588474.9579002,-34353655997.0,3.198754335644012,0.0099899999999999,0.0047907142857142,30.40107350529296,-0.0095218521308867,DOGEUSDT,1,0,0,0,1,0.42729469602902714,0.5,0.21364734801451357,6.486678809908785,"[{""name"": ""volume_spike"", ""value"": 2.417386999990004, ""threshold"": 1.5, ""triggered"": true, ""z_score"": null}, {""name"": ""high_volatility"", ""value"": 3.198754335644012, ""threshold"": 0.8, ""triggered"": true, ""z_score"": null}, {""name"": ""large_return"", ""value"": 2.898443694283304, ""threshold"": 0.05, ""triggered"": true, ""z_score"": null}]",False
2026-02-07,0.0608627872136385,-0.0025418141894198,-0.0897887323943662,-0.21416,-0.02677,1.162814371333224,1245848431.8,800318316.8678963,-35802346458.0,2.837727984261873,0.00025,0.0047699999999999,30.533093740640908,-0.0095850964792734,DOGEUSDT,0,0,0,0,0,0.0,0.0,0.0,0.0,[],True
2026-02-08,-0.23962880229839,-0.016422415675561,-0.0885681946802491,-0.1760743519781719,-0.02065,0.5098173490423198,1209306511.75,812038194.8903648,-36418871898.0,2.620784661740553,0.0016,0.0045428571428571,32.05974842767294,-0.0096530503536018,DOGEUSDT,0,0,0,0,0,0.0,0.0,0.0,0.0,[],True
2026-02-09,0.0055984351607171,-0.005395883176024,-0.0743523066551093,-0.1701062084448665,-0.0196999999999999,0.5669846361396884,1203714383.95,815424394.8248682,-37101359460.0,2.359769557277895,0.0005199999999999,0.0043721428571428,28.557425257310896,-0.009637765778177,DOGEUSDT,0,0,0,0,0,0.0,0.0,0.0,0.0,[],True
2026-02-10,-0.6786987818897767,-0.0353700571700127,0.0483670471239687,-0.1102052560905428,-0.01149,0.4210837751784628,1181455226.55,828890235.6722982,-37598851087.0,2.1417870107677084,0.0033399999999999,0.0043371428571428,22.480237154150203,-0.0097823973412695,DOGEUSDT,0,0,0,0,0,0.0,0.0,0.0,0.0,[],True
2026-02-11,-0.2821874990751789,-0.0179459925262533,-0.074735987002437,-0.1260310761557643,-0.0131399999999999,0.656997645110863,1199614604.2,815311676.5614158,-38386995057.0,2.027349164680428,0.0016499999999999,0.0043699999999999,22.3112128146453,-0.0099158562885213,DOGEUSDT,0,0,0,0,0,0.0,0.0,0.0,0.0,[],True
2026-02-12,0.6167850038460772,0.020422174014329,-0.0532423903084596,-0.1382505559673832,-0.01492,0.537132302236999,1205305898.2,810802548.5710217,-37739586325.0,1.9890439813162757,0.0018799999999999,0.0039528571428571,28.06288398988073,-0.0097574454205445,DOGEUSDT,0,0,0,0,0,0.0,0.0,0.0,0.0,[],True
2026-02-13,1.0306478898255511,0.0387036233232582,0.0004139501190107,-0.0881909073759668,-0.0093499999999999,0.589855006885057,1233243096.2,782331022.3753655,-37012151710.0,2.069418755497869,0.00367,0.0041099999999999,33.36809176225235,-0.0092293748496733,DOGEUSDT,0,0,0,0,0,0.0,0.0,0.0,0.0,[],True
2026-02-14,3.506671127792541,0.1385873802819802,0.1553428363333679,0.0694404314745256,0.0072099999999999,1.0642391496610364,1268519635.3,770198033.5263754,-35662143452.0,3.342091423456135,0.0143699999999999,0.0043114285714285,55.61630218687873,-0.0075641414981397,DOGEUSDT,1,0,0,0,1,0.5144323629902149,0.5,0.25721618149510744,5.763439075208745,"[{""name"": ""high_volatility"", ""value"": 3.342091423456135, ""threshold"": 0.8, ""triggered"": true, ""z_score"": null}, {""name"": ""large_return"", ""value"": 3.506671127792541, ""threshold"": 0.05, ""triggered"": true, ""z_score"": null}]",False
2026-02-15,-1.5392604577160258,-0.0781757555482906,0.1069311199741296,0.1604701096169059,0.0142,1.6792925884010137,1346143746.25,788751938.2773615,-37922712668.0,3.2294453118333024,0.0083499999999999,0.0049078571428571,48.85751710085868,-0.00683936731676,DOGEUSDT,0,0,1,0,1,0.435072082404866,0.5,0.217536041202433,6.708278809757448,"[{""name"": ""volume_spike"", ""value"": 1.6792925884010137, ""threshold"": 1.5, ""triggered"": true, ""z_score"": null}, {""name"": ""high_volatility"", ""value"": 3.2294453118333024, ""threshold"": 0.8, ""triggered"": true, ""z_score"": null}, {""name"": ""large_return"", ""value"": -1.5392604577160258, ""threshold"": 0.05, ""triggered"": true, ""z_score"": null}]",False
2026-02-16,-0.28838086515932,-0.0163962241702972,0.1086479367866548,0.0257920389926888,0.00254,0.7429884884605353,1361496440.0,778527830.0885355,-38934288850.0,2.862621700605219,0.00167,0.0047657142857142,44.82913669064748,-0.0063268021624965,DOGEUSDT,0,0,0,0,0,0.0,0.0,0.0,0.0,[],True
2026-02-17,-0.0320598375562403,-0.0035700156916925,0.0823655913978493,0.0247378601241983,0.00243,0.5940312298071826,1369615017.15,771546492.761487,-39747882943.0,2.6395526341177376,0.0003599999999999,0.0046557142857142,45.88830929733047,-0.0058818374158514,DOGEUSDT,0,0,0,0,0,0.0,0.0,0.0,0.0,[],True
2026-02-18,-0.3728336339872016,-0.0211844677494847,0.0194476052549912,0.0198696057125116,0.00192,0.4040236665437202,1337161571.8,792885388.1016084,-40288127864.0,2.34476092421943,0.00211,0.00465,45.944700460829495,-0.0056345079144531,DOGEUSDT,0,0,0,0,0,0.0,0.0,0.0,0.0,[],True
2026-02-19,0.0414877258833489,-0.0018281540740625,-0.1141030259365993,0.0235147227135572,0.0022599999999999,0.4793714097731986,1310326411.2,807963667.8696766,-40916260883.0,2.2068987117080523,0.0001799999999999,0.0035671428571428,59.89187024429316,-0.0053908792975233,DOGEUSDT,0,0,0,0,0,0.0,0.0,0.0,0.0,[],True
2026-02-20,0.455224861579657,0.0175337019067257,-0.0251241600934852,0.0791204053034386,0.0073399999999999,0.7145480964844642,1231164750.6,765534628.987566,-40036534454.0,1.7321173694888718,0.00174,0.0029778571428571,51.95490525305829,-0.0049997642352846,DOGEUSDT,0,0,0,0,0,0.0,0.0,0.0,0.0,[],True
2026-02-21,-0.2846433975934782,-0.0171271565204983,-0.0258364680261334,0.0800043898156277,0.0072899999999999,0.3070477241815725,1193074219.9,789507787.8634839,-40402865178.0,1.6687546319499138,0.0017,0.0030814285714285,50.208623087621696,-0.0047719702208778,DOGEUSDT,0,0,0,0,0,0.0,0.0,0.0,0.0,[],True
2026-02-22,-0.538389633746617,-0.0291788317608819,-0.0504669183389628,0.027741935483871,0.0025799999999999,0.3475242478721075,1132524062.45,802615933.8005984,-40796444751.0,1.5708658204865054,0.0028299999999999,0.0031692857142857,48.81676808654497,-0.0047648726857058,DOGEUSDT,0,0,0,0,0,0.0,0.0,0.0,0.0,[],True
2026-02-23,-0.5669663092115118,-0.0310267131615097,-0.0597666159309994,-0.041481328230061,-0.00401,0.808179705742109,1096099190.2,796103021.9646821,-41682289872.0,1.529958043097812,0.0029199999999999,0.0033407142857142,46.31173829377807,-0.0049379458682838,DOGEUSDT,0,0,0,0,0,0.0,0.0,0.0,0.0,[],True
2026-02-24,-0.2169850451524198,-0.0140196829779731,-0.0711599064755513,-0.177143371757925,-0.0196699999999999,0.6482355777376845,1064456029.1,799185971.3668908,-42372308141.0,1.4666928137131403,0.0012899999999999,0.0031942857142857,48.43470483005367,-0.0051201776111209,DOGEUSDT,0,0,0,0,0,0.0,0.0,0.0,0.0,[],True
2026-02-25,2.3096657918046826,0.0997081477483172,0.0083907701528318,-0.0169442009932807,-0.00174,1.497929998956856,979474458.1,637969764.5920345,-40905123967.0,0.9446301769235492,0.0095799999999999,0.0037607142857142,59.335232668566,-0.0044403856419919,DOGEUSDT,0,0,0,0,0,0.0,0.0,0.0,0.0,[],True
2026-02-26,-0.7496419078532549,-0.0398112787856543,-0.0142261965247434,-0.0396951098792318,-0.00401,0.910927911224006,874583757.05,451847909.6397611,-41701806722.0,0.4722840322858037,0.0039399999999999,0.0039078571428571,53.66477791994152,-0.0041714844053011,DOGEUSDT,0,0,0,0,0,0.0,0.0,0.0,0.0,[],True
2026-02-27,-0.7034588792312212,-0.0382439714773577,-0.0231219920485458,-0.0724220147029605,-0.00729,0.8231427441863964,836580492.1,432572553.33558327,-42390431884.0,0.5129584707283724,0.00364,0.0039057142857142,46.98244330651059,-0.0042036388847565,DOGEUSDT,0,0,0,0,0,0.0,0.0,0.0,0.0,[],True
2026-02-28,0.2158093975301294,0.0072564612512048,0.0150010792143318,-0.045662100456621,-0.0045,1.453653038152183,868908817.2,439368364.9915549,-41127339942.0,0.4800086022249656,0.00068,0.0029278571428571,29.275433032446927,-0.0041266814098597,DOGEUSDT,0,0,0,0,0,0.0,0.0,0.0,0.0,[],True
2026-03-01,-0.3952075670202788,-0.023125526385398,0.0058005910036116,-0.0657720849852597,-0.00647,1.1571700722132463,886049964.15,438398933.1336418,-42152650443.0,0.4776740475410423,0.0021499999999999,0.002485,34.492670307559635,-0.004190869355056,DOGEUSDT,0,0,0,0,0,0.0,0.0,0.0,0.0,[],True
2026-03-02,0.4267107251356449,0.0179019123543369,-0.0732045567112431,-0.0654280291679153,-0.00655,1.0346911915174593,908158566.25,428817217.172283,-41212986774.0,0.4085625506370536,0.00166,0.0024842857142857,39.27544565842439,-0.0040609782083574,DOGEUSDT,0,0,0,0,0,0.0,0.0,0.0,0.0,[],True
2026-03-03,-0.7169261539716467,-0.0391266602869509,-0.0725698381610143,-0.0857636419063103,-0.00844,1.147166778513677,921613592.55,429075031.2012018,-42270231270.0,0.4470779279961602,0.00359,0.002715,35.93791107603262,-0.0041993144528715,DOGEUSDT,0,0,0,0,0,0.0,0.0,0.0,0.0,[],True
2026-03-04,2.3357139628956487,0.0949362479061039,0.0595480347006533,0.0350491734672526,0.00335,2.2554404221202224,1002271318.2,517355968.1440991,-40009668025.0,0.8619321126683772,0.00896,0.0032042857142857,50.42353990191708,-0.0035450842803071,DOGEUSDT,0,0,0,0,0,0.0,0.0,0.0,0.0,[],True
2026-03-05,-1.0380595958471517,-0.0558095876191529,-0.0052099946836787,0.0097129289876969,0.0008999999999999,1.049534098359005,1019394027.0,513433228.5692107,-41079556816.0,0.918153093259088,0.00537,0.003575,45.194805194805205,-0.0034204870308015,DOGEUSDT,0,0,0,0,0,0.0,0.0,0.0,0.0,[],True
2026-03-06,-0.3707223113938896,-0.024561689138989,-0.0066376496191512,-0.0008755609062056,-8.000000000001062e-05,0.8753285616648916,995461404.05,508341682.7585135,-41950912615.0,-0.2361958362901499,0.00227,0.0036128571428571,41.281138790035584,-0.0034649708150259,DOGEUSDT,0,0,0,0,0,0.0,0.0,0.0,0.0,[],True
2026-03-07,-0.1595735009257524,-0.0150096626505652,-0.0387986318939719,-0.1091629519564141,-0.01102,0.4905754590730556,904622216.2,426036042.0675041,-42394698074.0,-0.4982478676071369,0.00136,0.0035885714285714,41.56050955414013,-0.0035688259643183,DOGEUSDT,0,0,0,0,0,0.0,0.0,0.0,0.0,[],True
2026-03-08,-0.0256082145359324,-0.0087112456172746,-0.0091141491608314,-0.0810225749922689,-0.00786,0.9311994346617524,895749477.45,425538926.2365975,-43228819481.0,-0.5025531213813995,0.00078,0.0034421428571428,43.32849138825482,-0.0036717457996406,DOGEUSDT,0,0,0,0,0,0.0,0.0,0.0,0.0,[],True
2026-03-09,0.4688588386402273,0.0149190030538924,-0.0853128474679066,-0.0308450251686837,-0.0028799999999999,1.1013904442668807,904902310.7,425647509.9126399,-42232168723.0,-0.4775591498959554,0.00134,0.0033292857142857,47.67217335335764,-0.0036036431543843,DOGEUSDT,0,0,0,0,0,0.0,0.0,0.0,0.0,[],True
2026-03-10,1.0768944449537916,0.0435721049556651,0.0102607952116289,0.0049973418394473,0.00047,1.893170131161648,969678371.1,464075420.7952869,-40396402594.0,-0.3701809864727953,0.00403,0.003525,53.191489361702125,-0.0031877377410994,DOGEUSDT,0,0,0,0,0,0.0,0.0,0.0,0.0,[],True
2026-03-11,-0.2482305064325266,-0.017503114929071,0.0174170226749919,0.0106637649619152,0.00098,1.183214492443433,997270994.85,459078179.801844,-41576388088.0,-0.3624854621455672,0.00164,0.0029578571428571,40.25597681719393,-0.0029563846367754,DOGEUSDT,0,0,0,0,0,0.0,0.0,0.0,0.0,[],True
2026-03-12,0.5401109546925408,0.0199335065728996,0.0535972422995663,0.0127191107310815,0.0011899999999999,0.8342514099180264,994779482.7,459884206.0925512,-40746491902.0,-0.3633796028587272,0.0018699999999999,0.00281,47.12760549059482,-0.0025922602999201,DOGEUSDT,0,0,0,0,0,0.0,0.0,0.0,0.0,[],True
2026-03-13,0.373982164293916,0.0126895940089581,0.0763881099270893,0.0665777481382683,0.00599,1.581864722117377,1060327695.25,459022093.7694945,-39069196927.0,-0.3733561650146397,0.00121,0.0026364285714285,53.50853427255487,-0.0021809120553762,DOGEUSDT,0,0,0,0,0,0.0,0.0,0.0,0.0,[],True
2026-03-14,0.116557282144464,0.0008333333815586,0.0613327439496076,-0.02921257454766,-0.00289,0.6015733666533665,1072920743.8,442940590.1184341,-38423756383.0,-0.430261695773484,7.999999999999674e-05,0.0025935714285714,52.74029193059764,-0.0018273952021823,DOGEUSDT,0,0,0,0,0,0.0,0.0,0.0,0.0,[],True
2026-03-15,0.4330154296631641,0.0138560794015024,0.030258146424037,0.0408294142796066,0.0038199999999999,0.7592108487152845,1069216527.1,444892877.176034,-37611995596.0,-0.4843406102177668,0.0013399999999999,0.0025357142857142,57.71830985915492,-0.0014227037052106,DOGEUSDT,0,0,0,0,0,0.0,0.0,0.0,0.0,[],True
2026-03-16,1.374157485281054,0.0564964116014888,0.1093884582256674,0.1287107021579583,0.01175,1.8604619883515616,1140840095.25,493305604.828353,-35489505964.0,-0.3411777675540451,0.00566,0.0028214285714285,61.99999999999999,-0.0006379145984071,DOGEUSDT,0,0,0,0,0,0.0,0.0,0.0,0.0,[],True
2026-03-17,-0.5121882394725318,-0.0284482002442162,0.0569920844327176,0.1136439452907818,0.01022,1.014350664484814,1124513434.0,487303339.87622505,-36630156913.0,-0.9123726071889414,0.00289,0.0027714285714285,63.118556701030926,-0.000246322966599,DOGEUSDT,0,0,0,0,0,0.0,0.0,0.0,0.0,[],True
2026-03-18,-0.9483951787132991,-0.050059066739113,-0.0072947061275532,0.0685361749859787,0.00611,1.1455756876184038,1150583309.55,482767719.68182606,-37948237179.0,-0.8401162112337545,0.00489,0.0024807142857142,44.71638353008925,-0.0003267987768167,DOGEUSDT,0,0,0,0,0,0.0,0.0,0.0,0.0,[],True
2026-03-19,-0.2747529154966696,-0.0182208430749741,-0.0260308204914618,0.0337053818101447,0.0030499999999999,0.6367456854444802,1152855850.9,480580705.817078,-38682313168.0,-0.8983849497802658,0.0017199999999999,0.00222,49.96782496782496,-0.000523333399901,DOGEUSDT,0,0,0,0,0,0.0,0.0,0.0,0.0,[],True
2026-03-20,0.2384851869449099,0.0066063106542811,-0.0330663380570959,-0.0038087177316971,-0.00036,0.4616840203492546,1115450538.25,500260020.8439828,-38167327479.0,-0.8807900408410304,0.0006199999999999,0.0021021428571428,54.87597689432551,-0.0006218909148542,DOGEUSDT,0,0,0,0,0,0.0,0.0,0.0,0.0,[],True
2026-03-21,-0.5455219405263099,-0.0302971801280054,-0.1134510869565218,-0.0164728682170542,-0.00153,0.3721637021849903,1084363041.4,524869665.05258703,-38570888043.0,-0.8380603652529532,0.0028099999999999,0.0022057142857142,52.29922279792746,-0.0009161808093064,DOGEUSDT,0,0,0,0,0,0.0,0.0,0.0,0.0,[],True
2026-03-22,-0.1965735317627539,-0.0132233331746895,-0.0998502246630055,-0.0485488126649077,-0.0046,0.6767930486618216,1073713965.35,530094569.3817273,-39297570191.0,-0.8329819052891958,0.0012,0.0022357142857142,51.597444089456864,-0.0012320355037142,DOGEUSDT,0,0,0,0,0,0.0,0.0,0.0,0.0,[],True
2026-03-23,1.0474246759837254,0.0434143054538351,-0.0116523199664076,-0.0188620258441017,-0.00181,0.9528615424010468,1071921373.2,530213800.2653671,-38276177538.0,-0.7994638997441393,0.004,0.0024257142857142,55.38869257950529,-0.0011463713981509,DOGEUSDT,0,0,0,0,0,0.0,0.0,0.0,0.0,[],True
2026-03-24,0.2893936782741855,0.0100397144481832,0.016677357280308,-0.0097875885047896,-0.0009399999999999,0.6091471026432204,989016023.2,459488781.8269917,-37673721293.0,-1.514630203032716,0.00095,0.0022057142857142,50.93911917098444,-0.0009904081086281,DOGEUSDT,0,0,0,0,0,0.0,0.0,0.0,0.0,[],True
2026-03-25,0.3136679986848115,0.011292466298172,0.0214528462192014,-0.0123228589032654,-0.0011999999999999,0.8216288927235396,975600668.5,460917886.2309243,-36872139596.0,-1.7465327226444882,0.0010799999999999,0.0021657142857142,55.4419525065963,-0.0007707740999292,DOGEUSDT,0,0,0,0,0,0.0,0.0,0.0,0.0,[],True
2026-03-26,-0.8429385904245753,-0.0438895281704296,0.0076628352490422,-0.1066576086956522,-0.01099,0.8698701674170831,974413542.1,461230976.2058395,-37719752867.0,-1.6243117588802658,0.0041299999999999,0.0023271428571428,45.85635359116024,-0.0009193711119181,DOGEUSDT,0,0,0,0,0,0.0,0.0,0.0,0.0,[],True
2026-03-27,-0.3774602696773622,-0.021300761432141,-0.0004437049362173,-0.1002496255616576,-0.01004,0.5458064657193417,978939854.25,456165942.3289017,-38254064569.0,-1.6016437516156672,0.00194,0.0023792857142857,41.21885319723806,-0.0011800739433975,DOGEUSDT,0,0,0,0,0,0.0,0.0,0.0,0.0,[],True
2026-03-28,0.294299519021454,0.009828360269904,-0.0334572490706319,-0.0447197144656729,-0.00426,0.6828405011283091,970363975.05,460622299.8805399,-37591460746.0,-1.5949219316086929,0.00089,0.0024371428571428,42.61430246189918,-0.001299883011441,DOGEUSDT,0,0,0,0,0,0.0,0.0,0.0,0.0,[],True
2026-03-29,-0.0358965134896469,-0.0060622946755458,-0.0488958990536277,-0.033033996151379,-0.0030899999999999,0.458835252977831,942145925.35,475958470.924961,-38023750510.0,-1.5945855062230538,0.0005499999999999,0.0023807142857142,39.603960396039625,-0.0014228116771566,DOGEUSDT,0,0,0,0,0,0.0,0.0,0.0,0.0,[],True
2026-03-30,0.1810654807797765,0.0041924156728179,-0.0556248700353504,-0.0353653355989804,-0.0033299999999999,0.9076453330356148,890783388.15,427399154.202649,-37215235125.0,-1.756218884176452,0.0003799999999999,0.0020035714285714,28.23529411764703,-0.0014725955414391,DOGEUSDT,0,0,0,0,0,0.0,0.0,0.0,0.0,[],True
2026-03-31,0.4229149529409036,0.0162711752456672,0.0029331884845191,0.0106185002736727,0.0009699999999999,0.8377708800120962,868149637.75,423243770.8569835,-36487924639.0,-1.7195742204126314,0.00149,0.0019035714285714,35.309568480300186,-0.00137595787908,DOGEUSDT,0,0,0,0,0,0.0,0.0,0.0,0.0,[],True
2026-04-01,0.0282652142060074,-0.0014091379492865,0.0230828986793918,0.0226289517470881,0.00204,0.7474198157857372,858747056.8,426216709.7493384,-37129769206.0,-1.723369222848426,0.00013,0.0015635714285714,42.98766560073092,-0.0012949345495498,DOGEUSDT,0,0,0,0,0,0.0,0.0,0.0,0.0,[],True
2026-04-02,-0.4108205357207082,-0.0196073974123722,-0.0065934065934066,-0.039830058417419,-0.00375,0.8318727900300856,808511232.8,381528661.3000968,-37802347701.0,-1.6606638941633634,0.00179,0.0015685714285714,42.85063752276866,-0.0013594896668746,DOGEUSDT,0,0,0,0,0,0.0,0.0,0.0,0.0,[],True
2026-04-03,0.3185452737276306,0.0127502276862351,0.0122719734660032,-0.037223974763407,-0.00354,0.4902568790679997,795745183.1,391415674.77064914,-37412228151.0,-1.5915760584620575,0.00116,0.0016071428571428,44.22222222222225,-0.001302038665726,DOGEUSDT,0,0,0,0,0,0.0,0.0,0.0,0.0,[],True
2026-04-04,0.1651702085394987,0.0055546622153885,0.0136518771331057,-0.0427323767935121,-0.00411,0.382320835582765,769874089.0,407087464.0675665,-37117889246.0,-1.5780204892972038,0.0005099999999999,0.0014428571428571,51.78217821782178,-0.0012015053894332,DOGEUSDT,0,0,0,0,0,0.0,0.0,0.0,0.0,[],True
2026-04-05,0.1070455850397037,0.0033613477027049,0.0006499133448873,0.0035850081477457,0.0003299999999999,0.6504987043969658,686063787.65,259892946.23393083,-36671605641.0,-1.8825202423198384,0.00031,0.0013792857142857,55.77421025375455,-0.0010843182881846,DOGEUSDT,0,0,0,0,0,0.0,0.0,0.0,0.0,[],True
2026-04-06,-0.4095328493604644,-0.0193459227684902,-0.0171385182774703,0.0055487737210075,0.0005,1.1762811017873664,668338964.9,238463039.389636,-37457760135.0,-1.8616695173887765,0.00177,0.00122,39.63700234192038,-0.0011213447098481,DOGEUSDT,0,0,0,0,0,0.0,0.0,0.0,0.0,[],True
2026-04-07,1.1586891325197692,0.0464698493335936,0.05,0.0430769230769232,0.00392,1.631579447529647,655946383.5,207327332.2751288,-36387531497.0,-1.750293782187083,0.00431,0.00146,49.55968688845401,-0.0007937574936603,DOGEUSDT,0,0,0,0,0,0.0,0.0,0.0,0.0,[],True
2026-04-08,-0.7042195657362125,-0.0269074529199243,0.0091743119266054,0.0215588723051409,0.0019499999999999,1.2532949709689507,660641518.7,210232681.347359,-37215510190.0,-1.641148037218648,0.00252,0.0015628571428571,41.36197440585009,-0.0007290808143831,DOGEUSDT,0,0,0,0,0,0.0,0.0,0.0,0.0,[],True
2026-04-09,0.0658791147356541,0.0021621630044953,0.0057564896274573,0.0194869536496753,0.00177,1.1894145251717594,675037185.95,209590415.23959133,-36412611156.0,-1.577908402166197,0.0002,0.0012821428571428,51.53203342618382,-0.00065414517319,DOGEUSDT,0,0,0,0,0,0.0,0.0,0.0,0.0,[],True
2026-04-10,0.3085518659431067,0.0115955776373281,0.0140723100238147,0.0147313691507799,0.00136,1.0162239144748102,689914540.5,199629670.37264884,-35711503501.0,-1.5845947915674077,0.0010799999999999,0.0012207142857142,60.4447045055588,-0.0005018264209939,DOGEUSDT,0,0,0,0,0,0.0,0.0,0.0,0.0,[],True
2026-04-11,-0.1728789595148004,-0.0063179521610633,0.0273700474561306,0.0097624471200781,0.0009,0.7744656877971385,679908732.3,202681584.6753114,-36238069485.0,-1.5354376741936075,0.0005899999999999,0.0011992857142857,56.22394282310901,-0.000423835074732,DOGEUSDT,0,0,0,0,0,0.0,0.0,0.0,0.0,[],True
2026-04-12,-0.6614720302601249,-0.0244670498910408,-0.0429835651074589,0.0048672566371683,0.00044,1.143133179367173,666960323.4,187414685.7694639,-37000493960.0,-1.6000637579598476,0.00225,0.0013207142857142,51.05462412114657,-0.0005373878937607,DOGEUSDT,0,0,0,0,0,0.0,0.0,0.0,0.0,[],True
2026-04-13,0.9381218645699292,0.0353645936333386,0.0185064935064935,0.0278505897771952,0.0025499999999999,1.3306775170438885,682228840.1,194199334.55783835,-36092667381.0,-1.424891592341132,0.0032699999999999,0.0015271428571428,57.670720299345184,-0.0003593749981989,DOGEUSDT,0,0,0,0,0,0.0,0.0,0.0,0.0,[],True
2026-04-14,-0.3428732580605578,-0.0121874504029299,0.0039956803455722,0.0097751710654936,0.0008999999999999,1.860114195551232,707997571.95,239726553.1645185,-37409623715.0,-1.3746425142129093,0.00114,0.0015021428571428,51.54541131716594,-0.0003067509347452,DOGEUSDT,0,0,0,0,0,0.0,0.0,0.0,0.0,[],True
2026-04-15,0.5459867249652599,0.0203360747816488,0.0128095644748078,0.0270621346611821,0.0025,0.9225361358678856,697804397.0,237804077.43136203,-36765873943.0,-1.4524114188302035,0.00191,0.0016292857142857,55.89653660675144,-0.0001096608458883,DOGEUSDT,0,0,0,0,0,0.0,0.0,0.0,0.0,[],True
2026-04-16,1.479917335884226,0.0446258804123958,0.0657428295198194,0.0949122613398081,0.0086,2.1229293592086966,750781630.15,307323961.50696534,-35172017578.0,-1.3026910950652557,0.00433,0.0018107142857142,67.37672583826429,0.0003914172675566,DOGEUSDT,0,0,0,0,0,0.0,0.0,0.0,0.0,[],True
2026-04-17,0.0674353761344346,0.0020138965622426,0.0943416996917656,0.0473029919932574,0.0044899999999999,1.7514281704902472,786528880.95,336703588.1064212,-33794468739.0,-1.2708911734210913,0.0001999999999999,0.0017421428571428,66.09266092660924,0.0007954936553832,DOGEUSDT,0,0,0,0,0,0.0,0.0,0.0,0.0,[],True
2026-04-18,-1.4905892369217315,-0.0475887937591035,0.0072255870789501,0.0258658008658008,0.00239,1.1167275087689892,810150246.05,326975014.0104204,-34699185805.0,-1.0374266249644275,0.0046199999999999,0.0020357142857142,54.7719298245614,0.0007344652566105,DOGEUSDT,0,0,0,0,0,0.0,0.0,0.0,0.0,[],True
2026-04-19,-0.5695547571403934,-0.0188493946689991,0.00053780789502,0.0045356371490281,0.00042,1.3207556211722984,824149479.7,332842376.9626965,-35787685863.0,-0.9781350361310348,0.0017699999999999,0.00214,51.06809078771696,0.000537084428437,DOGEUSDT,0,0,0,0,0,0.0,0.0,0.0,0.0,[],True
2026-04-20,0.7537126493277903,0.023270454501649,0.0034780775716694,0.01633219470538,0.00153,0.8992402393265053,824871853.55,332636758.1821832,-35045927900.0,-0.9324276558946591,0.0021899999999999,0.00217,57.57077024358132,0.0005510215638743,DOGEUSDT,0,0,0,0,0,0.0,0.0,0.0,0.0,[],True
2026-04-21,-0.0082752423806155,-0.0003151426046355,-0.0406209051506905,0.0224513911268664,0.0020899999999999,0.6254105274207876,818370501.55,337635408.8735014,-35557745427.0,-0.9101512616162462,3.0000000000002247e-05,0.0018642857142857,50.49808429118774,0.000553268361566,DOGEUSDT,0,0,0,0,0,0.0,0.0,0.0,0.0,[],True
2026-04-22,0.1656253806420145,0.0049258601932974,-0.037823156624082,0.0529502421840597,0.0048099999999999,1.0350898713669148,827572154.55,335956558.737396,-34701133872.0,-0.9253374900047152,0.0004699999999999,0.0017178571428571,56.756756756756765,0.0005862164980872,DOGEUSDT,0,0,0,0,0,0.0,0.0,0.0,0.0,[],True
2026-04-23,0.4884548926470136,0.0154575410313369,0.0247916446882583,0.0321963659547339,0.00303,1.0694912720620904,853718395.7,320093537.16724247,-33788089499.0,-0.8959647973403795,0.00149,0.0018099999999999,58.95816890292029,0.0007242104341299,DOGEUSDT,0,0,0,0,0,0.0,0.0,0.0,0.0,[],True
2026-04-24,0.3951875762820567,0.0131923987235212,0.0581595355837454,0.0587286221361731,0.00546,1.1043518591150494,888036699.45,292575031.9166315,-32807384519.0,-0.8647686582384613,0.0012899999999999,0.0018249999999999,59.29549902152643,0.0009269782138314,DOGEUSDT,0,0,0,0,0,0.0,0.0,0.0,0.0,[],True
2026-04-25,-0.1860112397498166,-0.0043781569705479,0.0293036445751497,0.0328836424957841,0.0031199999999999,0.5559001579357585,890473229.65,288882145.3988315,-33302398728.0,-0.8382578874769516,0.0004299999999999,0.0018135714285714,59.66916108704214,0.001040976010306,DOGEUSDT,0,0,0,0,0,0.0,0.0,0.0,0.0,[],True
2026-04-26,0.3439934023129646,0.0123721282023309,0.0424458919941164,0.0001007962906964,9.999999999996125e-06,0.6498165590955783,879749287.7,296830132.27048594,-32730723073.0,-0.8655054601239399,0.0012199999999999,0.0017399999999999,67.20032840722496,0.001215749486059,DOGEUSDT,0,0,0,0,0,0.0,0.0,0.0,0.0,[],True
2026-04-27,-0.0995236017841735,-0.0027249348243281,0.0345007841087297,-0.0046273010763504,-0.00046,1.0084098364229317,870109189.05,293429701.3180528,-33608149738.0,-1.0456833915399122,0.00027,0.0015257142857142,61.32958801498126,0.001317287115369,DOGEUSDT,0,0,0,0,0,0.0,0.0,0.0,0.0,[],True
2026-04-28,0.1193985708679416,0.0040342969492511,0.0227506691373273,0.0481063403312584,0.0045599999999999,1.2306532284390828,883046452.8,297154782.5090334,-32521425770.0,-1.1180328393748178,0.0003999999999999,0.0014728571428571,65.47041707080504,0.0014137364019753,DOGEUSDT,0,0,0,0,0,0.0,0.0,0.0,0.0,[],True
2026-04-29,1.682303384265022,0.046510865206424,0.0574011988214975,0.1188991614706513,0.01106,2.860724478601649,983590584.15,522989922.3672376,-29707644109.0,-0.8773653313514949,0.00473,0.0016742857142857,69.62457337883959,0.0018505130635388,DOGEUSDT,0,0,0,0,0,0.0,0.0,0.0,0.0,[],True
2026-04-30,0.7536661491489032,0.0229851509452298,0.086734693877551,0.1185799810944228,0.0112899999999999,1.4251177958274588,1021309520.0,528716687.9367025,-28252157737.0,-0.8226627391533162,0.0024199999999999,0.0015378571428571,66.92986530422664,0.0023646769657492,DOGEUSDT,0,0,0,0,0,0.0,0.0,0.0,0.0,[],True
2026-05-01,0.5784886662926025,0.0188816473084438,0.0938318887321103,0.140260558940954,0.01335,1.0765075295573956,1051583075.75,516080626.74531066,-27120120638.0,-0.8036554942192731,0.00203,0.0016685714285714,69.52054794520548,0.0029025013681561,DOGEUSDT,0,0,0,0,0,0.0,0.0,0.0,0.0,[],True
2026-05-02,-0.108506277514264,-0.0001842978258073,0.0966144517433047,0.1344485101934134,0.0128599999999999,0.5377571507497683,1041464603.9,523971900.5518232,-27680175676.0,-0.9004062854665741,2.0000000000006124e-05,0.00134,86.56716417910444,0.0032892013829404,DOGEUSDT,0,0,0,0,0,0.0,0.0,0.0,0.0,[],True
2026-05-03,-0.1973134803122504,-0.0019371806251713,0.0900855561147457,0.1148857319332921,0.0111599999999999,0.4303455749500135,1017977377.95,540543726.0523908,-28118257736.0,-0.966843186457951,0.00021,0.0012285714285714,94.4186046511627,0.0035379355667978,DOGEUSDT,0,0,0,0,0,0.0,0.0,0.0,0.0,[],True
2026-05-04,0.6056236728091383,0.0164838897216894,0.0578401229823213,0.1185614142029869,0.01167,1.405576741981908,1024102278.45,544787114.5949295,-26678803392.0,-1.0086863583512993,0.0018,0.0012007142857142,94.28911362284346,0.0038360841659247,DOGEUSDT,0,0,0,0,0,0.0,0.0,0.0,0.0,[],True
2026-05-05,1.7122291531807103,0.0421508115242287,0.0783098591549296,0.1718367346938774,0.0168399999999999,0.8920946170195273,1038224514.9,538027398.8728647,-25752608891.0,-0.8633463684533589,0.0047399999999999,0.0015371428571428,95.67843866170998,0.0044040799724667,DOGEUSDT,0,0,0,0,0,0.0,0.0,0.0,0.0,[],True
2026-05-06,-1.0521277593256724,-0.0210311768475385,0.036119045425228,0.1333400524087884,0.0132299999999999,1.2155900259605468,1020560877.85,524453526.6919888,-26993192515.0,-0.9256228735009324,0.00239,0.0016742857142857,85.83617747440267,0.0046082467157977,DOGEUSDT,0,0,0,0,0,0.0,0.0,0.0,0.0,[],True
2026-05-07,-1.896554248123996,-0.0419527655113437,-0.0062667035296286,0.0897422940879231,0.0088799999999999,1.1874046424732598,1011751348.3,519598714.5948053,-28194550763.0,-0.5745947487243188,0.0046199999999999,0.0018978571428571,70.1166729394053,0.0043471437743527,DOGEUSDT,0,0,0,0,0,0.0,0.0,0.0,0.0,[],True
2026-05-08,0.4996071329026355,0.0155512680862125,0.0112650046168052,0.1023653749370911,0.01017,0.9353550391174432,1013934953.4,519216855.9040647,-27246161595.0,-0.9612828985418468,0.00169,0.0019264285714285,70.55988134964774,0.0042278506575585,DOGEUSDT,0,0,0,0,0,0.0,0.0,0.0,0.0,[],True
2026-05-09,-0.4338549344124149,-0.0071474692624188,-0.0123524069028155,0.0447732513451191,0.0046599999999999,0.5162186309736295,984931961.95,530901825.4449287,-27754601824.0,-1.0174776017149016,0.00078,0.0019514285714285,69.65592972181548,0.0040239845329185,DOGEUSDT,0,0,0,0,0,0.0,0.0,0.0,0.0,[],True
2026-05-10,1.323718918030016,0.033637891146281,-0.0207244862417275,0.055962441314554,0.00596,0.9875038903718844,997074827.35,527815544.9277296,-26769986553.0,-0.915974978315871,0.00372,0.00213,72.19986586183767,0.0041151551243496,DOGEUSDT,0,0,0,0,0,0.0,0.0,0.0,0.0,[],True
2026-05-11,-0.5657814326676132,-0.0101886662063656,-0.0100489106269452,0.0257071777388739,0.00279,1.0089704692596326,1023097720.35,515313719.08845246,-27802261940.0,-0.8474245407007672,0.00114,0.0021921428571428,70.15314434669271,0.0040487485492674,DOGEUSDT,0,0,0,0,0,0.0,0.0,0.0,0.0,[],True
2026-05-12,-0.5612113597693937,-0.0105658634093379,0.0215153482333303,0.0151138143949867,0.00164,0.7862939750578798,1020383200.75,516378768.8378751,-28604583103.0,-0.7690160296335483,0.00117,0.0022471428571428,67.16465352828988,0.0038572476878866,DOGEUSDT,0,0,0,0,0,0.0,0.0,0.0,0.0,[],True
2026-05-13,0.8512813708089091,0.0227976127159057,0.028944485025566,0.0405355493998154,0.00439,1.419468425320675,1049196012.7,526060431.6498652,-27115282491.0,-0.7178883551160574,0.00254,0.0020907142857142,64.70789203963099,0.0038658752444927,DOGEUSDT,0,0,0,0,0,0.0,0.0,0.0,0.0,[],True
2026-05-14,0.8938034581756216,0.0242834636685294,0.0617987860952731,0.0486830154405084,0.0053599999999999,2.088647707508235,1116789784.9,598641362.7192225,-24782702067.0,-0.6513387160766235,0.0027699999999999,0.0021157142857142,65.12491559756918,0.004049547828791,DOGEUSDT,0,0,0,0,0,0.0,0.0,0.0,0.0,[],True
2026-05-15,-0.8768206003693544,-0.0183555542503624,0.0080028454561622,-0.0128874956461162,-0.0014799999999999,1.1510320800623506,1158725590.8,581936162.0667882,-26116432394.0,-0.5231398280914247,0.0020999999999999,0.0021207142857142,58.13405186931627,0.0039797807899501,DOGEUSDT,0,0,0,0,0,0.0,0.0,0.0,0.0,[],True
2026-05-16,-1.5858622214203852,-0.0358319660352906,-0.0175170679123248,-0.027389951089373,-0.0030799999999999,0.6498174146965863,1168094205.9,573433949.8769801,-26875480351.0,-0.1392264577626881,0.00399,0.0024042857142857,51.2774806892454,0.003561475779007,DOGEUSDT,0,0,0,0,0,0.0,0.0,0.0,0.0,[],True
2026-05-17,-0.2215618460856722,-0.003480494445914,-0.0105310939627779,0.0107576741166652,0.00116,0.5818338843887371,1157908389.45,580632875.0826513,-27549190687.0,-0.0997774228848206,0.0003799999999999,0.0024164285714285,51.019804906887394,0.0031628439239489,DOGEUSDT,0,0,0,0,0,0.0,0.0,0.0,0.0,[],True
2026-05-18,-1.8238511658949088,-0.0394886635363466,-0.0702813026887921,-0.0433710737764791,-0.00475,1.0473136772779592,1164554905.05,580535958.6604519,-28768844967.0,0.3553685688116763,0.00422,0.0025892857142857,42.64827586206896,0.0024778435369496,DOGEUSDT,0,0,0,0,0,0.0,0.0,0.0,0.0,[],True
2026-05-19,-0.8256279897411893,-0.0170384831352378,-0.1079161614411917,-0.0527864631230459,-0.00574,0.4056369351748776,1045061601.25,455749394.6331045,-29192760552.0,-0.0127737401086669,0.00177,0.0023771428571428,32.21153846153847,0.0017717282076829,DOGEUSDT,0,0,0,0,0,0.0,0.0,0.0,0.0,[],True
2026-05-20,0.2213092597633503,0.0068695543720071,-0.0851270289343684,-0.0778054419349102,-0.00875,0.4581066232887557,995079917.7,463124285.0886826,-28736907851.0,-0.1015252214063292,0.00071,0.0022571428571428,36.17088607594938,0.0012549514886542,DOGEUSDT,0,0,0,0,0,0.0,0.0,0.0,0.0,[],True
2026-05-21,0.7282432051381074,0.018817117612427,-0.0337386851970376,-0.0506647502694933,-0.00564,0.6254274189842727,968772920.1,469829911.126005,-28131010704.0,-0.0503074695194583,0.0019699999999999,0.0020678571428571,46.28670120898101,0.000992918999516,DOGEUSDT,0,0,0,0,0,0.0,0.0,0.0,0.0,[],True
2026-05-22,-1.5116089608180658,-0.032115056837124,-0.0610147719974309,-0.0709033136631865,-0.0078099999999999,0.5659472548157919,968166733.45,470392488.4711366,-28678942009.0,0.3200830614115342,0.0033399999999999,0.0021857142857142,38.26797385620914,0.0005098688271197,DOGEUSDT,0,0,0,0,0,0.0,0.0,0.0,0.0,[],True
2026-05-23,0.2429670438841548,0.0071077656717556,-0.0162260188985396,-0.0853669358416896,-0.00962,0.9314075535627778,992482935.6,453826563.7305496,-27754535906.0,0.5123186110801261,0.0007299999999999,0.0021821428571428,40.72013093289687,0.0001838338621128,DOGEUSDT,0,0,0,0,0,0.0,0.0,0.0,0.0,[],True
2026-05-24,-0.4142185153595473,-0.0077919942307798,-0.0070873786407766,-0.1142386973843755,-0.0131899999999999,0.3813457793636121,938403019.95,462128233.0344305,-28112391937.0,0.421186761312004,0.0007999999999999,0.0019735714285714,31.559898660875845,-0.0001375192741417,DOGEUSDT,0,0,0,0,0,0.0,0.0,0.0,0.0,[],True
2026-05-25,-0.1127360582493515,-0.0012719535984236,-0.0151383665991707,-0.0989767113620325,-0.01122,0.3642731029541483,908643005.25,481705895.2142167,-28443386144.0,-0.6258219380953335,0.00013,0.0019014285714285,32.75732531930876,-0.0003980948734963,DOGEUSDT,0,0,0,0,0,0.0,0.0,0.0,0.0,[],True
2026-05-26,-0.5792027410523893,-0.0107289773698677,-0.0438115064345192,-0.0760720490079546,-0.0083199999999999,0.5815426153162967,871968156.15,483024074.1280941,-28950472786.0,-0.7139202320105735,0.0010899999999999,0.0018957142857142,32.85606631499623,-0.0006846644185917,DOGEUSDT,0,0,0,0,0,0.0,0.0,0.0,0.0,[],True
2026-05-27,-0.3544524830110158,-0.0055572237887627,-0.0180769982411569,-0.0779888063125058,-0.0085,0.6604012614936344,839624704.45,481461914.9993004,-29504962000.0,-1.4846640483307394,0.00056,0.0017542857142857,25.162866449511384,-0.0009460546386114,DOGEUSDT,0,0,0,0,0,0.0,0.0,0.0,0.0,[],True
2026-05-28,-0.5093206084994705,-0.0091973056608743,-0.0339575046085184,-0.049632528395533,-0.0051999999999999,0.8784921662701723,828601230.55,481364502.3585259,-30232881690.0,-1.7065231940479393,0.0009199999999999,0.0016221428571428,15.015411712901797,-0.0012134566099816,DOGEUSDT,0,0,0,0,0,0.0,0.0,0.0,0.0,[],True
2026-05-29,-0.0243191260828518,0.0013047625677996,-0.0251295590104625,-0.0320388349514563,-0.0032999999999999,0.5750041861305129,826954329.15,482572356.7539287,-29757379489.0,-1.6855221955745798,0.0001299999999999,0.0014814285714285,17.068466730954626,-0.0013987606432776,DOGEUSDT,0,0,0,0,0,0.0,0.0,0.0,0.0,[],True
2026-05-30,0.3383955810835521,0.0090859793361668,-0.0149794399843351,-0.0298910423295727,-0.0030999999999999,0.4805967886358089,796872278.5,490907229.2101489,-29374405231.0,-2.5883380325047427,0.00091,0.0012614285714285,25.19818799547,-0.0014554089811217,DOGEUSDT,0,0,0,0,0,0.0,0.0,0.0,0.0,[],True
2026-05-31,-0.1687882190718849,-0.0019898524126144,-0.006333498268184,-0.0498675246025738,-0.0052699999999999,0.4516802520716781,762478329.35,497597870.0281961,-29718801635.0,-2.474746923036116,0.0002,0.0012485714285714,25.457665903890145,-0.0014991601406164,DOGEUSDT,0,0,0,0,0,0.0,0.0,0.0,0.0,[],True
2026-06-01,0.2411571990584126,0.0068483221350806,0.0060702557468403,-0.0121164744967755,-0.00124,1.1041708714687324,764573246.6,497862566.123978,-28874582127.0,-2.286335848681857,0.0006899999999999,0.0009964285714285,36.84587813620068,-0.0014613109334899,DOGEUSDT,0,0,0,0,0,0.0,0.0,0.0,0.0,[],True
2026-06-02,-3.944706026702188,-0.0862024245388811,-0.0684945264637943,-0.1001261278742602,-0.0103199999999999,1.746634875765799,756143550.85,486237381.1264211,-30195288824.0,0.7569310360672425,0.0083499999999999,0.0014664285714285,25.03653190452995,-0.0020811007463281,DOGEUSDT,0,0,0,0,0,0.0,0.0,0.0,0.0,[],True
2026-06-03,-0.6308424220357499,-0.0147716382034342,-0.0833500501504513,-0.106385059157133,-0.01088,1.129911327972079,677807657.15,314920209.14000547,-30961151374.0,0.1265257116382922,0.00136,0.0015128571428571,20.9159584513692,-0.0026514648362006,DOGEUSDT,0,0,0,0,0,0.0,0.0,0.0,0.0,[],True
2026-06-04,-1.282192177479591,-0.031229964789058,-0.1195706192227412,-0.1327589582925396,-0.0135599999999999,1.9820337523362428,678346415.35,316108381.8133201,-32305656865.0,0.3571742692551136,0.0028099999999999,0.0015728571428571,11.17166212534056,-0.0032922747090499,DOGEUSDT,0,0,0,0,0,0.0,0.0,0.0,0.0,[],True
2026-06-05,-3.264144560116832,-0.0835485071364472,-0.1885270391395279,-0.193666501731816,-0.01957,2.8015984315004703,744713414.15,446420988.3534598,-34392044798.0,2.526980060800559,0.0071,0.0018414285714285,9.542280837858767,-0.0043231966925181,DOGEUSDT,0,0,1,0,1,0.3368401380498236,0.5,0.1684200690249118,8.678542060258069,"[{""name"": ""volume_spike"", ""value"": 2.8015984315004703, ""threshold"": 1.5, ""triggered"": true, ""z_score"": null}, {""name"": ""high_volatility"", ""value"": 2.526980060800559, ""threshold"": 0.8, ""triggered"": true, ""z_score"": null}, {""name"": ""large_return"", ""value"": -3.264144560116832, ""threshold"": 0.05, ""triggered"": true, ""z_score"": null}]",False
2026-06-06,0.2582169530249695,0.0053855699325927,-0.1897131552917902,-0.184794506916111,-0.0185699999999999,1.2157550688602368,757047089.15,447761599.35213095,-33471660962.0,2.486879383753779,0.00044,0.0018207142857142,8.513142408787772,-0.0050465321873435,DOGEUSDT,0,0,0,0,0,0.0,0.0,0.0,0.0,[],True
2026-06-07,2.1587250866036576,0.0518546602297577,-0.0697574123989218,-0.1334739379331124,-0.01329,1.0848862093288336,735987510.15,434569252.5318663,-32673198262.0,3.7945147853453314,0.0043599999999999,0.0020749999999999,22.47848537005163,-0.0052079314247441,DOGEUSDT,0,0,0,0,0,0.0,0.0,0.0,0.0,[],True
2026-06-08,0.0563919221437137,0.0006951686063759,-0.0552576868366342,-0.1340020060180541,-0.0133599999999999,0.7788842979632573,743756753.75,430061990.20188224,-32093897805.0,3.362462923489697,6.0000000000004494e-05,0.0020699999999999,22.73982056590752,-0.0052702478480665,DOGEUSDT,0,0,0,0,0,0.0,0.0,0.0,0.0,[],True
2026-06-09,-0.6488982859206507,-0.0181153788114197,-0.0427861819823888,-0.1572408309313189,-0.01582,0.9906730916115132,758537240.35,424692729.240915,-32845360238.0,2.977938625438078,0.0015499999999999,0.0021028571428571,22.38451086956522,-0.0053826581757628,DOGEUSDT,0,0,0,0,0,0.0,0.0,0.0,0.0,[],True
2026-06-10,-0.7754699190961492,-0.0220601564976764,0.0179185076092291,-0.1739866547156657,-0.01747,0.7203031552655091,755450035.2,426082852.0843175,-33389513282.0,2.4950394208650533,0.00185,0.0021949999999999,21.44484217377156,-0.005556966458992,DOGEUSDT,0,0,0,0,0,0.0,0.0,0.0,0.0,[],True
2026-06-11,1.483996968923474,0.0371596415952391,0.05078125,-0.1485657764589514,-0.0150199999999999,0.7565236755026549,756675621.05,425489367.9325311,-32817070260.0,2.866932228060453,0.00314,0.0023535714285714,29.52959028831563,-0.005379721194183,DOGEUSDT,0,0,0,0,0,0.0,0.0,0.0,0.0,[],True
2026-06-12,-0.0232529130411045,-0.0011623853453388,-0.0034770514603615,-0.0729919137466307,-0.0067699999999999,1.5487228572221865,770087956.95,435172538.768369,-34009723081.0,2.599951998084701,0.0001,0.0023514285714285,29.161603888213875,-0.0051875236654104,DOGEUSDT,0,0,0,0,0,0.0,0.0,0.0,0.0,[],True
2026-06-13,0.8792111532727996,0.0218575364482739,0.0178364605049803,-0.038406827880512,-0.0035099999999999,0.6092965621090146,775830704.45,430175359.19667566,-33537012100.0,2.652011219156724,0.0018999999999999,0.0024221428571428,31.229725744618108,-0.0048262575255981,DOGEUSDT,0,0,0,0,0,0.0,0.0,0.0,0.0,[],True
2026-06-14,0.4544788765927224,0.011427402737174,0.0483547588158979,0.0034996613230977,0.0003099999999999,0.5573300879687663,781046016.35,425100812.322826,-33101711655.0,2.5381618474687744,0.0010099999999999,0.00248,33.41013824884793,-0.0044076443673337,DOGEUSDT,0,0,0,0,0,0.0,0.0,0.0,0.0,[],True
2026-06-15,-0.2908066784818599,-0.0084731908397425,0.0626959247648901,0.0817378497790868,0.0066599999999999,1.134391763769479,801131535.0,420945135.1789735,-34010508670.0,2.3759694154009607,0.00075,0.0024842857142857,31.3686026451984,-0.0040892705895787,DOGEUSDT,0,0,0,0,0,0.0,0.0,0.0,0.0,[],True
2026-06-16,-0.3632621483691565,-0.0110662243903562,0.0126626394052042,0.0640869140624997,0.0052499999999999,0.7610888581319264,804002959.0,419367058.8792737,-34622426364.0,2.2365987911964016,0.0009699999999999,0.0019571428571428,39.817518248175176,-0.0038706099877526,DOGEUSDT,0,0,0,0,0,0.0,0.0,0.0,0.0,[],True
2026-06-17,-0.4792742177727087,-0.0143272236983528,-0.0005815305885088,-0.0040565600370884,-0.0003499999999999,0.5598729106806247,789713946.8,426896936.4226559,-35064565810.0,2.1220165542131526,0.0012399999999999,0.0019485714285714,39.992668621700886,-0.0037541025648091,DOGEUSDT,0,0,0,0,0,0.0,0.0,0.0,0.0,[],True
2026-06-18,-1.0609253337015192,-0.0284468871908031,-0.0496131087847064,-0.0326615705350938,-0.00282,0.505672622550977,785806888.25,430268299.4185724,-35461926840.0,2.081942990325449,0.00241,0.00192,40.587797619047606,-0.003812290736978,DOGEUSDT,0,0,0,0,0,0.0,0.0,0.0,0.0,[],True
2026-06-19,0.081805710471346,0.0005984798790163,-0.0598492518843513,-0.0143884892086331,-0.0012199999999999,0.3032528502827638,778461712.0,438678761.5171687,-35225856107.0,1.9329618796541248,5.000000000000837e-05,0.0014164285714285,55.2697932425618,-0.0038104462480849,DOGEUSDT,0,0,0,0,0,0.0,0.0,0.0,0.0,[],True
2026-06-20,0.1358125402380944,0.0015543734820847,-0.0503744043567052,0.0091632505425609,0.0007599999999999,0.2928319880340539,772553307.85,445574313.1387751,-34999627786.0,1.8572089528275668,0.0001299999999999,0.0013942857142857,54.559426229508176,-0.0037552068764669,DOGEUSDT,0,0,0,0,0,0.0,0.0,0.0,0.0,[],True
2026-06-21,-0.621671587618256,-0.0175971757885747,-0.056556154640358,-0.0446096654275094,-0.00384,0.2510117659789344,739625062.1,463954488.00944,-35185282379.0,1.7416553105714303,0.00146,0.0011871428571428,37.84596871239471,-0.0037856010226184,DOGEUSDT,0,0,0,0,0,0.0,0.0,0.0,0.0,[],True
2026-06-22,0.1982985446996228,0.0027927891384091,-0.0402653322471779,-0.0408234473133286,-0.0035099999999999,0.4835320060626321,690278310.05,451207774.17278177,-34851510723.0,0.5789760599072553,0.00023,0.0011992857142857,38.47528290649197,-0.0037479257693454,DOGEUSDT,0,0,0,0,0,0.0,0.0,0.0,0.0,[],True
2026-06-23,-1.634191599713038,-0.0443801137382657,-0.0554358237547891,-0.1022985889849794,-0.0089899999999999,0.8899041915892619,682346325.3,451203510.9540765,-35458733578.0,0.8419739760142472,0.00358,0.0013442857142857,34.32518597236984,-0.0039612807615749,DOGEUSDT,0,0,0,0,0,0.0,0.0,0.0,0.0,[],True
2026-06-24,-1.242893751123662,-0.0357434346790496,-0.0891468230226159,-0.143660704241197,-0.01277,1.3193851062959534,658566170.6,426315058.2957782,-36327635975.0,0.8677254495420108,0.00277,0.00141,32.72543059777102,-0.0043042650915373,DOGEUSDT,0,0,0,0,0,0.0,0.0,0.0,0.0,[],True
2026-06-25,-0.4648033403502512,-0.016023649468157,-0.1050179211469533,-0.1501021102791013,-0.0132299999999999,1.1795132303330564,588982400.65,263472719.3767528,-37022348509.0,-0.3720483906943401,0.0012099999999999,0.0012721428571428,18.641212801796755,-0.0046204577706642,DOGEUSDT,0,0,0,0,0,0.0,0.0,0.0,0.0,[],True
2026-06-26,0.6279352347346571,0.0118108996885344,-0.0783073929961087,-0.1304347826086955,-0.0113699999999999,1.1584367700541522,576346242.85,252577191.31410813,-36354687829.0,-0.3291828116453814,0.00089,0.0013285714285714,22.63440860215056,-0.0047445351372659,DOGEUSDT,0,0,0,0,0,0.0,0.0,0.0,0.0,[],True
2026-06-27,-0.5036517396736051,-0.0172991672628122,-0.0966412028616466,-0.1330152449668336,-0.01143,0.5068160383005872,550369923.05,255232719.529824,-36633624133.0,-1.2323073581613226,0.0013,0.0012857142857142,12.833333333333355,-0.0048913816764865,DOGEUSDT,0,0,0,0,0,0.0,0.0,0.0,0.0,[],True
2026-06-28,-0.5009598039563565,-0.0176037044182478,-0.072125744707821,-0.1235632183908045,-0.0103199999999999,0.6179177057759148,538027743.65,259689451.8597506,-36966081002.0,-1.2125293026226118,0.0012999999999999,0.0013064285714285,7.107709130672546,-0.0050543938462293,DOGEUSDT,0,0,0,0,0,0.0,0.0,0.0,0.0,[],True
2026-06-29,0.3513931494129325,0.0032733253449691,-0.0352075669994743,-0.1212157472777312,-0.01013,0.8483070277042056,522621809.7,255466286.9917645,-36522737248.0,-1.1851553353536315,0.00024,0.00127,8.661417322834723,-0.0051053647046177,DOGEUSDT,0,0,0,0,0,0.0,0.0,0.0,0.0,[],True
2026-06-30,-0.5096260427581324,-0.0186921330121525,-0.0377786677346149,-0.1388291517323774,-0.0116199999999999,1.365460968715997,531716031.9,259479002.1498668,-37248774736.0,-1.1849949509182776,0.00136,0.0012978571428571,8.475509080902654,-0.0051956083719635,DOGEUSDT,0,0,0,0,0,0.0,0.0,0.0,0.0,[],True
2026-07-01,0.3421297264734469,0.0019404025492292,-0.0472295514511873,-0.1218385214007781,-0.0100199999999999,0.8858133394192236,526408881.25,259687560.24217507,-36782474727.0,-1.782500542380317,0.00014,0.0012192857142857,9.841827768014127,-0.0051959347965567,DOGEUSDT,0,0,0,0,0,0.0,0.0,0.0,0.0,[],True
2026-07-02,1.3619635966567385,0.0267775562121328,-0.0042953020134228,-0.1005214017218383,-0.00829,1.1594068560387347,495500578.6,207825709.16804296,-36207987959.0,-1.3474354645901256,0.0019599999999999,0.0011871428571428,21.901323706377863,-0.0049806243338128,DOGEUSDT,0,0,0,0,0,0.0,0.0,0.0,0.0,[],True
2026-07-03,2.0473483760983733,0.0442993601813383,0.0592896174863386,-0.0171124350361262,-0.00135,1.0760399563956038,498695863.3,207948115.1343846,-35671371284.0,-0.8016197003155374,0.00336,0.0014235714285714,34.87205218263922,-0.0044871403606225,DOGEUSDT,0,0,0,0,0,0.0,0.0,0.0,0.0,[],True
2026-07-04,0.273600008999266,0.0015463920607382,0.0574618736383443,0.0202312138728324,0.00154,0.946571705595001,500624699.85,207507581.7435484,-35197494108.0,-0.8688504503755876,0.00012,0.0014228571428571,34.83935742971892,-0.0040397994658366,DOGEUSDT,0,0,0,0,0,0.0,0.0,0.0,0.0,[],True
2026-07-05,0.3561965734924224,0.0027004452853733,0.0803274139844616,0.0395140835669469,0.0029599999999999,0.8189551258945065,474619450.7,185035893.6374652,-34808802076.0,-0.840172052266302,0.0002099999999999,0.0013335714285714,38.29673272629888,-0.0036265289703111,DOGEUSDT,0,0,0,0,0,0.0,0.0,0.0,0.0,[],True
2026-07-06,-0.3910588352598416,-0.0156607096364855,0.0614788147327609,0.0113456464379946,0.0008599999999999,1.323353931558496,475485335.4,185751339.4550712,-35438037464.0,-0.81863812010124,0.0012099999999999,0.0014035714285714,35.21628498727735,-0.0033579377960924,DOGEUSDT,0,0,0,0,0,0.0,0.0,0.0,0.0,[],True
2026-07-07,-1.100528658854745,-0.0328854878909644,0.0,-0.0042953020134228,-0.00032,0.9046407652099504,474857118.45,185891245.7493765,-35867612571.0,-0.6489919574628555,0.00248,0.0013249999999999,37.30458221024257,-0.0033070707758802,DOGEUSDT,0,0,0,0,0,0.0,0.0,0.0,0.0,[],True
2026-07-08,-0.7081307022687083,-0.02387399385421,-0.0659014702089244,-0.0105191256830602,-0.00077,0.964270026722821,478036899.65,185037820.9840704,-36328569225.0,-0.6948214050518975,0.00175,0.0012521428571428,39.4751853964632,-0.003369131420718,DOGEUSDT,0,0,0,0,0,0.0,0.0,0.0,0.0,[],True
2026-07-09,0.5179737827276378,0.0063308771868868,-0.0614215812516096,-0.0074891067538127,-0.00055,0.6415353719127559,481684236.8,180685068.71845907,-36019551749.0,-0.6707531107359952,0.00046,0.0011985714285714,43.9809296781883,-0.0033426646162951,DOGEUSDT,0,0,0,0,0,0.0,0.0,0.0,0.0,[],True
2026-07-10,0.9835026886465296,0.0167339460230375,-0.0481571850520096,0.0283018867924529,0.00204,0.6030000577252856,484995434.5,176311106.15872955,-35727099474.0,-0.5557821841290597,0.00123,0.0012228571428571,45.09345794392523,-0.0031857158137837,DOGEUSDT,0,0,0,0,0,0.0,0.0,0.0,0.0,[],True
2026-07-11,-0.2387272770816098,-0.0123533777586077,-0.0450039133837726,0.0137081140958181,0.0009899999999999,0.5256597203005624,488553345.6,170577303.16832963,-35983912289.0,-0.5834913480335345,0.00091,0.001195,46.14465032875075,-0.0030990383666448,DOGEUSDT,0,0,0,0,0,0.0,0.0,0.0,0.0,[],True
2026-07-12,-0.0083930492839961,-0.0067155737893277,-0.019681854947425,-0.019681854947425,-0.0014599999999999,0.5314171174864655,484744848.3,175007804.98153234,-36241513999.0,-0.6036012031030958,0.0004899999999999,0.0011371428571428,48.49246231155781,-0.0030349003283833,DOGEUSDT,0,0,0,0,0,0.0,0.0,0.0,0.0,[],True
2026-07-13,-0.1383247854693682,-0.0103670843495104,-0.0063509595471488,-0.0718338921846787,-0.0055699999999999,0.651538178646891,469684577.25,176863506.02412933,-36547531433.0,-0.978020213416912,0.00075,0.0011735714285714,45.5264759586123,-0.0030098930297069,DOGEUSDT,0,0,0,0,0,0.0,0.0,0.0,0.0,[],True
2026-07-14,1.772355835785809,0.0338783936103049,0.0214021127726711,-0.0413340200875612,-0.00321,1.074091107821601,450429577.6,150042562.50452623,-36063729029.0,-0.8787360908225418,0.0024799999999999,0.0012535714285714,56.75213675213674,-0.0027581648836816,DOGEUSDT,0,0,0,0,0,0.0,0.0,0.0,0.0,[],True
2026-07-15,0.0763218308059781,-0.0048471887014523,-0.0004047490555855,-0.0485424425324257,-0.0037799999999999,1.2465989767415802,443326466.9,140956968.88216832,-36616379349.0,-0.9240762528388003,0.0003599999999999,0.0012692857142857,55.261676983680346,-0.002558227847523,DOGEUSDT,0,0,0,0,0,0.0,0.0,0.0,0.0,[],True
2026-07-16,-0.715636616325254,-0.0236269099014712,-0.0116104357328233,-0.0560918340725281,-0.0043,0.7183974734616337,425217180.3,133697764.285749,-36921854297.0,-0.8192115021462332,0.00173,0.0012528571428571,44.81185860889396,-0.0025104341257746,DOGEUSDT,0,0,0,0,0,0.0,0.0,0.0,0.0,[],True
2026-07-17,0.3851530344158584,0.0027601452797868,-0.0022002200220022,-0.0218387705581019,-0.0016199999999999,0.7674196236243479,427680900.9,131292664.70193104,-36593643581.0,-0.8591617502012475,0.0002,0.0010271428571428,32.68428372739919,-0.0024284255503218,DOGEUSDT,0,0,0,0,0,0.0,0.0,0.0,0.0,[],True
2026-07-18,0.0943119388597986,-0.0035896766421621,0.0045852438516047,-0.0017948363937593,-0.0001299999999999,0.107131830777465,413271785.6,155816670.93805838,-36637918144.0,-0.905788928010488,0.0002599999999999,0.0010371428571428,31.542699724517902,-0.0023572401929121,DOGEUSDT,0,0,0,0,0,0.0,0.0,0.0,0.0,[],True
2025-08-18,-1.1357366407418068,-0.0362781265255912,-0.0918682753247848,0.0756927297668037,303.4899999999998,1.2882967819718054,638973.9836500001,240415.34558454755,8668157.686599994,1.5725888816269753,159.34000000000017,132.72,65.93042280203221,276.3366845072792,ETHUSDT,0,0,0,0,0,0.0,0.0,0.0,0.0,[],True
2025-08-19,-1.567804660255884,-0.0566158776027351,-0.1036434094887878,-0.0434279518004421,-185.0299999999997,1.270470252989447,654263.87839,242528.54666586948,7836934.891499994,1.9258603768401228,237.39999999999964,141.89214285714283,61.66857119844551,237.9030529268648,ETHUSDT,0,0,0,0,0,0.0,0.0,0.0,0.0,[],True
2025-08-20,1.473672391111364,0.0619736423370237,-0.0232707958382419,0.0201361229199847,85.59000000000015,1.0954301574090732,664875.70054,240801.5335481961,8565259.784799995,1.9709219251489247,260.5699999999997,155.41071428571425,65.0028725726761,225.8662982364904,ETHUSDT,0,0,0,0,0,0.0,0.0,0.0,0.0,[],True
2025-08-21,-0.7716379462511213,-0.0258988996200506,-0.0444799739483806,0.0004925151898313,2.0799999999999272,0.6701479469945377,647374.062915,244391.377612747,8131423.385599995,1.4245593854920242,110.85999999999969,147.11499999999995,57.64683605148549,205.01828475273305,ETHUSDT,0,0,0,0,0,0.0,0.0,0.0,0.0,[],True
2025-08-22,3.3518995469214574,0.1341846830770524,0.0804368192865909,0.0526193111020101,241.54999999999927,1.8614117451405712,686563.109208,278935.5832873412,9409400.020859994,2.8456321555381776,606.7699999999995,183.3707142857142,66.02082432542974,234.751285188504,ETHUSDT,0,0,0,0,0,0.0,0.0,0.0,0.0,[],True
2025-08-23,-0.4469218287030941,-0.0111691848465895,0.1079088984671885,0.0061272187480259,29.09999999999945,0.7348232408488716,697367.8298579999,266952.7198789658,8896957.932059994,2.469094964415385,53.67000000000007,169.26714285714277,60.9248271962325,251.0897751574012,ETHUSDT,0,0,0,0,0,0.0,0.0,0.0,0.0,[],True
2025-08-24,-0.1987009925369154,0.000366164328178,0.1728731300253458,0.0513125599317327,233.3099999999995,1.094548255890537,713233.769474,261690.00085486728,9677626.710479992,2.009586073003995,1.75,168.67428571428562,61.21307337895522,261.1687655870801,ETHUSDT,0,0,0,0,0,0.0,0.0,0.0,0.0,[],True
2025-08-25,-1.9902653333366649,-0.088295729035204,0.0092293642301022,-0.0142562062588552,-63.28999999999997,1.408840574378536,740976.079824,266049.1942793637,8633709.544579994,2.368113343004405,403.96999999999935,195.57571428571416,52.79321855620404,233.8636012161778,ETHUSDT,0,0,0,0,0,0.0,0.0,0.0,0.0,[],True
2025-08-26,0.9070210629397414,0.0500170529101673,0.0888291955600786,0.04039810130733,178.64000000000033,1.0919646203366695,764448.097634,251470.5304586884,9468459.821279991,2.2098279758970323,224.44999999999985,185.3721428571428,50.194781925162125,227.71039720802128,ETHUSDT,0,0,0,0,0,0.0,0.0,0.0,0.0,[],True
2025-08-27,-0.5695250299530754,-0.020625853354004,-0.0673334616427328,0.0076872681577611,34.38000000000011,0.7949046853920941,763197.6163290001,252226.54239072825,8861790.460179994,1.90841691250148,93.92000000000009,180.7392857142856,45.20639437232003,212.80232686307863,ETHUSDT,0,0,0,0,0,0.0,0.0,0.0,0.0,[],True
2025-08-28,-0.1193905120275331,0.0009980129283716,-0.05591620626151,0.0459588359815348,198.22000000000023,0.6458761750974217,751294.785919,259714.36978271444,9347033.862879992,1.7548602336720696,4.5,166.5992857142856,49.23619120301493,199.0560913864074,ETHUSDT,0,0,0,0,0,0.0,0.0,0.0,0.0,[],True
2025-08-29,-0.8342443129641937,-0.0340520693010327,-0.0878570756147818,0.0698279267541632,284.59000000000015,0.904632830512593,750651.3745639999,259885.0576079729,8667969.985179994,1.5417831077155773,151.02999999999977,169.717857142857,48.33147450600787,173.96982608261806,ETHUSDT,0,0,0,0,0,0.0,0.0,0.0,0.0,[],True
2025-08-30,-0.0479642154109012,0.0030959918843136,-0.0005667042946132,0.0086574296151433,37.53999999999997,0.4580800444420878,742925.143169,269990.81125576055,9008289.167779995,1.4618759674912052,13.519999999999529,169.4349999999998,48.98212125172316,153.41130111716848,ETHUSDT,0,0,0,0,0,0.0,0.0,0.0,0.0,[],True
2025-08-31,-0.0250766260612867,0.0041366639218291,-0.0453850885639576,0.0394125860885616,166.52999999999977,0.4921000948657584,724621.2504740001,283507.38900424365,9364875.353879996,1.3897636360531391,18.13000000000011,167.13428571428554,48.27982631587944,137.0021855332161,ETHUSDT,0,0,0,0,0,0.0,0.0,0.0,0.0,[],True
2025-09-01,-0.4937530567558323,-0.0177645537523527,-0.042649737835361,-0.1071114449914839,-517.5699999999997,0.7277547495015166,706048.349189,284593.1915454896,8851045.314379996,0.941245676480342,77.32999999999993,161.27642857142837,50.033438594781806,116.415987448544,ETHUSDT,0,0,0,0,0,0.0,0.0,0.0,0.0,[],True
2025-09-02,-0.040474520166972,0.0027774580984313,-0.0409446689469122,-0.0945714046542774,-451.8999999999997,0.7647504317865567,685982.026809,282413.6881497012,9375650.365579996,0.8378042114586459,12.0,145.1764285714284,56.17253883206149,99.91778681299184,ETHUSDT,0,0,0,0,0,0.0,0.0,0.0,0.0,[],True
2025-09-03,0.5324767757041826,0.0282485605576176,0.020705567201354,-0.0689706389966841,-329.6899999999996,0.7527718533606318,647064.158849,250144.76513973705,9862742.051679997,0.77522022352938,123.96000000000004,135.41857142857128,53.01446309326639,95.74172891547369,ETHUSDT,0,0,0,0,0,0.0,0.0,0.0,0.0,[],True
2025-09-04,-0.8850120106124064,-0.0349623687437685,-0.0174108878066624,-0.0179677252763825,-78.63000000000011,0.752905364337552,626633.481374,246746.88808987627,9390946.342079995,0.7948482670094754,152.90999999999983,138.42214285714272,51.864121656836495,79.18086613063224,ETHUSDT,0,0,0,0,0,0.0,0.0,0.0,0.0,[],True
2025-09-05,-0.0423932062352014,0.0023009888130162,-0.0192129476778473,-0.0637260549098711,-293.1800000000003,0.9754054227483016,639908.1457240001,238578.8347528728,10015116.217479996,0.7776918335710548,9.899999999999636,95.7885714285713,30.43980791027856,66.09322872221674,ETHUSDT,0,0,0,0,0,0.0,0.0,0.0,0.0,[],True
2025-09-06,-0.2752152639588882,-0.0079971617002214,-0.0095862788272105,-0.0518271643837743,-233.5699999999997,0.3047231782333584,627343.380009,255539.0698659519,9823950.148879996,0.7562673988758761,34.30999999999949,94.40571428571413,30.88569093880514,52.34920250511368,ETHUSDT,0,0,0,0,0,0.0,0.0,0.0,0.0,[],True
2025-09-07,0.0895000981383927,0.007704602454888,-0.0046943256673986,-0.0454467870039303,-205.02000000000044,0.2852376258430731,594665.015524,270525.9360592182,9993570.986079996,0.6697930933126767,33.04999999999927,96.64142857142836,32.48458957264701,43.62098592470375,ETHUSDT,0,0,0,0,0,0.0,0.0,0.0,0.0,[],True
2025-09-08,-0.0907380133149388,4.1799418529761376e-05,-0.0323764285040198,-0.0123412336187956,-53.8100000000004,0.6521796964777373,571747.997544,268840.14962876023,10366453.421579996,0.4542892938984064,0.180000000000291,67.79928571428556,46.32265405240255,36.29989332267724,ETHUSDT,0,0,0,0,0,0.0,0.0,0.0,0.0,[],True
2025-09-09,-0.0702879537306308,0.0008634637034529,0.0029179416178986,-0.0145437501428995,-63.60999999999967,0.7298080860533135,555606.041984,268636.03242360346,10771939.203679996,0.1973446407623148,3.720000000000255,52.03285714285702,30.057930428575304,30.447072699177625,ETHUSDT,0,0,0,0,0,0.0,0.0,0.0,0.0,[],True
2025-09-10,0.1270886820629238,0.009060725473809,0.0097203681992825,-0.0096793364041869,-42.51000000000022,0.9059233048175396,559245.917514,267389.57291395497,11278573.113479996,0.1492468974324811,39.22999999999956,48.126428571428406,38.32019828724929,28.64401297764197,ETHUSDT,0,0,0,0,0,0.0,0.0,0.0,0.0,[],True
2025-09-11,0.513668844009554,0.0248646459930882,0.0434528239187106,0.0334499942055857,144.3199999999997,0.8528238844602216,517410.068996,207844.6582260329,11719832.778379995,-1.5565223057213768,109.5,55.626428571428406,46.636362469021634,35.63997458638005,ETHUSDT,0,0,0,0,0,0.0,0.0,0.0,0.0,[],True
2025-09-12,1.2768593854691612,0.0552622445951155,0.0942759144394465,0.0891390269270773,385.6599999999999,0.9873401091152072,517326.841566,207847.0855149009,12230610.318579996,-1.1598344196613195,253.3400000000001,62.93428571428558,69.97434966177875,60.92444622187213,ETHUSDT,0,0,0,0,0,0.0,0.0,0.0,0.0,[],True
2025-09-13,-0.3674630504039226,-0.0097306468261555,0.0836342441545896,0.0485500375242109,216.0699999999997,0.7919343832583247,498013.0869899999,199882.98822816723,11836216.631679997,-1.1227056263696915,45.63000000000011,65.22785714285705,66.0333555996014,76.39992176282067,ETHUSDT,0,0,0,0,0,0.0,0.0,0.0,0.0,[],True
2025-09-14,-0.4512621825413035,-0.0133838404155698,0.0683048381820332,0.071422089329967,306.9399999999996,0.6052349347983698,459729.44472,158958.00053079656,11557972.311179996,-1.8554607662037288,62.03999999999997,68.36428571428561,61.10960192247415,82.70486787880145,ETHUSDT,0,0,0,0,0,0.0,0.0,0.0,0.0,[],True
2025-09-15,-0.5501584619205073,-0.0176928290504886,0.0401028206708176,0.0502130030528502,216.29,0.9400041749018256,438606.52932,132341.54603554585,11145680.342479998,-2.0465876191411314,80.75,68.60857142857132,60.89201682422022,80.2605394183447,ETHUSDT,0,0,0,0,0,0.0,0.0,0.0,0.0,[],True
2025-09-16,-0.2309446479761014,-0.004975062976067,0.0095249415764708,0.0533916511043399,228.14999999999964,0.6934983871811284,422938.41676000005,129924.76004221415,10852373.23258,-1.993382080858471,22.44999999999981,69.35499999999989,59.0007930214116,75.63993404997109,ETHUSDT,0,0,0,0,0,0.0,0.0,0.0,0.0,[],True
2025-09-17,0.3924929844010966,0.0196314634541734,-0.025811941869546,0.0660305281466913,284.34000000000015,1.1288825406805516,422525.31943,129729.22164192043,11329354.68868,-1.8512615290108263,89.23999999999978,66.87499999999987,57.4803738317757,78.27666848728586,ETHUSDT,0,0,0,0,0,0.0,0.0,0.0,0.0,[],True
2025-09-18,-0.1286681999807926,-0.0006253956593931,-0.0169012092496994,0.0653195150439929,281.29,0.7210535043809411,403105.144395,117830.65797186468,11038694.311679998,-1.9329755084824092,2.869999999999891,56.15785714285702,68.44990524160214,79.22149839130998,ETHUSDT,0,0,0,0,0,0.0,0.0,0.0,0.0,[],True
2025-09-19,-0.7737455621382839,-0.0262971675332919,-0.0295146693770644,0.036774174089172,158.5,0.8235313286691315,402669.742675,118090.6739496616,10707083.16348,-1.74939043435316,119.06999999999972,63.955714285714166,58.99841408117228,69.56047910367852,ETHUSDT,0,0,0,0,0,0.0,0.0,0.0,0.0,[],True
2025-09-20,-0.0294418907661765,0.0026438694092462,-0.0095761471702616,0.0301426429878695,131.10000000000036,0.3341562429886742,391379.52902,132627.82462989198,10837865.07648,-1.6850416321180453,11.829999999999927,62.34999999999991,61.87306678886471,62.14229613925363,ETHUSDT,0,0,0,0,0,0.0,0.0,0.0,0.0,[],True
2025-09-21,-0.3022799056252499,-0.0079436722459003,-0.0125119687911686,-0.0031062029864402,-13.849999999999454,0.4002348052050423,373155.518355,139765.7091615248,10688515.25028,-1.6597451668026808,35.44999999999982,62.52142857142852,57.92756769107739,52.7942348863362,ETHUSDT,0,0,0,0,0,0.0,0.0,0.0,0.0,[],True
2025-09-22,-1.5358798774053068,-0.0569076661108955,-0.0852733780195315,-0.1088842484126175,-513.0799999999999,1.8524036199285403,382337.427535,155396.82366201346,9980272.01548,-1.2674249022271529,245.8900000000004,80.07214285714281,45.21458327758003,25.253454874661657,ETHUSDT,0,0,0,0,0,0.0,0.0,0.0,0.0,[],True
2025-09-23,-0.2784912494626247,-0.0083268649108366,-0.0922910590584306,-0.107632437807107,-502.2699999999995,0.8434321474827191,373744.238515,154045.21867968474,9665044.10978,-1.331845675548544,34.81999999999971,82.29357142857134,43.67117723134076,0.610468200276955,ETHUSDT,0,0,0,0,0,0.0,0.0,0.0,0.0,[],True
2025-09-24,-0.1318202911202146,-0.0027533752231514,-0.0706665861043416,-0.0980955545565305,-451.6799999999994,0.9614716950421436,367837.73139,152343.1003220365,9311378.54268,-1.410153713944607,11.449999999999818,80.30928571428565,41.26101767274735,-19.61706230757773,ETHUSDT,0,0,0,0,0,0.0,0.0,0.0,0.0,[],True
2025-09-25,-1.8166502272726328,-0.0694047256674933,-0.1352685685716963,-0.1435493640218048,-649.3799999999997,2.4281308222528795,383145.622375,190147.0545590843,8381050.847580001,-0.973764761065785,278.4500000000003,92.3771428571428,27.403965111963387,-57.45382196692117,ETHUSDT,0,0,0,0,0,0.0,0.0,0.0,0.0,[],True
2025-09-26,1.0210938852463014,0.0399415649327597,-0.0928532701008106,-0.10420346167432,-469.0500000000002,1.4307900064540642,402372.87324,189152.36269526897,8956761.93348,-0.7862380852555106,157.87999999999963,85.55857142857134,21.618440166302094,-73.84884652091569,ETHUSDT,0,0,0,0,0,0.0,0.0,0.0,0.0,[],True
2025-09-27,-0.1326925872441406,-0.003443216471123,-0.0430332358516627,-0.1246370244830117,-572.1499999999996,0.4290233466109604,402526.49457,188954.52678695132,8784068.66968,-0.7851086991886962,13.859999999999673,83.2892857142856,22.207452510612725,-86.9580099575669,ETHUSDT,0,0,0,0,0,0.0,0.0,0.0,0.0,[],True
2025-09-28,0.7488383425347287,0.0303385545731237,-0.0053070653609526,-0.0971083297367285,-445.5,0.6070535154108836,395898.96574,192343.20990114773,9024400.52858,-0.6971409922329687,123.77999999999976,87.69928571428558,31.17226887334151,-86.36355954517057,ETHUSDT,0,0,0,0,0,0.0,0.0,0.0,0.0,[],True
2025-09-29,0.3961006650162588,0.0174488077614834,0.0149922582540495,-0.0567337795591004,-253.52000000000044,0.964697732352176,394661.110555,192357.92875828067,9405129.20698,-0.6811000586880197,72.90999999999985,87.13928571428558,37.34907168326568,-79.09743959762181,ETHUSDT,0,0,0,0,0,0.0,0.0,0.0,0.0,[],True
2025-09-30,-0.5013665567491439,-0.0167272225595935,0.0698928339132138,-0.0748300382553421,-335.27000000000044,1.005762286991697,388885.745925,190544.5617873133,9014002.58978,-0.6795937042021148,69.92000000000007,90.52999999999987,35.95019804011295,-78.08087907350091,ETHUSDT,0,0,0,0,0,0.0,0.0,0.0,0.0,[],True
2025-10-01,1.1879765541639271,0.0477838928481607,0.0783162708568934,-0.0218089210950805,-96.94000000000052,1.2928605069610406,392174.08179,192057.45987828847,9521028.97198,-0.5328048687296308,202.8800000000001,98.64714285714275,41.22051178080604,-60.210458388522966,ETHUSDT,0,0,0,0,0,0.0,0.0,0.0,0.0,[],True
2025-10-02,0.6900148246091548,0.0308706885123465,0.115959665337773,0.06793630985835,285.27000000000044,1.3396193850679343,392955.762635,192596.6444405193,10047440.12908,-0.7195933087318508,136.32000000000062,108.17928571428568,46.5893259205948,-34.648727556833364,ETHUSDT,0,0,0,0,0,0.0,0.0,0.0,0.0,[],True
2025-10-03,0.038893361479349,0.0063397572859535,0.0894967842864593,0.0837147536417033,348.6099999999997,1.2217842751523749,397520.279625,193711.0773900256,10533124.15578,-0.714506781620116,28.519999999999527,101.71142857142851,51.55481895558863,-11.951773457283709,ETHUSDT,0,0,0,0,0,0.0,0.0,0.0,0.0,[],True
2025-10-04,-0.2551737461082822,-0.0057155584137669,0.0645493431900301,0.0805093418673137,334.33999999999924,0.5074578221890679,393594.69904,197022.65614545104,10333391.44698,-0.71680380253662,25.72000000000025,102.7035714285714,50.23402997531035,3.915205093157965,ETHUSDT,0,0,0,0,0,0.0,0.0,0.0,0.0,[],True
2025-10-05,0.0470406604033594,0.0060368101017163,0.089060709503878,0.1651782487946396,639.9599999999996,1.2718450428252266,398309.498675,198615.459777724,10839979.40838,-0.7353257654673815,27.17000000000008,102.11214285714284,52.42555453737836,18.469388229907054,ETHUSDT,0,0,0,0,0,0.0,0.0,0.0,0.0,[],True
2025-10-06,0.8976308608971404,0.0369000142151839,0.0772717759537078,0.161639684145785,651.7700000000004,1.122391354153612,406454.17582,197419.28199342097,11296180.06118,-0.6284665404085962,169.6900000000005,96.6692857142857,67.91564760560675,43.198285123600726,ETHUSDT,0,0,0,0,0,0.0,0.0,0.0,0.0,[],True
2025-10-07,-1.4689027305893247,-0.0517674720300753,-0.0081728678626781,0.1068390744528888,429.3199999999997,1.545164141426536,414639.39961,203788.273212012,10655494.12928,-0.4489814741200055,236.3100000000004,111.0614285714286,59.11464697786296,43.22954867138287,ETHUSDT,0,0,0,0,0,0.0,0.0,0.0,0.0,[],True
2025-10-08,0.4049669557463373,0.0173895718858481,0.0028474119573576,0.0925990304575392,383.5600000000004,0.951922895247587,420101.597195,201744.1263599668,11055398.45798,-0.4226508991155949,78.02000000000044,115.81642857142866,61.49941718113023,48.98521613849061,ETHUSDT,0,0,0,0,0,0.0,0.0,0.0,0.0,[],True
2025-10-09,-0.996902857629533,-0.0354508378904366,-0.0265335457918722,0.0363030744447898,153.02000000000044,1.201850005307183,429319.94893,201700.0584300579,10539420.27508,-0.3800218344752446,157.6300000000001,107.18642857142864,66.45097660284817,40.36193320088478,ETHUSDT,0,0,0,0,0,0.0,0.0,0.0,0.0,[],True
2025-10-10,-3.370751423303943,-0.1315341491554451,-0.1516507469563521,-0.0760961605732,-315.42999999999984,3.003081154488276,497479.4045,301262.08940787707,9045449.25068,0.5285487430786358,538.3700000000003,134.36428571428584,44.61697942693105,-9.801059792406704,ETHUSDT,0,0,0,0,0,0.0,0.0,0.0,0.0,[],True
2025-10-11,-0.5174702044733305,-0.0218922200653844,-0.2000892397753207,-0.1382787147282792,-601.2399999999998,1.491740160960885,529506.1961000001,296311.6238448025,8255563.59248,0.5263384636778052,82.92999999999984,139.29785714285728,43.03676089776789,-55.6063556157269,ETHUSDT,0,0,0,0,0,0.0,0.0,0.0,0.0,[],True
2025-10-12,2.8705469479306047,0.1027605158767862,-0.066418598376689,-0.0740486358112101,-332.0600000000004,1.517429766181324,534659.44196,300451.0017477479,9066871.74448,1.0292339763386895,405.5,159.42071428571444,50.22693770750351,-58.51242663837638,ETHUSDT,0,0,0,0,0,0.0,0.0,0.0,0.0,[],True
2025-10-13,0.5557810477123165,0.0211037315683167,-0.0629446806254032,-0.0602764981043104,-272.0199999999995,1.1323091922670396,550038.74291,296473.6466801585,9689685.66918,1.01916161572988,88.5600000000004,160.53857142857163,50.57351593297562,-53.05783924428852,ETHUSDT,0,0,0,0,0,0.0,0.0,0.0,0.0,[],True
2025-10-14,-0.6628986930388712,-0.0276928525904749,-0.0556467472053001,-0.0807037874820318,-362.1299999999992,1.658894003345786,580505.302845,306374.686269405,8726688.903380001,1.0362522874525724,115.82999999999991,163.81785714285732,49.56114151169637,-57.41965437149338,ETHUSDT,0,0,0,0,0,0.0,0.0,0.0,0.0,[],True
2025-10-15,-0.8200189342989961,-0.0343804937045906,0.0407053257157181,-0.1171184142905242,-528.7099999999996,1.1075348418713804,565293.00292,295449.4114245714,8100607.206780001,0.8477137621413531,139.4100000000003,159.28428571428591,41.873918151732326,-71.30370150110957,ETHUSDT,0,0,0,0,0,0.0,0.0,0.0,0.0,[],True
2025-10-16,-0.5361027585138068,-0.0231225054568658,0.0394257484406652,-0.1685521593677212,-789.5,1.1320683019736577,568697.6794399999,295967.6760488891,7456802.590480001,0.7819958827921807,91.09999999999992,156.05428571428587,36.50103443856534,-88.63617487615193,ETHUSDT,0,0,0,0,0,0.0,0.0,0.0,0.0,[],True
2025-10-17,-0.3580156282665556,-0.0162932282296442,-0.0772393065031584,-0.1385277784023202,-616.1299999999997,1.379935762967026,601569.370675,286012.0826553277,6626675.501980001,0.778936839070468,62.940000000000055,158.5128571428573,34.649735487882936,-106.22650387510384,ETHUSDT,0,0,0,0,0,0.0,0.0,0.0,0.0,[],True
2025-10-18,0.397121406974499,0.0149314113042947,-0.0829173396842615,-0.1406428148449308,-636.5100000000002,0.4164017281672665,602088.308335,285330.764635437,6877386.114080001,0.7284999163490964,57.63999999999987,160.7928571428573,36.71893740837815,-114.19947954237296,ETHUSDT,0,0,0,0,0,0.0,0.0,0.0,0.0,[],True
2025-10-19,0.5965268049935187,0.0237237983118692,-0.0345307416691313,-0.0882559654219579,-385.5100000000002,0.6769720215620834,603478.78714,284261.0113267704,7285924.36858,0.7361955959175369,93.36999999999988,165.52142857142871,38.526733698701086,-111.69637524131711,ETHUSDT,0,0,0,0,0,0.0,0.0,0.0,0.0,[],True
2025-10-20,-0.0047472387486159,-0.0008440302945235,-0.0016032677557513,0.0390367964237594,149.5,0.8390310103276712,609491.5727850001,280783.4312613162,6774542.038480001,0.7202666533289944,3.360000000000128,153.6407142857144,33.61692631696398,-108.73039466081718,ETHUSDT,0,0,0,0,0,0.0,0.0,0.0,0.0,[],True
2025-10-21,-0.6719721989043821,-0.0270435098520205,-0.0055103209389627,0.0336981789745356,126.26000000000022,0.9623970148986888,613669.960585,279798.441495868,6183947.900280001,0.6067212451541049,106.16999999999962,144.34500000000006,35.78183221745522,-113.63692959449054,ETHUSDT,0,0,0,0,0,0.0,0.0,0.0,0.0,[],True
2025-10-22,-0.4141480051716822,-0.0175870383172584,-0.0067961697163303,-0.0835105447837216,-346.75999999999976,0.9613037468940596,617005.907255,279100.1900922046,5590817.809780001,0.5544384575299397,67.51999999999998,143.59500000000003,32.087766685071614,-121.57228397734616,ETHUSDT,0,0,0,0,0,0.0,0.0,0.0,0.0,[],True
2025-10-23,0.4803122670796601,0.0133825520882756,-0.008333311906531,-0.0905596755367438,-384.0500000000002,0.7739928271121522,616583.256825,279315.8386541791,6068048.827880001,0.5816220142454234,51.26999999999998,135.99785714285716,36.57305524771924,-122.31408830605189,ETHUSDT,0,0,0,0,0,0.0,0.0,0.0,0.0,[],True
2025-10-24,0.6680260848215263,0.0200425617423603,-0.0119771605341261,-0.0460943219669238,-190.1400000000004,0.6783432205861192,627892.9683,265801.33832684235,6493975.76618,0.630093000066591,78.07999999999993,103.12,53.64208134766709,-115.27277730083824,ETHUSDT,0,0,0,0,0,0.0,0.0,0.0,0.0,[],True
2025-10-25,0.1819388737286581,0.0048018143400768,-0.0063831605188955,-0.0079761943592072,-31.789999999999964,0.2272824156279767,609489.8869200001,286572.1189515954,6632502.09998,0.650881314704953,18.94000000000005,98.54928571428572,57.50277236190739,-106.9315475696776,ETHUSDT,0,0,0,0,0,0.0,0.0,0.0,0.0,[],True
2025-10-26,1.6556318453396632,0.0504626132356792,0.0736912769006339,0.0677748933755466,263.9499999999998,0.570772756812523,603914.75887,290765.18580589874,6977200.19178,0.7511238200173405,204.63999999999987,84.20214285714285,50.26170016032846,-82.85324453165003,ETHUSDT,0,0,0,0,0,0.0,0.0,0.0,0.0,[],True
2025-10-27,-0.2542638884257998,-0.0092552429617133,0.0826744237990502,0.0753163846673816,288.5799999999995,0.8170093598893862,596237.0237299999,291768.7254244159,6490068.96268,0.6590742253966502,38.3100000000004,80.61285714285714,44.65257225894484,-66.10034905135262,ETHUSDT,0,0,0,0,0,0.0,0.0,0.0,0.0,[],True
2025-10-28,-1.0037035093062656,-0.0348087763986754,0.0317361543248286,0.0231383751455951,89.98999999999978,0.7884208096558103,599890.09918,289630.72246738494,6017103.12498,0.707821823266335,140.94999999999982,82.40714285714284,43.68033284215998,-63.46545545224399,ETHUSDT,0,0,0,0,0,0.0,0.0,0.0,0.0,[],True
2025-10-29,-0.5485141890083347,-0.0193378680035011,-0.0081044402878869,-0.0199845326396457,-79.59000000000015,0.8129028910944911,598413.80567,290155.71911790606,5530650.81228,0.6918725724558712,76.21000000000004,77.89285714285711,46.2118294360385,-66.75725727115014,ETHUSDT,0,0,0,0,0,0.0,0.0,0.0,0.0,[],True
2025-10-30,-0.714644420926364,-0.0254032819415406,-0.0376167857919682,-0.0437598323289487,-174.12999999999963,0.9657778110466204,550288.054065,199440.71046180892,4999194.81998,-0.1917449141954214,97.89999999999964,78.37857142857138,45.92545338558279,-76.38522442532303,ETHUSDT,0,0,0,0,0,0.0,0.0,0.0,0.0,[],True
2025-10-31,0.3931656769754593,0.011211289925523,-0.0746598500406401,-0.0064703528227109,-25.0600000000004,0.8951064095587081,534725.58613,191756.21813305785,5477831.11948,-0.1972661107663348,42.89999999999964,76.94714285714278,50.76211870857544,-79.6357944244578,ETHUSDT,0,0,0,0,0,0.0,0.0,0.0,0.0,[],True
2025-11-01,0.2416993044809375,0.0066772590148007,-0.0597987937332378,0.0179317992500387,68.23999999999978,0.3048925612841726,501810.08666,198174.2726790571,5630829.28208,-1.243185518036094,25.7800000000002,74.6714285714285,49.26152668834896,-79.21848266395682,ETHUSDT,0,0,0,0,0,0.0,0.0,0.0,0.0,[],True
2025-11-02,0.2927579525180221,0.0084341178720551,-0.0182498994772818,0.0129070732213232,49.77999999999975,0.4487954842732349,481473.548135,205824.9460373915,5846912.43628,-1.2555491158151464,32.809999999999945,70.34571428571424,46.14150521912189,-75.37143233690995,ETHUSDT,0,0,0,0,0,0.0,0.0,0.0,0.0,[],True
2025-11-03,-2.290319634381855,-0.0806651421121001,-0.0766489281294596,-0.0841321717561908,-331.0500000000002,1.838261714655189,477183.079105,195914.9827723226,4969725.05108,-0.726761199510964,302.75,91.73071428571424,35.384627364257184,-95.64942501700762,ETHUSDT,0,0,0,0,0,0.0,0.0,0.0,0.0,[],True
2025-11-04,-2.4945608756714783,-0.0920066628168484,-0.1361439545450962,-0.16863944236207,-666.77,2.9907809034706734,524279.20617,312260.8581830769,3401720.81318,-0.2017461528241197,316.77999999999975,106.77428571428564,30.39924005244707,-135.71691871204712,ETHUSDT,0,0,0,0,0,0.0,0.0,0.0,0.0,[],True
2025-11-05,1.265813698834516,0.0409036449492603,-0.1101094337563246,-0.1765485299846577,-734.1700000000001,1.5201639519589234,532568.5510150001,317753.0116324421,4211312.32638,-0.0062514958728323,137.23999999999978,111.75428571428564,37.816382880809925,-154.61427794648534,ETHUSDT,0,0,0,0,0,0.0,0.0,0.0,0.0,[],True
2025-11-06,-0.7906666037813435,-0.0323942959310574,-0.1442083551682211,-0.1953836632161449,-805.0099999999998,1.09046032610976,519380.38160500006,310135.3714840545,3644948.62608,0.0601348971655954,109.15000000000008,115.88857142857135,33.30724094573603,-176.3650377119684,ETHUSDT,0,0,0,0,0,0.0,0.0,0.0,0.0,[],True
2025-11-07,1.095346177432989,0.0358227007969616,-0.1204455047637574,-0.1364972858866102,-543.1499999999996,1.263211695695151,541015.72027,305464.0955945631,4328366.01148,0.1882825507510721,120.91000000000032,118.9478571428571,35.02254889597482,-181.7511311155581,ETHUSDT,0,0,0,0,0,0.0,0.0,0.0,0.0,[],True
2025-11-08,-0.1885603961787851,-0.0101031051424342,-0.0561402729873494,-0.1284861093674335,-501.4799999999996,0.5447517274896688,535165.42195,309232.0832092319,4036833.72338,0.1357083400041107,34.539999999999964,120.06214285714282,33.57071040592075,-186.65509453870573,ETHUSDT,0,0,0,0,0,0.0,0.0,0.0,0.0,[],True
2025-11-09,1.532570674657442,0.0521093634398939,0.0901750809996804,-0.0582456656741364,-221.6300000000001,0.8710529274190434,532801.208045,309604.0161831848,4500931.77538,0.4192311554355077,181.94999999999985,118.44142857142852,32.661713444861235,-173.8555776247763,ETHUSDT,0,0,0,0,0,0.0,0.0,0.0,0.0,[],True
2025-11-10,-0.0488423166401402,-0.0043656406427181,0.0419240192857497,-0.0728016444949181,-280.1399999999999,1.116761299641312,533035.152625,309651.7484491379,3905658.74558,0.3916417375972754,15.610000000000127,116.81999999999994,33.11504879301489,-163.09144810389398,ETHUSDT,0,0,0,0,0,0.0,0.0,0.0,0.0,[],True
2025-11-11,-1.0405499358364012,-0.0429778077480703,0.0309549521287186,-0.117717365770296,-456.00999999999976,1.2309696553187777,536392.8118350001,310699.9827673127,3245375.4708799995,0.469502175545177,150.0899999999997,117.47285714285708,32.93101141905122,-164.7724127458937,ETHUSDT,0,0,0,0,0,0.0,0.0,0.0,0.0,[],True
2025-11-12,0.1032375432826507,-0.000831299040362,-0.0061495030631102,-0.1258543278263851,-491.6599999999999,1.0239094876133454,540186.35777,310402.65562351624,2692273.53408,0.4312697030488793,2.840000000000145,112.2321428571428,34.46873508353222,-164.4382122489319,ETHUSDT,0,0,0,0,0,0.0,0.0,0.0,0.0,[],True
2025-11-13,-1.328370740025924,-0.0551952628901003,-0.0499689843628271,-0.1033039849271469,-372.29,1.6805063274168544,566489.46759,322272.81709838647,1740284.3993799996,0.5208415469475316,183.3800000000001,118.33785714285712,32.69029956601257,-176.93103850061198,ETHUSDT,0,0,0,0,0,0.0,0.0,0.0,0.0,[],True
2025-11-14,-0.8436850987072837,-0.037564671036127,-0.1314539579066042,-0.0531327482088803,-174.6500000000001,1.47404003321781,604085.458355,313457.9566662007,849838.2502799996,0.5337131703704721,119.13999999999989,123.78357142857142,28.77660894302845,-194.20660278895767,ETHUSDT,0,0,0,0,0,0.0,0.0,0.0,0.0,[],True
2025-11-15,0.6179770657096981,0.0176684616862431,-0.1121039281359922,-0.074879756095424,-256.40999999999985,0.560580003213039,603773.727675,313732.4713696481,1188301.7284799996,0.2685701996113123,55.48000000000002,125.90499999999996,29.976683100069778,-201.10265341043805,ETHUSDT,0,0,0,0,0,0.0,0.0,0.0,0.0,[],True
2025-11-16,-0.4698264182974845,-0.0231809931844998,-0.0943512710079116,-0.0663169579565267,-219.8499999999999,0.9386210457415468,607948.8452649999,312652.2679944233,617668.1475799996,0.2494766907581271,72.59000000000015,128.74642857142857,27.494798746151066,-210.00442921461217,ETHUSDT,0,0,0,0,0,0.0,0.0,0.0,0.0,[],True
2025-11-17,-0.3914213462204532,-0.0208438471106888,-0.1122954564089349,-0.1177543982188851,-404.6100000000001,1.225046752158896,622425.574825,312776.3316069743,-144832.28132000042,0.1924625286477143,63.84999999999991,111.68214285714284,31.695820408685364,-219.678989412018,ETHUSDT,0,0,0,0,0,0.0,0.0,0.0,0.0,[],True
2025-11-18,0.9670835480086336,0.0299676370756626,-0.0333834642306763,-0.0816843107913839,-277.8500000000004,1.20458514787349,636434.96448,312640.32484109106,621807.8244799996,0.305197195571549,92.2199999999998,95.64214285714284,43.89875951276707,-217.39872757907915,ETHUSDT,0,0,0,0,0,0.0,0.0,0.0,0.0,[],True
2025-11-19,-0.6889059442900914,-0.0319356346465724,-0.0279270016707364,-0.1557098446752579,-557.98,1.140961756082259,646758.500595,312400.2126492144,-116118.89012000036,0.2967749832484516,98.17999999999984,92.85214285714284,34.66032786380805,-220.9667420680412,ETHUSDT,0,0,0,0,0,0.0,0.0,0.0,0.0,[],True
2025-11-20,-1.5043421625242983,-0.0653029895320279,-0.1053259593166409,-0.2056224336785459,-733.6300000000001,1.3651288909851498,668452.9042100001,315163.9043280184,-1028643.2619200004,0.4376912189170437,191.26000000000025,98.71714285714286,32.60108245781598,-236.5012634816944,ETHUSDT,0,0,0,0,0,0.0,0.0,0.0,0.0,[],True
2025-11-21,-0.4476216366162186,-0.0244187652116086,-0.1064326767443438,-0.1907418894246525,-651.9100000000003,1.639943752344197,719826.766505,310426.3133976433,-2209118.6704200003,0.3765025198240549,68.36999999999989,94.96428571428568,24.795035727717178,-251.4310308173868,ETHUSDT,0,0,0,0,0,0.0,0.0,0.0,0.0,[],True
2025-11-22,0.2014801648625543,0.0015426387233994,-0.0862032565381469,-0.1888184789101941,-644.8000000000002,0.3664779227406404,722257.17424,306439.4801707818,-1944427.3615200005,0.324781796000784,4.269999999999982,92.80214285714284,25.701376969435728,-259.92220430469706,ETHUSDT,0,0,0,0,0,0.0,0.0,0.0,0.0,[],True
2025-11-23,0.4578878196723191,0.0114999077939584,-0.1029241338686028,-0.1328716339578034,-429.3800000000001,0.5863721174124534,698888.2336500001,311777.29529368144,-1534618.7881200002,-0.0205632739984991,32.039999999999964,82.09428571428569,16.010336546827673,-261.05685926706565,ETHUSDT,0,1,0,0,1,0.32620459053521644,0.5,0.16310229526760822,3.8595920196484377,"[{""name"": ""large_return"", ""value"": 0.4578878196723191, ""threshold"": 0.05, ""triggered"": true, ""z_score"": null}]",False
2025-11-24,1.5520700068664637,0.0525597288239376,-0.023830929307085,-0.0510924045752474,-159.01999999999998,1.0899467654721149,656252.00951,235689.9899964335,-819339.0330200002,-0.3131198828228476,151.22000000000023,91.78071428571428,26.08935895340604,-246.90769310633368,ETHUSDT,1,0,0,0,1,0.32050803334739125,0.5,0.16025401667369563,2.4009248211880845,"[{""name"": ""large_return"", ""value"": 1.5520700068664637, ""threshold"": 0.05, ""triggered"": true, ""z_score"": null}]",False
2025-11-25,0.1510995249278395,0.0020227515632153,0.0441532414562031,-0.0658232003737515,-208.52,0.6712421212576634,637156.7564899999,238071.4502291674,-391652.5802200002,-0.5865771939893937,5.980000000000018,81.48714285714287,29.909188127837865,-232.5313641415856,ETHUSDT,0,0,0,0,0,0.0,0.0,0.0,0.0,[],True
2025-11-26,0.714515116735438,0.0224536322916623,0.0942603539599038,-0.0222047045672618,-68.73000000000002,0.5813354750136109,627065.337775,245395.09987324785,-27117.254220000177,-0.5978099119433439,67.19999999999982,86.0842857142857,33.88788396754012,-213.2572447060525,ETHUSDT,0,0,0,0,0,0.0,0.0,0.0,0.0,[],True
2025-11-27,0.0064299135417542,-0.003750548523277,0.0884835313993617,-0.0053472936954055,-16.210000000000036,0.4532817063274585,606643.4882799999,257171.2065780668,-302097.64972000016,-0.8263671454032068,11.329999999999927,73.79499999999997,39.53132713211309,-196.6299745533579,ETHUSDT,0,0,0,0,0,0.0,0.0,0.0,0.0,[],True
2025-11-28,0.2600236794523773,0.0052659729587207,0.0817191024067149,-0.0296158992976187,-92.50999999999976,0.568784623862905,609397.6752500001,253892.9593483977,44518.37777999986,-0.8294154993399684,15.920000000000073,66.42214285714284,45.631297652460994,-180.0921421026328,ETHUSDT,0,0,0,0,0,0.0,0.0,0.0,0.0,[],True
2025-11-29,-0.2404772511342151,-0.0139496739910557,0.0121149327211533,-0.0120047066911697,-36.32000000000016,0.3649447617497321,597087.979165,266941.3205964621,-173385.75252000013,-1.313497120758031,41.99000000000024,65.45857142857143,40.24901246153509,-168.43244839220597,ETHUSDT,0,0,0,0,0,0.0,0.0,0.0,0.0,[],True
2025-11-30,0.1437276554911151,0.0007022918411458,0.0107793576989618,0.0554085427383903,157.04000000000042,0.3169730475629186,576460.4489399999,282571.02715105715,9336.672779999875,-1.302681605784718,2.100000000000364,60.42357142857145,43.85114607591647,-157.21038125848463,ETHUSDT,0,0,0,0,0,0.0,0.0,0.0,0.0,[],True
2025-12-01,-1.582661652829442,-0.0664074841664932,-0.0751645432438147,0.0120107742646926,33.220000000000255,1.4490666618619494,585896.43475,288604.0573824249,-839666.3181200001,-1.031775531848532,192.19000000000003,69.59071428571431,38.07466102825706,-161.9579881336772,ETHUSDT,0,0,0,0,0,0.0,0.0,0.0,0.0,[],True
2025-12-02,2.06435879756256,0.0680142107156493,-0.0063544074581374,0.0815668635293778,225.95000000000027,0.8961044274102297,584426.7058400001,288854.59252652054,-315958.9595200001,-0.3166873423883347,197.0,77.07500000000005,44.08785505768965,-148.1168483563074,ETHUSDT,0,0,0,0,0,0.0,0.0,0.0,0.0,[],True
2025-12-03,1.8092273298761048,0.0622052481475715,0.0518648037873414,0.1378222514060583,386.2000000000003,0.9807958919644848,564510.739835,275605.8847111237,237710.85507999995,-0.1229794673530512,192.29,83.79714285714292,56.94193460397559,-120.24533601385156,ETHUSDT,0,0,0,0,0,0.0,0.0,0.0,0.0,[],True
2025-12-04,-0.3108337784738393,-0.0174326819369349,0.0482075231837708,0.0609064868049489,179.8800000000001,0.8941347025257655,544323.352315,265060.4426782629,-248987.54362000007,-0.2681444652709042,55.09999999999991,74.0714285714286,64.4185149469624,-101.43380542060233,ETHUSDT,0,0,0,0,0,0.0,0.0,0.0,0.0,[],True
2025-12-05,-0.7599671625282644,-0.036227934348657,0.0102030582430145,0.0210923983564013,62.42000000000007,0.9575092910763726,553919.3233350001,260652.83651327845,-779370.4422200001,-0.1896223898475585,111.48000000000002,77.15071428571433,61.847404431030185,-94.43247740115476,ETHUSDT,0,0,0,0,0,0.0,0.0,0.0,0.0,[],True
2025-12-06,0.2997277780308782,0.0053730920839851,0.0853819304268916,0.0037996933812645,11.5,0.2994546727457129,533373.70673,275062.5221552269,-619649.1934200001,-0.2631956076264664,16.279999999999745,78.00857142857146,62.26696699996337,-86.57226339844055,ETHUSDT,0,0,0,0,0,0.0,0.0,0.0,0.0,[],True
2025-12-07,0.3245050519793301,0.0071467413409721,0.0212878871321429,0.014798207765245,44.61999999999989,0.7597625247881074,514805.169035,271289.9913475114,-228519.51842000007,-0.3261885011749877,21.789999999999964,77.2764285714286,61.909471563126814,-77.68916395587621,ETHUSDT,0,0,0,0,0,0.0,0.0,0.0,0.0,[],True
2025-12-08,0.6829587681109798,0.0207995519002236,-0.020135743767956,0.0306847236197482,93.00999999999976,0.907247767306137,499114.17478,264959.19061460404,224300.70227999985,-0.3975164796816437,64.30999999999995,71.06857142857143,58.5822545629975,-64.71398161248999,ETHUSDT,0,0,0,0,0,0.0,0.0,0.0,0.0,[],True
2025-12-09,1.7084302994252147,0.0602088000955102,0.0589737206615472,0.1100242208513428,328.8800000000001,1.2263335841436411,492410.8363399999,260253.483072728,828160.6480799998,-0.13597137455341,193.8800000000001,84.49000000000001,65.16155758077878,-38.3445483621158,ETHUSDT,0,0,0,0,0,0.0,0.0,0.0,0.0,[],True
2025-12-10,0.0965189307267445,0.0018367468857913,0.1000602294012138,0.1112842079926184,332.87999999999965,1.1389332627608098,473763.890425,241233.837589676,1367746.1015799998,-0.7231409497746382,6.099999999999909,80.1257142857143,63.26397803451719,-16.761151389747283,ETHUSDT,0,0,0,0,0,0.0,0.0,0.0,0.0,[],True
2025-12-11,-0.6731824453486418,-0.0264435444220175,0.0656109490925129,0.156594869010064,438.3199999999997,1.145855245087453,439945.831955,175362.523133893,863631.8624799998,-0.6824800382982186,86.75,85.51285714285716,59.27847107368984,-6.58030018473255,ETHUSDT,0,0,0,0,0,0.0,0.0,0.0,0.0,[],True
2025-12-12,-1.2810823017630302,-0.0482611741620481,0.0081736032812067,0.0296354891574628,88.78999999999996,0.971439752122074,448495.588685,170468.4418415372,427945.4189799998,-0.2851794564661464,152.52999999999977,95.27071428571428,52.01343539837606,-10.696495962173683,ETHUSDT,0,0,0,0,0,0.0,0.0,0.0,0.0,[],True
2025-12-13,0.4188699307170903,0.0096073002848693,-0.003047219092492,-0.0231216048375968,-73.72000000000025,0.3138381524363275,434828.44785,184142.4533999069,564411.1756799998,-0.2601843401822978,29.779999999999745,94.3985714285714,54.74734787148716,-11.42392574834912,ETHUSDT,0,0,0,0,0,0.0,0.0,0.0,0.0,[],True
2025-12-14,-0.360322818110403,-0.0165555225537025,-0.0767139636652963,-0.0222643508677863,-69.76000000000022,0.6756576586993354,413017.37782,174771.6330206761,285352.82117999974,-0.5063275122710645,51.13999999999987,97.9014285714285,52.63530373115816,-15.943206341525638,ETHUSDT,0,0,0,0,0,0.0,0.0,0.0,0.0,[],True
2025-12-15,-0.8346076125500771,-0.032731612232836,-0.1080850987022207,-0.018839889072004,-56.93000000000029,1.2462571443043848,417658.552955,176406.53001823442,-235157.13432000024,-0.3234837857300099,98.65000000000008,91.21999999999991,56.4905879036552,-27.171779953370333,ETHUSDT,0,0,0,0,0,0.0,0.0,0.0,0.0,[],True
2025-12-16,0.0907900111669939,-0.0008604473169493,-0.0849727712756263,-0.0249369663535281,-75.75999999999976,0.9042579965173552,418346.44245,176215.195799383,-613450.2502200003,-0.3691140830025453,2.549999999999727,77.3307142857142,48.44037205693542,-35.862864350646305,ETHUSDT,0,0,0,0,0,0.0,0.0,0.0,0.0,[],True
2025-12-17,-1.1665302241963604,-0.044456826216642,-0.0814850592895627,-0.0739774825563345,-226.36000000000013,1.158684083931999,429478.943485,173696.2840664429,-1111080.66642,-0.0924058818711356,128.8100000000004,72.7964285714285,32.589903350831534,-52.538866492664056,ETHUSDT,0,0,0,0,0,0.0,0.0,0.0,0.0,[],True
2025-12-18,0.0855846126358994,-0.0017378838226009,-0.0918468908124212,-0.0946142323056437,-295.5899999999997,1.346999793777481,441910.832095,176331.26508613443,-1706334.46612,-0.072528473065153,4.919999999999618,69.21214285714278,34.27763501449992,-65.39785544731967,ETHUSDT,0,0,0,0,0,0.0,0.0,0.0,0.0,[],True
2025-12-19,1.710254489877582,0.0519842176103528,-0.0274196180838909,-0.1020301141637833,-338.54,1.1619354659616037,457600.752775,169165.3913111382,-1174631.92222,0.3633957633538264,150.92999999999984,72.0299999999999,47.90365125642092,-62.68728718732291,ETHUSDT,0,0,0,0,0,0.0,0.0,0.0,0.0,[],True
2025-12-20,0.105075402522495,-0.0005270729278721,0.004411690304737,-0.1041502463795147,-346.21000000000004,0.2025891170358832,453053.82018,177937.32460952087,-1266415.69562,0.4015772211488247,1.5700000000001637,70.97928571428565,46.97446941260528,-59.97447972222744,ETHUSDT,0,0,0,0,0,0.0,0.0,0.0,0.0,[],True
2025-12-21,0.3399392764075185,0.0080569671372363,0.0134085001519088,-0.0727036285402746,-235.3699999999999,0.3874818282499526,418715.91097,163157.0819863577,-1104170.88892,-0.2461698697368011,24.090000000000146,71.14357142857138,47.09691669762353,-55.24388151199901,ETHUSDT,0,0,0,0,0,0.0,0.0,0.0,0.0,[],True
2025-12-22,0.1672531548598507,0.0024852337748088,0.0621142125082494,-0.0244322270702723,-75.37000000000035,0.7324618238341457,407452.721205,163302.9924160544,-805727.32562,-1.0265735404846523,7.4699999999998,67.08357142857137,43.89514145468871,-50.31211503376289,ETHUSDT,0,0,0,0,0,0.0,0.0,0.0,0.0,[],True
2025-12-23,-0.3231599207928258,-0.0148868513995674,0.0482399233534964,-0.0480376544319728,-149.6199999999999,0.9683612940332376,399092.517825,159662.9070693728,-1192193.07262,-1.815541296543085,44.4699999999998,56.41142857142849,27.650172204213906,-49.42230237948979,ETHUSDT,0,0,0,0,0,0.0,0.0,0.0,0.0,[],True
2025-12-24,-0.0521104948494168,-0.0059366025289589,-0.0107501258600436,-0.0378749795984985,-116.0300000000002,0.5123004590025284,384609.37588,164366.34786410126,-1389228.63242,-1.804281064980825,17.550000000000182,57.22928571428565,26.49367831155375,-49.56193859190307,ETHUSDT,0,0,0,0,0,0.0,0.0,0.0,0.0,[],True
2025-12-25,-0.3020640761412428,-0.0148752960770726,-0.0248427599036914,-0.0205406681619644,-60.90000000000009,0.5134905997976703,367526.295855,166163.39715390583,-1577949.93052,-1.9652516980120187,43.51999999999998,54.141428571428506,28.00469669384414,-52.578212677504325,ETHUSDT,0,0,0,0,0,0.0,0.0,0.0,0.0,[],True
2025-12-26,0.4032985295975232,0.008244301609216,-0.0246600622247686,-0.0115822165209467,-34.3100000000004,0.838918948000173,375281.78336,159437.51812505157,-1263118.93162,-1.9086254346600364,24.039999999999964,44.96357142857138,37.53991326311772,-52.42448767132237,ETHUSDT,0,0,0,0,0,0.0,0.0,0.0,0.0,[],True
2025-12-27,0.3622399908368797,0.0071669037966861,-0.0200831370099251,0.0407836272582575,115.5600000000004,0.2636515267058339,360477.31939,171201.1372021816,-1168078.53602,-1.8560351576534584,21.0600000000004,44.34071428571429,36.66253201668898,-50.026617792731486,ETHUSDT,0,0,0,0,0,0.0,0.0,0.0,0.0,[],True
2025-12-28,0.1494564753690849,0.0006305127701269,-0.0047588211883899,0.0432515369957255,122.33999999999968,0.3742154110127081,344278.015305,177225.6606032879,-1039244.39702,-1.9363327989308812,1.8599999999996728,40.82071428571427,40.14943393585188,-47.42946483608421,ETHUSDT,0,0,0,0,0,0.0,0.0,0.0,0.0,[],True
2025-12-29,-0.0095380328940227,-0.0044185569467781,-0.0032468523852658,-0.013962074173519,-41.59999999999991,1.4361218360169563,338382.977135,169948.21281148517,-1525203.57942,-3.037780800426163,13.009999999999764,34.70357142857139,47.22651023978596,-45.89198642462452,ETHUSDT,0,0,0,0,0,0.0,0.0,0.0,0.0,[],True
2025-12-30,0.4738039810105738,0.0121085654739929,0.0240155650062845,-0.0014238078128094,-4.239999999999782,0.8798107753368068,325732.868855,163476.34180002593,-1238620.29152,-2.7107427610899784,35.789999999999964,37.07785714285712,51.09711225413704,-41.30938098630577,ETHUSDT,0,0,0,0,0,0.0,0.0,0.0,0.0,[],True
2025-12-31,0.0903717461305073,-0.0006896169199165,0.0149078377999924,-0.0101198526325607,-30.38000000000011,0.7486206926888103,312213.636335,159068.8479853363,-1472349.88022,-2.628565124600803,2.050000000000182,28.02357142857139,67.60635179568223,-37.411791187209474,ETHUSDT,0,0,0,0,0,0.0,0.0,0.0,0.0,[],True
2026-01-01,0.4407022127329253,0.0108939919362881,0.0186975466675709,-0.0017610957338285,-5.299999999999727,0.4578501774755424,297233.740195,160925.22717238517,-1336261.35952,-3.0623214527537965,32.55000000000018,29.99714285714285,70.90913420325744,-31.335197570399032,ETHUSDT,0,0,0,0,0,0.0,0.0,0.0,0.0,[],True
2026-01-02,1.3143097609303902,0.0395702919182739,0.059147856085072,0.0541075608258965,160.42999999999984,1.197427129413822,308905.01460500003,157070.22258163278,-966370.11462,-2.542982671932226,121.25999999999976,27.877857142857145,68.69763509185475,-16.544074963833282,ETHUSDT,0,0,0,0,0,0.0,0.0,0.0,0.0,[],True
2026-01-03,0.0727483775835097,0.0005309825220397,0.0644031451036455,0.0609471852130811,179.64000000000033,0.4455337791481022,301672.35817,161776.83921254988,-831964.8888199999,-2.4933691507626774,1.6600000000003092,27.88428571428572,69.10702392540604,-4.634630471922264,ETHUSDT,0,0,0,0,0,0.0,0.0,0.0,0.0,[],True
2026-01-04,0.1956657967023764,0.0056092407519814,0.0575076756487729,0.0829043199779611,240.75,0.6377228738734332,284725.663825,155267.61010138498,-650388.8202199999,-2.6184413833350573,17.58999999999969,27.419999999999977,68.58393247889964,6.152138067004671,ETHUSDT,0,0,0,0,0,0.0,0.0,0.0,0.0,[],True
2026-01-05,0.8790052978338637,0.0252113533723533,0.0852559529418099,0.1014347726597426,297.0,1.3422320473156988,284933.34112,155402.06713817918,-267942.1584199999,-2.332230269910852,80.28999999999996,32.62142857142856,73.59316838186994,20.938100448591285,ETHUSDT,0,0,0,0,0,0.0,0.0,0.0,0.0,[],True
2026-01-06,0.7415297799892662,0.0220345844785646,0.0974139451898847,0.1179328936437158,347.79,1.4696733719106871,280676.99564,150353.62155540078,144561.34818000015,-2.7169739566199045,71.85000000000036,34.57714285714288,84.27326061807965,38.01555701024927,ETHUSDT,0,0,0,0,0,0.0,0.0,0.0,0.0,[],True
2026-01-07,-1.2942962746612008,-0.039636713089381,0.0138444064054776,0.073811129448204,217.81,1.2036405040385332,266981.81178,131481.95696877778,-176788.77431999985,-2.061854076310169,128.12000000000037,42.47500000000004,68.6033801395779,40.74170608835448,ETHUSDT,0,0,0,0,0,0.0,0.0,0.0,0.0,[],True
2026-01-08,-0.6239455323367007,-0.0197827456487856,-0.006542782313382,0.0574389870315532,168.75,1.3340300079027547,257577.48961,117538.239654922,-520404.8748199999,-2.3647070868082687,62.06999999999971,43.80000000000002,66.5280495759948,37.46183193486559,ETHUSDT,0,0,0,0,0,0.0,0.0,0.0,0.0,[],True
2026-01-09,-0.1331794576920591,-0.0058918177556088,-0.0179031386141761,0.0385749691460777,114.71000000000004,1.029506030060291,266717.673605,110886.48560414898,-794992.3281199998,-2.2108382434778804,18.25,43.3864285714286,63.204425346965,33.00937404327351,ETHUSDT,0,0,0,0,0,0.0,0.0,0.0,0.0,[],True
2026-01-10,0.0486149783189207,-0.0005441189941084,-0.042874551548997,0.0387260906435502,115.07999999999991,0.3134145685573332,262722.486,116162.62836384212,-877333.3827199999,-2.096658655922805,1.680000000000291,42.00214285714287,61.70603540635679,29.010788811476232,ETHUSDT,0,0,0,0,0,0.0,0.0,0.0,0.0,[],True
2026-01-11,0.4547779106612324,0.0118291216812596,-0.0525927858191481,0.0396978886155667,119.25999999999976,0.5851908317217706,255269.37266,118508.40970473264,-727952.0862199999,-1.9682840792096536,36.73000000000002,44.49285714285718,63.84973510996948,28.477415324324284,ETHUSDT,0,0,0,0,0,0.0,0.0,0.0,0.0,[],True
2026-01-12,-0.2684769788080153,-0.008907957026604,-0.0230282259082531,-0.0095026316210464,-29.69999999999981,1.185629863344304,250814.758715,114937.9729174393,-1025325.55432,-1.9089060384094052,27.69999999999981,45.5421428571429,62.37864458350976,25.52531455434155,ETHUSDT,0,0,0,0,0,0.0,0.0,0.0,0.0,[],True
2026-01-13,2.6443435175451717,0.0716860571312394,0.0705486617417474,0.0635442948920887,198.71000000000004,1.734995820057158,263852.094805,123020.73539293915,-567543.2727199999,-0.994008011318476,230.07000000000016,59.41928571428577,71.1649656797336,41.2746907082942,ETHUSDT,0,0,0,0,0,0.0,0.0,0.0,0.0,[],True
2026-01-14,0.245525823870376,0.0087116648875863,0.0862971117730864,0.0668489840048336,210.22000000000023,1.8006495816240766,279588.033695,132655.72656364154,-64103.196819999896,-1.0323404278849742,29.09999999999991,61.351428571428606,72.31174032505938,55.46494620545582,ETHUSDT,0,0,0,0,0,0.0,0.0,0.0,0.0,[],True
2026-01-15,-0.4148483456198296,-0.0108577983832589,0.0751509693137053,0.0290543536569105,93.70000000000029,1.3763864475777288,283346.17555,134754.78626292176,-454097.0328199999,-0.9505111762908328,36.23000000000002,61.61428571428574,68.22977046139577,63.060446139637406,ETHUSDT,0,0,0,0,0,0.0,0.0,0.0,0.0,[],True
2026-01-16,-0.2851120108451101,-0.0067755668532725,0.0553330451904146,-0.0001698596231543,-0.5599999999999454,0.7727029855131755,289790.24515,128198.01017730962,-678018.8204199999,-0.8943278927118128,22.40999999999985,54.55357142857146,61.18363338788872,66.50500653092286,ETHUSDT,0,0,0,0,0,0.0,0.0,0.0,0.0,[],True
2026-01-17,0.0866742761511593,0.0043227994735883,0.0693886780263264,0.044762553965008,141.84000000000017,0.4293513393750847,289564.789715,128499.5840809024,-553693.7901199999,-0.8686509809865326,14.279999999999744,55.45499999999999,61.814598709378245,69.58498966904244,ETHUSDT,0,0,0,0,0,0.0,0.0,0.0,0.0,[],True
2026-01-18,-0.3253647789189169,-0.0080460326195231,-0.0125653222363206,0.0570968728373006,177.3800000000001,0.6328311098594647,273934.545725,122211.79811337676,-727048.0927199998,-0.8263743034313068,26.529999999999745,56.09357142857142,58.87101908800349,69.08873725965941,ETHUSDT,0,0,0,0,0,0.0,0.0,0.0,0.0,[],True
2026-01-19,-1.0690581992068735,-0.0291914857341184,-0.0492917863913296,0.0327515865820489,101.15000000000008,1.570783285756298,281732.40931,127904.28412856892,-1169588.65232,-0.639957752630369,94.48000000000002,57.10714285714285,47.78361475922453,60.375733380403744,ETHUSDT,0,0,0,0,0,0.0,0.0,0.0,0.0,[],True
2026-01-20,-2.924828761563103,-0.0815110768242614,-0.1141444365095866,-0.0475715322413434,-146.8399999999997,1.7508330156749772,295954.25381,137722.48855704218,-1687755.1310199995,0.2175610638185268,249.67000000000007,69.80857142857141,31.737813612736872,32.94456813733541,ETHUSDT,0,0,0,0,0,0.0,0.0,0.0,0.0,[],True
2026-01-21,0.4434043270322071,0.0143159913122596,-0.0952619316320215,-0.0452000192095278,-141.17999999999984,1.8167543027722068,318039.84018,145910.36228144245,-1109954.8829199998,0.2519512277048185,42.38999999999987,63.684999999999945,39.54396078915197,14.45901624447788,ETHUSDT,0,0,0,0,0,0.0,0.0,0.0,0.0,[],True
2026-01-22,-0.3945478480424387,-0.0099681362405858,-0.1080995360301579,-0.0462117419042235,-143.05999999999997,0.9284764259379562,314128.31467999995,145495.18548556982,-1401615.6178199998,0.0727291712650947,29.579999999999927,61.36428571428568,41.03945989989524,-2.548399241316929,ETHUSDT,0,0,0,0,0,0.0,0.0,0.0,0.0,[],True
2026-01-23,-0.001151159323686,0.0012590751523696,-0.0997615734326423,-0.1110733593519794,-369.4100000000003,0.9848034323838504,323328.819975,139214.55135581605,-1083200.2861199998,0.0922641898453684,3.7199999999998,60.32642857142852,42.18596445528492,-15.547503690399935,ETHUSDT,0,0,0,0,0,0.0,0.0,0.0,0.0,[],True
2026-01-24,-0.0524157345295297,-0.0010795939203757,-0.0740950917841075,-0.119734598738569,-401.7000000000003,0.2887931692580077,318854.16174,145315.17737361963,-1175283.19002,0.0984868275288475,3.1900000000000546,60.43428571428564,42.110675113464445,-25.809280638366545,ETHUSDT,0,0,0,0,0,0.0,0.0,0.0,0.0,[],True
2026-01-25,-1.6321171534922272,-0.0472626609961986,-0.0418350408860226,-0.1512042402273187,-501.8000000000002,1.1927751603523646,318741.15528,145263.99071484184,-1555469.72262,0.2153569602281923,136.32999999999993,67.54857142857135,33.791557397851264,-44.43033915157821,ETHUSDT,0,0,0,0,0,0.0,0.0,0.0,0.0,[],True
2026-01-26,1.4171959019955014,0.0394884303213187,-0.0174095571494197,-0.1110130207385295,-365.9300000000003,1.5049869553896358,322374.44681,148602.9428827625,-1070300.38542,0.3913050907715786,113.46000000000004,73.67428571428566,41.98208330101604,-49.46221873712557,ETHUSDT,0,0,0,0,0,0.0,0.0,0.0,0.0,[],True
2026-01-27,1.1189277372930495,0.0323741745116269,0.0250889866528487,-0.085722657193949,-283.79,1.4498028318413771,330246.560625,152660.61101966663,-591507.9866199999,0.4053568428838151,96.42000000000009,64.12785714285708,33.34521435970548,-45.14927859774343,ETHUSDT,0,0,0,0,0,0.0,0.0,0.0,0.0,[],True
2026-01-28,-0.1913407381714125,-0.0052968629280456,0.0183905479957111,-0.0832056954412718,-273.25,0.9045780666923274,327896.138345,152805.7457353653,-888115.6415199998,0.3696910711617914,15.989999999999782,63.191428571428496,30.550029389157643,-42.531228305090735,ETHUSDT,0,0,0,0,0,0.0,0.0,0.0,0.0,[],True
2026-01-29,-2.123023046814396,-0.0645442782447754,-0.0442330744069184,-0.1150507124829521,-366.96,1.6400860154111627,342231.195575,160781.4256137225,-1449404.23942,0.7868122450896718,188.19000000000003,74.04571428571421,26.071731748726634,-55.00767063073226,ETHUSDT,0,0,0,0,0,0.0,0.0,0.0,0.0,[],True
2026-01-30,-1.3090835001286052,-0.0416735255774949,-0.03887620744864,-0.0790848606065554,-232.5,2.09985590637195,377778.12410500005,177969.9542291328,-2242683.86462,0.9115359314484168,115.21000000000004,80.67428571428566,23.929558011049693,-73.34633432597047,ETHUSDT,0,0,0,0,0,0.0,0.0,0.0,0.0,[],True
2026-01-31,-3.129063058803068,-0.0990977512322233,-0.1632569488286382,-0.1778242747973859,-530.3200000000002,2.613126595390104,425963.94494,234395.65159138283,-3355781.57782,1.597691947496991,255.4300000000003,97.8992857142857,18.677357926148588,-107.25455990684397,ETHUSDT,0,0,0,0,0,0.0,0.0,0.0,0.0,[],True
2026-02-01,-2.2941529950026127,-0.0770377177436011,-0.2499760470732827,-0.2311587061289874,-682.54,2.2199842908655496,462423.968865,267689.4611575809,-4382355.524420001,1.9078732627379773,181.79999999999973,108.98999999999998,16.776768510872543,-147.1011234256839,ETHUSDT,0,0,0,0,0,0.0,0.0,0.0,0.0,[],True
2026-02-02,1.2528178863689043,0.0333005297440834,-0.2204611429596318,-0.2061249961947091,-609.3899999999999,2.487312123491761,501961.615355,320212.1118769947,-3133820.3130200007,1.3501967652395883,76.86999999999989,107.73214285714282,22.06928559588927,-170.51149514641975,ETHUSDT,0,0,0,0,0,0.0,0.0,0.0,0.0,[],True
2026-02-03,-1.3953600812529925,-0.0494780812782578,-0.2086275371201628,-0.2436323741543129,-719.5,2.4336604494086944,542844.5808949999,368905.65763259056,-4454919.699720001,1.356355331773967,113.30000000000018,97.99142857142854,24.26305507770357,-195.9479801681196,ETHUSDT,0,0,0,0,0,0.0,0.0,0.0,0.0,[],True
2026-02-04,-1.0621917790009077,-0.0390101449190846,-0.2065170016768979,-0.2373646113266757,-668.6299999999997,2.156123609912493,586582.0605949999,400345.3480202309,-5719663.129720001,1.3690367392919256,85.45999999999958,101.0678571428571,20.52864058800664,-220.4611467216664,ETHUSDT,0,0,0,0,0,0.0,0.0,0.0,0.0,[],True
2026-02-05,-4.507350310434685,-0.1620759877992349,-0.2549481025306388,-0.3765830020304742,-1103.52,2.900870442081235,673000.3059699999,493618.005321455,-7671949.824820001,2.6300859473179043,321.4300000000003,121.9142857142857,17.018397000234344,-262.7953809534006,ETHUSDT,0,0,1,0,1,0.3687704567662371,0.5,0.18438522838311855,10.809733189102662,"[{""name"": ""volume_spike"", ""value"": 2.900870442081235, ""threshold"": 1.5, ""triggered"": true, ""z_score"": null}, {""name"": ""high_volatility"", ""value"": 2.6300859473179043, ""threshold"": 0.8, ""triggered"": true, ""z_score"": null}, {""name"": ""large_return"", ""value"": -4.507350310434685, ""threshold"": 0.05, ""triggered"": true, ""z_score"": null}]",False
2026-02-06,3.7111140544821577,0.1217631905441949,-0.0910820870867563,-0.3182897940709072,-963.39,2.7235555884141966,771899.6323200001,570123.7413409022,-5569638.267520001,3.950047501146077,236.55000000000013,138.54500000000002,26.97937235452123,-274.0983236597067,ETHUSDT,1,0,0,0,1,0.5092908534871989,0.5,0.25464542674359947,6.312552887110294,"[{""name"": ""volume_spike"", ""value"": 2.7235555884141966, ""threshold"": 1.5, ""triggered"": true, ""z_score"": null}, {""name"": ""high_volatility"", ""value"": 3.950047501146077, ""threshold"": 0.8, ""triggered"": true, ""z_score"": null}, {""name"": ""large_return"", ""value"": 3.7111140544821577, ""threshold"": 0.05, ""triggered"": true, ""z_score"": null}]",False
2026-02-07,0.4289370296479327,0.0114205449981037,-0.1107532104541078,-0.3067975740505783,-923.7000000000004,1.3928185588027888,820362.739625,557625.6770873124,-4427021.818820002,3.536968317092237,23.69999999999981,140.01,27.906169967451305,-277.93967964145986,ETHUSDT,0,0,0,0,0,0.0,0.0,0.0,0.0,[],True
2026-02-08,0.2044031476704016,0.0012736964291543,-0.0644574969109825,-0.2596374252016765,-732.8500000000004,0.5871235629910706,822377.57422,556259.7927436454,-3944184.567320001,3.214538821909423,2.6599999999998545,130.46214285714285,30.09411597234008,-277.5696915400813,ETHUSDT,0,0,0,0,0,0.0,0.0,0.0,0.0,[],True
2026-02-09,0.355692195590071,0.0072853119525731,-0.0201279174774003,-0.2224881619868656,-602.3600000000001,0.7555270173871108,827738.17813,553684.485688129,-3318806.010420001,2.7915461604163605,15.2800000000002,123.44928571428572,26.12293075814823,-272.8977100755815,ETHUSDT,0,0,0,0,0,0.0,0.0,0.0,0.0,[],True
2026-02-10,-0.8206937304447885,-0.039906547470586,0.1072020932434874,-0.1750769795468911,-429.27999999999975,0.6939904552620446,827564.250265,553767.6705655246,-3893127.701220001,2.573438654050938,82.34999999999991,122.4442857142857,20.71262731738049,-272.6966110925623,ETHUSDT,0,0,0,0,0,0.0,0.0,0.0,0.0,[],True
2026-02-11,-0.8559525056630142,-0.0411223852158415,-0.0592232162762069,-0.144911129220536,-328.97,0.6309452399634604,839464.0044049999,544118.7370296797,-4422783.518920001,2.430797170576556,81.49000000000001,127.12285714285714,19.950329265277688,-275.93202800224753,ETHUSDT,0,0,0,0,0,0.0,0.0,0.0,0.0,[],True
2026-02-12,0.2621560093764538,0.0034301646117153,-0.0667104279663453,-0.1700752443524128,-399.1700000000001,0.5060435777079444,844921.595165,539142.1253741169,-3995216.3720200006,2.2950734664991903,6.669999999999845,114.15714285714284,22.633587786259525,-274.790294492716,ETHUSDT,0,0,0,0,0,0.0,0.0,0.0,0.0,[],True
2026-02-13,1.4627586524313372,0.0504890076915007,-0.019629236172921,-0.0828214816539225,-185.0,0.4940225164834561,861599.9384599999,519426.29391947336,-3569566.6022200007,2.33258194624614,100.86999999999988,113.13285714285712,29.207126892528365,-262.7176509226533,ETHUSDT,0,0,0,0,0,0.0,0.0,0.0,0.0,[],True
2026-02-14,0.5869291538273901,0.0183159466612193,-0.0087552612326723,-0.0287069535344883,-61.67000000000007,0.258517934201257,853624.4736049998,528354.9795812732,-3348889.3667200007,2.206614191889096,37.870000000000346,97.59285714285711,36.62958354680524,-247.244125038158,ETHUSDT,0,0,0,0,0,0.0,0.0,0.0,0.0,[],True
2026-02-15,-1.2914992839274215,-0.0592351610789251,-0.0277306728235451,0.0764986342462079,139.75,0.9582980008203162,871104.911505,521258.8703660473,-4183667.4619200006,2.047136813489636,120.01000000000022,93.17928571428573,38.36459666848088,-241.8768426495858,ETHUSDT,0,0,0,0,0,0.0,0.0,0.0,0.0,[],True
2026-02-16,0.5221862836320752,0.0160158382773228,0.0294408555620806,-0.0315259428704359,-65.05000000000018,0.4063081549698455,864732.6887299999,527053.9512322656,-3832319.5186200007,1.906241821134252,31.75,89.95642857142859,36.156393174473365,-232.38251208703377,ETHUSDT,0,0,0,0,0,0.0,0.0,0.0,0.0,[],True
2026-02-17,0.0388287542877137,-0.0033433698897348,0.022491464948533,-0.0457193782701189,-95.41999999999985,0.4668353276326408,870214.6531199999,521373.3670371887,-4238566.461320001,1.826842072995191,6.669999999999845,82.34,39.50085013359243,-222.8277800270625,ETHUSDT,0,0,0,0,0,0.0,0.0,0.0,0.0,[],True
2026-02-18,-0.2995905282246937,-0.0181129035794378,-0.0453014565191923,-0.0640414597031208,-133.8299999999997,0.4567467085042681,861832.1736549999,527908.3496699845,-4632205.469920001,1.6944026932557863,35.75,78.78928571428574,41.28099360863062,-215.65438277179047,ETHUSDT,0,0,0,0,0,0.0,0.0,0.0,0.0,[],True
2026-02-19,0.0663078811350527,-0.003498091910448,-0.0659017823338558,-0.0740800562464965,-155.94000000000003,0.358652497823608,837181.04606,542584.9856779363,-4932462.543220001,1.619471344052348,6.830000000000155,56.31785714285717,57.7525524763777,-208.1214432382096,ETHUSDT,0,0,0,0,0,0.0,0.0,0.0,0.0,[],True
2026-02-20,0.4100229073949968,0.0101073867841961,0.0011695430646097,-0.0265935619750131,-53.78999999999997,0.4823112182913042,800838.838185,547451.5763191216,-4546208.987520001,1.3699057143194588,19.800000000000185,40.8357142857143,41.735175791499046,-198.2683260168776,ETHUSDT,0,0,0,0,0,0.0,0.0,0.0,0.0,[],True
2026-02-21,0.2108217332919638,0.0022677529802455,-0.0125004378656178,0.0165723941107984,32.169999999999845,0.2362309929854544,758468.833135,561668.9424407344,-4367035.141920001,1.1883931421730891,4.4699999999998,39.46214285714287,39.70713341900918,-187.9325979828784,ETHUSDT,0,0,0,0,0,0.0,0.0,0.0,0.0,[],True
2026-02-22,-0.0476852836704358,-0.007900996797005,-0.0169908518522238,0.0051184639474293,9.970000000000027,0.2206931007596767,703808.3549749999,564653.0982601773,-4522360.790120001,1.0978375481903766,15.529999999999973,40.3814285714286,38.33268475607601,-178.93198373421342,ETHUSDT,0,0,0,0,0,0.0,0.0,0.0,0.0,[],True
2026-02-23,-1.137613061609153,-0.0532463501080381,-0.0509277011723443,-0.0939220586512553,-192.41999999999985,0.8229467881054733,665121.359985,546343.0416952838,-5069720.277020001,1.0729014197593072,101.51999999999998,46.54142857142858,30.91408576076614,-177.9395710466929,ETHUSDT,0,0,0,0,0,0.0,0.0,0.0,0.0,[],True
2026-02-24,0.1042830070834949,-0.0023515209420675,-0.0498388983520429,-0.1124562084549433,-234.6500000000001,0.7022649631739354,623787.3899049999,529605.7186989592,-5507784.305420001,1.0085805454865064,4.3599999999999,40.97071428571429,35.117418365034254,-175.48204462716353,ETHUSDT,0,0,0,0,0,0.0,0.0,0.0,0.0,[],True
2026-02-25,2.89330694026095,0.1052481946962407,0.045000203161188,0.0462223759013109,90.90000000000008,1.2189052095773556,560322.0270400001,428411.9007421704,-4824804.867620001,0.6336564605775326,205.54,49.83142857142858,58.33524453873057,-155.16048353349038,ETHUSDT,0,0,0,0,0,0.0,0.0,0.0,0.0,[],True
2026-02-26,-0.2173857641572708,-0.0145896506355966,0.0275318620619759,0.0146872638653277,29.350000000000136,0.9215997400818372,477195.617005,227780.62345237675,-5264588.22422,-0.0020625155107868,29.799999999999955,51.483571428571445,55.53782760103779,-139.84802987282342,ETHUSDT,0,0,0,0,0,0.0,0.0,0.0,0.0,[],True
2026-02-27,-0.9890672915562468,-0.0494551844257507,-0.0142914057472086,-0.0310394344416216,-61.82000000000016,0.970980868053653,441499.15627,165414.89619402197,-5693275.45822,0.0749111320551782,97.84000000000016,51.26714285714289,41.71844957784157,-134.06228378685546,ETHUSDT,0,0,0,0,0,0.0,0.0,0.0,0.0,[],True
2026-02-28,0.5479990471272279,0.0178057524313349,0.0582933793029143,0.0043969303291051,8.599999999999909,1.048223539805774,440441.34287,165204.14140724816,-5231594.47472,0.0763115255410785,34.67000000000007,51.03857142857144,41.45744115095025,-125.23581851965172,ETHUSDT,0,0,0,0,0,0.0,0.0,0.0,0.0,[],True
2026-03-01,-0.1527026888738709,-0.0127043729919737,0.0473935440673023,-0.0048073963100538,-9.36999999999989,1.2147788357667493,435632.257345,160880.63221661965,-5760791.32112,0.0591730531856532,24.799999999999955,44.23785714285714,47.83072029451182,-118.8716554924158,ETHUSDT,0,0,0,0,0,0.0,0.0,0.0,0.0,[],True
2026-03-02,1.170641303066195,0.0441910441679844,-0.0146441277679492,0.0296970866685626,58.4699999999998,1.3249753861031537,435786.49155,161022.00639379694,-5183384.94622,0.0734996946759224,87.63999999999987,48.22999999999998,52.14892923787803,-105.53960006660554,ETHUSDT,0,0,0,0,0,0.0,0.0,0.0,0.0,[],True
2026-03-03,-0.3707160836802759,-0.0222195343689301,-0.0221336700071017,0.0047888109053133,9.450000000000044,1.1714921151633553,434770.193335,160461.53215969578,-5692714.799620001,0.0003265325178532,44.54999999999996,50.93571428571428,49.37876875613517,-97.44537316528272,ETHUSDT,0,0,0,0,0,0.0,0.0,0.0,0.0,[],True
2026-03-04,1.809603694593499,0.0703341811985782,0.1023089997098205,0.0865554545361679,169.46000000000026,1.6382129313865723,450274.07675,174126.98140795928,-4955069.984420001,0.1917364482770283,144.48000000000025,58.70214285714287,60.42612219072071,-78.46778373358802,ETHUSDT,0,0,0,0,0,0.0,0.0,0.0,0.0,[],True
2026-03-05,-0.4477566103817846,-0.0259148721632747,0.0551537024499748,0.1166621774497658,216.56000000000017,0.959073041239575,450599.47889,174084.61829836154,-5387227.79702,0.1061118635196544,54.42000000000007,62.10142857142858,57.11853879597894,-67.04627880865837,ETHUSDT,0,0,0,0,0,0.0,0.0,0.0,0.0,[],True
2026-03-06,-0.8755373700572692,-0.046499340480845,0.0200906321047991,0.0684363424301004,126.74,0.894494790155083,460145.5049600001,165853.13672545084,-5798825.553920001,0.1575084321837343,94.18000000000006,67.41428571428571,50.519177791905065,-64.84668060469699,ETHUSDT,0,0,0,0,0,0.0,0.0,0.0,0.0,[],True
2026-03-07,0.0553120201141799,-0.0046045564566071,-0.028490393863911,-0.0427173046639578,-87.8900000000001,0.4313541995126553,427629.5912,151682.72332330796,-5983285.373920001,-0.0087804624790881,9.090000000000146,67.74428571428574,49.80177558465659,-63.10948337247987,ETHUSDT,0,0,0,0,0,0.0,0.0,0.0,0.0,[],True
2026-03-08,-0.1986323090652562,-0.0166333899437391,-0.0230482146459551,-0.0446717430758305,-90.58000000000015,0.9105446706866894,429621.68062000006,150887.71141928222,-6374475.105620001,-0.0346493868436714,32.49000000000001,68.95571428571431,48.92684745903168,-63.62102989000255,ETHUSDT,0,0,0,0,0,0.0,0.0,0.0,0.0,[],True
2026-03-09,0.8022324982046,0.0284389967389813,-0.0631322627956828,0.0327177382580941,63.1400000000001,1.2609012745750603,436850.6079,153155.19554404085,-5823649.617320001,-0.0195019556918913,55.88000000000011,65.69571428571432,57.43036075412616,-58.83912439928645,ETHUSDT,0,0,0,0,0,0.0,0.0,0.0,0.0,[],True
2026-03-10,0.6253215995848386,0.0216065524223643,-0.0175361577723532,0.0366503606497294,72.0,1.052397379234209,440339.251165,152913.56526884975,-5360237.743420001,-0.0468953663353754,43.52999999999997,68.49357142857147,59.62394802431927,-50.94960728377646,ETHUSDT,0,0,0,0,0,0.0,0.0,0.0,0.0,[],True
2026-03-11,0.2981776459859002,0.0075627488388709,0.0370398447449813,0.0578746307437707,112.25999999999976,0.7905103146544201,442829.4602999999,150904.58600095523,-5010176.487420001,-0.0774304171049774,15.459999999999807,54.9164285714286,49.64166330658272,-42.95446302195205,ETHUSDT,0,0,0,0,0,0.0,0.0,0.0,0.0,[],True
2026-03-12,0.3592764752622237,0.0104473388660574,0.0527673272102315,0.0227735714109551,46.17000000000007,0.9029757200607376,443542.173175,150656.77567612156,-4609668.674220001,-0.1084695420416639,21.550000000000185,54.3271428571429,53.01348970522495,-34.481863238221194,ETHUSDT,0,0,0,0,0,0.0,0.0,0.0,0.0,[],True
2026-03-13,0.3270898874032764,0.0089780570127183,0.0800784678127097,0.0551845874520879,109.41999999999985,1.290788844231609,464566.33289,140841.97009016582,-4010011.634320001,-0.1400380637762122,18.69999999999981,48.67428571428574,61.91447522892696,-25.95909288642997,ETHUSDT,0,0,0,0,0,0.0,0.0,0.0,0.0,[],True
2026-03-14,0.1627566927416585,0.0018813962258369,0.0517717187327517,-0.0146290098153512,-31.120000000000346,0.3283642268729961,464425.0795899999,141169.47315661007,-3857511.052120001,-0.1832666865300525,3.940000000000055,46.47928571428573,60.115873430560455,-18.67157659500981,ETHUSDT,0,0,0,0,0,0.0,0.0,0.0,0.0,[],True
2026-03-15,1.0405537883506482,0.0384376566489504,0.0696240136311632,0.0508669181710295,105.44000000000004,0.6225380900796675,451098.40213,145444.16639337444,-3576685.114420001,-0.3409054167274181,82.14000000000033,50.575000000000045,66.84838641338888,-6.196723926859704,ETHUSDT,0,0,0,0,0,0.0,0.0,0.0,0.0,[],True
2026-03-16,1.9432280714907932,0.0771336039105157,0.1466883044099085,0.1891614611761374,374.2899999999997,1.7940848449989577,471489.83949,170031.3582985749,-2730792.338820001,-0.1079938944664921,174.66999999999962,56.7914285714286,70.47718468581776,17.581428151341242,ETHUSDT,0,0,0,0,0,0.0,0.0,0.0,0.0,[],True
2026-03-17,-0.2279802050299839,-0.0152368075919811,0.1176115976696632,0.176584974537848,347.79999999999995,1.0688234793903706,462032.42268,162753.44938333303,-3224623.4404200013,-0.7223758551537248,35.57999999999993,56.15071428571431,71.28137283586264,33.172385726554694,ETHUSDT,0,0,0,0,0,0.0,0.0,0.0,0.0,[],True
2026-03-18,-0.9681098828498278,-0.0504444689177715,0.0531349475676554,0.1374683805688916,266.29,1.0508038071465569,464445.299285,162763.95571669066,-3712664.329120001,-0.5824982218472095,114.0,53.97357142857144,55.03619496314331,35.91547344814262,ETHUSDT,0,0,0,0,0,0.0,0.0,0.0,0.0,[],True
2026-03-19,-0.5209423391821966,-0.0302151429201161,0.0198696664376765,0.0726700719525534,144.82999999999993,1.0497083339543667,467550.521535,162638.2237581758,-4203456.008120001,-0.7268067600520464,65.57999999999993,54.77071428571429,54.23518825232461,32.4238701137956,ETHUSDT,0,0,0,0,0,0.0,0.0,0.0,0.0,[],True
2026-03-20,0.2161245164066796,0.0039262147106608,-0.0147270807510445,0.0538715744091606,109.7099999999998,0.6532600192189756,459474.28125,166899.67777900535,-3903299.830320001,-0.7744359751089266,8.409999999999854,48.644285714285694,62.30066664708817,29.989663853395086,ETHUSDT,0,0,0,0,0,0.0,0.0,0.0,0.0,[],True
2026-03-21,-0.4991219842246074,-0.0290016520764706,-0.1139411042214733,0.0160333728075947,32.90000000000009,0.3015165528474022,439642.41216,181136.84083327567,-4035859.294920001,-0.7517055732694007,61.34999999999991,52.37714285714282,57.86057167794022,22.84674255133359,ETHUSDT,0,0,0,0,0,0.0,0.0,0.0,0.0,[],True
2026-03-22,-0.2242949381429997,-0.0149709471556093,-0.1137055048999089,-0.0094669933253598,-19.63000000000011,0.7341738900770743,426425.621275,180197.026794556,-4348929.852120001,-0.8743106757818929,30.98000000000001,52.26928571428568,57.979966382879866,14.518735918079074,ETHUSDT,0,0,0,0,0,0.0,0.0,0.0,0.0,[],True
2026-03-23,1.170199853373482,0.0466760266914141,-0.023309536668497,0.0285868598904515,59.8100000000004,1.42351269291296,431684.55045,184233.44858232667,-3734421.415220001,-0.785868280921745,98.14000000000031,55.28785714285713,60.27414958076562,15.657320625152352,ETHUSDT,0,0,0,0,0,0.0,0.0,0.0,0.0,[],True
2026-03-24,0.1348827215752148,0.0019497436693815,0.0086162942450451,0.0286571635752996,60.07000000000016,0.7712483288952169,410637.48333,171010.41702324038,-3417717.9424200007,-1.180755496390448,4.199999999999818,52.4785714285714,58.14754321491766,16.705985901347503,ETHUSDT,0,0,0,0,0,0.0,0.0,0.0,0.0,[],True
2026-03-25,0.2215795869546227,0.0059141262491243,0.0106233284565422,-0.0042602029105266,-9.2800000000002,0.6842937946693579,402811.668975,173536.37697384504,-3142076.4169200007,-1.2531743772916626,12.789999999999964,52.28785714285713,57.99489091977106,18.357493044789862,ETHUSDT,0,0,0,0,0,0.0,0.0,0.0,0.0,[],True
2026-03-26,-1.0039658111832654,-0.0513607537584714,-0.0117225534445792,-0.1243279769822819,-292.54,0.8468635922641203,399132.31232,174119.41385422114,-3480087.040720001,-1.2238088199708996,108.59000000000016,58.50499999999998,49.20092299803434,10.779756555523363,ETHUSDT,0,0,0,0,0,0.0,0.0,0.0,0.0,[],True
2026-03-27,-0.6256797041484731,-0.033399104556955,-0.0297679038312664,-0.1400886341962293,-324.6399999999999,0.963921970916775,409652.99756,166662.91181077706,-3874960.5655200006,-1.1366068460942185,67.67999999999984,62.00357142857141,44.27049133114453,-0.6790370649055149,ETHUSDT,0,0,0,0,0,0.0,0.0,0.0,0.0,[],True
2026-03-28,0.1397558619520043,0.000998121708248,-0.0730891297983764,-0.0946949927157697,-208.64999999999984,0.3891858838335723,397835.10125,176150.90593377067,-3720128.760020001,-1.1690637863828586,1.990000000000009,61.86428571428569,44.14501789631682,-9.490239621481123,ETHUSDT,0,0,0,0,0,0.0,0.0,0.0,0.0,[],True
2026-03-29,0.0186494801429829,-0.005076178544251,-0.0795787091358528,-0.0716480884643629,-153.16999999999985,0.4403419330116742,378630.163745,179499.61384139626,-3886855.498220001,-1.234226650538449,10.099999999999907,56.71857142857137,37.80570737727626,-17.091150574678977,ETHUSDT,0,0,0,0,0,0.0,0.0,0.0,0.0,[],True
2026-03-30,0.5950398668500404,0.0208627603149654,-0.0657163142801817,-0.0557911118151912,-119.73999999999978,0.9085051992696548,372374.79177,178567.06664510127,-3548551.0638200007,-1.2406312775911477,41.83999999999992,47.23071428571426,25.31191869697382,-19.51384547448152,ETHUSDT,0,0,0,0,0,0.0,0.0,0.0,0.0,[],True
2026-03-31,0.9688969565091452,0.0382194240025225,0.0218401013380702,0.0098615261383203,20.559999999999945,1.1221684992033114,375966.624085,178816.92606875754,-3126653.1615200005,-1.1180858378660048,78.94999999999982,50.32857142857139,34.95884189611125,-14.89158255581424,ETHUSDT,0,0,0,0,0,0.0,0.0,0.0,0.0,[],True
2026-04-01,0.4397392950733976,0.0164496452551764,0.0740684983063604,0.042095730540584,86.46000000000004,1.062050050827113,375902.60232,178807.90613835116,-2727425.7836200004,-1.0998977852061094,34.92000000000007,44.67999999999997,44.96099245427804,-8.314805824028554,ETHUSDT,0,0,0,0,0,0.0,0.0,0.0,0.0,[],True
2026-04-02,-0.8647965475205434,-0.0396381151785165,0.0312973119303769,-0.0440793111620191,-94.86000000000011,0.9548796823360962,363263.39194,170919.30461079557,-3074298.61592,-0.9617886738565444,83.17999999999984,45.93714285714282,43.730563502923246,-9.702746494862822,ETHUSDT,0,0,0,0,0,0.0,0.0,0.0,0.0,[],True
2026-04-03,-0.0205918555618977,-0.001624909138843,0.0348627458884229,-0.0474902955621617,-102.40000000000008,0.3759580690526813,362451.694795,172007.97897322616,-3210565.25522,-0.9419457093153032,3.340000000000145,45.57499999999998,42.75997178904475,-10.946030536173566,ETHUSDT,0,0,0,0,0,0.0,0.0,0.0,0.0,[],True
2026-04-04,0.1658495912056335,0.0056756679481061,0.0192649322963958,-0.0477174023291624,-103.5,0.2452387445722502,352735.61994,182056.12674801413,-3124060.8146200003,-1.0522732321709998,11.690000000000056,42.02785714285714,48.355682455514206,-10.862836773255369,ETHUSDT,0,0,0,0,0,0.0,0.0,0.0,0.0,[],True
2026-04-05,0.5258676237434454,0.0213865022695661,0.0022513215827646,0.0241405920123469,49.74000000000024,0.4943419580536151,318308.647155,145278.34741603833,-2966707.4947200003,-1.577123507288891,44.65000000000009,43.00428571428571,54.673952762183184,-7.112040101188086,ETHUSDT,0,0,0,0,0,0.0,0.0,0.0,0.0,[],True
2026-04-06,-0.047596798421815,-0.0014274436722272,-0.0155068096339383,0.0574131225693137,114.40999999999984,1.1433257677159026,311419.806545,139675.87391526334,-3322761.7841200004,-1.538806330505657,3.0100000000002183,36.209285714285706,45.57433965241746,-4.332446809953581,ETHUSDT,0,0,0,0,0,0.0,0.0,0.0,0.0,[],True
2026-04-07,1.6313461745627398,0.061139260852056,0.0888793828414764,0.1229583805408225,245.2700000000002,1.4840690771751153,310022.502575,137945.03976904083,-2862666.9748200006,-1.3123715599633414,132.85000000000036,45.39857142857146,56.59083042260614,8.492390632579827,ETHUSDT,0,0,0,0,0,0.0,0.0,0.0,0.0,[],True
2026-04-08,-0.7174691804704982,-0.0225787863142884,0.0663005214647756,0.103474685585295,205.3599999999999,1.3238231727833574,305718.80023,133271.99754709387,-3267384.6069200006,-1.3081482174540786,50.01000000000022,48.0571428571429,51.55915576694412,14.454159105987856,ETHUSDT,0,0,0,0,0,0.0,0.0,0.0,0.0,[],True
2026-04-09,-0.0373813583757133,9.132003111209872e-05,0.0603625237228397,0.0807903359519954,163.7199999999998,0.904232670451102,304476.888855,133442.18209920687,-2992066.6566200005,-1.2710853787781449,0.1999999999998181,40.31500000000002,61.496075547917286,18.976294985655382,ETHUSDT,0,0,0,0,0,0.0,0.0,0.0,0.0,[],True
2026-04-10,0.6988762603523196,0.0247349288016071,0.0639190207424047,0.066314244596116,139.62000000000037,0.8760977732064785,311493.869915,127482.9812633288,-2719167.5708200005,-1.279645105376222,54.85000000000037,39.398571428571486,72.87066246056781,26.6785234385502,ETHUSDT,0,0,0,0,0,0.0,0.0,0.0,0.0,[],True
2026-04-11,0.4744974799981366,0.0176338553078478,0.0843932117162435,0.0675777326138247,144.63999999999987,0.7005860641667636,306579.61225,129300.41368683732,-2504382.1669200007,-1.2639290956248936,39.9399999999996,42.10928571428575,74.617067833698,35.59510101915339,ETHUSDT,0,0,0,0,0,0.0,0.0,0.0,0.0,[],True
2026-04-12,-1.2894451627661878,-0.0417069631649105,-0.0215891893339762,0.0653713596834486,134.48000000000002,0.8940125475222742,288762.03451,107318.6648863018,-2762539.0490200007,-1.2286457558250825,93.33999999999968,48.055000000000014,65.38490122924625,34.72945552225701,ETHUSDT,0,0,0,0,0,0.0,0.0,0.0,0.0,[],True
2026-04-13,2.331370389563156,0.0780073962803856,0.081945205479452,0.1536787367990535,315.6300000000001,1.5353163233075693,295620.40233,113408.45293701388,-2308668.2198200007,-0.6763336226644362,177.80999999999997,57.76714285714287,71.2045898558251,47.83973947172808,ETHUSDT,0,0,0,0,0,0.0,0.0,0.0,0.0,[],True
2026-04-14,-0.6738842937400955,-0.0200437239426599,0.0603780476668798,0.1243851427243503,256.9200000000001,1.509322289600171,304843.69526,119058.4765117623,-2768775.6039200006,-0.6033188823015213,47.01999999999998,55.4864285714286,63.96802306870406,53.81526405354498,ETHUSDT,0,0,0,0,0,0.0,0.0,0.0,0.0,[],True
2026-04-15,0.3878170446917651,0.0160220752306129,0.0511792610409567,0.1183696100314191,249.7799999999997,0.8899559927615449,301352.695955,119058.40135114235,-2500584.9662200008,-0.8376645483342935,37.50999999999976,55.67142857142858,64.08775981524249,60.875914206779726,ETHUSDT,0,0,0,0,0,0.0,0.0,0.0,0.0,[],True
2026-04-16,-0.2196280911159913,-0.0050041309831632,0.0276500115974249,0.1143766965963668,241.01000000000025,1.1036844100108985,298057.0666,117231.66489813598,-2829545.903920001,-0.961902302213916,11.779999999999744,50.57142857142857,70.55084745762713,64.77430490567576,ETHUSDT,0,0,0,0,0,0.0,0.0,0.0,0.0,[],True
2026-04-17,0.7875933109016208,0.0297179302386485,0.103734629160678,0.079905893277262,178.98999999999978,1.5615375328442929,314902.0444,119746.0456191807,-2337814.542420001,-0.909807311926645,70.82999999999993,55.39214285714285,73.54446865852559,72.74068730617046,ETHUSDT,0,0,0,0,0,0.0,0.0,0.0,0.0,[],True
2026-04-18,-0.9458580457066218,-0.0288027425293784,-0.0080777898761742,0.0732054794520549,160.32000000000016,0.6980621763897386,317652.77693000005,116757.69988865904,-2559555.9312200006,-0.7683363385334412,68.67999999999984,59.46285714285711,67.10551604843363,72.67445485862481,ETHUSDT,0,0,0,0,0,0.0,0.0,0.0,0.0,[],True
2026-04-19,-1.1796353524109344,-0.0377408189144807,-0.0254775150272988,0.033362250022829,73.07000000000016,0.8167547316168385,313541.89659,117437.71867849184,-2815642.7588200006,-0.5641653084373919,87.05000000000018,62.49142857142855,58.74977139722019,64.85020487996508,ETHUSDT,0,0,0,0,0,0.0,0.0,0.0,0.0,[],True
2026-04-20,0.560420095511107,0.0221021336687322,-0.0195343121676306,0.0306451972116432,68.79999999999973,0.9788715377086044,307497.00477,114645.03496515812,-2514642.6929200008,-0.6375290794634827,50.57999999999993,65.88928571428566,61.20331725296765,62.01593261885,ETHUSDT,0,0,0,0,0,0.0,0.0,0.0,0.0,[],True
2026-04-21,0.066597123048665,0.0057272419580392,-0.0089559103472066,0.0184464702252526,42.15000000000009,0.7583482557556593,298867.934725,113869.59465272688,-2287996.715920001,-0.6415452661499115,13.289999999999964,57.34928571428564,55.42602349014185,60.14878560380157,ETHUSDT,0,0,0,0,0,0.0,0.0,0.0,0.0,[],True
2026-04-22,0.4858753932183492,0.0199657360413775,-0.0185737908226538,0.083234093034928,182.42000000000007,1.2635438717252794,300509.649405,114830.76958770367,-1908289.590020001,-0.8745947854284358,46.93000000000029,57.12928571428564,61.50710793813533,61.7441685908284,ETHUSDT,0,0,0,0,0,0.0,0.0,0.0,0.0,[],True
2026-04-23,-0.6384634433126204,-0.018625932517214,-0.0085350079989107,-0.0165438538738783,-39.19999999999982,1.1448248730530193,311528.602055,108647.94663002172,-2264935.282320001,-0.7830801071178848,43.809999999999945,60.24428571428565,58.30309928623939,58.79566046282025,ETHUSDT,0,0,0,0,0,0.0,0.0,0.0,0.0,[],True
2026-04-24,-0.289132100900372,-0.0065744814605261,0.0228518912900359,-0.003207833141007,-7.450000000000273,0.5811912750567264,316397.76093,99859.19645469122,-2448822.900420001,-0.7498141922491871,15.270000000000437,57.4171428571428,54.35036823248405,54.59742007235445,ETHUSDT,0,0,0,0,0,0.0,0.0,0.0,0.0,[],True
2026-04-25,-0.0675320893798777,0.0019462773352213,0.0024418177496381,-0.0171401936481704,-40.44999999999982,0.2184390017581889,311937.05589,108919.22037984,-2380683.6813200014,-0.791548885648484,4.510000000000218,54.88642857142856,52.24554599757944,51.04577965164936,ETHUSDT,0,0,0,0,0,0.0,0.0,0.0,0.0,[],True
2026-04-26,0.5066062373667914,0.0213019950973949,0.0181768178966457,0.0090581175979591,21.269999999999985,0.5121235443176159,301863.92251500004,113829.61176573142,-2226092.059420001,-0.7679733706068232,49.940000000000055,51.78642857142859,62.26121019020427,51.66525476760216,ETHUSDT,0,0,0,0,0,0.0,0.0,0.0,0.0,[],True
2026-04-27,-0.9846499818615272,-0.0281501368983546,-0.0296537170344598,-0.0476767259198015,-115.32999999999991,1.0220720755398112,293877.37498,107575.1799803798,-2526455.918020001,-1.2795036081550837,65.76999999999998,43.78357142857145,44.63350571806125,46.31521100069813,ETHUSDT,0,0,0,0,0,0.0,0.0,0.0,0.0,[],True
2026-04-28,-0.2814168330708131,-0.0062049930312807,-0.01752594131127,-0.0259113652609006,-60.90000000000009,0.6639820476174714,283038.10438000003,106737.50021966828,-2714388.138120001,-1.3520542654693206,14.25,41.44285714285717,47.15442950706653,40.45902045966841,ETHUSDT,0,0,0,0,0,0.0,0.0,0.0,0.0,[],True
2026-04-29,-0.6306307890790049,-0.0160802351764607,-0.0268208501980569,-0.0045818660610531,-10.36999999999989,1.2370933748850892,287026.11194,107917.38102772694,-3069466.239620001,-1.2334421141485197,36.51999999999998,41.37214285714289,40.75896479687854,32.49648917584591,ETHUSDT,0,0,0,0,0,0.0,0.0,0.0,0.0,[],True
2026-04-30,-0.0226574858768518,0.0020441607770807,-0.0267255874110798,-0.0243490286751516,-56.33999999999969,0.593432811831836,281740.87153,111184.6453237722,-2902271.962020001,-1.3162271793084774,4.610000000000127,40.86000000000006,42.075728970002125,26.25545766657342,ETHUSDT,0,0,0,0,0,0.0,0.0,0.0,0.0,[],True
2026-05-01,0.4557297319354873,0.0167448796674668,-0.0311508204470254,-0.0135402253409764,-31.509999999999764,0.6810859133876667,280555.729085,112058.79242092663,-2711189.4070200007,-1.2780372641117883,38.11999999999989,38.523571428571486,38.56266107948754,24.107464801285005,ETHUSDT,0,0,0,0,0,0.0,0.0,0.0,0.0,[],True
2026-05-02,0.2257008402683458,0.0092529819436098,0.0057733963631942,-0.0240515233333474,-57.10000000000037,0.3147476170769558,271927.3086,120220.8091825398,-2625600.934620001,-1.638483504375535,21.33999999999969,35.14214285714291,46.61070346958269,23.85217164698452,ETHUSDT,0,0,0,0,0,0.0,0.0,0.0,0.0,[],True
2026-05-03,-0.0194515663036673,0.0024484776070683,0.0145145932157488,-0.0032657300043772,-7.610000000000127,0.5883247461804835,256787.48885,115057.30974074067,-2474526.500420001,-3.2981687445844137,5.680000000000291,29.33000000000006,57.230529443280886,23.833441436099747,ETHUSDT,0,0,0,0,0,0.0,0.0,0.0,0.0,[],True
2026-05-04,0.3054914298297735,0.0104973114837258,0.0418394069865506,0.0138963883213318,32.17000000000007,1.7666233152516158,256433.15957,114407.28882689858,-2021505.7019200008,-3.124893834222308,24.509999999999764,27.467857142857188,54.33103627616693,25.50237427445381,ETHUSDT,0,0,0,0,0,0.0,0.0,0.0,0.0,[],True
2026-05-05,0.1181287553458376,0.0057817503291784,0.0457406611709361,0.0177926277214917,41.26999999999998,1.113777521844745,257355.464245,114581.28154437312,-1734868.9707200008,-2.9511042240662566,13.610000000000127,27.490714285714343,54.369007716891424,27.60501539539291,ETHUSDT,0,0,0,0,0,0.0,0.0,0.0,0.0,[],True
2026-05-06,-0.2731186556919605,-0.0042151259134033,0.0240500429076113,-0.0078499561077722,-18.59999999999991,1.6059634204995716,261940.783165,119333.99517018998,-2155536.286820001,-2.76186638494073,9.929999999999836,24.84785714285717,46.661109034984335,28.145659972818976,ETHUSDT,0,0,0,0,0,0.0,0.0,0.0,0.0,[],True
2026-05-07,-1.0440328572058837,-0.0257581185303389,-0.0111827084511235,-0.0054738742962316,-12.610000000000127,1.800104958031113,260830.31198,117166.7746611217,-2625058.224620001,-2.689526232559924,59.7800000000002,25.988571428571472,44.61301671064201,23.47971871612617,ETHUSDT,0,0,0,0,0,0.0,0.0,0.0,0.0,[],True
2026-05-08,0.1377064814359025,0.0069593940904119,-0.0067121606785353,0.007705008255366,17.639999999999873,1.554811416386325,270795.00045,122040.70872075738,-2204023.066420001,-2.6985911718187783,16.0,26.04071428571429,48.91241736840664,20.832844868676148,ETHUSDT,0,0,0,0,0,0.0,0.0,0.0,0.0,[],True
2026-05-09,0.2035454412549866,0.008365215501219,-0.0088276896334292,0.0326423720537973,73.53999999999996,0.854993364061116,269512.21692,122337.91768230453,-1973591.9094200009,-2.928855898849676,19.38000000000011,27.102857142857147,50.91450558718112,20.06765487573193,ETHUSDT,0,0,0,0,0,0.0,0.0,0.0,0.0,[],True
2026-05-10,0.6096650937225774,0.0190864744445964,0.0044477013855648,0.0503918033585675,113.75999999999976,1.4510523991557585,274368.35674,125539.32651745112,-1575469.047120001,-2.7608495335581056,44.82999999999993,26.737857142857138,50.24443672695214,22.81563815902973,ETHUSDT,0,0,0,0,0,0.0,0.0,0.0,0.0,[],True
2026-05-11,-0.5837520254178785,-0.0133303043307883,-0.0046664171104797,0.0192713982653998,44.23999999999978,0.8620433226842604,274884.16065,125353.98558524916,-1812431.102320001,-2.533360211916292,31.40000000000009,24.282857142857143,55.32415578303328,22.20376593757828,ETHUSDT,0,0,0,0,0,0.0,0.0,0.0,0.0,[],True
2026-05-12,-1.095312019118014,-0.0281329024400286,-0.0070273148673539,-0.0181314389051217,-42.00999999999976,0.9420336040710876,268547.859765,122956.50232688196,-2065412.210520001,-2.3131174182258425,64.90999999999985,27.901428571428564,48.14909630843274,16.29333880182503,ETHUSDT,0,0,0,0,0,0.0,0.0,0.0,0.0,[],True
2026-05-13,-0.3220460413069987,-0.0071951801609917,-0.0209834161226841,-0.0275547327406195,-64.0,0.9803418906388948,263638.361645,121201.5041110402,-2323867.940420001,-2.2695011941079635,16.309999999999945,26.457857142857133,50.77616695013633,10.175900575216929,ETHUSDT,0,0,0,0,0,0.0,0.0,0.0,0.0,[],True
2026-05-14,0.3336826735297252,0.0108325769198841,-0.0185648458589089,-0.0272286507950032,-63.909999999999854,0.9603514477752756,267278.022535,119765.0267063363,-2067187.1045200008,-2.133614134562845,24.59999999999991,27.88571428571426,53.29661885245899,7.229464351234128,ETHUSDT,0,0,0,0,0,0.0,0.0,0.0,0.0,[],True
2026-05-15,-0.9793831664948314,-0.0259957716366948,-0.0618276282329722,-0.0576549176751653,-136.11000000000013,1.0367902955267083,278297.889115,110238.13544342562,-2355723.655220001,-1.886022088688986,58.59000000000015,29.347857142857134,41.36344829264728,0.1647697102080201,ETHUSDT,0,0,0,0,0,0.0,0.0,0.0,0.0,[],True
2026-05-16,-0.7482725720934819,-0.0199260695071082,-0.0679952305042587,-0.0723443535076824,-170.07000000000016,0.7103932979640764,280532.736825,108029.1928683396,-2555012.231320001,-1.9086771405615617,43.88999999999987,30.958571428571435,34.2877578330488,-8.873321757379472,ETHUSDT,0,0,0,0,0,0.0,0.0,0.0,0.0,[],True
2026-05-17,-0.864635353031657,-0.023086672329368,-0.063280233498611,-0.0698628582402904,-160.05999999999997,0.6384824053455633,274270.38463999995,110422.80605176697,-2730129.0462200013,-1.8750020438491908,49.76999999999998,34.10785714285713,29.93235743754056,-19.823583485461768,ETHUSDT,0,0,0,0,0,0.0,0.0,0.0,0.0,[],True
2026-05-18,-0.0071635737690309,-0.0004318154150101,-0.0569233834370088,-0.0767123525179233,-176.98000000000002,1.3447952081058931,283967.693295,110956.41030737745,-3112007.439420001,-1.7956423459363369,0.9200000000000728,32.42285714285715,26.08829749735638,-28.250328902216552,ETHUSDT,0,0,0,0,0,0.0,0.0,0.0,0.0,[],True
2026-05-19,-0.355045878812727,-0.0085573163461214,-0.0750333953793934,-0.0922052578188133,-214.51000000000025,0.6784162001403394,275561.04197,111652.28857894776,-3298952.5144200013,-1.7542202365160249,18.15000000000009,32.74714285714286,22.86131832657155,-35.97840204751219,ETHUSDT,0,0,0,0,0,0.0,0.0,0.0,0.0,[],True
2026-05-20,0.3347268356573042,0.0082568130007604,-0.0428020461553674,-0.1019833253910351,-241.83,0.683478651457203,276655.74279,110636.59109115796,-3109864.220420001,-1.657880886869328,17.51000000000022,33.28857142857146,26.24667410522703,-40.22634081322758,ETHUSDT,0,0,0,0,0,0.0,0.0,0.0,0.0,[],True
2026-05-21,0.0567496421854694,0.0020266473440739,-0.0215566061528724,-0.0880860902528771,-206.10999999999967,0.8354884112906767,278746.070625,109321.83501176212,-2876975.108720001,-1.6895452743608994,4.320000000000164,29.327142857142885,30.844171659603543,-42.75146274291092,ETHUSDT,0,0,0,0,0,0.0,0.0,0.0,0.0,[],True
2026-05-22,-1.3459373535637242,-0.0323439177043665,-0.0305725011731582,-0.0919180996588951,-209.11000000000013,0.7766721853708786,285555.80974500004,100546.26122847055,-3098758.363520001,-1.488725040831278,67.91000000000031,33.035000000000046,23.922679409284555,-49.65996040584923,ETHUSDT,0,0,0,0,0,0.0,0.0,0.0,0.0,[],True
2026-05-23,1.066517466092343,0.0247793858386467,-0.0058213776008413,-0.0624133885285459,-140.97000000000023,1.1861636423205442,295529.39948,96308.3115675568,-2748212.134620001,-1.2455197367900124,51.82999999999993,35.35285714285718,28.91057501919424,-50.37208865566299,ETHUSDT,0,0,0,0,0,0.0,0.0,0.0,0.0,[],True
2026-05-24,-0.3482963136530294,-0.0084552362276561,-0.00571988654927,-0.0803240994196868,-183.4000000000001,0.6993376221325105,282765.79758,91112.95724703623,-2945960.895120001,-1.2525629120396031,17.829999999999927,33.42428571428575,20.99841860067532,-51.77831918009633,ETHUSDT,0,0,0,0,0,0.0,0.0,0.0,0.0,[],True
2026-05-25,0.2702520034861539,0.006247557623581,-0.0077156435494777,-0.050187444373522,-111.64999999999964,0.6013563000516773,276755.390915,94736.9512537979,-2779532.297220001,-1.2072409132705562,13.16000000000031,32.12142857142862,24.77651767845238,-51.24019985673112,ETHUSDT,0,0,0,0,0,0.0,0.0,0.0,0.0,[],True
2026-05-26,-0.828266030413068,-0.0187452643903024,-0.0281146895620877,-0.04906523842496,-107.0,1.0470766484194396,269849.69059,88524.72400274337,-3062085.606820001,-1.1316022412329545,39.24000000000024,30.287857142857224,26.27644270452568,-53.36491890700927,ETHUSDT,0,0,0,0,0,0.0,0.0,0.0,0.0,[],True
2026-05-27,-1.0673782564097771,-0.0238775217489017,-0.0198513928891255,-0.0498169873298921,-106.16000000000008,1.0315330888968903,259771.751565,75043.55368282947,-3330048.764120001,-1.1087540755920378,48.930000000000064,32.61785714285723,24.399430636154666,-58.32468546882819,ETHUSDT,0,0,0,0,0,0.0,0.0,0.0,0.0,[],True
2026-05-28,-0.3402779222822761,-0.0074057155016144,-0.0508953194061424,-0.0564204161346052,-120.17999999999984,1.4161864362862282,256911.73971,69456.09276276876,-3693883.685220001,-1.110743107122031,14.939999999999827,31.927857142857224,19.423253316629086,-62.73766855322992,ETHUSDT,0,0,0,0,0,0.0,0.0,0.0,0.0,[],True
2026-05-29,0.0791566374083255,0.0023059119062503,-0.0406267114317688,-0.0461142178007792,-97.38999999999989,1.0909206654883634,259547.46661,69398.50052953341,-3410737.990220001,-1.1068610350456225,4.639999999999873,28.07428571428577,23.2698961937717,-65.11003229681228,ETHUSDT,0,0,0,0,0,0.0,0.0,0.0,0.0,[],True
2026-05-30,0.1632808273180851,0.0039138217600028,-0.0428630247845491,-0.0502479525133368,-107.0,0.400660238291461,244540.20024,70301.69096691199,-3312760.455320001,-1.2035921220160963,7.900000000000091,25.503571428571508,27.82803528917526,-65.59652773925654,ETHUSDT,0,0,0,0,0,0.0,0.0,0.0,0.0,[],True
2026-05-31,-0.3205502423269031,-0.0076586508929978,-0.0321925768045636,-0.0594021820635873,-126.75000000000024,0.6797420390463703,240878.87227,72586.8238118096,-3476495.9511200013,-1.1717363901639484,15.430000000000064,23.05071428571437,30.789253509342814,-66.46102955041124,ETHUSDT,0,0,0,0,0,0.0,0.0,0.0,0.0,[],True
2026-06-01,0.0307594047258218,-0.000139520746463,-0.0089439165563698,-0.0286177602439673,-59.11999999999989,1.5162033503554748,246951.231055,78492.24005848756,-3850924.2350200014,-1.229307414171172,0.2799999999999727,23.00500000000008,30.850436240568897,-66.40329131641056,ETHUSDT,0,0,0,0,0,0.0,0.0,0.0,0.0,[],True
2026-06-02,-3.346386012515277,-0.0760160690966899,-0.0746604308672074,-0.1217558837973631,-257.8399999999999,2.1265504031546003,261872.72165,104763.7716334269,-4407809.776820001,-0.3171171153058303,146.8900000000001,32.20071428571436,22.04032741066088,-77.31904294143646,ETHUSDT,0,0,0,0,0,0.0,0.0,0.0,0.0,[],True
2026-06-03,-1.000570029975745,-0.025479952528233,-0.1000178700844858,-0.1365811843703122,-286.79999999999995,2.101363403799604,278276.703945,127192.6111650534,-4992570.258620001,-0.3334911770080686,46.78999999999997,34.29214285714291,17.04888666708331,-88.72267691612706,ETHUSDT,0,0,0,0,0,0.0,0.0,0.0,0.0,[],True
2026-06-04,-0.894915474140671,-0.0235960297544678,-0.1244387967010146,-0.1619679982584086,-342.24000000000024,2.188262898314754,296265.181665,151783.43870110987,-5640876.363720002,-0.3209127070380226,42.27999999999997,37.00357142857148,14.96573689798285,-100.01882687446188,ETHUSDT,0,0,0,0,0,0.0,0.0,0.0,0.0,[],True
2026-06-05,-4.316627459553623,-0.1118400464817744,-0.2110652164164602,-0.2364630600307652,-490.3699999999999,3.6001949915076223,349151.4109,261112.92027395623,-6897889.524520001,0.973387748015869,187.3699999999999,45.53642857142859,12.161377860739464,-122.67616570934524,ETHUSDT,0,0,1,0,1,0.3515573922608556,0.5,0.1757786961304278,9.685120807021285,"[{""name"": ""volume_spike"", ""value"": 3.6001949915076223, ""threshold"": 1.5, ""triggered"": true, ""z_score"": null}, {""name"": ""high_volatility"", ""value"": 0.973387748015869, ""threshold"": 0.8, ""triggered"": true, ""z_score"": null}, {""name"": ""large_return"", ""value"": -4.316627459553623, ""threshold"": 0.05, ""triggered"": true, ""z_score"": null}]",False
2026-06-06,-0.1564350771435955,-0.0086962861205369,-0.2177871462528591,-0.2247831927460934,-455.1499999999999,1.5162376709668115,368318.488515,261734.3982793659,-7456347.891720002,0.9621268957683434,13.710000000000036,42.81357142857145,4.287692487362193,-140.12329823571463,ETHUSDT,0,0,0,0,0,0.0,0.0,0.0,0.0,[],True
2026-06-07,3.187989931259385,0.0741521109232903,-0.0910454662766688,-0.1589084034031543,-319.3900000000001,1.2314782526466357,372138.5984,262499.1682864384,-6998067.300820001,1.8633996146843588,120.81999999999994,50.17000000000002,20.86050286169882,-142.55779467961406,ETHUSDT,0,0,0,0,0,0.0,0.0,0.0,0.0,[],True
2026-06-08,0.1400322356868649,-1.1830819284311956e-05,-0.0675987976062435,-0.1608555799338806,-324.04999999999995,1.2410453955648064,386792.710255,259783.20184132925,-7478094.612920001,1.8169115269984932,0.0199999999999818,49.23142857142857,19.34884800649989,-142.84216887720368,ETHUSDT,0,0,0,0,0,0.0,0.0,0.0,0.0,[],True
2026-06-09,-0.9402147669918371,-0.0306149116693946,-0.0741202979494796,-0.1893356539625403,-382.9200000000001,0.968733934739272,396545.6573,255598.0077790324,-7862241.847820001,1.7585393241979193,50.97000000000003,50.0692857142857,19.025065266701844,-145.50312109608765,ETHUSDT,0,0,0,0,0,0.0,0.0,0.0,0.0,[],True
2026-06-10,-0.2189837477924616,-0.0109963666815219,0.0241189844638118,-0.192036910628248,-385.4200000000001,0.7279960053909952,399440.76581,253969.4739182998,-8153033.129720001,1.6844785357032392,17.930000000000064,47.85499999999998,19.905368897114784,-147.36007088471638,ETHUSDT,0,0,0,0,0,0.0,0.0,0.0,0.0,[],True
2026-06-11,1.3473666210357955,0.0314861899940454,0.0661085946906714,-0.1660761537426559,-333.27,0.6923282413692583,402276.98909,252191.5632555632,-7874525.409320001,1.7737956037993163,51.87000000000012,50.49285714285715,26.2031404724855,-142.99785125034057,ETHUSDT,0,0,0,0,0,0.0,0.0,0.0,0.0,[],True
2026-06-12,-0.0038913139543146,-0.004221727475021,-0.0142560529071108,-0.1040035701995869,-193.42999999999984,0.5113107207872237,394844.07815500005,255959.0648788857,-8076413.419520001,1.6028415626558488,7.0499999999999545,50.66500000000001,25.45995403984155,-138.51294582454352,ETHUSDT,0,0,0,0,0,0.0,0.0,0.0,0.0,[],True
2026-06-13,0.5679005540483429,0.0088243159067173,-0.0055072789546225,-0.0727337911254515,-131.8699999999999,0.2735157275942733,390294.220515,260416.9226230016,-7969661.811820001,1.6201043046514676,14.769999999999982,51.15571428571429,26.174983942584262,-132.24240230490705,ETHUSDT,0,0,0,0,0,0.0,0.0,0.0,0.0,[],True
2026-06-14,1.2425882501673022,0.0260904783836878,0.0525153703522982,-0.025497382494621,-45.15000000000009,0.4554160118303858,390873.288325,259905.3050802435,-7791651.857720002,1.6986671609396395,44.43999999999983,53.22785714285713,31.11958024128073,-122.27747615926704,ETHUSDT,0,0,0,0,0,0.0,0.0,0.0,0.0,[],True
2026-06-15,1.7925030131526662,0.0400479441367977,0.1076350988844283,0.1343501326259946,212.73,1.1604762766750585,399952.38561,259092.55432557667,-7327516.602420001,1.8558534770124888,70.51000000000022,58.24428571428572,37.08640945770279,-107.4519929835178,ETHUSDT,0,0,0,0,0,0.0,0.0,0.0,0.0,[],True
2026-06-16,0.0903062887499195,-0.0017497329713744,0.0714268641019204,0.1422573884015314,223.29999999999995,0.8746872644916998,404233.105195,257499.41852867545,-7681094.151420001,1.7725808646398902,3.1400000000001,47.97642857142858,45.0235978977772,-94.86254613091046,ETHUSDT,0,0,0,0,0,0.0,0.0,0.0,0.0,[],True
2026-06-17,-0.7361978875126899,-0.0239260310464014,0.0505217803541744,0.035545486273373,60.08999999999992,0.8305016806187766,402766.262015,257825.01117190527,-8015592.208920001,1.7469010381280206,42.3900000000001,47.66214285714288,45.3204849611102,-87.29950319931322,ETHUSDT,0,0,0,0,0,0.0,0.0,0.0,0.0,[],True
2026-06-18,-0.6990652086606644,-0.0228163035836966,0.0178029717222425,0.0121976468361244,20.61999999999989,0.7730218607910699,404233.025545,257191.339598072,-8328073.174520001,1.714510025258036,39.49000000000001,47.46285714285716,45.51077534312545,-83.52937550989304,ETHUSDT,0,0,0,0,0,0.0,0.0,0.0,0.0,[],True
2026-06-19,0.171471236186277,4.675218421228056e-05,-0.0083622118426999,0.0437140138577145,71.67000000000007,0.4050123522225254,407588.05872,253395.65473834364,-8162994.976120001,1.6719470919875372,0.0800000000001546,34.08500000000004,63.38984471594122,-79.61728828302671,ETHUSDT,0,0,0,0,0,0.0,0.0,0.0,0.0,[],True
2026-06-20,0.8774208588181368,0.0173165754167409,-0.0306492291760619,0.0736869368952695,119.49,0.392232204773569,407390.874985,253596.8541512369,-8003203.15502,1.6794165926561726,29.88999999999988,35.24071428571431,67.36931714534728,-73.2605556889514,ETHUSDT,0,0,0,0,0,0.0,0.0,0.0,0.0,[],True
2026-06-21,-0.5950780672953906,-0.0198033165237932,-0.0479924595229197,0.0200064536947401,33.48000000000002,0.3134357141443245,394857.584235,261386.2635882072,-8126965.62392,1.6480382511336873,34.13999999999987,29.04928571428573,52.01996606752073,-70.16875031537165,ETHUSDT,0,0,0,0,0,0.0,0.0,0.0,0.0,[],True
2026-06-22,0.6975158719485697,0.0123723242314384,-0.0128013252599108,0.0370737093512401,61.77999999999997,0.6909373428501718,380146.166245,260063.5719843932,-7864308.44192,1.2747657203000042,21.25,30.565714285714307,54.40502897737896,-65.25159510455705,ETHUSDT,0,0,0,0,0,0.0,0.0,0.0,0.0,[],True
2026-06-23,-1.2132048791751089,-0.0359710329099513,-0.0257026140926064,-0.0083572252822422,-14.049999999999956,0.6833126797582039,363321.242755,256996.1108649356,-8112570.45392,1.2972128334425754,61.059999999999945,31.286428571428587,53.15175452615238,-65.52639834275578,ETHUSDT,0,0,0,0,0,0.0,0.0,0.0,0.0,[],True
2026-06-24,-0.8531728485138006,-0.0273388260520678,-0.0520222768950262,-0.0599494674377903,-103.44999999999982,1.020178204924471,348692.354515,248093.17137481648,-8468298.79422,1.287708439154792,44.96000000000004,33.21714285714287,50.06236022707725,-68.58151314940415,ETHUSDT,0,0,0,0,0,0.0,0.0,0.0,0.0,[],True
2026-06-25,-1.0834209124589131,-0.0340658831737117,-0.0995014588646128,-0.1271010450245807,-228.2900000000002,1.431329766480433,307875.24672500003,129685.22036098492,-8908969.799220001,0.4311566152384904,54.33000000000016,33.39285714285716,38.703743315508014,-74.52758300476239,ETHUSDT,0,0,0,0,0,0.0,0.0,0.0,0.0,[],True
2026-06-26,0.5223740705939393,0.0068901789185027,-0.075140309559797,-0.1195266008176286,-214.31,1.4069728380537192,301136.90033,119044.49746877448,-8485278.35992,0.4332811263686397,10.840000000000146,33.66357142857146,40.69256720914937,-77.47213821332184,ETHUSDT,0,0,0,0,0,0.0,0.0,0.0,0.0,[],True
2026-06-27,0.1161990916871213,-0.0029752580889969,-0.0892263003489199,-0.1008854107163257,-176.6099999999999,0.4620477874544163,284802.48877500003,118760.0869721178,-8616870.71972,-0.2371852363396522,4.690000000000055,32.94357142857147,38.379480063311725,-79.27038359651465,ETHUSDT,0,0,0,0,0,0.0,0.0,0.0,0.0,[],True
2026-06-28,0.1796656882358118,-0.00129054834422,-0.0570861300558445,-0.0813214813775852,-139.14999999999986,0.5234347012743286,267810.180255,113555.69890114151,-8757051.86142,-0.227231791319541,2.0299999999999727,29.91428571428576,31.654727793696324,-79.9378364340987,ETHUSDT,0,0,0,0,0,0.0,0.0,0.0,0.0,[],True
2026-06-29,1.2417950380576557,0.0258159472069312,-0.0056097696295703,-0.0573402135356098,-98.12000000000012,1.1736746969357832,264101.26725,110732.24492727545,-8447082.88662,-0.2161042180072171,41.1099999999999,27.81428571428573,26.49460708782742,-76.27036687455211,ETHUSDT,0,0,0,0,0,0.0,0.0,0.0,0.0,[],True
2026-06-30,-0.7794620778129909,-0.0257841402876513,0.0026597101745076,-0.0971063937326256,-169.06999999999994,0.8518887313771938,260664.563365,110926.7418163708,-8669140.09082,-0.1434383737700175,41.059999999999945,30.52285714285716,24.143499017130026,-75.80325691337407,ETHUSDT,0,0,0,0,0,0.0,0.0,0.0,0.0,[],True
2026-07-01,1.1533867728704583,0.0236182200888335,0.0195733144145742,-0.0570377400494452,-97.36000000000011,1.169691296507966,262065.992895,111340.31705434572,-8362603.77982,-0.1931603184620044,37.569999999999936,30.178571428571427,33.31124260355031,-71.57639575389408,ETHUSDT,0,0,0,0,0,0.0,0.0,0.0,0.0,[],True
2026-07-02,2.3849310580626124,0.0549902135825361,0.0804198247765233,-0.0159820390119143,-27.62000000000012,1.3798685309044605,270644.267795,113055.81080828706,-7989150.27162,0.1877087226745933,90.99,33.857142857142854,48.88818565400844,-60.19060543516889,ETHUSDT,0,0,0,0,0,0.0,0.0,0.0,0.0,[],True
2026-07-03,1.4182240481027029,0.0333327570725414,0.1184826585918217,0.0546328120782422,91.07999999999991,0.8806941325303393,277527.53081,106556.18657857236,-7744733.40362,0.2803457635307524,57.6400000000001,37.96857142857142,54.42283091278501,-45.986118941180166,ETHUSDT,0,0,0,0,0,0.0,0.0,0.0,0.0,[],True
2026-07-04,0.6206847629921316,0.0126766041891299,0.1038826585331078,0.0976901311206592,158.47000000000003,0.6861970580947023,278171.04059,105960.75131050192,-7553853.25392,0.2165164234113015,22.430000000000064,37.4357142857143,53.77408891432933,-32.54390167163115,ETHUSDT,0,0,0,0,0,0.0,0.0,0.0,0.0,[],True
2026-07-05,0.2566904451506838,0.0028096443619487,0.1359024433686808,0.1389236146545567,217.81000000000017,1.4198445309291263,274447.94878,100236.2468727601,-7164179.83482,0.0271953097255857,5.009999999999991,35.35500000000002,57.95098692850072,-21.241721170740675,ETHUSDT,0,0,0,0,0,0.0,0.0,0.0,0.0,[],True
2026-07-06,0.4316517126274428,0.0077596959713349,0.1180307906410367,0.1399143588314286,220.87999999999988,1.1242957985665232,272063.03785,98811.75102510132,-6858300.50442,0.0224498153425411,13.909999999999854,34.83071428571429,57.31804852039454,-11.035035921658846,ETHUSDT,0,0,0,0,0,0.0,0.0,0.0,0.0,[],True
2026-07-07,-0.4334382007669023,-0.0157437703195555,0.0416801425404422,0.1254518770767285,197.46000000000004,0.9032281333389716,267414.97124,97902.50636200068,-7099837.22972,-0.0273264409905033,28.1099999999999,32.47714285714286,61.4718043459136,-5.15498296671808,ETHUSDT,0,0,0,0,0,0.0,0.0,0.0,0.0,[],True
2026-07-08,-0.4245895977613118,-0.0158808910289819,-0.0083437132083198,0.1091503600600523,171.57999999999993,0.8562216245905856,263052.48423,97732.45245498708,-7325068.45512,-0.0732545115054762,27.91000000000008,31.25928571428572,63.86673674108264,-2.715796372770683,ETHUSDT,0,0,0,0,0,0.0,0.0,0.0,0.0,[],True
2026-07-09,0.193262772644987,0.0009287127677579,-0.0199254200736813,0.0818873328497833,132.09000000000017,0.6592634260443277,263483.83717,97295.33390156808,-7151363.19792,-0.0910806130617882,1.6200000000001182,27.49428571428572,73.03335758079602,-0.6445727293898926,ETHUSDT,0,0,0,0,0,0.0,0.0,0.0,0.0,[],True
2026-07-10,1.2493882715079618,0.0291888898678305,0.0062722258001286,0.1430270799804072,224.83999999999992,0.8097124398883481,266274.53634,94936.48008284124,-6935757.393420001,-0.0454849113358708,51.68999999999983,30.41214285714284,75.62064025177912,5.108945198950096,ETHUSDT,0,0,0,0,0,0.0,0.0,0.0,0.0,[],True
2026-07-11,-0.0378535900686559,-0.005071692309319,-0.0065571584165018,0.1106996856322768,178.18000000000006,0.6642716757857302,269021.58381000004,91321.8299009141,-7114460.811720001,-0.1154648800921681,9.089999999999918,30.726428571428546,74.84715345096127,8.833337362760858,ETHUSDT,0,0,0,0,0,0.0,0.0,0.0,0.0,[],True
2026-07-12,0.5165699627721894,0.0105938852443186,0.0199554037652769,0.0624672903791081,106.23000000000002,0.5365167333649289,262942.373885,95709.27980010003,-6973387.8282200005,-0.1372631294294511,19.039999999999964,31.941428571428546,76.25788273178587,13.169504016883138,ETHUSDT,0,0,0,0,0,0.0,0.0,0.0,0.0,[],True
2026-07-13,-0.4808159806823467,-0.0167883569774964,0.0190302488041571,0.0105277526575324,18.50999999999999,1.112148181994918,265280.854275,95902.88273611774,-7268419.44802,-0.2953327468210248,30.079999999999927,31.153571428571404,68.76074744927206,14.017161606102718,ETHUSDT,0,0,0,0,0,0.0,0.0,0.0,0.0,[],True
2026-07-14,2.47782254693202,0.0627967900887979,0.0840667904375529,0.0624663042501572,111.2299999999998,1.3872061269693798,265940.12586,96600.16251276286,-6899505.67602,-0.0086434073259887,115.14999999999986,36.44571428571425,81.34407337723425,23.70729605228803,ETHUSDT,0,0,0,0,0,0.0,0.0,0.0,0.0,[],True
2026-07-15,0.5541084348391423,0.013644223186806,0.0673456326348889,0.074040265449556,132.2099999999998,1.230492971727532,259896.624075,88537.79110071309,-6579704.70672,-0.2533914093310125,25.99000000000001,35.6185714285714,80.91084105402481,33.10238946679465,ETHUSDT,0,0,0,0,0,0.0,0.0,0.0,0.0,[],True
2026-07-16,-0.8995339328885287,-0.0281044360699461,0.0430426902939993,0.0362032941385672,65.15000000000009,1.0768642425921375,252296.50642500003,79833.69342502477,-6851393.79302,-0.0954686047081675,53.14999999999986,32.91571428571425,67.8095568768717,35.846096393068365,ETHUSDT,0,0,0,0,0,0.0,0.0,0.0,0.0,[],True
2026-07-17,-0.3594948498903166,-0.0122916100870119,0.0194432145229135,0.0397866154844901,70.48000000000002,0.979329812880913,258368.276215,74617.85783752732,-7104421.54862,-0.079494868240361,22.779999999999973,30.42571428571424,59.82721382289418,35.77001382655294,ETHUSDT,0,0,0,0,0,0.0,0.0,0.0,0.0,[],True
2026-07-18,0.1059618369642127,0.0010689587895203,0.037811247692377,0.0575610539477156,100.36000000000011,0.0880428059163501,252470.630265,87925.49208552022,-7082193.32592,-0.1063808186579953,1.9700000000000275,28.964285714285666,57.80024660912455,35.45992049009146,ETHUSDT,0,0,0,0,0,0.0,0.0,0.0,0.0,[],True
2025-08-18,-1.14439340354912,-0.0430628404268448,-0.0921542355218103,0.0348455707659236,6.159999999999997,0.9212677287354096,3662425.79845,1768470.854078113,32316278.83400001,1.3350908776640251,8.050000000000011,6.259285714285714,57.64007759899577,4.7162240647783165,SOLUSDT,0,0,0,0,0,0.0,0.0,0.0,0.0,[],True
2025-08-19,-0.946290173424134,-0.0374250157896346,-0.0844287421416324,-0.0207279799944428,-3.7299999999999898,0.8905968004562648,3660567.78705,1768894.1822079343,29056188.87500001,1.5639505592361385,6.719999999999999,6.349285714285713,56.82303971200359,3.671109780092365,SOLUSDT,0,0,0,0,0,0.0,0.0,0.0,0.0,[],True
2025-08-20,1.7131662784118131,0.0643895485163352,0.0119534783545121,0.0289061644585568,5.280000000000001,0.9358241227721076,3702573.5816,1752907.2265732086,32521146.54900001,2.344775585873234,11.72,6.900714285714285,60.27326363730462,3.745380813115162,SOLUSDT,0,0,0,0,0,0.0,0.0,0.0,0.0,[],True
2025-08-21,-1.0397959710248668,-0.0415560974008101,-0.0491033755274261,0.0311713566689544,5.449999999999989,0.8023602556523615,3632422.696,1755074.437580821,29606634.94600001,1.6171636529094735,7.650000000000006,6.927857142857142,52.54149912362098,3.1506315562172063,SOLUSDT,0,0,0,0,0,0.0,0.0,0.0,0.0,[],True
2025-08-22,2.7541067233907235,0.1071947633964829,0.0507879993716948,0.0464594848263635,8.909999999999997,1.711993246074135,3851719.8617,1839719.2935461453,36200753.33500001,3.9467148385900064,20.40000000000001,8.28357142857143,60.308700525998105,4.2761057104285385,SOLUSDT,0,0,0,0,0,0.0,0.0,0.0,0.0,[],True
2025-08-23,0.271687389901466,0.0170446040247606,0.115884989614081,0.0130514614659322,2.6299999999999955,1.204308836304688,3976256.4341,1813111.3253610944,40989394.09400001,3.000244835941664,3.4499999999999886,8.303571428571429,60.404301075268826,5.384370580988104,SOLUSDT,0,0,0,0,0,0.0,0.0,0.0,0.0,[],True
2025-08-24,0.0854134470724306,0.0089730437223033,0.1688798093292474,0.070192757312828,13.509999999999993,1.706069920172741,4200091.1881,1919061.1774134247,48155043.33200001,2.316509720224466,1.840000000000004,8.241428571428571,60.10573756283585,6.338089547027806,SOLUSDT,0,0,0,0,0,0.0,0.0,0.0,0.0,[],True
2025-08-25,-2.175057263590321,-0.095601512654164,-0.0039374268383527,0.0079689855696747,1.4799999999999898,1.7792178372832466,4469998.3253,2050606.3366911216,40201942.57900001,3.3411085698950878,18.78,9.024285714285714,54.89156245053031,5.514956662334924,SOLUSDT,0,0,0,0,0,0.0,0.0,0.0,0.0,[],True
2025-08-26,0.9412017064312068,0.0452225542491568,0.0863608630539687,0.0330168776371309,6.260000000000019,1.0254664817482986,4616844.72995,1951936.8079288031,44936362.10100001,2.906612504418725,8.660000000000025,8.432857142857145,51.72793494833136,5.498029682449243,SOLUSDT,0,0,0,0,0,0.0,0.0,0.0,0.0,[],True
2025-08-27,0.6973259760548548,0.0355595249922581,0.0112611490358263,0.0626210796376771,11.95999999999998,1.6128761023951537,4857868.5879,2039345.5847071984,52771502.25500001,2.4565190416998166,7.089999999999975,8.244285714285715,50.62380869866573,5.98769624028867,SOLUSDT,0,0,0,0,0,0.0,0.0,0.0,0.0,[],True
2025-08-28,1.1170667474173257,0.0550237014962327,0.050406583717057,0.1721329397616706,31.49000000000001,1.439015672168554,5036294.38245,2086323.277720017,60018808.801000014,2.4187997358654507,11.480000000000018,8.41857142857143,59.31613779059902,7.218885751527097,SOLUSDT,0,0,0,0,0,0.0,0.0,0.0,0.0,[],True
2025-08-29,-1.0633551416258082,-0.0445831978656394,-0.0043693562481793,0.163772557030984,28.860000000000014,1.623933507662918,5300393.49295,2190094.881210261,51411322.20400001,2.4294251598846537,9.349999999999994,8.604285714285718,58.03586252697992,7.355357468291942,SOLUSDT,0,0,0,0,0,0.0,0.0,0.0,0.0,[],True
2025-08-30,-0.3457672096388955,-0.0116730934575455,0.0827991452991452,0.0785357028838991,14.759999999999993,0.7368753168484613,5285257.93435,2199146.8881941056,47516746.08900001,2.2174674731660096,2.380000000000024,8.497142857142862,55.50605245460659,7.188600466118601,SOLUSDT,0,0,0,0,0,0.0,0.0,0.0,0.0,[],True
2025-08-31,-0.3109421489225872,-0.0103144820026152,0.024303073624017,0.1127627710910201,20.330000000000013,0.6289001782762046,5252381.9552,2224755.425936996,44213522.14100001,1.8561965808195389,2.079999999999984,8.546428571428574,54.024237358963646,6.810103094431582,SOLUSDT,0,0,0,0,0,0.0,0.0,0.0,0.0,[],True
2025-09-01,-0.4417944434781363,-0.0165857950898016,-0.027740822862774,-0.0167920673675818,-3.3700000000000045,0.8550078061044987,5221902.936,2231488.2696480383,39748754.36800001,1.0969643512669482,3.300000000000012,8.207142857142859,56.257615317667536,6.172703693885552,SOLUSDT,0,0,0,0,0,0.0,0.0,0.0,0.0,[],True
2025-09-02,1.318656619608652,0.0606126972512342,-0.0222916569509863,0.0269912804937788,5.510000000000019,0.9580049687791544,5109198.4995,2185498.458044972,44643391.91700001,1.1693022277464284,12.330000000000013,8.607857142857146,63.87021823915028,6.586562241105781,SOLUSDT,0,0,0,0,0,0.0,0.0,0.0,0.0,[],True
2025-09-03,0.0128101581554339,0.0053280179321842,0.0277452701384826,0.0232546849208661,4.7900000000000205,0.8353467848602677,4864077.71795,1997000.6991654627,48706583.60000001,0.9270134195973514,1.1200000000000043,7.8507142857142895,60.38577017559821,6.925094581621863,SOLUSDT,0,0,0,0,0,0.0,0.0,0.0,0.0,[],True
2025-09-04,-1.0007155197165205,-0.0409168891872461,-0.0018746916625554,0.0807692307692307,15.120000000000005,0.5701693624055774,4782402.312000001,2051354.450566676,45979804.32300001,0.9409921868960196,8.450000000000017,7.907857142857147,59.94941739680245,6.43733394149487,SOLUSDT,0,0,0,0,0,0.0,0.0,0.0,0.0,[],True
2025-09-05,0.0344844907161689,0.0051272050794342,0.0136576612501246,0.0382926580210354,7.5,0.8439461782332724,4883481.15235,1959986.332632464,50101199.57800001,0.8963954719700551,1.0400000000000205,6.525000000000006,51.46141215106733,6.064788323828509,SOLUSDT,0,0,0,0,0,0.0,0.0,0.0,0.0,[],True
2025-09-06,-0.4379748401320653,-0.015860760722543,0.0143928643827286,-0.0137472283813746,-2.789999999999992,0.3058122809543707,4844478.4244,2021697.2149118483,48619698.58100001,0.908504881708922,3.200000000000017,6.507142857142865,47.815587266739854,5.44852280202349,SOLUSDT,0,0,0,0,0,0.0,0.0,0.0,0.0,[],True
2025-09-07,0.6346697114844007,0.0304567094799898,-0.0157405199141427,-0.0376812945949728,-8.080000000000013,0.4632698562697196,4786650.2277,2081622.8855173527,50837209.344,0.7502053616808363,6.189999999999998,6.81785714285715,50.19381875327397,5.397391435344048,SOLUSDT,0,0,0,0,0,0.0,0.0,0.0,0.0,[],True
2025-09-08,0.7777713450992397,0.0369161454524948,0.0158466574939508,0.0440315974253948,9.03,1.1669099010607364,4910129.676499999,2059431.402315004,56566888.27900001,0.6238000406745978,7.760000000000019,6.030714285714295,65.93627857396659,5.9148538525001015,SOLUSDT,0,0,0,0,0,0.0,0.0,0.0,0.0,[],True
2025-09-09,0.2278673782851956,0.0143747258645164,0.073596283115856,0.0715836211149483,14.51000000000002,0.9986878226683116,4985847.028449999,2031145.6067052176,61546192.992000006,0.3188971838126607,3.0999999999999943,5.633571428571435,63.534930898947614,6.500160830585344,SOLUSDT,0,0,0,0,0,0.0,0.0,0.0,0.0,[],True
2025-09-10,0.6254857059414773,0.0310938755214827,0.10183910306845,0.1168876482903,23.44999999999999,0.9493940639506878,5081330.7089,1972693.3027909407,66370378.204,0.1129061975629243,6.859999999999985,5.6171428571428645,63.42828077314342,7.431895234149749,SOLUSDT,0,0,0,0,0,0.0,0.0,0.0,0.0,[],True
2025-09-11,0.3614180555452282,0.0205837656021832,0.1427358113509191,0.1591830529089803,31.41,0.8758592237786018,4969242.6395,1945716.7515280328,70722735.205,-1.0166308777437618,4.659999999999997,5.130000000000005,59.95544416597046,8.44893050492928,SOLUSDT,0,0,0,0,0,0.0,0.0,0.0,0.0,[],True
2025-09-12,1.2620443208009495,0.0571389826869521,0.1736370244729828,0.1551633675172907,32.53,1.172610021040343,5024393.2981,1955933.6647201383,76614389.13599999,-0.7131615039795223,13.450000000000015,5.42285714285715,74.43361433087456,10.222403375141935,SOLUSDT,0,0,0,0,0,0.0,0.0,0.0,0.0,[],True
2025-09-13,-0.1452064726870336,0.000825491214121,0.1320349353136236,0.1499739052047255,31.609999999999985,0.6842044622725364,4831393.89945,1923701.7626220337,79920050.401,-0.6939304143454886,0.1999999999999886,5.267142857142862,76.90534309736911,11.511336212201511,SOLUSDT,0,0,0,0,0,0.0,0.0,0.0,0.0,[],True
2025-09-14,-0.4220234259722074,-0.0108683195319335,0.1038165830302471,0.1850533807829182,37.44,0.8972799320545733,4641997.418199999,1781385.0247000612,75754879.27299999,-1.9155890640819468,2.6200000000000045,5.305714285714292,76.34625740441568,12.180997708904044,SOLUSDT,0,0,0,0,0,0.0,0.0,0.0,0.0,[],True
2025-09-15,-0.7046660713118323,-0.0229933980810663,0.045700004462891,0.152193154996066,30.94999999999999,1.019740320129923,4641955.923049999,1781382.7681980608,71021289.65399998,-1.836525478364304,5.449999999999989,5.459285714285719,74.19861311003531,12.132088651233287,SOLUSDT,0,0,0,0,0,0.0,0.0,0.0,0.0,[],True
2025-09-16,0.1320831814181864,0.0112463255921473,0.0359812879814629,0.1838529176658674,36.80000000000001,0.7215751474992084,4409280.26835,1640708.165773715,74202916.71399999,-1.856104177571424,2.6500000000000057,4.767857142857147,70.4569288389513,12.166908179824816,SOLUSDT,0,0,0,0,0,0.0,0.0,0.0,0.0,[],True
2025-09-17,0.6687297249778005,0.0327135854633804,0.0109835659426873,0.1865277441240611,38.49000000000001,1.1134147826126517,4285491.4157,1502925.2207964298,78974446.20699999,-2.0101909095603423,7.8799999999999955,5.250714285714289,73.17371786151541,12.684138201600804,SOLUSDT,0,0,0,0,0,0.0,0.0,0.0,0.0,[],True
2025-09-18,0.1073287883827215,0.0108056460258758,0.0211238551035564,0.1559478772593525,33.389999999999986,0.966903976029852,4050961.63125,1106750.572337706,82891337.11499998,-2.293155812783241,2.6599999999999966,4.837142857142859,83.3579444772593,13.1570205468486,SOLUSDT,0,0,0,0,0,0.0,0.0,0.0,0.0,[],True
2025-09-19,-1.0664713650945912,-0.0369154934272431,-0.00513013013013,0.0981538603195064,21.32,0.8408895146384451,4025482.1104,1116364.4743529037,79506351.41699998,-1.9392014243940507,8.969999999999999,5.403571428571429,73.2452081956378,12.662019301138486,SOLUSDT,0,0,0,0,0,0.0,0.0,0.0,0.0,[],True
2025-09-20,-0.044850423910566,0.0039748174756494,0.0220647859673082,0.0687731512473779,15.409999999999997,0.3937405021882495,3937845.37375,1238195.8900216003,81056840.63199998,-1.9001143982577475,0.9499999999999886,5.242857142857141,76.78474114441417,12.205684771865464,SOLUSDT,0,0,0,0,0,0.0,0.0,0.0,0.0,[],True
2025-09-21,-0.4924824851646585,-0.0139603646450435,-0.0033760972316003,0.0324837144231189,7.430000000000007,0.3679581808394642,3784228.8839,1354504.0511270773,79664402.65599999,-1.838020492718305,3.319999999999993,5.037857142857141,71.13285126896358,11.444218291416604,SOLUSDT,0,0,0,0,0,0.0,0.0,0.0,0.0,[],True
2025-09-22,-1.8259559368812013,-0.0691562123524766,-0.0999019768011763,-0.0900156908084895,-21.80000000000001,1.5233871117794395,3831326.6916,1410370.8572238593,73827808.953,-1.5041962614276767,15.78,5.610714285714282,53.991088478676,9.458405883185575,SOLUSDT,0,0,0,0,0,0.0,0.0,0.0,0.0,[],True
2025-09-23,-0.8977703301121871,-0.032653703582326,-0.1381818181818181,-0.1199768957834804,-29.079999999999984,0.9074612157921444,3800612.53085,1411743.7570032212,70378900.485,-1.3287078786414064,7.079999999999984,5.894999999999996,47.63116442505756,7.229995524791605,SOLUSDT,0,0,0,0,0,0.0,0.0,0.0,0.0,[],True
2025-09-24,-0.2840091782454464,-0.0080019254931606,-0.1128998448832432,-0.1174507841174508,-28.16,1.1394391102243082,3885646.4433,1394775.7740725377,65951442.959,-1.488202075165176,1.700000000000017,5.5264285714285695,41.94132092542329,5.266084326337165,SOLUSDT,0,0,0,0,0,0.0,0.0,0.0,0.0,[],True
2025-09-25,-2.3125856466887065,-0.0933555695610028,-0.1951728745615499,-0.1774145362980665,-41.56999999999999,1.6828929562001589,4017639.5451,1536018.5443917136,59190185.668,-0.6083023024119308,18.859999999999985,6.540714285714283,30.348367369225727,2.162893679954493,SOLUSDT,0,0,0,0,0,0.0,0.0,0.0,0.0,[],True
2025-09-26,1.516597715004957,0.0624967733549729,-0.1312245934959349,-0.1341576637407158,-31.79000000000002,1.3310223398127965,4224724.63895,1453052.26029178,64813388.542,-0.2373727510384433,12.429999999999978,6.467857142857137,29.563776918829348,0.6985375475469482,SOLUSDT,0,0,0,0,0,0.0,0.0,0.0,0.0,[],True
2025-09-27,-0.2650341177979227,-0.008369478412512,-0.0767764769942825,-0.1690083319719,-41.38,0.4989062891612661,4219095.771550001,1461430.9886655442,62708455.127,-0.3089693884761276,1.7099999999999795,6.575714285714279,28.861611992179,-0.5931208188412995,SOLUSDT,0,0,0,0,0,0.0,0.0,0.0,0.0,[],True
2025-09-28,0.7998023793925536,0.0355826961662997,-0.0115799343647444,-0.1481616161616161,-36.66999999999999,0.5428213137473744,4042324.8285,1482760.0320498592,64902715.201,-0.3255055713021476,7.370000000000003,6.914999999999994,35.058361739489726,-1.0104244298993876,SOLUSDT,0,0,0,0,0,0.0,0.0,0.0,0.0,[],True
2025-09-29,0.1287265627277508,0.0090656459215813,0.0054347826086957,-0.1080786483880434,-25.78,0.8126168536390959,3954014.5354,1476601.3466331984,68115814.052,-0.3463970979285109,1.9199999999999875,6.662857142857137,38.44339622641508,-1.1726945020400876,SOLUSDT,0,0,0,0,0,0.0,0.0,0.0,0.0,[],True
2025-09-30,-0.563862601616249,-0.0193157892992915,0.0827020857113209,-0.1286119926507432,-30.799999999999983,0.8422972471406791,3876044.34905,1469388.2972330004,64851032.567,-0.4273725335354113,4.069999999999993,6.764285714285707,35.06863780359028,-1.611137498708274,SOLUSDT,0,0,0,0,0,0.0,0.0,0.0,0.0,[],True
2025-10-01,1.437317070054425,0.0620555676677685,0.0822244967587855,-0.0597899728997289,-14.120000000000005,1.0490350531887305,3860939.54505,1465782.563797406,68901293.488,-0.0784192743434139,13.359999999999983,7.155714285714278,38.62048313036533,-0.8705314419815409,SOLUSDT,0,0,0,0,0,0.0,0.0,0.0,0.0,[],True
2025-10-02,1.220084608695236,0.0556209728500174,0.1537402929322717,0.0651601778745802,14.360000000000014,1.2093855119262953,3795891.6679,1398231.4311942533,73491989.876,-0.0993217061268645,12.700000000000015,7.872857142857137,44.21157684630739,0.7327414678981654,SOLUSDT,0,0,0,0,0,0.0,0.0,0.0,0.0,[],True
2025-10-03,-0.3606985888155802,-0.0081269962684431,0.1043969074609874,0.0916080637599625,19.539999999999992,1.0976645498074746,3841439.18535,1396257.3934519002,69275378.262,-0.0984573097034235,1.9000000000000057,7.3678571428571376,47.24188075618032,1.8289496854062577,SOLUSDT,0,0,0,0,0,0.0,0.0,0.0,0.0,[],True
2025-10-04,-0.6596334151946427,-0.0216201171335649,0.0710223266745007,0.0768431001890359,16.26000000000002,0.4943050887864011,3725251.1592,1462990.4174547675,67433967.65699999,-0.0715142295547699,4.97999999999999,7.65571428571428,44.57921253965293,2.269694588748393,SOLUSDT,0,0,0,0,0,0.0,0.0,0.0,0.0,[],True
2025-10-05,-0.0783833074851721,0.0030673526525478,0.0952654782442017,0.1858462177026045,35.81999999999999,0.8507172049859615,3643553.35455,1449276.3823714042,70533601.18299998,-0.115746233981126,0.6999999999999886,7.468571428571423,46.36572302983932,2.644982537648957,SOLUSDT,0,0,0,0,0,0.0,0.0,0.0,0.0,[],True
2025-10-06,0.2552598905097878,0.0164460976084697,0.0464330751215997,0.1324755081152215,27.180000000000007,0.8206611325496387,3633568.4203,1453308.6815086473,73515529.55799998,-0.1054646468353302,3.789999999999992,6.61214285714285,56.46537755212273,3.2112054886377166,SOLUSDT,0,0,0,0,0,0.0,0.0,0.0,0.0,[],True
2025-10-07,-1.424880266289473,-0.0547536821133553,-0.0629206781971543,0.0811461712375896,16.50999999999999,1.2174251468948174,3615044.2335,1440343.882562246,69114483.80099998,0.0099979030690325,12.379999999999995,6.99071428571428,53.407581485644215,2.6306541768638283,SOLUSDT,0,0,0,0,0,0.0,0.0,0.0,0.0,[],True
2025-10-08,0.8728420274338101,0.0403181625675614,-0.0164061157876652,0.086278043921643,18.19,0.8683335127102786,3574387.72035,1442849.1541753807,72218244.44599998,0.1621282738002135,9.050000000000011,7.51571428571428,58.27789393651398,2.8677646399827097,SOLUSDT,0,0,0,0,0,0.0,0.0,0.0,0.0,[],True
2025-10-09,-0.9531335539648086,-0.0359634267222565,-0.0304134117440534,0.038448883666275,8.180000000000007,0.9171055179183368,3568786.107,1443840.308557097,68945291.01499999,0.1517081342519466,8.090000000000003,6.746428571428567,64.923239809423,2.375497741970605,SOLUSDT,0,0,0,0,0,0.0,0.0,0.0,0.0,[],True
2025-10-10,-3.557248585533048,-0.1591193241285377,-0.1755775288764438,-0.0970385278895916,-20.25,2.4224214957934884,3972403.4177,1904685.000544553,59322455.58599999,1.6095987507583287,32.5,8.179999999999996,42.69123297240657,-0.6298452435598847,SOLUSDT,0,0,0,0,0,0.0,0.0,0.0,0.0,[],True
2025-10-11,-1.2864471332739045,-0.059080148304041,-0.2355498170862922,-0.2000540443163393,-44.41999999999999,1.7088591981024486,4267400.8813,1940622.18667876,52030068.33799999,1.683909491365225,10.810000000000002,8.829999999999998,39.54861672868468,-3.8396171525246814,SOLUSDT,0,0,0,0,0,0.0,0.0,0.0,0.0,[],True
2025-10-12,2.412520538965913,0.1035572919076304,-0.1044233304541528,-0.1607736218795262,-37.74000000000001,1.5086322390869986,4299921.1822,1973473.7801156808,58517068.05899999,2.2480860425143145,19.379999999999995,9.68785714285714,44.9015704490157,-4.764656486870024,SOLUSDT,0,0,0,0,0,0.0,0.0,0.0,0.0,[],True
2025-10-13,1.2462057103859134,0.0576461685287505,-0.0887695397781853,-0.103719292217832,-24.15000000000001,1.4083272586569258,4440133.83435,2009125.3640529804,64770229.56999999,2.2756947107251597,11.689999999999998,10.385714285714284,48.60385144429161,-4.5025687119341455,SOLUSDT,0,0,0,0,0,0.0,0.0,0.0,0.0,[],True
2025-10-14,-0.6858748918528429,-0.0304063509208619,-0.0836916670438601,-0.1115597296585623,-25.420000000000016,1.6024457862259895,4586219.3518,2111754.180194797,57421061.69499999,2.188369575901484,6.25,10.54142857142857,47.88589239734382,-4.7444934613497765,SOLUSDT,0,0,0,0,0,0.0,0.0,0.0,0.0,[],True
2025-10-15,-0.9542344844546417,-0.0434104698376069,0.0287109271347449,-0.1519075953797689,-34.72,1.1887566949210768,4516614.2592,2058562.4792072407,52051906.25599998,1.744692323964692,8.599999999999994,10.20142857142857,40.12743313261449,-5.566007228426429,SOLUSDT,0,0,0,0,0,0.0,0.0,0.0,0.0,[],True
2025-10-16,-1.0082220110747058,-0.0474883911256294,0.0407048755770746,-0.2044329675059177,-47.5,1.1995155642652442,4505686.14865,2052951.331166586,46647265.59299998,1.5544318377499409,8.990000000000009,9.93642857142857,32.0681475091654,-6.863364086068515,SOLUSDT,0,0,0,0,0,0.0,0.0,0.0,0.0,[],True
2025-10-17,-0.3389844584672154,-0.0157578026808375,-0.0763451776649746,-0.1727962904032367,-38.00999999999999,1.2969501089633588,4705584.92175,2000866.793229568,40544356.715999976,1.5004898020032398,2.8899999999999864,10.007142857142854,31.841541755888656,-8.032138101758818,SOLUSDT,0,0,0,0,0,0.0,0.0,0.0,0.0,[],True
2025-10-18,0.6249779685085785,0.0303119115195821,-0.1012506588720111,-0.1810322242598899,-41.46000000000001,0.4479403626812377,4701163.9728,2006796.545672421,42650197.810999975,1.4239225938275175,5.599999999999994,10.05142857142857,35.680784536668554,-8.409586255342305,SOLUSDT,0,0,0,0,0,0.0,0.0,0.0,0.0,[],True
2025-10-19,-0.0117920533625367,0.0015982103449839,-0.0720213396561944,-0.1496854207214955,-33.06999999999999,0.532501711557967,4664707.26025,2041574.0644615688,45134162.410999976,1.3663707093099875,0.3000000000000113,10.022857142857143,35.497434435575826,-8.58554037845937,SOLUSDT,0,0,0,0,0,0.0,0.0,0.0,0.0,[],True
2025-10-20,0.1877152890141373,0.0097995857980845,-0.0213062319438711,0.0067929735180172,1.2800000000000011,0.6819206811678387,4660368.26095,2044795.6256000204,48312163.90999997,1.3199255681080226,1.8499999999999943,9.884285714285712,34.59314929903165,-8.477976909352122,SOLUSDT,0,0,0,0,0,0.0,0.0,0.0,0.0,[],True
2025-10-21,-0.5047821106963999,-0.0217411451433222,0.0042196375439544,0.0450962729422361,8.009999999999991,0.9916155026034228,4690409.34595,2039767.7858040533,43661081.288999975,1.0487827270183558,4.0800000000000125,9.291428571428572,36.80043050430504,-8.622558500115929,SOLUSDT,0,0,0,0,0,0.0,0.0,0.0,0.0,[],True
2025-10-22,-0.6651282233849701,-0.0301321497877609,-0.0101121125522093,-0.0856852791878172,-16.879999999999995,0.8534848983305581,4659724.7623000005,2045953.2895845857,39684076.57399997,0.8188670366643981,5.509999999999991,9.038571428571428,30.678046467520147,-9.077116059829848,SOLUSDT,0,0,0,0,0,0.0,0.0,0.0,0.0,[],True
2025-10-23,1.4343153977231542,0.0604809164383403,0.0202068671358497,-0.0830897503474052,-17.340000000000003,0.7573453870548676,4623992.13735,2060290.0667296576,43186035.68899997,1.0749120249049455,11.22999999999999,9.262857142857142,38.59500308451573,-8.43396752616033,SOLUSDT,0,0,0,0,0,0.0,0.0,0.0,0.0,[],True
2025-10-24,0.2650959831417451,0.0116383087441467,0.0305014372404981,-0.0437166567871961,-8.849999999999994,0.7142413256944037,4699759.7384,1978827.4583052928,46542798.314999975,1.06041477146011,2.240000000000009,7.1014285714285705,52.59505129752564,-7.655273176121142,SOLUSDT,0,0,0,0,0,0.0,0.0,0.0,0.0,[],True
2025-10-25,-0.0047658630795875,0.0012905558924121,0.0217700701070053,0.0,0.0,0.3516637992172762,4626120.009,2066950.286369243,48169637.25299998,1.0473928865987472,0.25,6.347142857142856,59.1267161827594,-6.938002409838333,SOLUSDT,0,0,0,0,0,0.0,0.0,0.0,0.0,[],True
2025-10-26,0.7255324756232322,0.0314342787908912,0.0775736680493455,0.0821206383554233,15.180000000000009,0.5596612865191642,4605911.0967500005,2085762.151113168,50747387.38299998,1.0837510292384789,6.189999999999998,5.404999999999999,52.00211444429761,-5.8031834059434,SOLUSDT,0,0,0,0,0,0.0,0.0,0.0,0.0,[],True
2025-10-27,-0.1706790444041768,-0.0066712057413904,0.1031534532533866,0.0919982413717299,16.73999999999998,0.7706899148651464,4561639.27825,2099689.9445531582,47231777.99599998,0.957620105853898,1.3300000000000125,4.665,42.35186035829122,-4.954043919633193,SOLUSDT,0,0,0,0,0,0.0,0.0,0.0,0.0,[],True
2025-10-28,-0.5324265167484439,-0.0231650933800947,0.0146328717010713,0.0351354233312006,6.590000000000003,0.9364599788200358,4622909.74405,2072613.5277963488,42902608.03499997,0.862342031166011,4.549999999999983,4.543571428571427,43.48372897343185,-4.595270317314572,SOLUSDT,0,0,0,0,0,0.0,0.0,0.0,0.0,[],True
2025-10-29,-0.0323538880080643,-0.0013916452005011,0.0014980112609122,0.0320451399978707,6.019999999999982,0.985199552420816,4690306.46395,2048177.4383507967,38281720.20599997,0.8231450330300694,0.2700000000000102,3.948571428571429,50.036179450072346,-4.283350596782157,SOLUSDT,0,0,0,0,0,0.0,0.0,0.0,0.0,[],True
2025-10-30,-1.1318947504175532,-0.0485606670893552,-0.0472038794882377,-0.0264614411470138,-5.02000000000001,1.132824082189613,4461891.60565,1693096.5313194515,33227181.94299997,-0.2309709854023524,9.189999999999998,3.962857142857142,49.85580389329489,-4.723261350247839,SOLUSDT,0,0,0,0,0,0.0,0.0,0.0,0.0,[],True
2025-10-31,0.3329008019280822,0.013552237532357,-0.0640903864420336,0.0085115552443033,1.5800000000000125,0.7501614747330254,4256941.935250001,1576509.0527576313,36420575.78299997,-0.4307721153934808,2.5200000000000102,3.936428571428572,54.763200870985294,-4.813068791279363,SOLUSDT,0,0,0,0,0,0.0,0.0,0.0,0.0,[],True
2025-11-01,-0.1088252990163979,-0.0046043554949096,-0.0621540010065424,0.0345880524095048,6.22999999999999,0.3704948696488954,4006817.210200001,1600727.3860698084,34936070.56299997,-1.295978145230564,0.8600000000000136,3.597857142857145,48.798888227119306,-4.897184948312287,SOLUSDT,0,0,0,0,0,0.0,0.0,0.0,0.0,[],True
2025-11-02,0.2017089738927197,0.0072715927531145,-0.0331702292042235,-0.0190227332113926,-3.6399999999999855,0.4656777470554436,3782224.0125,1583993.7671307514,36697368.119999975,-1.5928028399195506,1.3600000000000136,3.673571428571431,49.85417071748007,-4.798789516377269,SOLUSDT,0,0,0,0,0,0.0,0.0,0.0,0.0,[],True
2025-11-03,-2.745554308570548,-0.1225490498444972,-0.1434908190633381,-0.1422077586652202,-27.53,1.93793430247752,3781146.2719,1581444.3864717165,29369755.05699997,-0.6364050381581878,21.65000000000001,5.087857142857146,33.39884879966307,-6.394077545301371,SOLUSDT,0,0,0,0,0,0.0,0.0,0.0,0.0,[],True
2025-11-04,-1.460590554410007,-0.0687305222556137,-0.1605934268233255,-0.2002166735451919,-38.81,2.11060092346898,3927117.3782000006,1848005.6543586568,21081177.491999973,-0.4698386513137016,11.03,5.584285714285717,30.42977743668459,-8.45096614294502,SOLUSDT,0,0,1,0,1,0.3400664300940634,0.5,0.1700332150470317,6.091301450788164,"[{""name"": ""volume_spike"", ""value"": 2.11060092346898, ""threshold"": 1.5, ""triggered"": true, ""z_score"": null}, {""name"": ""large_return"", ""value"": -1.460590554410007, ""threshold"": 0.05, ""triggered"": true, ""z_score"": null}]",False
2025-11-05,1.1390216401061413,0.0462590350207523,-0.1326852198066342,-0.1882717592361146,-37.66,1.1956901897654306,3889411.92945,1823807.3574037107,25731709.179999974,-0.3476520146250659,7.340000000000003,5.715000000000003,38.90763654543183,-9.380654176506908,SOLUSDT,0,0,0,0,0,0.0,0.0,0.0,0.0,[],True
2025-11-06,-0.9137439097177108,-0.0446477427382682,-0.1667292728736248,-0.21852038248616,-43.41999999999999,0.9504794931457228,3763104.15195,1748357.2113816058,22154955.85299997,-0.2485141470002937,7.090000000000003,5.419285714285719,26.22907605114013,-10.567724240676398,SOLUSDT,0,0,0,1,1,0.31044491781669686,0.5,0.15522245890834843,5.466133954827272,"[{""name"": ""large_return"", ""value"": -0.9137439097177108, ""threshold"": 0.05, ""triggered"": true, ""z_score"": null}]",False
2025-11-07,1.00968713458305,0.0410692591564905,-0.1380853444142561,-0.1666752510945146,-32.360000000000014,1.089082333042127,3868465.9958,1706215.2494124,26368033.824999973,-0.1752399685987091,6.509999999999991,5.724285714285718,30.159720489144,-10.85801874404936,SOLUSDT,0,0,0,0,0,0.0,0.0,0.0,0.0,[],True
2025-11-08,-0.4346453787813054,-0.0235775907226579,-0.0484162350957484,-0.1849597689292345,-35.859999999999985,0.6468491501123113,3869414.1278,1705410.4779657938,23865106.58499997,-0.1537967256289624,3.769999999999982,5.975714285714288,28.591919674874504,-11.262460092913642,SOLUSDT,0,0,0,0,0,0.0,0.0,0.0,0.0,[],True
2025-11-09,1.0042330294634605,0.0403713171039714,0.0612784622331161,-0.1091558828306892,-20.16,0.8346340816110839,3872103.5316,1704304.7981966774,27096896.15999997,-0.0199272022431719,6.509999999999991,5.99857142857143,28.864015241724232,-10.931666732702894,SOLUSDT,0,0,0,0,0,0.0,0.0,0.0,0.0,[],True
2025-11-10,0.4623561083047696,0.0167554546710134,0.0304243394715773,-0.1062977405053149,-19.90000000000001,0.949741832330788,3820997.45685,1695016.1503363412,30725857.28599997,-0.0034676663333883,2.780000000000001,6.102142857142858,31.628233641577907,-10.32615436521354,SOLUSDT,0,0,0,0,0,0.0,0.0,0.0,0.0,[],True
2025-11-11,-1.5783621511119394,-0.0788132125822329,-0.0041859866048429,-0.1702173329755836,-31.72,1.2190294247521414,3857252.43175,1706246.0739905827,26023753.07299997,0.2473871916128404,12.680000000000009,6.682857142857145,28.879863189397184,-10.745583087377526,SOLUSDT,0,0,0,0,0,0.0,0.0,0.0,0.0,[],True
2025-11-12,-0.0311233971912334,-0.0078559079561889,-0.0517337289078435,-0.1826754035480263,-34.29000000000002,1.064305306931815,3889114.74935,1705211.7890171742,21884547.60599997,-0.0623201190354282,1.210000000000008,6.750000000000002,28.592592592592595,-11.04826276329092,SOLUSDT,0,0,0,1,1,0.3238234034030656,0.5,0.1619117017015328,3.49676869160713,[],False
2025-11-13,-1.1001703118115405,-0.0583093208816369,-0.0841032780660677,-0.1284475490786463,-21.330000000000013,1.3571986769514888,3992186.1029,1733408.4919071852,16466357.908999968,0.0216636922284847,8.689999999999998,6.714285714285716,28.74468085106384,-11.852718204382114,SOLUSDT,0,0,1,0,1,0.38030160539418423,0.5,0.19015080269709211,4.472470247559629,"[{""name"": ""large_return"", ""value"": -1.1001703118115405, ""threshold"": 0.05, ""triggered"": true, ""z_score"": null}]",False
2025-11-14,-0.7138960187084652,-0.0409717097736399,-0.1556555035555826,-0.1039153712184739,-16.110000000000014,1.4637239074594126,4219665.41335,1704953.946810004,10289932.761999968,0.0271669522422086,5.810000000000002,6.949285714285716,25.182444238873472,-12.811391633107348,SOLUSDT,0,0,0,1,1,0.3121505836102167,0.5,0.15607529180510835,4.982697742387498,"[{""name"": ""large_return"", ""value"": -0.7138960187084652, ""threshold"": 0.05, ""triggered"": true, ""z_score"": null}]",False
2025-11-15,0.2725094905068859,0.0049545931246833,-0.1655609347917039,-0.1401736774034612,-22.75999999999999,0.5587646017516458,4208351.807949999,1717129.943773607,12641410.783999968,-0.1102095013075719,0.6900000000000261,6.93714285714286,25.93698517298189,-13.36144754868286,SOLUSDT,0,1,0,0,1,0.35802813613356527,0.5,0.17901406806678263,4.317399724264624,"[{""name"": ""large_return"", ""value"": 0.2725094905068859, ""threshold"": 0.05, ""triggered"": true, ""z_score"": null}]",False
2025-11-16,-0.2118282176845831,-0.0176317885102411,-0.1129146996055099,-0.1166280267903143,-18.110000000000014,0.8057022219675801,4201843.0528,1720138.0535759842,9255976.499999968,-0.1385976565922964,2.440000000000026,7.014285714285718,24.26680244399185,-13.834779704205772,SOLUSDT,0,0,0,1,1,0.3096338123670605,0.5,0.15481690618353025,4.09734268370678,"[{""name"": ""large_return"", ""value"": -0.2118282176845831, ""threshold"": 0.05, ""triggered"": true, ""z_score"": null}]",False
2025-11-17,-0.796843428713321,-0.0461000480807579,-0.1461999739277798,-0.1903702330181098,-30.799999999999983,1.3183081672574783,4266620.5935,1749331.749389822,3631255.724999968,-0.1175258781268446,6.179999999999978,5.909285714285716,28.80454490511304,-14.540954131419396,SOLUSDT,0,0,1,0,1,0.3204969779582493,0.5,0.16024848897912464,5.118387654005442,"[{""name"": ""large_return"", ""value"": -0.796843428713321, ""threshold"": 0.05, ""triggered"": true, ""z_score"": null}]",False
2025-11-18,1.8173766453995717,0.0714379039795642,-0.0279140468458508,-0.1096696620680927,-17.330000000000013,1.2821950154488206,4312018.64255,1770660.9672553423,9160104.534999968,0.3587056783979157,9.699999999999989,5.814285714285715,41.19164619164619,-14.154726641271424,SOLUSDT,1,0,0,0,1,0.41265468285287,0.5,0.206327341426435,2.183343337867603,"[{""name"": ""large_return"", ""value"": 1.8173766453995717, ""threshold"": 0.05, ""triggered"": true, ""z_score"": null}]",False
2025-11-19,-0.3855884779397294,-0.0261401022314442,-0.0133890008638064,-0.1669604327478271,-27.47,0.9990057755972792,4272715.0816,1762014.859176053,4891637.490999967,0.2725103773034293,3.629999999999996,5.549285714285714,33.710902304028835,-13.980391979289152,SOLUSDT,0,0,1,0,1,0.3881315580905255,0.5,0.19406577904526276,3.1941214949752395,"[{""name"": ""large_return"", ""value"": -0.3855884779397294, ""threshold"": 0.05, ""triggered"": true, ""z_score"": null}]",False
2025-11-20,-0.3521187918689282,-0.025044710174296,-0.0425470954802666,-0.2010638933715858,-33.640000000000015,1.5783944367851723,4465458.100799999,1846546.088392652,-2156616.733000033,0.1993082670299211,3.390000000000015,5.285000000000001,35.39667522638193,-13.95491163751626,SOLUSDT,0,0,0,0,0,0.0,0.0,0.0,0.0,[],True
2025-11-21,-0.6151378372810473,-0.0380453736125559,-0.0618940001458043,-0.1678199573174674,-25.94999999999999,1.7242407499569223,4805527.12445,1894334.555670975,-10442502.426000033,0.1892244054482763,4.989999999999981,5.176428571428572,27.156064578446266,-14.17398075279371,SOLUSDT,0,0,0,0,0,0.0,0.0,0.0,0.0,[],True
2025-11-22,-0.0135708724960715,-0.0085067044371738,-0.0259561798610581,-0.1683613609698865,-25.829999999999984,0.5388698786213301,4848086.63955,1830838.5493413373,-13054990.285000034,0.1237119580329159,1.0900000000000034,4.985000000000001,28.198882361369822,-14.27104082028697,SOLUSDT,0,0,0,0,0,0.0,0.0,0.0,0.0,[],True
2025-11-23,0.6630333707890226,0.0231640678248356,-0.0718601179899067,-0.097768258135839,-14.149999999999975,0.6097628466450006,4622641.7459,1786516.977036253,-10236275.095000034,-0.5594203330938614,2.990000000000009,4.733571428571431,24.38509129319453,-13.945933570371013,SOLUSDT,0,0,0,0,0,0.0,0.0,0.0,0.0,[],True
2025-11-24,1.4358697068401851,0.0584509530086558,0.0100685831022908,-0.0034552260293693,-0.4799999999999897,1.0673499737510304,4445455.71995,1565905.97065145,-5491418.049000034,-0.5017960581210922,7.859999999999985,5.096428571428573,29.7687456201822,-12.905283348124923,SOLUSDT,0,0,0,0,0,0.0,0.0,0.0,0.0,[],True
2025-11-25,0.1769707330935118,0.003749103165706,0.0395750729408246,-0.0046558269464938,-0.6500000000000057,0.6864648861809859,4362670.1282,1597932.6751396055,-2496598.196000034,-0.7503747802937849,0.5200000000000102,4.227857142857145,36.76296671735092,-11.90140886234093,SOLUSDT,0,0,0,0,0,0.0,0.0,0.0,0.0,[],True
2025-11-26,0.7637091067051528,0.0287983586874004,0.1114392290954304,0.0426478092877453,5.850000000000023,0.9172020328611707,4384925.59535,1589487.938731619,1525264.473999966,-0.781082004798817,4.060000000000002,4.431428571428573,41.61831076724696,-10.655394278181518,SOLUSDT,0,0,1,0,1,0.3898137212622975,0.5,0.19490686063114876,1.5317965134131686,"[{""name"": ""large_return"", ""value"": 0.7637091067051528, ""threshold"": 0.05, ""triggered"": true, ""z_score"": null}]",False
2025-11-27,-0.2270870406665152,-0.0152889862978684,0.1039266400188101,0.0752729215970684,9.859999999999983,0.5434052177104706,4290855.3562,1654535.9642151978,-806408.7150000338,-0.970278267498244,2.170000000000016,3.965714285714288,46.505763688760815,-9.730848444117214,SOLUSDT,0,0,1,0,1,0.4848337392241697,0.5,0.24241686961208486,2.146590241592194,"[{""name"": ""large_return"", ""value"": -0.2270870406665152, ""threshold"": 0.05, ""triggered"": true, ""z_score"": null}]",False
2025-11-28,-0.426437540739189,-0.0253087057801909,0.051692449073365,-0.023882294406141,-3.359999999999985,0.8068748150682128,4340834.49575,1612241.6397839542,-4308918.746000034,-0.9666030343105522,3.519999999999982,3.8021428571428575,48.50648130753337,-9.176394033450125,SOLUSDT,0,0,0,0,0,0.0,0.0,0.0,0.0,[],True
2025-11-29,-0.0904143497119463,-0.0103938865749346,-0.0182750650101126,-0.0083904859185758,-1.1500000000000057,0.4352128530448681,4272211.07555,1689298.877683055,-6168239.917000034,-1.1866165301207998,1.420000000000016,3.854285714285715,46.57153446997775,-8.750694491947996,SOLUSDT,0,0,0,0,0,0.0,0.0,0.0,0.0,[],True
2025-11-30,-0.2601507482319538,-0.0180412480840827,-0.0394358088658608,-0.0014214109373831,-0.1899999999999977,0.6178771607386896,4221171.2857,1724804.4864142498,-8776405.246000033,-1.244278915911613,2.430000000000007,3.853571428571428,46.58016682113068,-8.51129234983722,SOLUSDT,0,0,0,0,0,0.0,0.0,0.0,0.0,[],True
2025-12-01,-0.983342151126325,-0.0524453227948889,-0.1143895958607188,-0.0156978551445446,-2.0200000000000102,1.1820071915365282,4236441.2779,1730628.4089003014,-13783909.303000033,-1.481893732908205,6.819999999999993,3.8992857142857145,46.0340721743909,-8.770777368413263,SOLUSDT,0,0,0,0,0,0.0,0.0,0.0,0.0,[],True
2025-12-02,2.372906971708407,0.0906627897285384,-0.0154064607738728,0.0869190375421271,11.090000000000003,1.173393629646877,4280623.8419,1739273.4661656425,-8761052.556000032,-0.5305008514431332,12.02000000000001,4.065000000000002,48.23405376910912,-7.915265318939646,SOLUSDT,0,0,0,0,0,0.0,0.0,0.0,0.0,[],True
2025-12-03,1.1052021262627243,0.0422861658246759,0.0534478992208546,0.107903201102772,14.089999999999977,0.9398023738665664,4207421.5973,1719573.581269577,-4806907.751000032,-0.6171664622291275,5.989999999999981,4.233571428571429,56.41977391597772,-6.676955134093475,SOLUSDT,0,0,0,0,0,0.0,0.0,0.0,0.0,[],True
2025-12-04,-0.7046444336845227,-0.0399094136524975,0.022809211978515,0.0041173071366655,0.5699999999999932,0.6679974023991136,4033312.452000001,1685670.0935683618,-7501149.992000032,-0.6265368101380044,5.659999999999997,4.395714285714285,54.338641533961656,-6.0821884065462655,SOLUSDT,0,0,0,0,0,0.0,0.0,0.0,0.0,[],True
2025-12-05,-0.7304399922370888,-0.0420186673730744,-0.0014234342223553,-0.0408031088082903,-5.670000000000016,0.8245032631648438,4084106.50805,1647190.8408895663,-10868509.135000031,-0.4954704565901802,5.719999999999999,4.447857142857144,53.70162196884534,-6.003186686598525,SOLUSDT,0,0,0,0,0,0.0,0.0,0.0,0.0,[],True
2025-12-06,-0.0024623306674226,-0.0082869240246184,0.0436601926417179,-0.0757236750104881,-10.830000000000013,0.3369222038708485,3981914.5654000007,1752830.4317683382,-12210104.566000031,-0.5186192963030409,1.0999999999999943,4.448571428571428,53.69299935773924,-5.960627656022922,SOLUSDT,0,0,0,0,0,0.0,0.0,0.0,0.0,[],True
2025-12-07,0.1679849273306167,0.0003781719214604,-0.0464378425151427,-0.0611288604898827,-8.609999999999985,0.8119228119704369,3857268.7512,1718154.1387332056,-9078300.07500003,-0.6906578102210724,0.0500000000000113,4.238571428571428,51.39871924502864,-5.855367701514723,SOLUSDT,0,0,0,0,0,0.0,0.0,0.0,0.0,[],True
2025-12-08,0.3428869173990932,0.0076086095331851,-0.0789382733116748,-0.0297094589674508,-4.0800000000000125,0.8669634688497329,3743082.082,1676600.557151766,-5833184.649000031,-1.1696005326755834,1.009999999999991,3.749285714285715,45.05620118117737,-5.625601438563734,SOLUSDT,0,0,0,0,0,0.0,0.0,0.0,0.0,[],True
2025-12-09,0.9211092081764278,0.0341566786027107,-0.0081289115890942,0.0144948863218306,1.9699999999999989,1.2006445223766178,3755084.8315,1681412.106698625,-1324662.615000031,-1.0921289577524025,4.629999999999996,4.042857142857143,49.0459363957597,-5.012130988233849,SOLUSDT,0,1,0,0,1,0.29613197049159673,0.5,0.14806598524579836,2.1785661331445265,"[{""name"": ""large_return"", ""value"": 0.9211092081764278, ""threshold"": 0.05, ""triggered"": true, ""z_score"": null}]",False
2025-12-10,-0.1761719934576777,-0.0118189163031425,0.0222822417285617,0.0208270902007792,2.780000000000001,1.245694232895319,3628683.6341,1506769.36432255,-5844892.891000031,-1.1021679270213998,1.6200000000000043,3.868571428571428,43.75923190546527,-4.6036042138929645,SOLUSDT,0,0,0,0,0,0.0,0.0,0.0,0.0,[],True
2025-12-11,0.1120131898012202,0.0011002311595069,0.0319237461230048,0.0769777356702985,9.75,1.2750793497373878,3433274.2012500004,1057417.8469477051,-1467195.8550000302,-1.2135169719172882,0.1500000000000056,3.724285714285713,45.742232451093216,-4.219104841245354,SOLUSDT,0,0,1,0,1,0.38462034192918243,0.5,0.19231017096459121,2.2028691051341087,"[{""name"": ""large_return"", ""value"": 0.1120131898012202, ""threshold"": 0.05, ""triggered"": true, ""z_score"": null}]",False
2025-12-12,-0.642461286223556,-0.0308197684670728,0.0002268602540835,-0.0462215171618113,-6.409999999999997,1.143502156431508,3502930.2214,1046330.7918233172,-5472804.11700003,-1.0884467788290169,4.139999999999986,3.768571428571428,45.20470053070507,-4.200034337418884,SOLUSDT,0,0,0,0,0,0.0,0.0,0.0,0.0,[],True
2025-12-13,0.3526995638115845,0.0065559181346014,-0.0008255159474672,-0.0796986244556576,-11.53,0.4285934748836577,3435618.6486500003,1132424.0455731614,-4000320.38200003,-1.1056852831045791,0.8699999999999761,3.729285714285711,47.34725148438995,-4.067827710917612,SOLUSDT,0,0,0,0,0,0.0,0.0,0.0,0.0,[],True
2025-12-14,-0.5748675879909004,-0.0284928241057571,-0.0615027560197272,-0.0691317171426515,-9.609999999999983,0.5271347191765862,3284956.5282,1149389.8418109843,-5731935.01900003,-1.3873435229496145,3.7399999999999807,3.8228571428571376,46.1883408071749,-4.216237588035796,SOLUSDT,0,0,0,0,0,0.0,0.0,0.0,0.0,[],True
2025-12-15,-0.1661238673989253,-0.0123635959231771,-0.0620137971525024,-0.0411133618425987,-5.47999999999999,1.177434435264425,3331337.08555,1155763.9180396742,-9654366.019000033,-1.3491820032206814,1.5900000000000034,3.44928571428571,51.19072271691862,-4.411302448022553,SOLUSDT,0,0,0,0,0,0.0,0.0,0.0,0.0,[],True
2025-12-16,0.4251587986928878,0.0104297333982266,-0.0532219045524521,-0.0229972009985626,-3.039999999999992,0.8809891100774396,3274483.1519500003,1147948.997870149,-6769582.021000031,-1.4134029970213728,1.3400000000000034,2.6864285714285665,37.330497208189286,-4.406965202165765,SOLUSDT,0,0,0,0,0,0.0,0.0,0.0,0.0,[],True
2025-12-17,-1.081240992566692,-0.0465974479784215,-0.0680426400544341,-0.0678312159709619,-8.970000000000013,1.3372758592925844,3384178.5033,1157893.7995068384,-11295162.237000031,-1.2095808960665655,5.88000000000001,2.6785714285714257,21.46666666666664,-4.822405078464129,SOLUSDT,0,0,0,0,0,0.0,0.0,0.0,0.0,[],True
2025-12-18,-0.6259261113584662,-0.0302242300468966,-0.1016974613189123,-0.102439024390244,-13.650000000000006,1.3892028871815074,3448592.75215,1199895.3177923418,-16085957.24500003,-1.159311141885268,3.6700000000000017,2.536428571428569,22.66967051534776,-5.385699510567235,SOLUSDT,0,0,0,0,0,0.0,0.0,0.0,0.0,[],True
2025-12-19,1.6618884854858016,0.0542696299340576,-0.0241885625965997,-0.0842036553524804,-11.61,1.148980760507992,3560154.1232000003,1146909.6016089935,-11995408.65300003,-0.7366754999215859,6.670000000000002,2.604285714285712,40.373011519473394,-5.233571792009087,SOLUSDT,0,0,0,0,0,0.0,0.0,0.0,0.0,[],True
2025-12-20,0.0621252508993532,-0.0036496390875493,-0.0156482278381973,-0.0766916189637456,-10.449999999999989,0.3521278699528946,3491213.53605,1244438.6483321623,-13224762.23900003,-0.7396166243106053,0.4599999999999937,2.558571428571426,41.09436069235064,-5.091436721434945,SOLUSDT,0,0,0,0,0,0.0,0.0,0.0,0.0,[],True
2025-12-21,0.1948742521388429,0.0017471414863608,-0.0241579558652729,-0.0760941279964811,-10.379999999999995,0.5439393443106432,3331443.49265,1244644.7118942393,-11412659.05000003,-1.0062861518653796,0.2199999999999988,2.570714285714282,41.37260350097247,-4.904505407208063,SOLUSDT,0,0,0,0,0,0.0,0.0,0.0,0.0,[],True
2025-12-22,0.1153799914905914,-0.0007937768316452,0.0215786484951732,-0.0479322597716791,-6.340000000000003,0.8300730167701136,3213680.1126,1186239.7077594392,-14080248.19600003,-2.2616660462976883,0.0999999999999943,2.5057142857142827,39.5667046750285,-4.710134657802868,SOLUSDT,0,0,0,0,0,0.0,0.0,0.0,0.0,[],True
2025-12-23,-0.2412194441985488,-0.015363989503074,0.0368729096989968,-0.0685744329277451,-9.12999999999998,0.7775815059541515,3137974.41595,1184810.5861880798,-16520279.06800003,-2.566397881045888,1.9200000000000017,2.3121428571428546,28.575841828853868,-4.6573355275531725,SOLUSDT,0,0,0,0,0,0.0,0.0,0.0,0.0,[],True
2025-12-24,-0.140449457992464,-0.0120063095533258,-0.0296190702462976,-0.0530911901081916,-6.8700000000000045,0.5206526234129754,3083534.8288000003,1230408.6681121588,-18125729.56600003,-2.6411879278395336,1.480000000000004,2.3021428571428544,28.699968973006506,-4.680956316929596,SOLUSDT,0,0,0,0,0,0.0,0.0,0.0,0.0,[],True
2025-12-25,-0.3557581099792148,-0.0203642801376581,-0.0457038391224863,-0.0606368828730146,-7.75,0.6048818578661987,3006083.12905,1260000.591059194,-19944054.71400003,-2.723618678118415,2.469999999999999,2.4678571428571394,26.33863965267726,-4.843155438897696,SOLUSDT,0,0,0,0,0,0.0,0.0,0.0,0.0,[],True
2025-12-26,0.708721367858136,0.0181583067768823,-0.0299135126557168,-0.0533488192024776,-6.890000000000001,1.071228318538881,3105329.1856000004,1198674.5090240887,-16617538.152000032,-2.5269659696730296,2.200000000000003,2.3292857142857124,34.65194725544309,-4.7395432929878325,SOLUSDT,0,0,0,0,0,0.0,0.0,0.0,0.0,[],True
2025-12-27,0.7452843243926469,0.0200014765370384,-0.0095291034701818,0.0118439198507342,1.460000000000008,0.4501057577847495,3016629.06665,1260647.0081132469,-15259736.040000033,-2.3421329654114715,2.469999999999999,2.443571428571428,37.70827243496056,-4.4073167593776645,SOLUSDT,0,0,0,0,0,0.0,0.0,0.0,0.0,[],True
2025-12-28,0.2961464054520554,0.0043200067184828,0.0101604709297635,0.0474080267558527,5.670000000000002,0.6208660518160072,2945821.3179,1286641.1326592492,-13430775.589000031,-2.2759899418900007,0.539999999999992,2.2150000000000003,43.34085778781037,-4.053722560573377,SOLUSDT,0,0,0,0,0,0.0,0.0,0.0,0.0,[],True
2025-12-29,-0.250759350959932,-0.0160132168442401,0.0061209499714356,-0.02367941712204,-2.989999999999995,1.4672770041609997,2935774.97145,1274524.4400695253,-17738370.694000036,-2.45414173692801,1.9899999999999949,2.2435714285714283,42.78892072588347,-3.889240238882578,SOLUSDT,0,0,0,0,0,0.0,0.0,0.0,0.0,[],True
2025-12-30,0.5458684413524716,0.0139355430906114,0.0412293853073464,-0.0063587950083459,-0.7999999999999972,0.8753743607842935,2833795.0334500005,1221571.4042121675,-15257739.178000037,-2.246016659095284,1.730000000000004,2.271428571428572,43.49056603773585,-3.578044798938123,SOLUSDT,0,0,0,0,0,0.0,0.0,0.0,0.0,[],True
2025-12-31,0.0858730941908383,-0.0028839241329048,0.0195485031899231,-0.0109497738633658,-1.3799999999999957,1.0650440948917212,2761992.36455,1167033.6368963972,-18199382.83600004,-2.122389599521903,0.3599999999999994,1.877142857142856,52.625570776255735,-3.322173217227359,SOLUSDT,0,0,0,0,0,0.0,0.0,0.0,0.0,[],True
2026-01-01,0.6540428065208089,0.0178895647507751,0.0173975787701434,0.0077026919717302,0.9699999999999988,0.6546096208643205,2648395.2003500005,1150061.1673105354,-16465717.858000036,-2.0856565496584576,2.25,1.7757142857142847,64.68222043443285,-2.904357325947103,SOLUSDT,0,0,0,0,0,0.0,0.0,0.0,0.0,[],True
2026-01-02,1.309811213312562,0.0415971077539466,0.0560389558553524,0.0667688089670186,8.279999999999987,1.07469544497222,2720982.3822,1117283.1407564848,-13541490.486000037,-1.739463649256444,5.389999999999986,1.6842857142857122,62.76505513146735,-2.113939094021589,SOLUSDT,0,0,0,0,0,0.0,0.0,0.0,0.0,[],True
2026-01-03,0.3295303728826661,0.0081307381600145,0.0818462037637897,0.0884681302538155,10.840000000000003,0.5610260784941948,2710432.8253,1128060.6965280147,-12020866.987000035,-1.7847850900830988,1.0800000000000125,1.7285714285714278,65.61983471074382,-1.3844212303304315,SOLUSDT,0,0,0,0,0,0.0,0.0,0.0,0.0,[],True
2026-01-04,0.2263012410827837,0.0056077009637246,0.0728741700663946,0.1171081126103614,14.060000000000002,0.6945971532594423,2604774.73095,1107338.7150905838,-10211597.874000035,-1.736537828643684,0.75,1.7664285714285708,66.35665183987062,-0.7372557105686042,SOLUSDT,0,0,0,0,0,0.0,0.0,0.0,0.0,[],True
2026-01-05,0.9376693702582178,0.0277938632012283,0.1062976333734455,0.1279240961884509,15.64,1.266721180831132,2626913.90525,1117610.3002738252,-6884030.390000037,-1.5797349978345985,3.780000000000001,2.029285714285714,71.06652587117212,0.0797230380831592,SOLUSDT,0,0,0,0,0,0.0,0.0,0.0,0.0,[],True
2026-01-06,0.7502822280938292,0.0227983205685952,0.1117415287628054,0.1310831395814962,16.35000000000001,1.4567276410577128,2589224.6503,1061513.629159901,-3112235.273000037,-1.8503038290224247,3.180000000000007,2.119285714285714,78.76643073811933,0.9725727922908902,SOLUSDT,0,0,1,0,1,0.3477639371905992,0.5,0.1738819685952996,3.2548751598081562,"[{""name"": ""large_return"", ""value"": 0.7502822280938292, ""threshold"": 0.05, ""triggered"": true, ""z_score"": null}]",False
2026-01-07,-0.9732163271208216,-0.0338086764290676,0.0309925164411519,0.0887682605571964,11.11999999999999,0.9415496961855532,2465767.0088,927057.1738354672,-5433877.451000037,-1.7255112273919282,4.690000000000026,2.34857142857143,71.07664233576638,1.2868844482395048,SOLUSDT,0,0,0,0,0,0.0,0.0,0.0,0.0,[],True
2026-01-08,0.5065947787495112,0.0144128277425092,0.0374896903351578,0.1224042829331604,15.090000000000003,1.2881886127902815,2416911.47095,860265.8738977675,-2320439.6160000367,-2.037493603306567,1.9800000000000184,2.313571428571432,78.26489657301633,1.6764233872506225,SOLUSDT,0,0,0,1,1,0.32368735801641885,0.5,0.16184367900820942,3.3160188743745787,"[{""name"": ""large_return"", ""value"": 0.5065947787495112, ""threshold"": 0.05, ""triggered"": true, ""z_score"": null}]",False
2026-01-09,-0.4668169450334008,-0.0174969835136984,0.0137936176558306,0.0876729861611069,10.959999999999994,1.4850616170695834,2544371.1914500003,863893.5969847356,-6098987.612000037,-1.868986030798632,2.4000000000000057,2.327857142857146,71.03405952746238,1.7710601812080426,SOLUSDT,0,0,0,0,0,0.0,0.0,0.0,0.0,[],True
2026-01-10,0.0623151977005812,-0.0009565506045574,-0.0149383611312545,0.0897713598074607,11.189999999999998,0.3997259578560807,2503807.8822,917470.9090636024,-7099824.616000037,-1.7818899723885069,0.1299999999999954,2.1607142857142887,68.36363636363635,1.81465242512104,SOLUSDT,0,0,0,0,0,0.0,0.0,0.0,0.0,[],True
2026-01-11,0.985881199707013,0.0280195436998789,-0.0097816841508365,0.1008668242710795,12.799999999999985,0.8907621233488277,2480924.0852,918877.4881287408,-4889911.410000037,-1.6277553724561502,3.859999999999985,2.3978571428571454,71.49240393208218,2.1360463207779787,SOLUSDT,0,0,0,0,0,0.0,0.0,0.0,0.0,[],True
2026-01-12,-0.0758869210965425,-0.0034418505223956,0.0207493217977858,0.0523849119358985,6.930000000000007,1.6206606519061637,2566928.54615,992404.6434517882,-9050031.501000036,-1.6171686256884243,0.4799999999999897,2.2900000000000023,74.85963817841545,2.3252176484775475,SOLUSDT,0,0,0,0,0,0.0,0.0,0.0,0.0,[],True
2026-01-13,1.5175565957756183,0.0441893970316667,0.0516007805160076,0.0910249681337631,12.139999999999986,1.5558028055648527,2696410.14465,1028632.408888711,-4854949.033000037,-1.400422724469072,6.289999999999992,2.615714285714287,77.99016930638992,2.948696977604243,SOLUSDT,0,0,0,0,0,0.0,0.0,0.0,0.0,[],True
2026-01-14,0.2299371119525701,0.0080767037274841,0.0788409207913509,0.0937220399642111,12.569999999999991,1.3242828956158677,2790247.7561500003,1029915.7107742327,-1159871.655000037,-1.4795352279725988,1.1800000000000068,2.674285714285716,79.43376068376065,3.4977056032436167,SOLUSDT,0,0,1,0,1,0.377888981025853,0.5,0.1889444905129265,2.9309058864553634,"[{""name"": ""large_return"", ""value"": 0.2299371119525701, ""threshold"": 0.05, ""triggered"": true, ""z_score"": null}]",False
2026-01-15,-1.0162501543494056,-0.029681517521796,0.0482921083627798,0.0326323422770122,4.5,0.8962930725576937,2747029.085,1024348.6349265076,-3622014.794000037,-1.229829851950628,4.289999999999992,2.820000000000001,69.63019250253292,3.5457584512147093,SOLUSDT,0,0,0,0,0,0.0,0.0,0.0,0.0,[],True
2026-01-16,0.5440623511731546,0.0173348348547554,0.0371510379384394,0.0270059540686133,3.809999999999974,0.6852032016217322,2774182.9307,992280.3112223026,-1721135.768000037,-1.196897077777799,2.4899999999999807,2.612857142857144,67.22252597047566,3.741631668842047,SOLUSDT,0,0,0,1,1,0.3424089791374891,0.5,0.17120448956874454,2.2935058299873403,"[{""name"": ""large_return"", ""value"": 0.5440623511731546, ""threshold"": 0.05, ""triggered"": true, ""z_score"": null}]",False
2026-01-17,-0.3435847923246223,-0.0081078715873128,0.0323229421060191,0.0537429430310141,7.3300000000000125,0.3065358837230984,2724492.6462000003,1064369.9971056576,-2556290.529000037,-1.1265458440909135,1.1699999999999875,2.6192857142857133,64.11235342241615,3.7591205810134056,SOLUSDT,0,0,1,0,1,0.3957474605362133,0.5,0.19787373026810665,2.73373272257293,"[{""name"": ""large_return"", ""value"": -0.3435847923246223, ""threshold"": 0.05, ""triggered"": true, ""z_score"": null}]",False
2026-01-18,-1.4740442034313106,-0.0415557500617803,-0.0525049824754311,-0.003613500036135,-0.5,0.7212637889223676,2602984.82585,1011533.2372720058,-4433729.227000037,-0.8712808948072176,5.849999999999994,2.983571428571427,54.48886760833134,3.2633170725321463,SOLUSDT,0,0,0,0,0,0.0,0.0,0.0,0.0,[],True
2026-01-19,-1.1479492024875777,-0.032659273573101,-0.0903265389597109,-0.0186070456718393,-2.530000000000001,1.1312787236135544,2627579.48855,1014377.740324172,-7406253.997000037,-0.6878846042077803,4.430000000000007,3.029999999999999,44.74304573314473,2.48428791833706,SOLUSDT,0,0,0,0,0,0.0,0.0,0.0,0.0,[],True
2026-01-20,-2.018623968722256,-0.0589585943440964,-0.1165730337078652,-0.0739104829210837,-10.040000000000006,1.3294190230752965,2657118.49965,1032445.6862969184,-10938677.877000038,-0.2590308473112101,7.640000000000001,3.3485714285714274,33.70307167235492,1.2361677785165457,SOLUSDT,0,0,0,0,0,0.0,0.0,0.0,0.0,[],True
2026-01-21,1.020386397653171,0.0292963694884307,-0.1059424390917247,-0.0727272727272727,-10.159999999999997,1.1587725077292357,2728522.06875,1014444.1359068792,-7776941.517000038,-0.1718400884490114,3.739999999999995,3.280714285714282,42.54300021772262,0.5425560703550047,SOLUSDT,0,0,0,0,0,0.0,0.0,0.0,0.0,[],True
2026-01-22,-0.304538066749321,-0.0082942997112526,-0.1061091010297801,-0.0772159172532682,-10.75,0.6777631875019196,2672890.02325,1033476.8360940596,-9588527.979000038,-0.341511336111956,1.0699999999999932,3.2157142857142804,39.00488671701464,-0.0924110066417256,SOLUSDT,0,0,0,0,0,0.0,0.0,0.0,0.0,[],True
2026-01-23,-0.2821789401730904,-0.0081282198193304,-0.075723507652136,-0.1242526286853136,-18.079999999999984,0.7573234980788712,2699062.00215,1009101.183699968,-11632591.056000035,-0.3239477830189252,1.039999999999992,3.118571428571422,40.21988089784699,-0.6718021808512162,SOLUSDT,0,0,0,0,0,0.0,0.0,0.0,0.0,[],True
2026-01-24,-0.0260192942225232,-0.0017279300560683,-0.0466876498800959,-0.1327970550139751,-19.480000000000004,0.3048053142562624,2648969.54625,1078102.9097158914,-12440011.051000036,-0.3063416400485487,0.220000000000013,3.124999999999995,40.13714285714283,-1.1356351272449672,SOLUSDT,0,0,0,0,0,0.0,0.0,0.0,0.0,[],True
2026-01-25,-2.298326245778903,-0.0679770703619165,-0.0552464228934816,-0.1653792134831461,-23.55000000000001,1.6758268943392796,2709635.1445,1150035.0891123624,-16980890.500000037,0.0384825275514343,8.36,3.446428571428567,28.39378238341968,-2.152989884365468,SOLUSDT,0,0,0,0,0,0.0,0.0,0.0,0.0,[],True
2026-01-26,1.6533828051336827,0.0443529850342287,-0.0409140033966342,-0.1425219131755124,-20.64999999999999,0.8927247012469933,2638832.9568,1124507.479218986,-14625139.137000035,0.2703318095237733,5.390000000000001,3.797142857142854,35.910458991723075,-2.495555692544059,SOLUSDT,0,0,0,0,0,0.0,0.0,0.0,0.0,[],True
2026-01-27,0.8568969244624799,0.0234668526229616,-0.0099634155834047,-0.1150153075424436,-16.53,0.775938212198289,2624576.3,1130531.8591961206,-12588630.095000038,0.2864866325060036,2.950000000000003,3.558571428571426,31.613809714973897,-2.500180691059569,SOLUSDT,0,0,0,0,0,0.0,0.0,0.0,0.0,[],True
2026-01-28,-0.4591227279261645,-0.0145722068590907,-0.0163226869653928,-0.0908101835062015,-12.52000000000001,0.7777426839461196,2568797.58465,1132661.0819554832,-14586493.623000037,0.2821462278485299,1.840000000000004,3.6057142857142814,28.86291600633912,-2.622092804528279,SOLUSDT,0,0,0,0,0,0.0,0.0,0.0,0.0,[],True
2026-01-29,-1.9923823323745655,-0.0619517885107611,-0.0738149516547441,-0.1170563549160671,-15.620000000000005,1.453636309637324,2566400.8585,1130014.1270586653,-18317107.09600004,0.6184649057045303,7.530000000000001,3.837142857142855,27.122114668652245,-3.2884103543453307,SOLUSDT,0,0,0,0,0,0.0,0.0,0.0,0.0,[],True
2026-01-30,-0.0108858106964373,-0.0019540382582167,-0.0106015986537651,-0.065262321144674,-8.209999999999994,1.7285036989694784,2754409.3454,1167995.7551774515,-23078113.83800004,0.6287021287884896,0.2299999999999897,3.675714285714285,23.474543334628848,-3.791326835206604,SOLUSDT,0,0,0,0,0,0.0,0.0,0.0,0.0,[],True
2026-01-31,-3.390418411784421,-0.1077350384398543,-0.1501931745009658,-0.1849621738459163,-23.96,2.788609203296189,3072283.6014,1738019.919762638,-31645512.164000034,1.3498896568154288,12.010000000000003,4.45,19.39004815409309,-5.100206393314934,SOLUSDT,0,0,0,0,0,0.0,0.0,0.0,0.0,[],True
2026-02-01,-1.3752525487573009,-0.0464298150286835,-0.2075634876955735,-0.2154588619911263,-27.68,1.3674643615151567,3074490.3994,1739501.2531990877,-35849768.21500003,1.4555257839325768,4.789999999999992,4.374285714285714,19.725669497060736,-6.449668082507316,SOLUSDT,0,0,0,0,0,0.0,0.0,0.0,0.0,[],True
2026-02-02,1.4368833293940149,0.0366262815078558,-0.1659353809333865,-0.1795495566193204,-22.88000000000001,1.7732281789880615,3143437.91005,1812069.730221901,-30275735.53400003,1.385686629675219,3.759999999999991,4.32642857142857,26.151560178306084,-7.133495125806107,SOLUSDT,0,0,0,0,0,0.0,0.0,0.0,0.0,[],True
2026-02-03,-1.9801156686303167,-0.0658210266013036,-0.1691563401799354,-0.2304850247622042,-29.32,1.4175478751067452,3184384.9469,1834307.3873666248,-34789753.649000034,1.5490721449368416,6.659999999999997,4.25642857142857,26.58164121496894,-8.11924571385154,SOLUSDT,0,0,0,0,0,0.0,0.0,0.0,0.0,[],True
2026-02-04,-1.7732838162307565,-0.0607523243208544,-0.216600051024747,-0.2249053428691627,-26.72999999999999,1.8529152053481384,3373850.7585,1947959.1838125363,-41041213.02000003,1.7093566926924166,5.769999999999996,4.4014285714285695,19.636481661798115,-9.259315311734966,SOLUSDT,0,0,0,0,0,0.0,0.0,0.0,0.0,[],True
2026-02-05,-4.584967014022204,-0.1619061061504547,-0.257908694828566,-0.3693657437218287,-45.89,2.7020375000134016,3790974.5812,2445586.3399718576,-51284568.50000003,2.9086491247614656,13.77000000000001,5.308571428571428,16.28094725511302,-11.14547450880336,SOLUSDT,0,0,1,0,1,0.36867650340238933,0.5,0.18433825170119467,10.76403073456902,"[{""name"": ""volume_spike"", ""value"": 2.7020375000134016, ""threshold"": 1.5, ""triggered"": true, ""z_score"": null}, {""name"": ""high_volatility"", ""value"": 2.9086491247614656, ""threshold"": 0.8, ""triggered"": true, ""z_score"": null}, {""name"": ""large_return"", ""value"": -4.584967014022204, ""threshold"": 0.05, ""triggered"": true, ""z_score"": null}]",False
2026-02-06,3.407231426386937,0.1099955771827447,-0.1322551840460364,-0.3123673244751946,-39.73,2.721593846184412,4339771.631449999,2930770.217976753,-39473472.73400003,4.136283687012027,9.11,5.885,25.74341546304163,-11.769496962246649,SOLUSDT,1,0,0,0,1,0.47066187265356263,0.5,0.23533093632678131,6.524506427931961,"[{""name"": ""volume_spike"", ""value"": 2.721593846184412, ""threshold"": 1.5, ""triggered"": true, ""z_score"": null}, {""name"": ""high_volatility"", ""value"": 4.136283687012027, ""threshold"": 0.8, ""triggered"": true, ""z_score"": null}, {""name"": ""large_return"", ""value"": 3.407231426386937, ""threshold"": 0.05, ""triggered"": true, ""z_score"": null}]",False
2026-02-07,0.1929352956425422,0.0014852901902231,-0.1622190339550453,-0.3012365376944554,-37.75999999999999,1.003672585410252,4470232.17055,2872894.7250484,-34986823.25400002,3.643571500703418,0.1300000000000096,5.878571428571428,25.929526123936824,-12.113907750987153,SOLUSDT,0,0,0,0,0,0.0,0.0,0.0,0.0,[],True
2026-02-08,-0.0025779555918041,-0.0068736666555482,-0.1113494738992747,-0.2616703445934476,-30.83,0.569873175449319,4448355.8662,2886533.047599891,-37521821.93700002,3.281025546280702,0.6000000000000085,5.324285714285715,28.628924067614705,-12.293558280615898,SOLUSDT,0,0,0,0,0,0.0,0.0,0.0,0.0,[],True
2026-02-09,0.1048761825661549,-0.002532229714051,-0.058076422058185,-0.2620971171017944,-30.820000000000007,0.823244860862073,4455117.293,2884432.26009814,-41189474.35300002,2.937218848986823,0.2199999999999988,4.955,22.992648118783336,-12.311762447355036,SOLUSDT,0,0,0,0,0,0.0,0.0,0.0,0.0,[],True
2026-02-10,-0.93389132692787,-0.0445408211950417,0.0592214422463306,-0.2139609774578519,-22.590000000000003,0.6692199546256444,4445791.080250001,2889131.952694612,-44164686.45800002,2.6406600216900293,3.780000000000001,5.014285714285714,18.51851851851852,-12.48725844753693,SOLUSDT,0,0,0,0,0,0.0,0.0,0.0,0.0,[],True
2026-02-11,-0.9470216040270452,-0.0454819899695543,-0.0932997941916304,-0.2132155967853954,-21.49000000000001,0.8391880884261685,4545957.42315,2827058.097201585,-47979599.77800002,2.4898165410515944,3.6899999999999977,5.146428571428571,18.043025676613468,-12.77680934856221,SOLUSDT,0,0,0,0,0,0.0,0.0,0.0,0.0,[],True
2026-02-12,-0.0890772435483899,-0.01141420128444,-0.1049206530425846,-0.2501195600191295,-26.14999999999999,0.6942944389440935,4603565.77515,2784816.0314497803,-51175829.89500002,2.340504088724106,0.8999999999999915,4.672857142857142,19.87159889941914,-12.929855674453108,SOLUSDT,0,0,0,0,0,0.0,0.0,0.0,0.0,[],True
2026-02-13,2.09039898891444,0.0729137462301878,-0.0305782273824577,-0.1385228317499234,-13.560000000000002,0.7122979254760324,4731714.289,2656970.618231397,-47805439.62300002,2.5445326123071346,5.929999999999993,5.079999999999999,26.616985376827884,-12.429366548875294,SOLUSDT,0,0,0,0,0,0.0,0.0,0.0,0.0,[],True
2026-02-14,1.220619295505925,0.0432807267410576,0.0148668894779302,-0.0440729483282674,-4.060000000000002,0.5816464395747191,4639600.6773,2695588.7214185246,-45106832.40800002,2.420119265770823,3.730000000000004,4.488571428571428,36.05983450031827,-11.598050378706064,SOLUSDT,0,0,0,0,0,0.0,0.0,0.0,0.0,[],True
2026-02-15,-0.3861612569104775,-0.0218123674794747,0.0381973731774913,0.0996809189534142,7.810000000000002,0.8327390298741034,4718267.37915,2647967.123096363,-49035917.80800002,2.1551110530709714,1.9000000000000057,4.2821428571428575,37.798165137614674,-10.96612972824633,SOLUSDT,0,0,0,0,0,0.0,0.0,0.0,0.0,[],True
2026-02-16,0.2044091176282664,0.0033601792811663,0.0901639344262295,-0.0115481362908756,-1.009999999999991,0.7424766174854404,4794429.517600001,2588000.497550308,-45476165.99700002,2.0044034784383853,0.2900000000000062,4.034285714285716,33.97662889518415,-10.322931159045735,SOLUSDT,0,0,0,0,0,0.0,0.0,0.0,0.0,[],True
2026-02-17,-0.2740359001730731,-0.0159742217972631,0.0852040816326529,-0.0286562392967234,-2.510000000000005,0.5740743558481234,4833269.13445,2549362.3442973136,-48250821.862000026,1.9107278841859825,1.3700000000000043,3.656428571428573,37.48779058409846,-9.81064816426982,SOLUSDT,0,0,0,0,0,0.0,0.0,0.0,0.0,[],True
2026-02-18,-0.8650898884638912,-0.0416401868508849,-0.0322542392979959,-0.0618461892171513,-5.379999999999996,0.6531750733221655,4803618.6593,2566254.353359241,-51388425.832000025,1.7904346827688538,3.469999999999999,3.492142857142859,39.25138065043976,-9.574293702103276,SOLUSDT,0,0,0,0,0,0.0,0.0,0.0,0.0,[],True
2026-02-19,0.4233138590025163,0.0108464898594839,-0.063138769021122,-0.0492105566440013,-4.269999999999996,0.6049890103655157,4707982.196700001,2603299.357696332,-48540148.34200002,1.73662927812968,0.8900000000000006,2.5721428571428584,55.76228825326299,-9.209009793544269,SOLUSDT,0,0,0,0,0,0.0,0.0,0.0,0.0,[],True
2026-02-20,0.7963144921138381,0.0259630543135505,-0.0172934076137417,0.020243402819617,1.6800000000000068,0.8404456924105289,4467340.11835,2445424.7115632608,-44785591.58300002,1.4716294211028356,2.1700000000000017,2.076428571428573,45.2012383900929,-8.644767303436268,SOLUSDT,0,0,0,0,0,0.0,0.0,0.0,0.0,[],True
2026-02-21,0.2840449983805047,0.0058879114988037,-0.0148062463851937,0.0740226986128627,5.8700000000000045,0.4097287978679165,4346164.7589,2518111.535258192,-43004842.721000016,1.3805115041595235,0.5,2.102857142857144,45.88994565217392,-8.064295069836703,SOLUSDT,0,0,0,0,0,0.0,0.0,0.0,0.0,[],True
2026-02-22,-0.5494993996166917,-0.0283419780022749,-0.0269158439116125,0.0559948979591837,4.390000000000001,0.4326863198252921,4157405.754650001,2562332.087062734,-44803695.31700002,1.2778840476230304,2.3799999999999955,2.23,43.27354260089688,-7.707465883172247,SOLUSDT,0,0,0,0,0,0.0,0.0,0.0,0.0,[],True
2026-02-23,-1.298393913181218,-0.0608813282740118,-0.0454601151819629,-0.0762480730463653,-6.429999999999993,1.2323458836540429,4189873.51805,2571187.357745381,-49967068.70000002,1.2190220258098243,4.890000000000001,2.5635714285714286,37.642797436611886,-7.730149957629777,SOLUSDT,0,0,0,0,0,0.0,0.0,0.0,0.0,[],True
2026-02-24,0.4872914829299162,0.013895309299625,-0.0425454545454545,-0.1029979559391325,-9.070000000000007,0.8856001402222472,4056941.9683000008,2527345.1316825165,-46374240.324000016,1.1126912135464444,1.0899999999999892,2.3714285714285706,43.97590361445783,-7.572877936676207,SOLUSDT,0,0,0,0,0,0.0,0.0,0.0,0.0,[],True
2026-02-25,2.911847306932579,0.1086971381512801,0.0400377937876461,0.0220519962859795,1.9000000000000057,1.4720709395826068,3826411.66505,2109010.3370656697,-40741490.90900002,0.7717714111342664,9.070000000000007,2.755714285714286,61.35303265940903,-6.639825750041055,SOLUSDT,0,0,0,0,0,0.0,0.0,0.0,0.0,[],True
2026-02-26,-0.4421135405994888,-0.0247181636776427,0.0086885053422565,-0.0062463851937536,-0.5400000000000063,0.986247193615,3403701.4257,957028.2399393178,-44098381.88800002,0.3058316105700225,2.1500000000000057,2.845000000000001,59.42756716043183,-6.0046443986882565,SOLUSDT,0,0,0,0,0,0.0,0.0,0.0,0.0,[],True
2026-02-27,-0.9451823457619896,-0.0484119328328213,-0.0113540282642832,-0.0379642689233662,-3.230000000000004,1.0067521372816863,3347893.91965,922473.6288650094,-47468881.247000016,0.3714530373433719,4.060000000000002,2.711428571428573,46.73340358271865,-5.762440839666112,SOLUSDT,0,0,0,0,0,0.0,0.0,0.0,0.0,[],True
2026-02-28,0.8129006431263298,0.0300865051748333,0.0827984595635429,0.0335743168729321,2.739999999999995,1.3700578876448664,3458028.97945,951352.5450367386,-42731181.368000016,0.3908231024280393,2.5,2.62357142857143,44.94963245303566,-5.307581175592745,SOLUSDT,0,0,0,0,0,0.0,0.0,0.0,0.0,[],True
2026-03-01,-0.0748148856951954,-0.0089312889013213,0.0583618179516394,0.0133333333333331,1.0999999999999943,1.2685008930662125,3496406.06975,975430.1490788724,-47166375.59000002,0.3732552656574829,0.75,2.5414285714285723,46.40247329960651,-4.950553448178084,SOLUSDT,0,0,0,0,0,0.0,0.0,0.0,0.0,[],True
2026-03-02,0.935466992786706,0.0357180826020792,-0.0161253690665456,0.0232668005196645,1.9699999999999989,1.4216684916956843,3603817.1275,1031673.3255222874,-42042942.33000002,0.3240721302309701,3.0400000000000063,2.737857142857144,50.24784763892512,-4.371907183700159,SOLUSDT,0,0,0,0,0,0.0,0.0,0.0,0.0,[],True
2026-03-03,0.2025009683095019,0.0038016289089386,0.0123384937725528,0.0211342021838676,1.7999999999999972,1.1427754685376503,3619908.59875,1037631.832173376,-37906199.58500002,0.2077527019839203,0.3299999999999983,2.663571428571429,52.53419147224457,-3.8424047578704688,SOLUSDT,0,0,0,0,0,0.0,0.0,0.0,0.0,[],True
2026-03-04,1.1316858782235817,0.0436465632405063,0.1099572388515577,0.0973547529894913,8.059999999999988,1.6760954313427527,3776593.66205,1194959.4227349905,-31576268.202000026,0.235212411650135,3.879999999999996,2.692857142857143,62.25464190981432,-3.0742486720167648,SOLUSDT,0,0,0,0,0,0.0,0.0,0.0,0.0,[],True
2026-03-05,-0.3883501030537771,-0.0231610397619522,0.0524007113218731,0.139537869062901,10.86999999999999,0.9889220934917724,3795759.67885,1191169.4416071407,-35329978.810000025,0.0433593639912363,2.0799999999999983,2.777857142857143,58.06119825147853,-2.6033087338462906,SOLUSDT,0,0,0,0,0,0.0,0.0,0.0,0.0,[],True
2026-03-06,-0.8856892202638086,-0.0469331534222192,0.0131578947368422,0.0722876313457401,5.710000000000008,0.8212825588178777,3817595.5502,1173875.787770655,-38465303.45200002,0.0399417618647968,4.069999999999993,2.913571428571428,50.03677371904878,-2.5293437254922537,SOLUSDT,0,0,0,0,0,0.0,0.0,0.0,0.0,[],True
2026-03-07,-0.2298819461833446,-0.0176278981032134,-0.0394736842105263,-0.0549625255507608,-4.840000000000003,0.3966218039812268,3694405.36625,1285529.521722342,-39930585.17300002,0.0151511252534204,1.480000000000004,2.983571428571428,47.665788843667706,-2.560632180764813,SOLUSDT,0,0,0,0,0,0.0,0.0,0.0,0.0,[],True
2026-03-08,-0.2625622308881202,-0.0197809981140863,-0.0618604116361963,-0.0502851821673844,-4.319999999999993,0.5806785385466546,3621566.06005,1333921.2920710547,-42033550.86000002,0.0073348435194523,1.6299999999999957,2.93,48.5372988785958,-2.685993424288739,SOLUSDT,0,0,0,0,0,0.0,0.0,0.0,0.0,[],True
2026-03-09,1.085344351888359,0.0404738520529197,-0.0648321408915795,0.0379963347587049,3.1099999999999994,0.9813028896382168,3662536.13125,1319040.7833504204,-38439493.571000025,0.0550470777534708,3.3699999999999903,2.8214285714285703,58.93670886075948,-2.48476940227144,SOLUSDT,0,0,0,0,0,0.0,0.0,0.0,0.0,[],True
2026-03-10,0.3948796890404783,0.0107704155169515,-0.0325560437084601,0.0181387077652637,1.5300000000000011,0.9880809828945228,3687850.68945,1313281.954542627,-34795598.43700002,-0.052022886246145,0.9200000000000016,2.809285714285714,58.759216882786674,-2.225408480152211,SOLUSDT,0,0,0,0,0,0.0,0.0,0.0,0.0,[],True
2026-03-11,0.3251950986739346,0.0081178690032543,0.0221959858323494,0.0356459330143541,2.980000000000004,0.8589921898566765,3704545.601899999,1304137.7459266535,-31613422.69800002,-0.0805267485805894,0.7000000000000028,2.211428571428571,47.60981912144702,-1.9410042422507845,SOLUSDT,0,0,0,0,0,0.0,0.0,0.0,0.0,[],True
2026-03-12,0.2082479717196122,0.0029985029962566,0.0434991588560442,0.0023084025854109,0.2000000000000028,0.795543945129293,3662501.82135,1315941.5645643184,-28699741.55000002,-0.1363610191323934,0.2600000000000051,2.076428571428571,51.59958720330239,-1.6753199619320185,SOLUSDT,0,0,0,0,0,0.0,0.0,0.0,0.0,[],True
2026-03-13,0.4935470804903512,0.0153128349197004,0.0807697021693836,0.0139128435092561,1.210000000000008,1.2931292240519738,3820483.3091,1266889.1390251098,-23759362.93300002,-0.1569081678664791,1.3400000000000034,1.882142857142857,62.01138519924101,-1.3411762099793378,SOLUSDT,0,0,0,0,0,0.0,0.0,0.0,0.0,[],True
2026-03-14,0.1073559930995073,-0.0017025144569768,0.0361346516007534,-0.0310401761144742,-2.819999999999993,0.3936837674392439,3805447.83125,1293646.539196189,-25257505.97200002,-0.2372168731444137,0.1500000000000056,1.7142857142857142,57.666666666666686,-1.0760644247175009,SOLUSDT,0,0,0,0,0,0.0,0.0,0.0,0.0,[],True
2026-03-15,1.2471242293613904,0.0473664760359916,0.0747554727526782,0.0397656866058353,3.530000000000001,0.7108598347138815,3678006.51735,1278287.5667949256,-22642958.86700002,-0.407671205881043,4.269999999999996,1.9657142857142853,65.80668604651163,-0.5154661379771142,SOLUSDT,0,0,0,0,0,0.0,0.0,0.0,0.0,[],True
2026-03-16,1.0795326911897003,0.0413852161628544,0.1111111111111111,0.1357733175914994,11.5,1.487426516238028,3779447.6296,1349679.3784144395,-17021308.24600002,-0.3849892893955705,3.9000000000000057,2.0271428571428567,66.84284707540522,0.2407344130357387,SOLUSDT,0,0,0,0,0,0.0,0.0,0.0,0.0,[],True
2026-03-17,-0.239718875228506,-0.0165604874686588,0.089590050667895,0.1369863013698631,11.400000000000006,0.7785593897542619,3639488.03815,1291251.1433298923,-19854865.83200002,-1.1449759027113535,1.5799999999999983,2.116428571428571,62.90921363482958,0.7044159340511129,SOLUSDT,0,0,0,0,0,0.0,0.0,0.0,0.0,[],True
2026-03-18,-0.9201425763517228,-0.0491707058116218,0.0215468360172372,0.1040568697144257,8.489999999999995,0.9058186714072164,3636336.5671000006,1292053.8264494247,-23148727.390000023,-1.0390687933814984,4.540000000000006,2.163571428571429,48.7289534499835,0.697506402834648,SOLUSDT,0,0,0,0,0,0.0,0.0,0.0,0.0,[],True
2026-03-19,-0.1416358255413227,-0.0132985141377966,0.0097693967965466,0.0462570621468927,3.930000000000007,0.7252177656315831,3598288.7453500004,1311354.0962225022,-25758270.31400002,-1.2539959215485073,1.1899999999999975,2.1000000000000005,50.20408163265307,0.5892153866071084,SOLUSDT,0,0,0,0,0,0.0,0.0,0.0,0.0,[],True
2026-03-20,0.3707547659455288,0.0106306601766041,-0.0266522210184181,0.0461108523521194,3.960000000000008,0.6341431132166958,3471474.3283,1317987.141966769,-23556858.776000023,-1.3329601328449188,0.9500000000000028,1.8771428571428583,59.77929984779299,0.5734407683478508,SOLUSDT,0,0,0,0,0,0.0,0.0,0.0,0.0,[],True
2026-03-21,-0.4349895540296205,-0.0257060377755256,-0.0898128898128898,0.0113190113190113,0.980000000000004,0.3749751330854206,3311806.87845,1386728.980377206,-24798704.001000024,-1.2953672020755278,2.280000000000001,1.9342857142857155,58.01329394387002,0.3726664575367664,SOLUSDT,0,0,0,0,0,0.0,0.0,0.0,0.0,[],True
2026-03-22,-0.2329549376806664,-0.0156540949850148,-0.0889875290636229,-0.0073698756333486,-0.6400000000000006,0.676066522591484,3162539.572,1341392.4689443444,-26936791.132000025,-1.3763682469253038,1.3599999999999994,1.9150000000000007,58.597538232002975,0.1026277073852242,SOLUSDT,0,0,0,0,0,0.0,0.0,0.0,0.0,[],True
2026-03-23,1.4773002907007555,0.0589034745066878,0.014986678507993,0.0368564300294851,3.25,1.4327922400147155,3183787.7541500004,1360860.9428726824,-22375084.744000025,-1.096691293951802,5.230000000000004,2.047857142857145,61.28357167771191,0.3070973167264839,SOLUSDT,0,0,0,0,0,0.0,0.0,0.0,0.0,[],True
2026-03-24,-0.0497674863320918,-0.0069143665690876,0.0214872314096072,0.0314665454958535,2.769999999999996,1.0213295463883163,3021593.3113,1141838.3437370316,-25461127.270000026,-1.2509905689377512,0.6300000000000097,2.02714285714286,58.66807610993656,0.4135382093246136,SOLUSDT,0,0,0,0,0,0.0,0.0,0.0,0.0,[],True
2026-03-25,0.3168423054392138,0.0098630936551715,0.0207034728406054,-0.0065005417118092,-0.5999999999999943,0.8941526819936273,2966534.5208,1131177.3164372144,-22808592.472000025,-1.3038969208063484,0.9000000000000057,2.0414285714285745,58.95731280615815,0.5640142566955006,SOLUSDT,0,0,0,0,0,0.0,0.0,0.0,0.0,[],True
2026-03-26,-1.134618153196141,-0.0580312046437716,-0.0117633622658748,-0.1005197505197504,-9.670000000000002,1.1934738065451431,2988077.9255,1138639.4884279228,-26374785.208000027,-1.224286823985373,5.170000000000002,2.39214285714286,49.53717527620184,0.2630594304852849,SOLUSDT,0,0,0,0,0,0.0,0.0,0.0,0.0,[],True
2026-03-27,-0.7734160309539018,-0.0403261430537125,-0.03584686774942,-0.1216444726273515,-11.510000000000003,0.9292472829847134,3056841.94295,1081951.955660831,-29215347.278000027,-1.1259931285003355,3.4200000000000017,2.540714285714288,42.87320775934776,-0.2485497288587197,SOLUSDT,0,0,0,0,0,0.0,0.0,0.0,0.0,[],True
2026-03-28,-0.1458214221569143,-0.0123488252047601,-0.1021546538335338,-0.0886989342806393,-7.989999999999995,0.5492539841826053,3035044.16355,1106298.485273836,-30882357.377000023,-1.1462753404999526,1.019999999999996,2.6028571428571445,41.84961580680572,-0.7279181616341361,SOLUSDT,0,0,0,0,0,0.0,0.0,0.0,0.0,[],True
2026-03-29,-0.0367322258600132,-0.0079496535579622,-0.1030837004405286,-0.0838114523568456,-7.450000000000003,0.553254553355818,2936574.97285,1141023.469619268,-32507030.852000028,-1.2815118590682064,0.6500000000000057,2.344285714285717,33.45521023765998,-1.1470482082629303,SOLUSDT,0,0,0,0,0,0.0,0.0,0.0,0.0,[],True
2026-03-30,0.4348585438425336,0.0134164715222233,-0.0998909487459105,-0.0812555654496882,-7.299999999999997,1.0413610680029628,2905672.9505,1129166.5991364208,-29481176.16500003,-1.2715207200634029,1.1000000000000083,2.144285714285717,27.24850099933381,-1.3746053877212177,SOLUSDT,0,0,0,0,0,0.0,0.0,0.0,0.0,[],True
2026-03-31,0.288952664467573,0.007964323502727,-0.0384837628568126,-0.0497944266788488,-4.359999999999999,1.4433410582925146,2960192.53485,1168846.169182761,-25208608.73900003,-1.2595848099825346,0.6599999999999966,2.0785714285714314,30.378006872852254,-1.4845763358697894,SOLUSDT,0,0,0,0,0,0.0,0.0,0.0,0.0,[],True
2026-04-01,-0.4363947041264676,-0.0245784364164112,-0.0232222355913848,-0.0582366589327145,-5.019999999999996,1.5341884482019863,3048345.28345,1230035.6521565868,-29885344.85900003,-1.2111399532897118,2.019999999999996,1.8985714285714304,33.25808878856286,-1.7149572629278396,SOLUSDT,0,0,0,0,0,0.0,0.0,0.0,0.0,[],True
2026-04-02,-0.5618188697988027,-0.0279808411760506,-0.0383725179680838,-0.1366072405118671,-12.490000000000007,1.3978304438393794,3011827.56575,1180762.5423761453,-34095369.12200003,-1.1726463631892556,2.240000000000009,1.9735714285714312,31.994209192906283,-2.05460092642997,SOLUSDT,0,0,0,0,0,0.0,0.0,0.0,0.0,[],True
2026-04-03,0.5069090599757775,0.0183261059502197,-0.0127701375245579,-0.1145374449339206,-10.399999999999991,0.7317917844138628,3048462.4008,1142058.6758536098,-31864529.38200003,-1.1081802011612394,1.460000000000008,2.010000000000003,33.22672352523101,-2.1808220197558086,SOLUSDT,0,0,0,0,0,0.0,0.0,0.0,0.0,[],True
2026-04-04,0.2076705163270682,0.0053340075608321,-0.0207172280106615,-0.1185387131952018,-10.870000000000005,0.5216931054282182,2995881.5839,1186434.0482863896,-30301598.61500003,-1.3051013185114269,0.4299999999999926,1.877857142857145,37.20045644731838,-2.220558522848634,SOLUSDT,0,0,0,0,0,0.0,0.0,0.0,0.0,[],True
2026-04-05,0.3696994226760962,0.0130286995363438,-0.0157451923076923,-0.0536230209176008,-4.640000000000001,0.6184142154658202,2801420.98075,1043531.85681795,-28569160.05700003,-1.4410137260615876,1.0600000000000025,1.8564285714285744,41.70834936514045,-2.141827195951592,SOLUSDT,0,0,0,0,0,0.0,0.0,0.0,0.0,[],True
2026-04-06,-0.5248239099165576,-0.0229753189031421,-0.0141660507514166,-0.0370593189748525,-3.0799999999999983,0.9764360155175296,2796261.62965,1043619.6879871202,-31299530.62100003,-1.3850195532189642,1.86,1.615714285714288,24.801061007957586,-2.204110889169556,SOLUSDT,0,0,0,0,0,0.0,0.0,0.0,0.0,[],True
2026-04-07,1.8728845633500253,0.06681631983525,0.0838611603749683,0.0422706785235715,3.469999999999999,1.514681380206424,2847198.47775,1092883.189125455,-26986932.10100003,-1.0478261587831406,5.530000000000001,1.9657142857142875,40.47965116279072,-1.7866509805606086,SOLUSDT,0,0,0,0,0,0.0,0.0,0.0,0.0,[],True
2026-04-08,-1.0252791836738728,-0.0355714657848677,0.0269900497512436,0.0138752455795676,1.1299999999999957,1.0308618022595408,2864359.25895,1091648.9833555412,-29939690.64900003,-0.9463163834542296,2.990000000000009,2.115000000000002,34.58291117865585,-1.677739075176845,SOLUSDT,0,0,0,0,0,0.0,0.0,0.0,0.0,[],True
2026-04-09,0.2778756155514448,0.0091622099647782,0.0309291104787825,0.0095711170341652,0.789999999999992,0.959504324301386,2893085.0635,1080790.8797650882,-27163763.02000003,-0.9191265763922216,0.7600000000000051,1.8000000000000025,43.650793650793645,-1.5126629205294222,SOLUSDT,0,0,0,0,0,0.0,0.0,0.0,0.0,[],True
2026-04-10,0.5243411970294705,0.0178406254255278,0.0359018195139821,0.0195913461538461,1.6299999999999957,0.743489025640274,2940296.7194,1023995.1757547423,-24977684.67700003,-0.8994422851914035,1.5,1.662857142857145,53.69415807560137,-1.2464333073950655,SOLUSDT,0,0,0,0,0,0.0,0.0,0.0,0.0,[],True
2026-04-11,0.028088740518872,0.0011781339722747,0.0612270398600525,0.0461936437546193,3.75,0.5394696507727913,2911937.457,1054772.944346227,-23406782.79400003,-0.8870240520803171,0.1000000000000085,1.59714285714286,56.35062611806797,-1.0156672765075283,SOLUSDT,0,0,0,0,0,0.0,0.0,0.0,0.0,[],True
2026-04-12,-1.198718010703799,-0.0408563371170985,-0.0471014492753623,0.0328097289080313,2.5900000000000034,0.7787718634041452,2792591.7309,991414.4963594746,-25581574.66000003,-1.070403048724396,3.4000000000000057,1.7935714285714317,50.179211469534046,-1.094518195025742,SOLUSDT,0,0,0,0,0,0.0,0.0,0.0,0.0,[],True
2026-04-13,1.7614932375083117,0.0592889635174634,0.0477170885309436,0.0759950248756218,6.109999999999999,1.059078451625548,2785809.12535,989763.8833006278,-22631184.24500003,-0.7073168788843754,4.980000000000004,2.0707142857142884,56.84718868575369,-0.7465578811009692,SOLUSDT,0,0,0,0,0,0.0,0.0,0.0,0.0,[],True
2026-04-14,-0.9874323875190676,-0.032782116614484,0.0046801872074881,0.0357540517134726,2.890000000000001,1.2484787670644433,2829831.62005,1003015.664182568,-26164168.93700003,-0.6292974247854084,2.7900000000000063,2.2228571428571464,50.83547557840616,-0.6879957219735786,SOLUSDT,0,0,0,0,0,0.0,0.0,0.0,0.0,[],True
2026-04-15,0.4037145800598222,0.0139961957395027,0.0008251797713074,0.0367566247405055,3.010000000000005,0.935579177888816,2781644.4129,988827.1425376768,-23561720.34400003,-0.8177109809653985,1.1800000000000068,2.162857142857147,56.14266842800527,-0.5401422272501577,SOLUSDT,0,0,0,0,0,0.0,0.0,0.0,0.0,[],True
2026-04-16,1.465650705398796,0.0477239164183689,0.0485105380901917,0.1127077345995251,9.019999999999996,1.3890744029167497,2836630.87645,1022286.5091437254,-19621429.00300003,-0.751573303081105,4.149999999999992,2.299285714285717,65.7036346691519,-0.0870929966007452,SOLUSDT,0,0,0,0,0,0.0,0.0,0.0,0.0,[],True
2026-04-17,-0.1288145715077346,-0.0032619116712774,0.0886790138599289,0.037400654511454,3.200000000000003,1.4290074862562911,2965140.7909000004,1029042.3005306268,-23858637.39100003,-0.7486088978105216,0.289999999999992,2.2157142857142875,63.47517730496453,0.2457187139832797,SOLUSDT,0,0,0,0,0,0.0,0.0,0.0,0.0,[],True
2026-04-18,-0.8942977089961843,-0.0297300652162601,-0.0040457750549069,0.0434782608695651,3.5900000000000034,0.6356045605435575,2978566.6443,1012247.439781304,-25751827.93400003,-0.6404187984913717,2.6000000000000085,2.3707142857142887,58.02952696595358,0.2962610090108342,SOLUSDT,0,0,0,0,0,0.0,0.0,0.0,0.0,[],True
2026-04-19,-0.9402527937654314,-0.0317187469854878,-0.0029861442904921,0.0016800672026882,0.1400000000000005,0.8775227277376062,2957016.3632,1015769.5407114011,-28346676.99900003,-0.5273741415401247,2.6899999999999977,2.48714285714286,52.26881102814474,0.1178965847844466,SOLUSDT,0,0,0,0,0,0.0,0.0,0.0,0.0,[],True
2026-04-20,0.6131310492144315,0.0214526745548891,0.0044758539458185,0.0053047271012613,0.4500000000000028,0.8047657644421127,2858405.3294,976298.7328419704,-26046330.24900003,-0.4681154365039133,1.8100000000000025,2.483571428571431,57.54961173425367,0.1211962913331774,SOLUSDT,0,0,0,0,0,0.0,0.0,0.0,0.0,[],True
2026-04-21,0.226467567758705,0.0087561122157223,-0.0339135317237506,0.0129518426939831,1.0999999999999943,0.7734332924493387,2730147.88685,889483.4698364689,-23934742.98000003,-0.5136879087558289,0.75,2.14214285714286,50.783594531510495,0.1822294370185631,SOLUSDT,0,0,0,0,0,0.0,0.0,0.0,0.0,[],True
2026-04-22,0.2647734603087995,0.0097166756385723,-0.0212933753943217,0.0654973629338893,5.340000000000003,1.1783384274274815,2677390.26545,826123.6376903411,-20779871.14500003,-0.6004590181976448,0.8400000000000034,1.9885714285714309,57.722701149425305,0.2949792869200109,SOLUSDT,0,0,0,0,0,0.0,0.0,0.0,0.0,[],True
2026-04-23,-0.2815515477422187,-0.0086710757756668,-0.0004642525533889,-0.0045081493468963,-0.3900000000000005,1.0679122921216622,2710581.4404,820554.7584802831,-23674534.38400003,-0.583760500332229,0.75,1.9878571428571448,55.01257635644989,0.3201254167639149,SOLUSDT,0,0,0,0,0,0.0,0.0,0.0,0.0,[],True
2026-04-24,-0.01510939737271,0.0006964596915296,0.0324667545225829,0.0293836598184424,2.460000000000008,0.6677678439612588,2723363.6352,803551.2774494439,-21855959.72100003,-0.5646068035386176,0.0600000000000022,1.885000000000002,52.55778704054568,0.3409649724334969,SOLUSDT,0,0,0,0,0,0.0,0.0,0.0,0.0,[],True
2026-04-25,-0.0673626830817995,0.0,0.0105534709193246,0.0150765606595995,1.2800000000000011,0.3845847698303447,2688438.3291,861945.4184210879,-21855959.72100003,-0.5605590754509951,0.0,1.877857142857144,52.37732978318753,0.3534066189275222,SOLUSDT,0,0,0,0,0,0.0,0.0,0.0,0.0,[],True
2026-04-26,0.2064023979009225,0.0086650649032809,0.0104614669301406,-0.0238068500842222,-2.1199999999999903,0.5538003090212925,2624594.8735,904894.271929448,-20402458.26900003,-0.6530991496293767,0.75,1.6885714285714295,61.42131979695432,0.4189559816344825,SOLUSDT,0,0,0,0,0,0.0,0.0,0.0,0.0,[],True
2026-04-27,-0.8410543819788467,-0.0245718330445284,-0.0235984804880857,-0.0443893645786391,-3.940000000000012,1.175696702111776,2559420.03205,819864.340735704,-23411559.96000003,-1.3079059698029625,2.1100000000000136,1.4835714285714303,45.93163216177176,0.2972188044774384,SOLUSDT,0,0,0,0,0,0.0,0.0,0.0,0.0,[],True
2026-04-28,-0.3148866697289024,-0.0090005344694739,-0.0239201114723641,-0.0243732590529247,-2.0999999999999943,0.6670914726882957,2495001.8268,837751.8386655205,-25075954.40300003,-1.4983813404808095,0.7599999999999909,1.3385714285714292,50.90715048025615,0.1378267847164664,SOLUSDT,0,0,0,0,0,0.0,0.0,0.0,0.0,[],True
2026-04-29,-0.4560490222800575,-0.012208410159392,-0.0364353678347644,-0.0051515514556127,-0.4299999999999926,1.036641712197077,2485008.62515,835413.2019880158,-27652017.99900003,-1.4425184964579072,1.019999999999996,1.327142857142857,44.994617868676,-0.0699911998223683,SOLUSDT,0,0,0,0,0,0.0,0.0,0.0,0.0,[],True
2026-04-30,0.0167951700704548,0.0006019382593115,-0.0358551868182873,-0.0256801125703564,-2.1899999999999977,0.5615400550692405,2444334.28855,869827.9748163347,-26279426.38800003,-1.4834757415944937,0.0499999999999971,1.0342857142857145,29.41988950276246,-0.2280253335798789,SOLUSDT,0,0,0,0,0,0.0,0.0,0.0,0.0,[],True
2026-05-01,0.2757859719821427,0.0080312088853915,-0.036466122167261,-0.0263861443682436,-2.269999999999996,0.7322040081895269,2455692.59235,859241.0724167407,-24481358.42900003,-1.4431829767626665,0.6700000000000017,1.0614285714285725,33.1763122476447,-0.295795377594132,SOLUSDT,0,0,0,0,0,0.0,0.0,0.0,0.0,[],True
2026-05-02,0.221230597611807,0.0059516899885891,-0.0066022164583823,-0.0300448946701968,-2.6099999999999994,0.4285293501390182,2398340.974,915420.8904997112,-23453598.93000003,-1.792780192544651,0.5,0.9114285714285718,42.55485893416931,-0.3056346385443902,SOLUSDT,0,0,0,0,0,0.0,0.0,0.0,0.0,[],True
2026-05-03,-0.1439031372580385,-0.0041624606688924,-0.0017844396859386,-0.0256618671620995,-2.210000000000008,0.5481885806607146,2314253.82935,938978.9662118682,-24722246.45200003,-2.713529950494717,0.3500000000000085,0.7442857142857154,52.111324376199605,-0.3377806733225696,SOLUSDT,0,0,0,0,0,0.0,0.0,0.0,0.0,[],True
2026-05-04,0.1186070347339033,0.0022617710969242,0.0127649325626202,-0.0241355302854492,-2.0800000000000125,1.501169278549268,2311069.9556500004,934727.3499120746,-21252939.23400003,-2.8929219441607543,0.1899999999999977,0.6285714285714293,43.29545454545452,-0.3439602655468121,SOLUSDT,0,0,0,0,0,0.0,0.0,0.0,0.0,[],True
2026-05-05,0.982646623823532,0.0257071495413139,0.038512456372608,0.0012763982362498,0.1099999999999994,1.0754899573648875,2304891.9323,933107.0684699971,-18774051.10800004,-2.5702814571228534,2.190000000000012,0.7314285714285731,51.26953125000003,-0.1701811965994579,SOLUSDT,0,0,0,0,0,0.0,0.0,0.0,0.0,[],True
2026-05-06,1.225723194758805,0.0327187919974517,0.0644699140401146,0.0256528241113538,2.2299999999999898,1.5263780544935497,2282040.16675,895798.7873325169,-15290795.078000031,-2.812826381711999,2.8699999999999903,0.8764285714285721,59.331703341483255,0.1968557513974644,SOLUSDT,0,0,0,0,0,0.0,0.0,0.0,0.0,[],True
2026-05-07,-0.3654245725296244,-0.0083343201195709,0.0493709945407072,0.0424428200896016,3.6000000000000085,1.305849360011863,2214788.7724,784916.6007858206,-18182975.57900004,-2.625911930664809,0.7399999999999949,0.8757142857142861,59.38009787928221,0.4231456023762803,SOLUSDT,0,0,0,0,0,0.0,0.0,0.0,0.0,[],True
2026-05-08,1.456931896161148,0.0397990783961727,0.0965319985698964,0.0945753033547467,7.950000000000003,1.1740776072886134,2252350.9882,786689.9098539915,-15538540.720000032,-2.329840646596742,3.5900000000000034,1.1278571428571431,68.46105129829004,0.8819978149394387,SOLUSDT,0,0,0,0,0,0.0,0.0,0.0,0.0,[],True
2026-05-09,0.3932126527261075,0.0120990997392965,0.1073721759809751,0.1215077071290942,10.08999999999999,0.8887826911763076,2221322.1697500004,784705.9832744817,-13564268.024000032,-2.6023984209448483,1.1199999999999903,1.2078571428571423,70.54997043169719,1.320790883871382,SOLUSDT,0,0,0,0,0,0.0,0.0,0.0,0.0,[],True
2026-05-10,1.2795799730314856,0.0352357126488958,0.1179742728010198,0.1610302082079671,13.379999999999995,1.1454196180090117,2234263.282,788204.2304428174,-11005099.029000033,-2.2813141227948552,3.3400000000000034,1.3928571428571428,74.46153846153844,1.9159616258109795,SOLUSDT,0,0,0,0,0,0.0,0.0,0.0,0.0,[],True
2026-05-11,0.2649773809113572,0.0092860758082025,0.0920816509645581,0.1624880611270296,13.61,1.3484921939188503,2282586.4168,809622.274630379,-7927049.064000033,-2.1917018918194766,0.9000000000000057,1.3064285714285708,84.3083652269,2.4322240404267745,SOLUSDT,0,0,1,0,1,0.3634489356962153,0.5,0.18172446784810764,3.6737754317261735,"[{""name"": ""large_return"", ""value"": 0.2649773809113572, ""threshold"": 0.05, ""triggered"": true, ""z_score"": null}]",False
2026-05-12,-1.2562466847488567,-0.0322490769227344,0.0662745985071251,0.1189176358889152,10.019999999999996,1.2404458216372638,2265344.693,793581.2706302434,-10737086.423000034,-1.7501517710780683,3.0900000000000034,1.472857142857143,74.78176527643065,2.562489760818906,SOLUSDT,0,0,0,0,0,0.0,0.0,0.0,0.0,[],True
2026-05-13,-1.2597608383492067,-0.0335431824711189,-0.0091294424519073,0.0865212727922775,7.260000000000005,1.4001033366564402,2280240.12115,808667.6577308027,-13929658.225000037,-1.4142883925578138,3.1099999999999994,1.6221428571428578,67.89960369881109,2.387256467555545,SOLUSDT,0,0,0,0,0,0.0,0.0,0.0,0.0,[],True
2026-05-14,0.3531870007795656,0.0106917885190209,-0.010522924943627,0.0957193816884662,8.050000000000011,1.1653318450575378,2324767.6784,806424.1440679743,-11220532.417000037,-1.3725080205396252,0.980000000000004,1.6885714285714295,69.16243654822334,2.3009368620921578,SOLUSDT,0,0,0,0,0,0.0,0.0,0.0,0.0,[],True
2026-05-15,-1.1800466478853917,-0.0320883145515006,-0.0749455789364569,0.0341870436898827,2.9499999999999886,1.111755578209233,2406863.23815,749676.5332440087,-13896376.048000034,-1.0617995200577437,2.910000000000011,1.8485714285714303,60.587326120556384,1.9749492867337464,SOLUSDT,0,0,0,0,0,0.0,0.0,0.0,0.0,[],True
2026-05-16,-1.096195341698469,-0.0307226347675929,-0.111225223374756,-0.0293853746074471,-2.6199999999999903,0.8070509069955977,2432339.24525,723783.8931787154,-15859397.642000034,-0.8290759291446709,2.6999999999999886,2.0057142857142867,54.05982905982906,1.481654755763671,SOLUSDT,0,0,0,0,0,0.0,0.0,0.0,0.0,[],True
2026-05-17,-0.5149840877500246,-0.0151359275663224,-0.0958845990666101,-0.0359647138656413,-3.180000000000007,0.8050855249888674,2377592.4229,719257.8207711674,-17773562.886000033,-0.8869080161367735,1.3000000000000114,2.0735714285714297,52.29073372373406,0.9745817784422428,SOLUSDT,0,0,0,0,0,0.0,0.0,0.0,0.0,[],True
2026-05-18,0.0844592514066859,0.0016410740993996,-0.0635077328068444,-0.0720573850668406,-6.63000000000001,1.1392931953726382,2432965.76795,703927.9612828468,-15001701.542000031,-0.8792676695653306,0.1400000000000005,2.070000000000001,52.208419599723946,0.57736412637054,SOLUSDT,0,0,0,0,0,0.0,0.0,0.0,0.0,[],True
2026-05-19,-0.4730675138026094,-0.012848647320425,-0.0852957135105805,-0.0949210780629227,-8.83999999999999,0.6965936108857091,2387311.8989500003,723496.0053640055,-16664687.758000031,-0.8495783730560372,1.0899999999999892,1.991428571428571,46.41319942611191,0.1726225000879253,SOLUSDT,0,0,0,0,0,0.0,0.0,0.0,0.0,[],True
2026-05-20,0.8760107797195741,0.0220588552422845,-0.0344016136261765,-0.1067689437130714,-10.299999999999995,0.9705419484851308,2436939.9403,683145.1203978052,-14299535.320000034,-0.7302451583081747,1.879999999999996,1.9207142857142856,44.4403123837858,0.0035215393241827,SOLUSDT,0,0,0,0,0,0.0,0.0,0.0,0.0,[],True
2026-05-21,0.5234100942571227,0.0137154227449194,0.0094753871042292,-0.102803738317757,-10.010000000000003,1.070397853407086,2479752.63735,667654.8439474045,-11645213.420000032,-0.6866524835801205,1.1899999999999975,1.952857142857143,48.06144842721287,-0.0340763249701865,SOLUSDT,0,0,0,0,0,0.0,0.0,0.0,0.0,[],True
2026-05-22,-1.3131242177800115,-0.0344701103946833,-0.0098545283904268,-0.1047942299533304,-9.879999999999995,0.8698969287564797,2538788.89555,578796.0947532003,-13853698.083000034,-0.4102110005878935,2.9599999999999937,1.9078571428571425,35.75439910146012,-0.2992703630928872,SOLUSDT,0,0,0,0,0,0.0,0.0,0.0,0.0,[],True
2026-05-23,0.6702333396347385,0.0158686844441377,0.0043335675802296,-0.0594493802786004,-5.420000000000002,1.1330367995838189,2624011.605,502373.5125157168,-10880596.372000037,-0.3485185971181486,1.3499999999999943,1.9242857142857144,36.30289532293987,-0.3959406737235724,SOLUSDT,0,0,0,0,0,0.0,0.0,0.0,0.0,[],True
2026-05-24,-0.1948593435094875,-0.0056133932920911,0.0116265274647051,-0.0746608790016278,-6.88000000000001,0.8167342992322167,2554879.11425,474277.4346293992,-12967253.775000036,-0.3234421991665455,0.480000000000004,1.72,26.74418604651161,-0.5054579749444912,SOLUSDT,0,0,0,0,0,0.0,0.0,0.0,0.0,[],True
2026-05-25,-0.0616738635620139,-0.0024658029284706,-0.0128815132876871,-0.0468399820708201,-4.179999999999993,0.6226411015920401,2509046.4812000003,523721.3398277983,-14529489.240000036,-0.4455568990841467,0.2099999999999937,1.6707142857142847,23.68533561351002,-0.6022540602321698,SOLUSDT,0,0,0,0,0,0.0,0.0,0.0,0.0,[],True
2026-05-26,-0.6465851884742209,-0.0158789922476885,-0.0416666666666666,-0.032586087358447,-2.8200000000000074,0.961658408124962,2452822.5512,471373.7332025021,-16888266.670000035,-0.6484834653488077,1.3400000000000034,1.5457142857142847,25.60073937153416,-0.7781227417512184,SOLUSDT,0,0,0,0,0,0.0,0.0,0.0,0.0,[],True
2026-05-27,-0.6562938191278396,-0.0154071415555407,-0.0232227488151659,-0.03284842796809,-2.799999999999997,0.877917468137507,2414186.3443,465092.7020454125,-19007723.03300004,-0.5968633941641057,1.2800000000000011,1.4149999999999991,27.96567390206964,-1.009152361268974,SOLUSDT,0,0,0,0,0,0.0,0.0,0.0,0.0,[],True
2026-05-28,-0.1818666623633037,-0.0040109443015608,-0.0424489795918366,-0.0382993675333801,-3.269999999999996,0.9622932031331975,2397310.3753500003,462414.1400626794,-21314638.51300004,-1.0517744013534065,0.3299999999999983,1.3685714285714272,23.799582463465512,-1.2049829479422272,SOLUSDT,0,0,0,0,0,0.0,0.0,0.0,0.0,[],True
2026-05-29,-0.0530186664613246,-0.0008528785165174,-0.0378796763222702,-0.0266935579546803,-2.25,0.8594672812090898,2401810.62285,458501.8382437748,-23378916.15900004,-1.0926925344024794,0.0699999999999931,1.1657142857142833,27.941176470588218,-1.3502635164418564,SOLUSDT,0,0,0,0,0,0.0,0.0,0.0,0.0,[],True
2026-05-30,0.3451372459726564,0.0083753599979115,-0.0273924288737361,-0.0399210862249042,-3.4399999999999977,0.4381023994433982,2324776.6853,550807.2468445196,-22360425.91500004,-1.48271832049614,0.6899999999999977,1.0221428571428552,36.68763102725364,-1.3936569702071893,SOLUSDT,0,0,0,0,0,0.0,0.0,0.0,0.0,[],True
2026-05-31,-0.1545931397773775,-0.0035115371798333,-0.0152890587673196,-0.0563186813186813,-4.920000000000002,0.447579433449402,2220568.22035,596086.3297281269,-23354306.58100004,-1.5054714067224315,0.2900000000000062,0.9499999999999976,39.47368421052631,-1.4349064628130035,SOLUSDT,0,0,0,0,0,0.0,0.0,0.0,0.0,[],True
2026-06-01,-0.6173764398897049,-0.0141707721920865,-0.0140708393983502,-0.0369668246445498,-3.1200000000000045,1.0517524236477591,2195523.7222,580330.5412241411,-25663453.977000043,-1.6056308339620655,1.1599999999999966,1.0228571428571402,35.68435754189943,-1.543407843483493,SOLUSDT,0,0,0,0,0,0.0,0.0,0.0,0.0,[],True
2026-06-02,-3.732610702956013,-0.0907316027007161,-0.0959688223115332,-0.1343440233236151,-11.519999999999996,1.642245637424478,2218021.97795,627799.2507972078,-29305990.89400004,-0.2026110282914872,7.049999999999997,1.4485714285714266,25.197238658777067,-2.1732205167326555,SOLUSDT,0,0,0,0,0,0.0,0.0,0.0,0.0,[],True
2026-06-03,-1.3242940433975403,-0.0359336521106072,-0.1271331058020478,-0.1601970212266916,-13.659999999999997,1.6135613588433202,2265327.97155,698425.972566887,-32961236.57400004,-0.1596726467575495,2.6200000000000045,1.5014285714285702,15.366317792578457,-2.850900297577624,SOLUSDT,0,0,0,0,0,0.0,0.0,0.0,0.0,[],True
2026-06-04,-1.388008968246108,-0.0388688688993731,-0.1674120633385714,-0.1902186691747003,-16.180000000000007,2.072479693344481,2377948.2645,915858.5055923604,-37889486.06400004,-0.0848858997768059,2.730000000000004,1.6114285714285703,9.042553191489333,-3.567134880318534,SOLUSDT,0,0,0,0,0,0.0,0.0,0.0,0.0,[],True
2026-06-05,-2.764804899929487,-0.0791236566498891,-0.2280446385249878,-0.2398471094123268,-20.08,2.675502641160956,2631876.8592,1380788.623781188,-44931079.55200004,0.6173691876409713,5.239999999999995,1.7742857142857136,8.212560386473399,-4.505641919442397,SOLUSDT,0,0,0,0,0,0.0,0.0,0.0,0.0,[],True
2026-06-06,-0.6827139820730852,-0.0228872037244523,-0.234744094488189,-0.2455118874332847,-20.239999999999995,1.315367093087093,2714710.6498,1385152.1351116593,-48501920.60800004,0.6226019845758567,1.4399999999999975,1.7807142857142852,2.7677496991576334,-5.304464905428986,SOLUSDT,0,0,0,0,0,0.0,0.0,0.0,0.0,[],True
2026-06-07,2.7875219462229275,0.0668469479166745,-0.1041357941533073,-0.1901108269394714,-15.61,1.080190779371424,2723196.15125,1386040.210206371,-45560349.23500004,1.714425294001371,4.299999999999997,2.0535714285714275,17.356521739130415,-5.5268536847013365,SOLUSDT,0,0,0,0,0,0.0,0.0,0.0,0.0,[],True
2026-06-08,0.2871950053860708,0.0048004892668019,-0.0668900991481638,-0.1855192588980986,-15.220000000000011,1.095237766262196,2792996.6088,1364827.2640054843,-42501353.86800004,1.7230239800339051,0.3199999999999932,2.0614285714285705,18.39916839916836,-5.612578754675951,SOLUSDT,0,0,0,0,0,0.0,0.0,0.0,0.0,[],True
2026-06-09,-0.8793048437274437,-0.0282307410751879,-0.056910569105691,-0.2147951166445063,-17.77000000000001,1.0895431435854224,2828846.50245,1362412.154239974,-45583504.17900004,1.5511882459042146,1.86,2.0985714285714274,18.073519400953003,-5.764157327964611,SOLUSDT,0,0,0,0,0,0.0,0.0,0.0,0.0,[],True
2026-06-10,-0.829832338814217,-0.0276256350680585,-0.0070710245128849,-0.2335031538088307,-19.25,1.033376854791658,2843026.2855,1361975.8676353712,-48521421.74000003,1.434105117123905,1.769999999999996,2.1335714285714267,17.77703381319047,-5.95842364802877,SOLUSDT,0,0,0,0,0,0.0,0.0,0.0,0.0,[],True
2026-06-11,2.2670192047244533,0.057501236327187,0.0760450160771704,-0.1765501968503936,-14.349999999999994,1.0016967222366444,2876680.1039,1353762.3456689166,-45639860.70900003,2.093083871786332,3.740000000000009,2.3771428571428563,27.193509615384627,-5.744376763201231,SOLUSDT,0,0,0,0,0,0.0,0.0,0.0,0.0,[],True
2026-06-12,0.0424978790463968,-0.0016448601839405,0.0048120300751879,-0.0998248686514887,-7.410000000000011,0.9894015249581404,2870004.3525,1353591.0282786451,-48479447.39200003,1.9175321992578087,0.1100000000000136,2.3800000000000003,27.160864345738275,-5.519988158128925,SOLUSDT,0,0,0,0,0,0.0,0.0,0.0,0.0,[],True
2026-06-13,1.289495795441655,0.0312341241601089,0.0317270278359773,-0.0372852953498115,-2.6700000000000017,0.5366137384253127,2841922.20735,1376332.9976389178,-46954432.89200003,2.0969406352585485,2.1200000000000045,2.482142857142858,30.15827338129496,-5.112162462894162,SOLUSDT,0,0,0,0,0,0.0,0.0,0.0,0.0,[],True
2026-06-14,1.325214137879512,0.0333792220738346,0.0972906403940887,0.034843205574913,2.4000000000000057,0.6483058880656044,2856401.53065,1363626.4589229925,-45102610.961000025,2.2516137213245018,2.3400000000000034,2.628571428571429,34.83695652173914,-4.547715978446476,SOLUSDT,0,0,0,0,0,0.0,0.0,0.0,0.0,[],True
2026-06-15,1.4384087495576126,0.037179003241754,0.1707548662763096,0.1624764299182903,10.340000000000003,1.0722891293417522,2893601.53255,1359478.6118244107,-41999833.49300002,2.3643605796710507,2.700000000000003,2.7385714285714298,40.47991653625457,-3.8382753883128657,SOLUSDT,0,0,0,0,0,0.0,0.0,0.0,0.0,[],True
2026-06-16,-0.1265393150008406,-0.0062373083568764,0.0984610787389808,0.1819935691318326,11.319999999999991,0.7545609064698215,2896923.99415,1357566.93826663,-44185739.08800002,2.240052209720771,0.4600000000000079,2.267857142857145,48.88188976377951,-3.2753999927573147,SOLUSDT,0,0,0,0,0,0.0,0.0,0.0,0.0,[],True
2026-06-17,-0.6206312933841105,-0.0201971556019004,0.0782699790481893,0.0834586466165412,5.549999999999997,0.8414111564342205,2903740.1897,1354788.0453287533,-46628978.47900002,2.160433929968387,1.4699999999999989,2.185714285714288,50.718954248366,-2.914339212846187,SOLUSDT,0,0,0,0,0,0.0,0.0,0.0,0.0,[],True
2026-06-18,-1.0803823376930568,-0.0330165429472237,0.0111691325790541,0.0432505237952709,2.890000000000001,0.7769170007750352,2913711.92385,1349005.713735045,-48892690.80800003,2.13468260020651,2.3400000000000034,2.1578571428571443,51.37371731214829,-2.784911659208177,SOLUSDT,0,0,0,0,0,0.0,0.0,0.0,0.0,[],True
2026-06-19,0.1101364301109678,0.0004302617491977,-0.021604938271605,0.0735837438423645,4.780000000000001,0.637321846296272,2957015.95505,1297898.5689994453,-47008119.94000003,2.0346576769292937,0.0300000000000011,1.7857142857142878,62.19999999999997,-2.649378257819876,SOLUSDT,0,0,0,0,0,0.0,0.0,0.0,0.0,[],True
2026-06-20,1.9227104272447717,0.048694566444585,-0.0102730467693972,0.1587276467795537,10.03,0.7506911097895906,3020702.6531,1225744.1849242956,-44740505.31300003,2.2477935586586715,3.480000000000004,1.931428571428574,70.37721893491121,-2.235391937554752,SOLUSDT,0,0,0,0,0,0.0,0.0,0.0,0.0,[],True
2026-06-21,-0.2859765093059083,-0.010433922225159,-0.0144178454842219,0.0826236366352903,5.529999999999987,0.7048880995391593,3011379.5642,1232133.636000858,-46863190.93100003,2.142030920610552,0.7600000000000051,1.6785714285714315,62.68085106382975,-1.946195909568644,SOLUSDT,0,0,0,0,0,0.0,0.0,0.0,0.0,[],True
2026-06-22,-0.156176240541258,-0.0070632521335542,-0.0013879250520471,0.0767734211313979,5.13000000000001,0.8680051335180324,2957613.9217,1226591.6031567852,-49430414.99800003,1.4388511432791773,0.5099999999999909,1.69214285714286,60.82735331363445,-1.7381227148836018,SOLUSDT,0,0,0,0,0,0.0,0.0,0.0,0.0,[],True
2026-06-23,-1.0095492566476534,-0.0316276538350695,0.0,0.0111691325790541,0.769999999999996,0.7634441541283662,2884977.60195,1226118.5955991752,-51632934.28300004,1.380619560225511,2.240000000000009,1.719285714285718,59.86705442459491,-1.7339841980803925,SOLUSDT,0,0,0,0,0,0.0,0.0,0.0,0.0,[],True
2026-06-24,-0.6955944697301021,-0.0232197342450802,-0.0233725265271006,-0.0444725028058361,-3.1700000000000017,1.2000959474398103,2806998.5039,1135581.2455902128,-55001601.81200004,1.2665118064340355,1.5999999999999943,1.7071428571428606,60.292887029288686,-1.838616594339072,SOLUSDT,0,0,0,0,0,0.0,0.0,0.0,0.0,[],True
2026-06-25,-0.077467881932824,-0.0057424879882924,-0.0751160885004097,-0.084617464179508,-6.260000000000005,1.4075098838174964,2640763.89355,600210.4899306595,-58718503.09300004,0.6587823535373275,0.3900000000000005,1.4678571428571456,51.922141119221386,-1.930751758423909,SOLUSDT,0,0,0,1,1,0.31932327152136775,0.5,0.15966163576068387,3.2763194125958397,"[{""name"": ""large_return"", ""value"": -0.077467881932824, ""threshold"": 0.05, ""triggered"": true, ""z_score"": null}]",False
2026-06-26,2.291846395461941,0.0598947074620664,-0.0077284018768973,-0.0220348204570183,-1.6199999999999903,1.648254434329745,2683365.27655,692795.8811432312,-54295634.37700004,0.8900551393242212,4.180000000000007,1.758571428571431,60.31681559707556,-1.6474872658017858,SOLUSDT,0,0,0,0,0,0.0,0.0,0.0,0.0,[],True
2026-06-27,-0.578421530604169,-0.0196635549087781,-0.0201528839471856,-0.0215128383067314,-1.5499999999999972,0.7300745997603467,2632378.3359,710100.9881272498,-56217466.93700004,0.5239116925104355,1.4000000000000057,1.7071428571428595,53.26359832635983,-1.518462523538858,SOLUSDT,0,0,1,0,1,0.38574754326813554,0.5,0.19287377163406777,2.734217583203133,"[{""name"": ""large_return"", ""value"": -0.578421530604169, ""threshold"": 0.05, ""triggered"": true, ""z_score"": null}]",False
2026-06-28,0.5036911989224835,0.0124050082437912,0.0239563907617272,0.0239563907617272,1.6700000000000017,0.6664119616393871,2564892.31345,731244.6281525865,-54508192.019000046,0.5202158043521038,0.8799999999999955,1.6028571428571448,50.22281639928698,-1.329870916084559,SOLUSDT,0,0,0,0,0,0.0,0.0,0.0,0.0,[],True
2026-06-29,1.849174668673495,0.0516014564832503,0.1035090295110849,0.0777172354459421,5.420000000000002,1.4830697235024586,2603870.9029,779455.9664272568,-50646469.919000044,0.6221985459130752,3.780000000000001,1.6800000000000015,52.50850340136052,-0.8654202730239575,SOLUSDT,0,0,0,0,0,0.0,0.0,0.0,0.0,[],True
2026-06-30,-0.60836338324743,-0.0200235138505422,0.0878617838157118,0.0061458617863972,0.4500000000000028,1.0302537996017729,2590414.2299999995,775699.5274633565,-53315254.022000045,0.5590241868552911,1.4899999999999949,1.7535714285714294,50.30549898167007,-0.6105325011328944,SOLUSDT,0,0,0,0,0,0.0,0.0,0.0,0.0,[],True
2026-07-01,1.7321076268277449,0.0501660133918839,0.077329624478442,0.0690035881865858,5.0,1.3754556282520125,2627002.44325,806790.0014862928,-49701928.72600004,0.4691188408150192,3.789999999999992,1.9192857142857147,60.06698920729437,-0.1015402866754158,SOLUSDT,0,0,0,0,0,0.0,0.0,0.0,0.0,[],True
2026-07-02,1.373057388636185,0.0413485793203181,0.1451063829787233,0.1220291869353717,8.780000000000001,1.3998638462335975,2672048.2996,843595.1471855359,-45961424.91600004,0.5580870594328236,3.2700000000000102,1.9857142857142864,69.8201438848921,0.5592546424485221,SOLUSDT,0,0,0,0,0,0.0,0.0,0.0,0.0,[],True
2026-07-03,0.6296942456312955,0.0197467629348345,0.1535444101989354,0.1811791708506671,12.63000000000001,0.6591084353741823,2684258.44375,827737.5012611005,-44192207.53300004,0.4962186200533718,1.6099999999999994,2.098571428571429,71.44315861130022,1.1990312434151775,SOLUSDT,0,0,0,0,0,0.0,0.0,0.0,0.0,[],True
2026-07-04,-0.2096643839094936,-0.0065797727330573,0.0883448642895157,0.200998384965497,13.689999999999998,0.6905901679879185,2684356.8703,827633.4166920655,-46045997.99500004,0.4275370317279246,0.5400000000000063,1.8885714285714288,66.22541603630862,1.6435396203159345,SOLUSDT,0,0,0,0,0,0.0,0.0,0.0,0.0,[],True
2026-07-05,-0.0683438241734611,-0.0025705381679924,0.107506447672051,0.2048139397519197,13.870000000000005,0.5406756715738427,2599492.10385,868482.2994944451,-47451480.13400003,0.3059891946867247,0.2099999999999937,1.8492857142857144,67.63229045963695,1.9563192361747497,SOLUSDT,0,0,0,0,0,0.0,0.0,0.0,0.0,[],True
2026-07-06,0.1674464280375688,0.0042805666780161,0.0578363026077977,0.1396383866481223,10.039999999999992,0.9171341986532858,2609877.2061,864509.1759686299,-45057872.49400003,0.2665240514769105,0.3499999999999943,1.837857142857143,69.41313641663426,2.207000482375534,SOLUSDT,0,0,0,0,0,0.0,0.0,0.0,0.0,[],True
2026-07-07,-0.501909634431108,-0.0167367923555237,-0.0018580453363062,0.1429787234042552,10.079999999999998,0.7203529804037011,2580664.7124,880165.7426393717,-46916862.01100003,0.2232284569138275,1.3599999999999994,1.7749999999999997,71.87122736418513,2.2697621370072056,SOLUSDT,0,0,0,0,0,0.0,0.0,0.0,0.0,[],True
2026-07-08,-1.041443400627513,-0.0347235187919044,-0.0547728928831674,0.0903614457831325,6.450000000000003,0.8429199667829589,2576049.26395,882155.0451425866,-49088265.37100003,0.2145990201214623,2.75,1.8571428571428568,68.69230769230768,2.0736949189891902,SOLUSDT,0,0,0,0,0,0.0,0.0,0.0,0.0,[],True
2026-07-09,0.1660524226504995,0.0026945547836136,-0.045965770171149,0.0383182543906335,2.8800000000000097,0.5708746654190467,2554742.61225,904596.0545981388,-47629827.53700003,0.1848177633140864,0.2100000000000079,1.8442857142857148,69.98450813323007,1.913201287562103,SOLUSDT,0,0,0,0,0,0.0,0.0,0.0,0.0,[],True
2026-07-10,0.1361135656324336,0.0011525902537424,-0.0424071577399192,0.0605402470476448,4.459999999999994,0.7315298370291583,2534048.48465,916170.3694979778,-45776095.46200003,-0.0966462673020034,0.0899999999999892,1.5521428571428564,64.33502070869764,1.7728350374404584,SOLUSDT,0,0,0,0,0,0.0,0.0,0.0,0.0,[],True
2026-07-11,-0.45181402572319,-0.0172996826662005,-0.0628508664876738,-0.0086496256132195,-0.6699999999999875,0.537665378549083,2494987.6271,950637.1118904222,-47117563.92900003,-0.0958039345079519,1.3399999999999892,1.547857142857141,64.51315182279652,1.5357636444683465,SOLUSDT,0,0,0,0,0,0.0,0.0,0.0,0.0,[],True
2026-07-12,0.1511299505165471,0.0016914973781267,-0.0454206999255397,-0.0471943515421776,-3.8100000000000014,0.4570707655349724,2421977.17175,999609.0536100093,-46010548.96900003,-0.1362341878166867,0.1299999999999954,1.4942857142857124,63.2409177820268,1.34289273949625,SOLUSDT,0,0,0,0,0,0.0,0.0,0.0,0.0,[],True
2026-07-13,-0.7370382737386068,-0.025144482739034,-0.0362328151098547,-0.0890211318921544,-7.329999999999998,0.6683917160771451,2391783.6256,1015579.2358485612,-47609197.33100003,-0.2140826160666276,1.9099999999999968,1.3607142857142835,49.60629921259845,1.0241147627859704,SOLUSDT,0,0,0,0,0,0.0,0.0,0.0,0.0,[],True
2026-07-14,1.3447468309448567,0.0374193316073496,-0.0021783700666324,-0.048044009779951,-3.9299999999999926,0.7772528698012102,2313249.22925,996614.5464829932,-45811217.72900003,-0.2017709019538278,2.8599999999999994,1.4585714285714266,60.28403525954948,0.9908372623686716,SOLUSDT,0,0,0,0,0,0.0,0.0,0.0,0.0,[],True
2026-07-15,-0.1834230244780107,-0.007476188470115,-0.0107513119160372,-0.052702537075622,-4.299999999999997,0.8071689208096365,2216873.7446000003,945626.8763449466,-47600609.31700003,-0.213773124118932,0.5799999999999983,1.2292857142857128,49.50610110400934,0.9072057476557518,SOLUSDT,0,0,0,0,0,0.0,0.0,0.0,0.0,[],True
2026-07-16,-0.7875017384224073,-0.0258188773298281,-0.0191431175934367,-0.0807908225530876,-6.6200000000000045,0.7362222190620918,2072003.0427,800719.7322438323,-49126063.99500004,-0.5757218261238013,1.970000000000013,1.1364285714285702,32.99811439346318,0.6741929569529646,SOLUSDT,0,0,0,0,0,0.0,0.0,0.0,0.0,[],True
2026-07-17,-0.0691259393764618,-0.0037243990909822,-0.0244409776391054,-0.0687515512534127,-5.539999999999992,0.666097042448264,2043986.06845,815909.6933353223,-50487557.07000004,-0.6626337931715721,0.2799999999999869,1.0414285714285694,24.96570644718789,0.4616137852404876,SOLUSDT,0,0,0,0,0,0.0,0.0,0.0,0.0,[],True
2026-07-18,0.0115518493127447,-0.001333511332428,-0.0009332089054793,-0.0371322112296029,-2.890000000000001,0.0764593768853977,1966038.4262,917688.1422091305,-50637879.14300004,-0.6872570948967938,0.1000000000000085,1.009999999999998,25.742574257425687,0.2818253881980581,SOLUSDT,0,0,0,0,0,0.0,0.0,0.0,0.0,[],True
