timestamp,close,volume,return,log_return,rolling_return_5d,rolling_return_10d,price_momentum,rolling_volume_mean,rolling_volume_std,volume_ratio_20d,obv,volatility_20d,true_range,atr_14d,rsi_14d,macd,symbol
2025-08-20,225.975,1167075.0,-0.019886363636363646,-0.020086758566737344,-0.031065088757396442,0.059547532528425595,12.699999999999989,1396258.4,614977.0807754503,0.835858892594666,634811.0,0.3082876328681942,4.585000000000008,3.4889285714285694,68.55358788002867,5.356464664427165,AAPL
2025-08-21,224.9,772469.0,-0.004757163403031228,-0.004768514719204544,-0.03385170547297878,0.02148339919153397,4.730000000000018,1386192.75,623839.5520990512,0.5572594431762826,-137658.0,0.3089820996623367,1.0749999999999886,3.1692857142857127,75.4676583276989,4.901519827205192,AAPL
2025-08-22,227.74,1273052.0,0.012627834593152532,0.012548768417188964,-0.016878912151953362,-0.0070847775379853095,-1.625,1413405.6,605247.1523010815,0.9006982850499531,1135394.0,0.31086622119050294,2.8400000000000034,3.2971428571428567,76.41897746967074,4.715776495168541,AAPL
2025-08-25,227.15,762910.0,-0.002590673575129543,-0.0025940351770466466,-0.01621949370926179,-0.00030807147258160583,-0.06999999999999318,1405586.05,612928.280111009,0.5427700424317672,372484.0,0.3113916408647425,0.5900000000000034,3.309285714285715,76.13857112022447,4.469444522830173,AAPL
2025-08-26,229.3,923026.0,0.009465111160026352,0.009420597658446389,-0.005464954892435814,-0.0014370944562992483,-0.3299999999999841,1396342.55,619017.7467390087,0.6610312061320484,1295510.0,0.3062690375811273,2.1500000000000057,2.723928571428573,71.01088239150386,4.397025518601225,AAPL
2025-08-27,230.5,952676.0,0.005233318796336706,0.005219672572844481,0.020024338975550338,-0.01166280764942973,-2.719999999999999,1402535.9,613636.9134880556,0.6792524882963781,2248186.0,0.30094971996789416,1.1999999999999886,2.317142857142859,65.92170160295932,4.385904925332369,AAPL
2025-08-28,232.595,1159353.0,0.009088937093275407,0.009047881286119157,0.03421520675855927,-0.0007947418163072317,-0.18500000000000227,1378855.65,613415.0936051873,0.8408081005433745,3407539.0,0.29868361819746836,2.094999999999999,1.8100000000000003,56.37332280978688,4.494332894419927,AAPL
2025-08-29,232.27,1208045.0,-0.0013972785313527414,-0.0013982556352968019,0.019891103890401274,0.002676451543276448,0.6200000000000045,1339542.95,596868.1180990511,0.901833718732199,2199494.0,0.2746992307812621,0.32499999999998863,1.6799999999999986,60.7355442176871,4.502140187643306,AAPL
2025-09-02,229.69,1246862.0,-0.011107762517759578,-0.01116991438586252,0.011182038300682429,-0.00521882240845406,-1.2050000000000125,1308114.35,583565.9373163616,0.9531750798391593,952632.0,0.28216939455688944,2.5800000000000125,1.692142857142857,50.12663571127058,4.251138606121515,AAPL
2025-09-03,238.485,1989098.0,0.038290739692629305,0.03757584156711905,0.04005669428696024,0.034372831367106116,7.925000000000011,1359138.25,596782.9725939675,1.4634993901466609,2941730.0,0.30204665958583254,8.795000000000016,2.0639285714285722,59.11057276345391,4.707634362979121,AAPL
2025-09-04,239.71,1423459.0,0.005136591399878432,0.005123444116536683,0.0399566160520608,0.06078105985175353,13.735000000000014,1321202.85,564979.1498376663,1.0773962529675136,4365189.0,0.2564790521464572,1.2249999999999943,2.1200000000000006,61.6745283018868,5.109360276608555,AAPL
2025-09-05,239.67,2004733.0,-0.0001668682991949888,-0.00016688222325863833,0.030417678797910463,0.06567363272565574,14.769999999999982,1296001.7,518553.472750588,1.5468598536560563,2360456.0,0.2374351545927166,0.040000000000020464,2.0421428571428595,64.02588317593559,5.362685590402435,AAPL
2025-09-08,237.9,1553530.0,-0.007385154587557841,-0.007412559853148201,0.024239032160847218,0.04461227715816274,10.159999999999997,1232146.05,379660.6797231438,1.2608326748277934,806926.0,0.1950485699681446,1.7699999999999818,2.1146428571428584,61.830771829082906,5.3588500318033425,AAPL
2025-09-09,234.35,2133357.0,-0.014922236233711694,-0.015034692940196914,0.02028821455004559,0.0316971164428792,7.199999999999989,1253046.35,417300.8573100626,1.7025363826326136,-1326431.0,0.20024336594166744,3.5500000000000114,2.3442857142857156,55.77391834247408,5.01158456530203,AAPL
2025-09-10,226.81,2755480.0,-0.03217409857051412,-0.032703061776370584,-0.04895486089271861,-0.01085913650239867,-2.490000000000009,1328292.85,535710.0566128419,2.07445218123398,-4081911.0,0.2301319838444371,7.539999999999992,2.5553571428571433,51.16701607267646,4.08091692556107,AAPL
2025-09-11,229.99,1333481.0,0.014020545831312514,0.013923167124774314,-0.04054899670435108,-0.00221258134490232,-0.5099999999999909,1315624.1,532258.4502900329,1.0135729499026356,-2748430.0,0.2286969672360394,3.180000000000007,2.7057142857142873,56.718585005279834,3.55893040524478,AAPL
2025-09-12,234.04,1768033.0,0.01760946128092522,0.01745621120291649,-0.02349063295364462,0.006212515316322387,1.4449999999999932,1355413.8,534975.5617425411,1.304423047780685,-980397.0,0.23754054183107948,4.049999999999983,2.7921428571428573,58.05832693783574,3.432485918897328,AAPL
2025-09-15,236.745,1528759.0,0.011557853358400427,0.01149157159895473,-0.00485498108448934,0.01926637103371065,4.474999999999994,1378979.25,531528.9616881192,1.1086163914359117,548362.0,0.2398799210522248,2.7050000000000125,2.9432142857142867,61.64300448974638,3.510086553025161,AAPL
2025-09-16,238.14,1451954.0,0.005892415890514924,0.00587512350403889,0.01617239172178353,0.03678871522486826,8.449999999999989,1409749.7,516062.60798535106,1.0299374420863505,2000316.0,0.23982484588508174,1.3949999999999818,2.8892857142857133,60.92707045735473,3.6421658355694717,AAPL
2025-09-17,238.98,1210638.0,0.003527336860670305,0.0035211303985789606,0.05365724615316769,0.0020756022391343887,0.4949999999999761,1430899.5,497561.0456981768,0.846067805600603,3210954.0,0.23962090622155743,0.8400000000000034,2.863571428571429,60.57620354203041,3.771149138582018,AAPL
2025-09-18,237.87,1384022.0,-0.004644740145618775,-0.004655560469190539,0.03426235923301002,-0.007675941762963601,-1.8400000000000034,1441746.85,493857.73163909576,0.9599618684791993,1826932.0,0.2270146846928731,1.1099999999999852,2.793214285714285,56.74466180795295,3.7406813658587055,AAPL
2025-09-19,245.32,1851825.0,0.03131962836843649,0.030839174805365716,0.048196889420611955,0.02357408102808023,5.650000000000006,1495714.65,475504.96719772875,1.2380870910103075,3678757.0,0.24664126368123235,7.449999999999989,3.3021428571428566,64.11421155094092,4.268483750581396,AAPL
2025-09-22,256.12,3191331.0,0.04402413174629061,0.043082603892818504,0.08183910959048757,0.07658680117696504,18.22,1591628.6,604262.9672129422,2.005072665821662,6870088.0,0.28292568942305085,10.800000000000011,3.8892857142857133,74.26997245179065,5.494898909545526,AAPL
2025-09-23,254.45,1817392.0,-0.006520381071372872,-0.006541731615759836,0.06848912404467966,0.08576914870919561,20.099999999999994,1644352.7,573362.1487025912,1.105232472327865,5052696.0,0.28485271827465297,1.670000000000016,3.380357142857142,66.86740623349179,6.2599261832690445,AAPL
2025-09-24,252.22,1506113.0,-0.00876400078600903,-0.00880263050711324,0.05540212570089542,0.11203209735020492,25.409999999999997,1673507.05,549063.1926902472,0.89997409930242,3546583.0,0.28909562533954253,2.2299999999999898,3.452142857142856,62.94227188081936,6.610076597915452,AAPL
2025-09-25,256.91,1667057.0,0.018594877487907446,0.018424106482530667,0.08004372136040705,0.11704856732901447,26.920000000000016,1709226.1,522285.6947374277,0.9753285419641088,5213640.0,0.29314323075508264,4.690000000000026,3.7842857142857134,66.27029067572673,7.183213514257602,AAPL
2025-09-26,255.45,1360873.0,-0.005682923981160881,-0.005699133233452217,0.04129300505462252,0.09148008887369685,21.409999999999997,1719302.1,512980.12335945707,0.79152639899643,3852767.0,0.2954908888372738,1.4600000000000364,3.76214285714286,66.66033795329406,7.433925189291983,AAPL
2025-09-29,254.37,977267.0,-0.004227833235466716,-0.004236795792785541,-0.006832734655630168,0.07444719001457267,17.625,1707763.2,527476.2591486286,0.5722497123723008,2875500.0,0.29645517420846024,1.079999999999984,3.5857142857142867,69.9402390438247,7.459480772987945,AAPL
2025-09-30,254.56,1057345.0,0.0007469434288633892,0.0007466646054553308,0.000432304971507147,0.0689510372050055,16.420000000000016,1698287.35,537793.29620455,0.6225948747719283,3932845.0,0.29099746934741894,0.18999999999999773,3.0607142857142873,82.38039673278878,7.4096513212057005,AAPL
2025-10-01,255.43,1082404.0,0.003417661847894493,0.0034118349141929287,0.012726984378716999,0.06883421206795548,16.450000000000017,1652952.65,550064.4806977558,0.6548306147789533,5015249.0,0.2636196198488299,0.8700000000000045,2.8957142857142872,81.37641835224468,7.355572390935237,AAPL
2025-10-02,257.43,1097559.0,0.0078299338370591,0.007799438983469705,0.002024055116577772,0.0822297893807542,19.560000000000002,1636657.65,561920.2020586265,0.6706100081467863,6112808.0,0.2640052566145032,2.0,2.7492857142857168,80.38451545856066,7.388922831424907,AAPL
2025-10-03,258.04,1483654.0,0.002369576195470735,0.0023667731769017827,0.010138970444314,0.051850644056742334,12.720000000000027,1610603.7,556004.8486902456,0.9211788101567133,7596462.0,0.26366548653608446,0.6100000000000136,2.59964285714286,79.25539222420662,7.379508813786629,AAPL
2025-10-06,256.65,1245721.0,-0.005386761742365742,-0.005401322657728965,0.008963321146361558,0.0020693424957050066,0.5299999999999727,1595213.25,561896.745622302,0.7809118937546438,6350741.0,0.2626315320809531,1.3900000000000432,2.5992857142857213,75.43281121187131,7.177153001519741,AAPL
2025-10-07,256.48,1662715.0,-0.0006623806740695404,-0.000662600145069148,0.007542426147077341,0.007977991746905166,2.0300000000000296,1571681.15,547852.9238888917,1.0579213220187824,4688026.0,0.2537845821107535,0.16999999999995907,2.5514285714285756,74.49608062709967,6.923259952005566,AAPL
2025-10-08,258.02,866667.0,0.006004366812226936,0.005986412435747567,0.010139764318991329,0.02299579731980006,5.799999999999983,1477240.5,493110.3327509339,0.5866796909507964,5554693.0,0.21327688839951509,1.5399999999999636,2.5821428571428595,77.86998616874129,6.768292349656804,AAPL
2025-10-09,254.03,893881.0,-0.015463917525773141,-0.015584731016698203,-0.01320747387639365,-0.011210151414892455,-2.880000000000024,1455260.5,509384.4225837692,0.6142412303501675,4660812.0,0.22494181428647775,3.9899999999999807,2.3350000000000017,63.322116855307435,6.251456850954412,AAPL
2025-10-10,245.295,1586214.0,-0.03438570247608552,-0.03499080242782871,-0.049391567198884045,-0.03975337639459775,-10.155000000000001,1446169.55,505113.1496176689,1.0968381957703368,3074598.0,0.2595721387003706,8.735000000000014,2.187500000000002,32.32653061224488,5.078477963356221,AAPL
2025-10-13,247.54,878932.0,0.009152245255712455,0.009110617259412625,-0.03549581141632563,-0.026850650627039396,-6.8300000000000125,1413678.2,520195.8259206057,0.6217341400610125,3953530.0,0.2585945929175505,2.2450000000000045,2.22857142857143,38.926282051282065,4.280691336738187,AAPL
2025-10-14,247.96,864087.0,0.0016966954835582193,0.0016952577218423929,-0.03321896444167194,-0.025927089880578236,-6.599999999999994,1384284.85,534335.6090346684,0.6242118448381487,4817617.0,0.25826245607137344,0.4200000000000159,2.0992857142857173,42.75263695134402,3.6403663006501006,AAPL
2025-10-15,249.405,1113159.0,0.005827552831101812,0.0058106383267338135,-0.03338888458259037,-0.02358767568414044,-6.025000000000006,1379410.9,536443.316710202,0.8069814440352763,5930776.0,0.25855438733798003,1.4449999999999932,1.8675000000000008,35.647351310001866,3.212472140744609,AAPL
2025-10-16,247.45,1099909.0,-0.007838656001283084,-0.007869539762557403,-0.02590245246624423,-0.038767820378355355,-9.980000000000018,1365205.25,540064.3845067164,0.8056729931268577,4830867.0,0.2599309227845056,1.9550000000000125,1.902857142857142,34.984984984984976,2.68466364348825,AAPL
2025-10-17,252.34,1549814.0,0.019761567993534124,0.019568843101700182,0.028720520189975396,-0.022089598511858655,-5.700000000000017,1350104.7,529868.0235939691,1.1479213426929038,6380681.0,0.24553932305686785,4.890000000000015,2.175000000000001,46.666666666666664,2.6306294801849504,AAPL
2025-10-20,262.245,2779230.0,0.03925259570420869,0.038501796818126814,0.059404540680294105,0.021800116890707377,5.595000000000027,1329499.65,457581.50264524634,2.090433043739425,9159911.0,0.234940879560546,9.905000000000001,2.868928571428573,59.56678700361011,3.3484587883640415,AAPL
2025-10-21,262.73,1663932.0,0.0018494156227955028,0.0018477075593444922,0.05956605904178103,0.02436837180286955,6.25,1321826.65,450196.7027782967,1.2588125681987121,10823843.0,0.2331237933680083,0.48500000000001364,2.8414285714285734,59.17546505781801,3.911391052169705,AAPL
2025-10-22,258.4,1745133.0,-0.016480797777185807,-0.016618116968619697,0.03606583669132535,0.0014727540500736325,0.37999999999999545,1333777.65,458443.2830552216,1.3084137374771576,9078710.0,0.23924864876669552,4.330000000000041,3.007857142857148,51.15174542863924,3.962447486180764,AAPL
2025-10-23,259.59,1301904.0,0.004605263157894779,0.0045946913783104035,0.04906041624570623,0.021887178679683483,5.559999999999974,1315520.0,451693.22382552386,0.9896497202627098,10380614.0,0.23085665350978654,1.1899999999999977,3.0492857142857184,51.81541344577179,4.052221644039236,AAPL
2025-10-24,262.78,1585517.0,0.012288608960283609,0.012213716926919003,0.04137275105017024,0.07128151817199702,17.484999999999985,1326752.2,455656.08219653426,1.1950362697721548,11966131.0,0.23315216582806733,3.1899999999999977,3.1778571428571434,56.88918858170375,4.330851293141592,AAPL
2025-10-27,268.75,1830875.0,0.022718623943983607,0.022464399228196534,0.02480504871398881,0.08568312191968985,21.210000000000008,1369432.6,461142.42583465873,1.3369588251367754,13797006.0,0.24372525926140853,5.970000000000027,3.592142857142863,62.199244382580986,4.976035761319906,AAPL
2025-10-28,269.01,2094563.0,0.0009674418604650459,0.0009669741901932495,0.023902866060213857,0.08489272463300535,21.049999999999983,1421293.5,482047.1023689108,1.4737019482605105,15891569.0,0.24370109815750177,0.2599999999999909,3.500714285714293,61.211997551520085,5.445555948510048,AAPL
2025-10-29,269.82,2019543.0,0.0030110404817664804,0.003006516378605158,0.04419504643962857,0.08185481445841103,20.414999999999992,1468150.45,492798.8628296085,1.3755695133288282,17911112.0,0.24369338908066093,0.8100000000000023,3.2735714285714375,67.22670739690153,5.815971411995065,AAPL
2025-10-30,271.32,3173417.0,0.005559261730042175,0.0055438660672076845,0.045186640471512884,0.09646393210749649,23.870000000000005,1571943.35,614273.2259749835,2.0187858551009485,21084529.0,0.2432114926913471,1.5,2.7567857142857224,83.71550719005043,6.15956220062867,AAPL
2025-10-31,270.41,2147498.0,-0.003353973168214508,-0.0033596103443753983,0.029035695258391225,0.07160973290005557,18.07000000000002,1605135.55,627053.8476768689,1.3378919929846422,18937031.0,0.2441744924625132,0.9099999999999682,2.661428571428577,80.6897477187332,6.285970229323084,AAPL
2025-11-03,269.08,1452789.0,-0.004918457157649603,-0.004930592576098303,0.0012279069767440198,0.026063413983107298,6.8349999999999795,1615488.95,622500.0877004779,0.8992874881626396,17484242.0,0.24398057019270464,1.330000000000041,2.7264285714285785,77.66570605187309,6.20727600417689,AAPL
2025-11-04,270.21,2835045.0,0.004199494574104401,0.004190701306356149,0.004460800713728119,0.028470292695923494,7.479999999999961,1674105.45,679744.1315208226,1.6934685924354407,20319287.0,0.24376043412437795,1.1299999999999955,2.703928571428579,77.47985735041595,6.165025246536118,AAPL
2025-11-05,270.11,1141385.0,-0.000370082528403759,-0.00037015102584299884,0.0010747906011416841,0.04531733746130051,11.710000000000036,1687841.35,665188.9454859127,0.6762395055672739,19177902.0,0.24367236655653868,0.0999999999999659,2.5714285714285756,81.4722222222222,6.053688895147616,AAPL
2025-11-06,269.85,1251348.0,-0.0009625708044870285,-0.0009630343732662433,-0.00541795665634659,0.039523864555645716,10.260000000000048,1705714.7,647294.556115326,0.733620927345001,17926554.0,0.23484610901385727,0.2599999999999909,2.240714285714288,77.90883009244502,5.8767309116364,AAPL
2025-11-07,268.47,2474156.0,-0.00511395219566424,-0.005127073201775251,-0.0071742908916090364,0.021653093842758375,5.690000000000055,1750111.8,668762.1782317098,1.4137131124994415,15452398.0,0.19188468621034935,1.3799999999999955,1.6317857142857162,63.624425476034176,5.561031854336875,AAPL
2025-11-10,269.4,1968635.0,0.003464074198234357,0.0034580881133869958,0.0011892374015163298,0.0024186046511627257,0.6499999999999773,1804596.95,637719.60854079,1.0909001037600115,17421033.0,0.191152862037746,0.92999999999995,1.663571428571426,64.31945040790032,5.324503739878992,AAPL
2025-11-11,275.405,2070329.0,0.02229027468448397,0.022045477563795598,0.019225787350579226,0.02377235047024273,6.394999999999982,1864909.05,600015.0546993297,1.1101501169721923,19491362.0,0.2011378932135692,6.0049999999999955,1.7832142857142799,84.05768075305437,5.5575429238236325,AAPL
2025-11-12,273.47,1499206.0,-0.007026016230641918,-0.007050814908218895,0.012439376550294368,0.013527536876436264,3.650000000000034,1884211.4,580449.1101608896,0.795667619885964,17992156.0,0.2058426068520011,1.9349999999999454,1.8364285714285618,76.99338778685362,5.522430684192557,AAPL
2025-11-13,273.05,1154305.0,-0.001535817457125166,-0.0015369980336775208,0.011858439874004034,0.006376234704408068,1.7300000000000182,1886931.2,576696.0054856596,0.6117366653325781,16837851.0,0.20193113083328146,0.4200000000000159,1.6385714285714204,72.3844812554492,5.398483138222957,AAPL
2025-11-14,272.48,1297451.0,-0.0020875297564548756,-0.0020897116837845673,0.014936491973032373,0.007655042343108542,2.069999999999993,1874313.05,587126.8991133613,0.6922274803560696,15540400.0,0.19555491889421012,0.5699999999999932,1.2528571428571322,60.632839224629556,5.194381976700072,AAPL
2025-11-17,267.5,1814235.0,-0.0182765707574869,-0.018445650578317024,-0.007052709725315465,-0.005871859669986601,-1.579999999999984,1826063.3,547136.845952599,0.9935225137047549,13726165.0,0.16130907560203614,4.980000000000018,1.5899999999999912,46.60826594788859,4.57801346580095,AAPL
2025-11-18,267.44,1287868.0,-0.00022429906542054123,-0.000224324224218049,-0.02892104355403846,-0.010251286036786156,-2.769999999999982,1807260.1,559328.1802718329,0.7126079970448083,12438297.0,0.1613392496810041,0.060000000000002274,1.5364285714285626,44.46768944676893,4.03814624540081,AAPL
2025-11-19,268.49,1613219.0,0.003926114268621106,0.003918427195644794,-0.018210406991626238,-0.005997556551034733,-1.6200000000000045,1800664.4,560874.9911589175,0.8959020903617576,14051516.0,0.14781251097270934,1.0500000000000114,1.5042857142857062,43.28110161443495,3.65291527505417,AAPL
2025-11-20,266.395,1929776.0,-0.007802897687064769,-0.007833499586158175,-0.024372825489837102,-0.012803409301463953,-3.455000000000041,1832058.0,548933.4666169528,1.0533378310075336,12121740.0,0.15138412411802768,2.0950000000000273,1.5889285714285677,40.975500112384694,3.142344967517033,AAPL
2025-11-21,271.49,2337119.0,0.019125734341860934,0.018945136561807546,-0.003633294186729308,0.011248929116847162,3.019999999999982,1869638.1,556837.4011651026,1.2500381758373451,14458859.0,0.15966297398440624,5.095000000000027,1.8578571428571382,54.63283352556715,3.112954043178661,AAPL
2025-11-24,275.86,1726808.0,0.01609635714022617,0.015968184364236675,0.03125233644859815,0.02397921306607298,6.460000000000036,1864434.75,557704.2367415372,0.9261831233300066,16185667.0,0.14949583992306265,4.3700000000000045,2.0892857142857104,59.65811965811973,3.4030556945582475,AAPL
2025-11-25,276.9,1690125.0,0.0037700282752120007,0.0037629395295422892,0.035372419982051984,0.00542836912910083,1.4950000000000045,1844212.85,556251.2055866084,0.9164479035052814,17875792.0,0.149731936550337,1.0399999999999636,2.156428571428567,61.24544551175883,3.6745250146469743,AAPL
2025-11-26,277.595,1164523.0,0.0025099313831709047,0.002506786766146328,0.0339118775373386,0.015083921453907134,4.125,1801461.85,574620.1189659565,0.6464322294696387,19040315.0,0.1496749092745272,0.69500000000005,2.1875,62.64489795918368,3.900781319392877,AAPL
2025-11-28,278.77,662450.0,0.004232785172643361,0.004223852136361934,0.046453574579102375,0.020948544222669785,5.71999999999997,1675913.5,531800.1523308404,0.39527696387671557,19702765.0,0.1492669803625957,1.1749999999999545,2.17285714285714,66.92965154503611,4.127326500383049,AAPL
2025-12-01,283.17,1647255.0,0.015783620906123508,0.01566035492553833,0.043021842425135404,0.0392322372284204,10.689999999999998,1650901.35,520087.73826571275,0.9977912974630494,21350020.0,0.15647189027574662,4.400000000000034,2.420714285714289,70.31572735320157,4.608781254715723,AAPL
2025-12-02,286.09,1538529.0,0.010311826817812397,0.010259022626536291,0.037084028130210944,0.0694953271028036,18.589999999999975,1655188.35,518720.3550862117,0.9295189879749939,22888549.0,0.15642271782831096,2.919999999999959,2.2003571428571433,67.34296380457718,5.166402144808728,AAPL
2025-12-03,284.16,1511947.0,-0.006746128840574461,-0.006768986827693818,0.026218851570964485,0.06251869578223168,16.720000000000027,1589033.45,438494.57073725516,0.9514884661490292,21376602.0,0.16019645256180237,1.92999999999995,2.2000000000000006,67.35389610389609,5.3904481168779625,AAPL
2025-12-04,280.68,1646319.0,-0.012246621621621712,-0.012322229419717366,0.01111331255966408,0.045402063391560166,12.189999999999998,1614280.15,425714.0666907126,1.019847143632411,19730283.0,0.16842165460299902,3.480000000000018,2.4185714285714295,61.26698168930891,5.226946264603157,AAPL
2025-12-05,278.815,1020801.0,-0.006644577454752776,-0.006666750936387015,0.00016142339563085528,0.04662249666848117,12.420000000000016,1602752.8,438973.50507562375,0.6369048302395728,18709482.0,0.170924889979445,1.865000000000009,2.5110714285714306,59.010098136822606,4.890505254819743,AAPL
2025-12-08,277.96,1336404.0,-0.003066549504151528,-0.003071261001574415,-0.01839884168520689,0.023831448672142486,6.46999999999997,1545865.2,391228.2407351166,0.8645022864865578,17373078.0,0.16999586827477522,0.8550000000000182,2.2164285714285734,66.8546567837576,4.502974489264943,AAPL
2025-12-09,277.24,869743.0,-0.0025903007626996155,-0.0025936613963426017,-0.030934321367401707,0.005002537519031458,1.3799999999999955,1490920.6,405628.8123514164,0.5833597040647235,16503335.0,0.17056385533439453,0.7199999999999704,2.2635714285714283,65.46229094351533,4.090601673069443,AAPL
2025-12-10,278.75,867993.0,0.00544654451017168,0.005431765724544557,-0.019038569819819884,0.006681112314915305,1.8500000000000227,1430803.8,404332.0705864107,0.6066471168164356,17371328.0,0.15288286270598517,1.509999999999991,2.29642857142857,65.95645412130636,3.841356854989556,AAPL
2025-12-11,278.08,1021332.0,-0.002403587443946198,-0.002406480697301307,-0.009263217899387333,0.0017471496244527707,0.4849999999999568,1406910.1,414079.45835664956,0.7259397739770295,16349996.0,0.15067004195811134,0.6700000000000159,2.194642857142855,69.01545972335234,3.5488561359242112,AAPL
2025-12-12,278.315,982006.0,0.0008450805523589899,0.0008447236728361454,-0.0017933038035973237,-0.0016321698891559322,-0.4549999999999841,1398295.15,421340.2156531702,0.7022880684381978,17332002.0,0.1504007369240406,0.23500000000001364,1.8474999999999966,63.19350473612991,3.297992539665927,AAPL
2025-12-15,274.115,1867919.0,-0.015090814365018024,-0.015205839385374178,-0.013832925600805734,-0.03197725747784019,-9.055000000000007,1426818.55,433293.9503115359,1.3091496462531973,15464083.0,0.16067087267982577,4.199999999999989,1.8353571428571382,46.604397742751495,2.7288202914331805,AAPL
2025-12-16,274.56,1160746.0,0.001623406234609437,0.0016220899351081395,-0.009666714759774986,-0.04030200286623087,-11.529999999999973,1394144.1,427137.3501907658,0.8325868179623612,16624829.0,0.14482247237106718,0.4449999999999932,1.7928571428571405,45.338645418326735,2.287288526676093,AAPL
2025-12-17,271.85,1177959.0,-0.009870337995337874,-0.009919372707667667,-0.024753363228699476,-0.0433206644144144,-12.310000000000002,1388648.65,429278.3044800791,0.8482772082052578,15446870.0,0.15015626599355858,2.7099999999999795,1.9367857142857068,39.4062327125207,1.6991107790552746,AAPL
2025-12-18,272.24,1556342.0,0.0014346146772117319,0.0014335866007206515,-0.02100115074798614,-0.030069830411856957,-8.439999999999998,1385804.8,427898.4667521016,1.1230600442428833,17003212.0,0.1497414803725645,0.38999999999998636,1.8807142857142805,37.59969616407142,1.2500357827249786,AAPL
2025-12-19,273.865,1743005.0,0.00596899794299155,0.005951254048605269,-0.015989077124840545,-0.017753707655613904,-4.949999999999989,1376466.25,417308.9228841423,1.266289674737757,18746217.0,0.14728515100298223,1.625,1.6824999999999923,30.248354914030884,1.0135806057400032,AAPL
2025-12-22,270.82,957616.0,-0.01111861683676274,-0.011180890686577592,-0.012020502343906836,-0.025687149230104955,-7.139999999999986,1307491.1,360279.0150299294,0.7324072798659967,17788601.0,0.13790289051932803,3.045000000000016,1.691428571428568,17.757601351351312,0.5738669416549556,AAPL
2025-12-23,272.23,757775.0,0.005206410161731068,0.005192903668291256,-0.008486305361305346,-0.018070985427788178,-5.009999999999991,1259039.45,366033.3810609235,0.6018675586376583,18546376.0,0.1258425874542227,1.410000000000025,1.6542857142857161,24.24438687392056,0.3353007724526833,AAPL
2025-12-24,273.9,431640.0,0.0061345186055907774,0.006115779046063169,0.007540923303292146,-0.017399103139013494,-4.850000000000023,1196115.2,395047.90906308417,0.3608682508173126,18978016.0,0.1272120870817202,1.669999999999959,1.5249999999999975,34.12177985948469,0.27778823792152707,AAPL
2025-12-26,273.39,852858.0,-0.001861993428258435,-0.0018637290928872714,0.004224213928886167,-0.016865650172612212,-4.689999999999998,1180531.95,402437.62794192426,0.7224353394247399,18125158.0,0.1267795752640098,0.5099999999999909,1.4282142857142819,36.43410852713172,0.18887912126126594,AAPL
2025-12-29,273.79,575505.0,0.0014631113061926992,0.0014620420017261108,-0.0002738575575557123,-0.016258555952787246,-4.524999999999977,1176184.7,408748.7695102149,0.48929815189740183,18700663.0,0.12571759783697006,0.4000000000000341,1.395714285714283,39.32958034800418,0.14897734471816193,AAPL
2025-12-30,273.05,585588.0,-0.002702801417144518,-0.0027064605797084682,0.008234251532383219,-0.0038852306513689205,-1.0649999999999977,1123101.35,413265.30082862655,0.5214026320954916,18115075.0,0.10928799077807755,0.7400000000000091,1.3971428571428572,39.28936605316974,0.056986182529499274,AAPL
2025-12-31,272.035,686177.0,-0.003717267899651988,-0.003724194109683977,-0.0007163060647246144,-0.009196532634032528,-2.5249999999999773,1080483.75,412117.35216496204,0.6350646180472405,17428898.0,0.09958994834491332,1.0149999999999864,1.3617857142857142,32.38919485969059,-0.09670474149328356,AAPL
2026-01-02,271.01,1057525.0,-0.0037678975131877346,-0.0037750139205760076,-0.010551296093464724,-0.0030899393047637558,-0.8400000000000318,1057762.65,399408.45255996217,0.9997753276692083,16371373.0,0.0984592215433439,1.025000000000034,1.3871428571428583,31.797116374871294,-0.2977821920354131,AAPL
2026-01-05,267.175,1447808.0,-0.014150769344304592,-0.014251846156942267,-0.02273309191996775,-0.018604907434616513,-5.064999999999998,1047837.1,386262.9043748487,1.381710954880296,14923565.0,0.10119232213135423,3.8349999999999795,1.644285714285713,25.803649000868816,-0.7578539018101651,AAPL
2026-01-06,262.22,1802408.0,-0.018545896884064716,-0.018720028339704615,-0.04225866540048939,-0.04252095010315293,-11.644999999999982,1086917.45,421331.3742691405,1.6582749683520124,13121157.0,0.11554632551872654,4.954999999999984,1.6982142857142841,24.984227129337555,-1.5049430886501227,AAPL
2026-01-07,260.35,1663252.0,-0.00713141636793535,-0.007156966462347705,-0.046511627906976716,-0.0386603648179602,-10.46999999999997,1103259.85,437544.51840052067,1.5075795606991407,11457905.0,0.11645686301978062,1.8700000000000045,1.7999999999999992,21.805555555555586,-2.22229281522101,AAPL
2026-01-08,259.08,1748334.0,-0.00487804878048792,-0.004889985294191904,-0.04762254856911807,-0.04830474231348503,-13.150000000000034,1147189.4,456557.6771406226,1.5240151277548417,9709571.0,0.11657028492437377,1.2700000000000387,1.6971428571428606,23.127104377104345,-2.860304221335298,AAPL
2026-01-09,259.345,1100757.0,0.0010228500849160937,0.0010223273302040873,-0.043042692151580964,-0.05313983205549455,-14.55499999999995,1158827.6,452010.1141495782,0.9498884907470273,10810328.0,0.11314721413075837,0.2650000000000432,1.6882142857142932,22.7205415697061,-3.3064350469651345,AAPL
2026-01-12,260.27,1421299.0,0.0035666775916249893,0.003560332080888255,-0.025844483952465747,-0.047990050843117915,-13.120000000000005,1178825.95,454448.0306296935,1.2056902887148013,12231627.0,0.11591912372005868,0.9249999999999545,1.6382142857142898,20.36189230433837,-3.544498399843633,AAPL
2026-01-13,261.05,1279908.0,0.0029968878472357297,0.002992406130753072,-0.004461902219510372,-0.04653201358705583,-12.740000000000009,1193721.05,452535.5145327462,1.0722002430969948,13511535.0,0.11717916732524519,0.7800000000000296,1.4764285714285765,26.366715045960447,-3.628399905377023,AAPL
2026-01-14,260.1,1600138.0,-0.00363914958820144,-0.003645787401955459,-0.0009602458229306388,-0.04742721113349202,-12.949999999999989,1180332.0,435166.39132393216,1.3556677273851763,11911397.0,0.10845467694137229,0.9499999999999886,1.4435714285714312,19.99010390895603,-3.728568892272051,AAPL
2026-01-15,258.09,1262047.0,-0.007727797001153558,-0.007757811153239567,-0.0038212135247800427,-0.051261786167221324,-13.94500000000005,1185397.05,435515.82301419677,1.0646618363020222,10649350.0,0.10870606356212623,2.0100000000000477,1.4678571428571519,11.532846715328688,-3.9248999345143716,AAPL
2026-01-16,255.475,1226527.0,-0.010132124452710167,-0.010183803803093562,-0.01492220786982601,-0.05732260802184419,-15.534999999999997,1187825.45,435607.5621284858,1.0325818494628147,9422823.0,0.10892714707742995,2.6149999999999807,1.6182142857142938,10.461266828514894,-4.24259633587792,AAPL
2026-01-20,246.725,2206629.0,-0.034249926607300085,-0.03485020144020184,-0.05204211011641757,-0.07654159258912707,-20.450000000000017,1220339.8,485924.922847205,1.808208664504755,7216194.0,0.15374430735628286,8.75,2.214642857142863,6.353813900983795,-5.141160794656969,AAPL
2026-01-21,247.59,1857697.0,0.003505927652244445,0.003499796214631723,-0.051561003639149616,-0.055792845702082317,-14.630000000000024,1226074.4,493042.38947658235,1.5151584602043726,9073891.0,0.1516773463416485,0.8650000000000091,2.2235714285714345,9.106970767748251,-5.717572711994876,AAPL
2026-01-22,248.355,1329498.0,0.0030897855325335843,0.003085021954981393,-0.045155709342560635,-0.046072594584213644,-11.995000000000033,1244668.5,489383.9777561916,1.0681542916848945,10403389.0,0.1524416765375183,0.7649999999999864,2.2057142857142913,11.65803108808295,-6.042994325726909,AAPL
2026-01-23,247.99,1173794.0,-0.001469670431438752,-0.0014707514563239684,-0.03913363555348892,-0.0428053111008182,-11.089999999999975,1265469.45,476265.14066248806,0.9275561729285524,9229595.0,0.14873062787267294,0.3649999999999807,2.1585714285714306,11.912640635340907,-6.2582050564203655,AAPL
2026-01-26,255.39,1620211.0,0.02983991289971355,0.029403365792715325,-0.0003327135727566599,-0.01524995662148887,-3.955000000000041,1324898.0,439477.9297794853,1.222894894550373,10849806.0,0.18962460834653078,7.399999999999977,2.4132142857142873,32.55882788219621,-5.765185485807876,AAPL
2026-01-27,258.28,1373812.0,0.011316026469321283,0.011252479194190727,0.04683351910021272,-0.007645906174357453,-1.990000000000009,1350945.7,425235.3731382299,1.016926142923435,12223618.0,0.19670231413806702,2.8899999999999864,2.265714285714288,43.7894073139974,-5.082675161415722,AAPL
2026-01-28,256.45,1183853.0,-0.007085333746321809,-0.007110553922988775,0.035784967082676866,-0.017621145374449476,-4.600000000000023,1381363.1,386875.7896353668,0.8570179701484714,11039765.0,0.1966053515801106,1.829999999999984,2.2628571428571433,43.84469696969692,-4.636005532203399,AAPL
2026-01-29,258.175,2117007.0,0.0067264573991032695,0.006703935722190355,0.039540174347204804,-0.007400999615532533,-1.9250000000000114,1457934.05,372363.4603634447,1.4520595084530743,13156772.0,0.199741213745056,1.7250000000000227,2.295357142857142,48.59187801462585,-4.095611885017661,AAPL
2026-01-30,259.06,2649913.0,0.003427907427132615,0.0034220455446420986,0.04463889672970689,0.0037583788600876744,0.9700000000000273,1556120.85,414654.4728221277,1.70289666127152,15806685.0,0.2008758353652469,0.8849999999999909,2.3396428571428527,49.56495191573802,-3.5549546185899317,AAPL
2026-02-02,269.95,1819831.0,0.04203659383926506,0.04117706156218608,0.05701084615685814,0.056659164301790854,14.474999999999994,1594236.15,401229.5578980702,1.1415065453132525,17626516.0,0.2551100146299452,10.889999999999986,3.0514285714285694,61.32958801498129,-2.222132491119851,AAPL
2026-02-03,269.46,2247433.0,-0.0018151509538804067,-0.0018168003365943647,0.04328635589282959,0.0921471273685277,22.734999999999985,1634217.4,425006.0630649122,1.3752350207506052,15379083.0,0.2497844439792391,0.4900000000000091,3.030714285714282,59.91044072590145,-1.1916635024624043,AAPL
2026-02-04,276.41,2491142.0,0.025792325391523985,0.02546531436142518,0.07783193604991245,0.1164021164021165,28.82000000000002,1668654.1,465340.1068158184,1.492904970538831,17870225.0,0.25438481700838295,6.9500000000000455,3.459285714285715,66.83873632046252,0.18368016104369644,AAPL
2026-02-05,275.93,2039881.0,-0.0017365507760211951,-0.0017380603281824986,0.06877118233756163,0.11103058122445697,27.575000000000017,1687485.55,472672.9504487687,1.2088287215259412,15830344.0,0.25231505034614055,0.4800000000000182,3.3499999999999983,69.01918976545846,1.2208447958585111,AAPL
2026-02-06,278.11,1687881.0,0.007900554488457168,0.00786950852087659,0.07353508839651046,0.12145651034315907,30.120000000000005,1684462.9,472456.59994976694,1.0020291928067993,17518225.0,0.2510776719395699,2.180000000000007,3.3189285714285717,74.35704293554289,2.1934285434102208,AAPL
2026-02-09,274.5,1275153.0,-0.012980475351479726,-0.013065457932235654,0.016854973143174634,0.07482673558087627,19.110000000000014,1693182.7,462623.5741705406,0.7531101044205094,16243072.0,0.25786322806605894,3.6100000000000136,2.9517857142857156,83.60556563823351,2.642450812364814,AAPL
2026-02-10,273.585,870120.0,-0.0033333333333334103,-0.0033389012655147096,0.015308394566911687,0.059257395075112296,15.305000000000007,1665623.75,494959.4562604804,0.5223988911061096,15372952.0,0.25881225153536797,0.9150000000000205,2.955357142857145,81.41389728096672,2.8911440337694785,AAPL
2026-02-11,275.465,1479464.0,0.006871721768371808,0.006848219096126066,-0.0034188343402917765,0.0741470072138819,19.014999999999986,1675601.55,488747.0600992177,0.8829449936949509,16852416.0,0.2592515719484018,1.8799999999999955,3.035000000000003,81.90162391150855,3.2030131498698324,AAPL
2026-02-12,261.65,1934239.0,-0.050151561904416164,-0.05145284596197992,-0.05175225600695843,0.013459862496368658,3.474999999999966,1692306.6,491732.57042992424,1.142960146819731,14918177.0,0.320055852512454,13.814999999999998,3.9957142857142895,62.2095101894887,2.308802193539691,AAPL
2026-02-13,255.755,1665212.0,-0.022530097458436815,-0.02278777783545539,-0.08038186329150343,-0.012757662317609886,-3.305000000000007,1712464.85,481319.5234105236,0.9724065285194028,13252965.0,0.32927758702559395,5.894999999999982,3.88821428571429,50.33526223936807,1.111642017571171,AAPL
2026-02-17,263.93,1502965.0,0.031964184473421975,0.0314639614895253,-0.03850637522768663,-0.022300426004815632,-6.019999999999982,1726286.75,470477.6343138589,0.8706346150197816,14755930.0,0.34599988892995515,8.175000000000011,4.265714285714291,54.73040857334229,0.8131644777944871,AAPL
2026-02-18,264.235,1116911.0,0.0011556094418974094,0.0011549422392739394,-0.03417585028418946,-0.019390633118087863,-5.224999999999966,1671800.85,474999.7642646804,0.6680885465514628,15872841.0,0.3187488096990274,0.3050000000000068,4.156785714285722,56.68871896211016,0.5943782061427214,AAPL
2026-02-19,260.52,915241.0,-0.014059454652109005,-0.01415922503335987,-0.05425371644310528,-0.05748706631453293,-15.890000000000043,1624678.05,501591.41515721503,0.5633368407974737,14957600.0,0.324876131519091,3.715000000000032,4.29892857142858,51.9481598404918,0.11983764338259562,AAPL
2026-02-20,264.72,987663.0,0.01612160294795051,0.015993029935156187,0.0117332314160139,-0.040626245786974935,-11.20999999999998,1607586.3,517743.04544752015,0.6143763479447417,15945263.0,0.32833290571944934,4.2000000000000455,4.535714285714298,54.45669291338583,0.08172366807610842,AAPL
2026-02-23,266.4,1102705.0,0.006346328195829365,0.006326275052877159,0.04162186467517737,-0.04210564165258368,-11.710000000000036,1604031.85,521110.96132915554,0.6874582945469567,17047968.0,0.3279675172310833,1.67999999999995,3.8778571428571524,46.73052127463621,0.18494806157588073,AAPL
2026-02-24,272.19,1125292.0,0.021734234234234373,0.021501413183413306,0.03129617701663312,-0.008415300546448123,-2.3100000000000023,1579285.9,531940.7804686229,0.7125321640622512,18173260.0,0.3206080558280041,5.7900000000000205,4.256428571428581,52.29065279409298,0.7255945458098836,AAPL
2026-02-25,274.16,917020.0,0.007237591388368436,0.0072115257167061665,0.037561261755634234,0.0021017234131990303,0.5750000000000455,1556446.3,550703.0213494186,0.5891754826363107,19090280.0,0.31959520166738553,1.9700000000000273,3.9007142857142947,47.9399377403406,1.298060087066574,AAPL
2026-02-26,273.0,837403.0,-0.004231105923548362,-0.004240082381393728,0.04790419161676662,-0.008948505254750994,-2.464999999999975,1539123.8,568210.4251016234,0.5440777408548941,18252877.0,0.3185379760329077,1.160000000000025,3.949285714285724,47.35033459938506,1.63924465543505,AAPL
2026-02-27,264.07,2885166.0,-0.03271062271062275,-0.03325757566994247,-0.0024554245995770385,0.009248996751385574,2.420000000000016,1577531.75,631738.4475257952,1.8289115258694477,15367711.0,0.34278782702469157,8.930000000000007,4.431428571428581,38.684719535783366,1.1755089793085176,AAPL
2026-03-02,264.705,935150.0,0.0024046654296208114,0.0024017788482887173,-0.006362612612612617,0.03499442826142207,8.949999999999989,1491793.6,593757.3496780252,0.6268628582399066,16302861.0,0.3427248768984033,0.6349999999999909,4.218928571428579,41.708287479895034,0.8494424640605871,AAPL
2026-03-03,263.75,1326172.0,-0.003607789803743766,-0.0036143135730298684,-0.03100775193798444,-0.0006819990148902999,-0.18000000000000682,1467110.65,589649.5405975231,0.9039345464501946,14976689.0,0.3072285670238854,0.9549999999999841,4.22178571428572,41.680060908552605,0.5081146533784704,AAPL
2026-03-04,262.5,870467.0,-0.004739336492891044,-0.004750602758597865,-0.04252990954187341,-0.006566124850984956,-1.7350000000000136,1398262.35,573921.1361891627,0.6225348197353665,14106222.0,0.30750903750505276,1.25,4.17678571428572,38.914065840102644,0.13518699938674672,AAPL
2026-03-05,260.25,1160214.0,-0.008571428571428563,-0.008608374536600164,-0.04670329670329665,-0.0010363887609395883,-0.2699999999999818,1331715.95,514629.9928473357,0.8712173192789349,12946008.0,0.2913795999030141,2.25,3.3507142857142918,48.50778085696016,-0.338020558577,AAPL
2026-03-06,257.42,1320654.0,-0.01087415946205561,-0.010933715273846473,-0.02518271670390415,-0.027576307041402237,-7.300000000000011,1295754.6,486923.5764115445,1.0192161386114313,11625354.0,0.29272044804239733,2.829999999999984,3.13178571428572,51.89873417721521,-0.9306701204166643,AAPL
2026-03-09,259.89,1147249.0,0.009595214047082523,0.009549472348926868,-0.018190060633535454,-0.024436936936936937,-6.509999999999991,1268723.0,478950.2483626355,0.904254908281792,12772603.0,0.2936410469934642,2.4699999999999704,2.7242857142857173,44.70372312532772,-1.1873537358703175,AAPL
2026-03-10,260.75,964408.0,0.003309092308284356,0.00330362931072329,-0.011374407582938395,-0.04202946471214963,-11.439999999999998,1253185.75,483746.9771046432,0.7695650864207481,13737011.0,0.29214730674611983,0.8600000000000136,2.763928571428575,45.49683421630701,-1.3063240472841926,AAPL
2026-03-11,260.81,589677.0,0.00023010546500490392,0.00023007899480293893,-0.006438095238095243,-0.048694193171870515,-13.350000000000023,1239163.6,499251.2128963352,0.47586694767341453,14326688.0,0.29227067257083317,0.060000000000002274,2.5028571428571444,50.41381278538816,-1.3798611967135344,AAPL
2026-03-12,255.71,1014506.0,-0.01955446493616042,-0.019748183013180216,-0.01744476464937561,-0.06333333333333335,-17.289999999999992,1215915.7,498297.16117679334,0.834355539615123,13312182.0,0.29638553333326784,5.099999999999994,2.567142857142855,37.46521981079573,-1.8285884653922153,AAPL
2026-03-13,250.035,1221699.0,-0.022193109381721476,-0.02244308179934343,-0.028688524590164022,-0.05314878630666109,-14.034999999999997,1180288.7,468837.34002070816,1.03508489067124,12090483.0,0.2512560624430875,5.675000000000011,2.8525000000000023,29.510454488543914,-2.612023351503467,AAPL
2026-03-16,252.82,1021518.0,0.011138440618313483,0.011076865004250593,-0.027203816999499808,-0.04489903855235067,-11.884999999999991,1148104.0,455706.5657086787,0.8897434378767081,13112001.0,0.24333079746031436,2.7849999999999966,2.6378571428571433,23.774708908746277,-2.9738937226561575,AAPL
2026-03-17,254.23,570876.0,0.005577090420061603,0.00556159603365261,-0.025004793863854347,-0.036094786729857886,-9.52000000000001,1101499.55,465070.86873863783,0.5182716597569196,13682877.0,0.21280025786974752,1.4099999999999966,2.597857142857141,22.601044817156932,-3.111041235979144,AAPL
2026-03-18,249.93,979956.0,-0.01691381819612159,-0.01705849044613666,-0.04171619186380893,-0.04788571428571431,-12.569999999999993,1094651.8,465839.64002711023,0.8952216586132686,12702921.0,0.21906306718781138,4.299999999999983,2.8221428571428526,20.80485952923307,-3.5260594730728485,AAPL
2026-03-19,248.9,1220677.0,-0.0041211539230984195,-0.004129669281381194,-0.02663173125806584,-0.043611911623439026,-11.349999999999994,1109923.6,464653.4867689756,1.09978470590228,11482244.0,0.21502400451728637,1.0300000000000011,2.2578571428571377,26.004428978171433,-3.893198439763637,AAPL
2026-03-20,248.18,1099900.0,-0.0028927280032141622,-0.002896920027072798,-0.007418961345411645,-0.0358946468805843,-9.240000000000009,1115535.45,463776.11168371886,0.9859839057557517,10382344.0,0.20384849081951564,0.7199999999999989,2.263928571428567,23.93121943524214,-4.193911892985682,AAPL
2026-03-23,251.46,1091915.0,0.01321621403819817,0.013129641818561686,-0.005379321256229641,-0.032436800184693415,-8.429999999999978,1114995.95,463798.0979515999,0.9792995212224762,11474259.0,0.2094705824002069,3.280000000000001,2.4299999999999966,31.9370958259847,-4.120067311971752,AAPL
2026-03-24,251.76,795924.0,0.0011930326890956522,0.0011923215911162565,-0.009715611847539662,-0.034477468839885006,-8.990000000000009,1098527.55,469229.01906194765,0.7245371315448574,12270183.0,0.18928023076402514,0.29999999999998295,2.3621428571428527,33.761717568793415,-3.991327913035235,AAPL
2026-03-25,252.61,771786.0,0.0033762313314269488,0.003370544658512717,0.010723002440683471,-0.03144051225029709,-8.199999999999989,1091265.85,473292.0528383313,0.7072392121498166,13041969.0,0.1867664728208896,0.8500000000000227,2.2621428571428543,37.93811177770762,-3.777172225400818,AAPL
2026-03-26,252.87,1295042.0,0.0010292545821621868,0.0010287252628364948,0.015950180795500257,-0.0111063313910289,-2.8400000000000034,1114147.8,471431.6760398537,1.1623610440194738,14337011.0,0.1876185111904639,0.2599999999999909,2.078571428571426,42.182130584192414,-3.545600991779537,AAPL
2026-03-27,248.7,1186420.0,-0.016490686914224728,-0.01662817186814153,0.002095253445080214,-0.005339252504649394,-1.335000000000008,1029210.5,223269.9081518954,1.15274766435049,13150591.0,0.1614233170855197,4.170000000000016,2.2000000000000006,31.834415584415595,-3.656414401429174,AAPL
2026-03-30,246.72,897337.0,-0.007961399276236403,-0.007993260434394286,-0.018849916487711837,-0.024127837987500955,-6.099999999999994,1027319.85,224266.2112934572,0.8734738260922341,12253254.0,0.16106071656901316,1.9799999999999898,2.279999999999999,28.023182957393473,-3.8595142021355286,AAPL
2026-03-31,253.73,1018329.0,0.02841277561608302,0.028016619140761465,0.007824912615189028,-0.0019667230460606033,-0.5,1011927.7,212954.3068387354,1.0063258471924428,13271583.0,0.19681556253247684,7.009999999999991,2.77642857142857,40.89271932081295,-3.4154526305848663,AAPL
2026-04-01,255.43,1114282.0,0.006700035470776022,0.006677689987943457,0.011163453544990265,0.022006161725283135,5.5,1024118.45,211403.105165029,1.0880401578547874,14385865.0,0.19877626105649435,1.700000000000017,2.5335714285714284,49.60530025373556,-2.8930060701895286,AAPL
2026-04-02,255.89,841589.0,0.001800884782523493,0.0017992651337658543,0.011942895558982869,0.02808356769787057,6.989999999999981,1008187.2,212609.48776313604,0.834754696350043,15227454.0,0.19713980371479117,0.45999999999997954,2.161071428571426,59.67608659725664,-2.4140179551197605,AAPL
2026-04-06,258.87,482479.0,0.011645628981203027,0.011578340550890468,0.04089264173703255,0.043073575630590666,10.689999999999998,966278.45,229697.72303306355,0.49931673421879585,15709933.0,0.1980375645658505,2.980000000000018,2.1749999999999994,59.93431855500823,-1.7735113925423605,AAPL
2026-04-07,253.59,1326699.0,-0.02039633793023521,-0.020607215579379796,0.027845330739299623,0.008470532092579308,2.1299999999999955,975250.95,240394.6703515203,1.3603667855950308,14383234.0,0.20784889491859038,5.280000000000001,2.451428571428571,49.06759906759909,-1.672675636761852,AAPL
2026-04-08,258.97,1239391.0,0.021215347608344315,0.02099343526593585,0.02065187403933333,0.028638385764220065,7.210000000000036,989000.1,247500.5547117396,1.2531758085767635,15622625.0,0.2221636025280736,5.380000000000024,2.528571428571431,62.76836158192092,-1.1454376442071919,AAPL
2026-04-09,260.44,766785.0,0.005676333166003689,0.00566028349377952,0.01961398426183303,0.030996397608962445,7.829999999999984,997855.5,235330.25141176413,0.7684329043634073,16389410.0,0.22315841456607252,1.4699999999999704,2.56,66.09933035714285,-0.6020410672005028,AAPL
2026-04-10,260.43,807892.0,-3.839655966819677e-05,-3.8397296834963786e-05,0.017741998514986923,0.02989678490924197,7.560000000000002,987524.8,239066.23639454064,0.8180979353632435,15581518.0,0.21086427907834895,0.009999999999990905,2.509285714285714,67.43524053515515,-0.17023986222716303,AAPL
2026-04-13,259.13,1154691.0,-0.004991744422685573,-0.005004244795337152,0.0010043651253524022,0.04193807800562932,10.430000000000007,984174.4,236062.3380165276,1.1732585200346606,14426827.0,0.19393237043038722,1.3000000000000114,2.3678571428571433,61.568627450980365,0.06630227685144519,AAPL
2026-04-14,258.775,1036853.0,-0.0013699687415583695,-0.0013709080066753663,0.020446389841870527,0.048861057068741776,12.054999999999978,984941.15,236214.8724642245,1.0527055347418472,13389974.0,0.191055343150271,0.3550000000000182,2.3717857142857173,60.56316819756057,0.22255264476939374,AAPL
2026-04-15,266.31,1813109.0,0.02911795961742847,0.028702085478523983,0.02834305131868553,0.0495802624837427,12.580000000000013,1047052.8,280732.7584345505,1.731630916798083,15203083.0,0.21493531650425235,7.535000000000025,2.8492857142857173,67.17222361494106,0.9435174327989557,AAPL
2026-04-16,263.325,1177692.0,-0.011208741692013136,-0.011272033025732103,0.0110774074642912,0.030908663821790583,7.894999999999982,1056939.6,281725.5472253245,1.1142472095851077,14025391.0,0.20900448282774853,2.9850000000000136,3.043928571428576,62.266807462161175,1.2595038914226961,AAPL
2026-04-17,270.205,1390506.0,0.026127409095224596,0.02579191944353193,0.03753407825519317,0.05594200633084534,14.314999999999998,1065431.05,289375.999060857,1.3051112035828127,15415897.0,0.2230289157421989,6.8799999999999955,3.2375000000000034,73.72311086596798,2.041550217792576,AAPL
2026-04-20,273.06,1228777.0,0.010566051701486057,0.01051062109046822,0.05375680160537177,0.05481515818750715,14.189999999999998,1071874.9,291610.251302349,1.146380981586564,16644674.0,0.22246164130143084,2.855000000000018,3.300000000000005,78.50649350649346,2.8587483342613496,AAPL
2026-04-21,266.16,1267584.0,-0.02526917161063491,-0.025593919546384167,0.02853830547773173,0.0495682006388265,12.570000000000022,1080658.35,294873.0057574754,1.1729738635712201,15377090.0,0.24421739084841276,6.899999999999977,3.2921428571428613,63.48448687350838,2.915997589793733,AAPL
2026-04-22,273.14,1476985.0,0.026224827171625886,0.025886852540056973,0.025646802598475293,0.054716762559369636,14.169999999999959,1114711.4,299548.84147126524,1.3249931776063295,16854075.0,0.25761615511456487,6.979999999999961,3.6692857142857145,67.237687366167,3.48442937017046,AAPL
2026-04-23,273.49,765952.0,0.0012813941568428078,0.0012805738720142274,0.038602487420487996,0.05010751036707117,13.050000000000011,1114419.7,299902.98847725365,0.6873101758700066,17620027.0,0.25781313767553576,0.35000000000002274,3.661428571428575,67.16738197424894,3.9179935357628324,AAPL
2026-04-24,271.04,1158665.0,-0.008958280010238018,-0.008998646658602933,0.003090246294480181,0.040740314095918384,10.610000000000014,1107600.85,297117.51568967814,1.0461033864320346,16461362.0,0.26179946794837994,2.4499999999999886,3.62357142857143,61.994874827518245,4.017589465662638,AAPL
2026-04-27,267.55,1128794.0,-0.012876328217237387,-0.012959946706376024,-0.020178715300666505,0.03249334310963614,8.420000000000016,1104719.55,296591.8866999884,1.0217923635007635,15332568.0,0.2584123705903195,3.490000000000009,3.4957142857142878,64.26236207601144,3.7714314111321983,AAPL
2026-04-28,270.78,1052096.0,0.012072509811250187,0.012000218309651145,0.017357980162308273,0.046391652980388276,12.004999999999995,1112457.5,292892.32765956904,0.9457403990714252,16384664.0,0.2561088910082702,3.2299999999999613,3.3421428571428544,62.620217995298084,3.7932570788233875,AAPL
2026-04-29,270.15,702363.0,-0.0023266120097495957,-0.002329322776890027,-0.01094676722559862,0.014419285794750492,3.839999999999975,1096659.2,306444.6369845419,0.6404569441445438,15682301.0,0.24131471078543795,0.6299999999999955,3.282142857142856,60.56583242655058,3.716872549762968,AAPL
2026-04-30,271.145,1907969.0,0.0036831389968536854,0.0036763728491044584,-0.008574353724085104,0.029697142314630165,7.819999999999993,1136343.55,356198.79657831223,1.6790423987534402,17590270.0,0.24097996867494587,0.9950000000000045,3.3525,61.41472248854796,3.694042818450498,AAPL
2026-05-01,280.11,2917475.0,0.033063490014567876,0.032528650024765085,0.03346369539551364,0.03665735275068949,9.90500000000003,1240137.85,527195.0569898718,2.3525408889019874,20507745.0,0.2632672179011648,8.965000000000032,3.9000000000000017,69.21245421245422,4.349215617924131,AAPL
2026-05-04,276.87,1389755.0,-0.011566884438256486,-0.011634301218349257,0.0348346103532049,0.013952977367611474,3.8100000000000023,1285501.65,496722.8818523587,1.0810993513699496,19117990.0,0.26795262089227323,3.240000000000009,4.10607142857143,65.73888840567106,4.554502391096719,AAPL
2026-05-05,284.18,1525477.0,0.0264022826597321,0.02605975826433429,0.04948666814388081,0.06770363691012915,18.019999999999982,1295440.55,499571.0854035814,1.1775739149125755,20643467.0,0.26405983517772474,7.310000000000002,4.089999999999999,65.60426126440797,5.2465703485270865,AAPL
2026-05-06,287.46,1379120.0,0.011541980434935484,0.0114758799131564,0.06407551360355357,0.05242732664567629,14.319999999999993,1302427.0,499723.00783744646,1.0588846822125155,22022587.0,0.2587694911692053,3.2799999999999727,4.111071428571425,70.9669012249153,5.9906512798639255,AAPL
2026-05-07,287.4,1222813.0,-0.00020872469213106815,-0.0002087464781611951,0.05994947352892366,0.05086109181322884,13.909999999999968,1325228.4,484157.79108363925,0.9227186800403614,20799774.0,0.2595154597121591,0.060000000000002274,3.6239285714285683,66.94589533852371,6.500564815471364,AAPL
2026-05-08,293.15,1591559.0,0.020006958942240693,0.019809449765299456,0.04655313983792064,0.0815746753246751,22.109999999999957,1364411.75,471635.16821573133,1.1664799867048932,22391333.0,0.2640046053248393,5.75,3.8307142857142815,68.73018832742868,7.284678670258074,AAPL
2026-05-11,292.66,1134574.0,-0.0016714992324746714,-0.00167289774594348,0.05703037526637056,0.09385161652027674,25.110000000000014,1363405.9,472127.1723035622,0.8321615741871149,21256759.0,0.26241850780966325,0.48999999999995225,3.3728571428571366,78.06014400677685,7.776908286740479,AAPL
2026-05-12,294.72,1063424.0,0.007038884712635918,0.007014227402661679,0.03708916883665281,0.08841125637048552,23.940000000000055,1364734.45,471196.36719217425,0.7792167919553874,22320183.0,0.26088087678994415,2.0600000000000023,3.0214285714285682,75.50827423167857,8.23826302003306,AAPL
2026-05-13,298.95,1263486.0,0.01435260586319198,0.014250582259971193,0.039970778543101604,0.1066074403109385,28.80000000000001,1337253.3,459553.64798099647,0.9448367037120042,23583669.0,0.24901122417823165,4.229999999999961,3.298571428571421,77.56604590731922,8.843275839336002,AAPL
2026-05-14,298.25,951426.0,-0.0023415286837263904,-0.002344274348887937,0.03775226165622825,0.09996496339596894,27.105000000000018,1325940.0,466422.2524432233,0.7175483053531834,22632243.0,0.24283705282037743,0.6999999999999886,3.173571428571421,80.6212018906145,9.160670203868676,AAPL
2026-05-15,300.19,1241262.0,0.006504610226320207,0.0064835465405921585,0.024015009380863095,0.07168612330870006,20.079999999999984,1318477.8,466528.7569779927,0.941435646470498,23873505.0,0.23136697770526013,1.9399999999999977,3.0628571428571343,88.0597014925374,9.459703735011146,AAPL
2026-05-18,297.85,1082963.0,-0.007795063126686319,-0.007825603443921086,0.01773388915465035,0.07577563477444293,20.980000000000018,1311187.1,469136.4094089764,0.8259408592412173,22790542.0,0.23505464711916446,2.339999999999975,2.999285714285707,82.23386520600157,9.399519706874742,AAPL
2026-05-19,299.14,1046682.0,0.004331039113647739,0.004321687156483998,0.014997285559174678,0.052642691252023255,14.95999999999998,1300142.0,472803.0787896232,0.8050520635438283,23837224.0,0.20724188802747223,1.2899999999999636,3.0464285714285615,83.98593200468946,9.348155927487255,AAPL
2026-05-20,302.2,1610963.0,0.010229324062311917,0.010177358607458636,0.010871383174443805,0.05127669936686852,14.740000000000009,1306840.9,476376.179146922,1.2327154743932487,25448187.0,0.19381750496290054,3.0600000000000023,3.1939285714285615,84.72548361847267,9.445484522810602,AAPL
2026-05-21,305.07,1190868.0,0.009497021839841135,0.009452208632516543,0.02286672254819777,0.061482254697285965,17.670000000000016,1328086.7,460183.7303645366,0.8966794110655577,26639055.0,0.19384316925762624,2.8700000000000045,2.758571428571417,82.31486276540664,9.64304413996922,AAPL
2026-05-22,308.81,1275219.0,0.012259481430491492,0.012184942574822971,0.028715147073520075,0.0534197509807266,15.660000000000025,1333914.4,458660.76718149247,0.955997626234487,27914274.0,0.18730329106931184,3.740000000000009,2.7942857142857025,90.82310838445825,9.986282653241972,AAPL
2026-05-26,308.33,1366307.0,-0.0015543538097859688,-0.0015555630709111704,0.03518549605506105,0.05354336089660339,15.669999999999959,1345790.05,456138.1697675515,1.0152452828730603,26547967.0,0.17562857374455906,0.4800000000000182,2.306428571428561,87.3954784763086,10.103107327136684,AAPL
2026-05-27,310.93,1681995.0,0.008432523594849695,0.008397168483922975,0.039412983887143316,0.05500135722041244,16.20999999999998,1377285.0,456538.3193894539,1.2212396127163223,28229962.0,0.17475568251710014,2.6000000000000227,2.257857142857136,87.12432774438486,10.286908911217893,AAPL
2026-05-28,312.45,1514315.0,0.004888560126073305,0.004876649916100195,0.0339179351422898,0.045158053186151514,13.5,1417882.6,428609.23907869856,1.0680115546943025,29744277.0,0.17149813705156694,1.5199999999999818,2.3621428571428487,87.87420622921093,10.434936831381549,AAPL
2026-05-29,312.01,1619960.0,-0.0014082253160505598,-0.0014092177971884114,0.022748877306847604,0.04613579212070418,13.759999999999991,1403482.15,415927.29966783396,1.1542433938329748,28124317.0,0.17387952795963543,0.4399999999999977,1.982857142857134,83.96974063400594,10.396896747961307,AAPL
2026-06-01,306.265,1790146.0,-0.0184128713823275,-0.01858449832658985,-0.008241313428969277,0.020237183117358892,6.074999999999989,1347115.7,238493.72748059637,1.3288732363523044,26334171.0,0.1678372979927022,5.7450000000000045,2.3582142857142805,70.60427078600634,9.790319511686619,AAPL
2026-06-02,315.195,1291226.0,0.029157755538504304,0.028740754662431426,0.022265105568708865,0.05823401040792331,17.34499999999997,1342189.25,238584.207066972,0.9620297584710948,27625397.0,0.177992544876125,8.930000000000007,2.8489285714285666,75.66754418954494,9.915875015896688,AAPL
2026-06-03,310.22,1966854.0,-0.015783879820428504,-0.015909771717138924,-0.002283472164152589,0.03703951327137811,11.080000000000041,1364258.1,274187.50990400254,1.4417022702668945,25658543.0,0.17861601421652112,4.974999999999966,2.9021428571428527,63.86906226925924,9.504377191378694,AAPL
2026-06-04,311.21,1230648.0,0.0031912836051832816,0.0031862022674486886,-0.003968634981597052,0.02981469225678346,9.009999999999991,1356834.5,275769.31694242975,0.9069993429559758,26889191.0,0.17666940516895846,0.9899999999999523,2.922857142857136,65.83577712609971,9.152640979105229,AAPL
2026-06-05,307.59,2188603.0,-0.011632016966035774,-0.01170019811394399,-0.014166212621390395,0.008260399252630446,2.519999999999982,1405124.0,330244.3406500227,1.5575870883993157,24700588.0,0.18477664347225473,3.6200000000000045,3.0428571428571365,58.685446009389665,8.483985644941072,AAPL
2026-06-08,301.57,2762619.0,-0.019571507526252474,-0.019765565659748168,-0.015329861394543953,-0.023444836630938104,-7.240000000000009,1463677.0,447897.4715687558,1.8874512614463437,21937969.0,0.19108198992677405,6.019999999999982,3.30571428571428,54.019014693171975,7.383198865810243,AAPL
2026-06-09,290.36,2491376.0,-0.03717213250654894,-0.03788062927372138,-0.07879249353574769,-0.05828171115363401,-17.96999999999997,1531517.1,495635.77577575267,1.6267373051205238,19446593.0,0.2352978829717577,11.20999999999998,4.01428571428571,42.18861209964414,5.542375048932172,AAPL
2026-06-10,291.48,1843917.0,0.0038572806171648377,0.003849860385441494,-0.06040874218296699,-0.06255427266587332,-19.44999999999999,1570541.75,487499.8355437113,1.1740642997870003,21290510.0,0.23425233584150298,1.1200000000000045,3.875714285714281,40.12163656468855,4.1263179268888734,AAPL
2026-06-11,295.48,1372585.0,0.013723068478111777,0.013629759858455643,-0.050544648308216145,-0.05431269003040473,-16.96999999999997,1575996.7,484484.21923787956,0.8709313921786765,22663095.0,0.23373485437531039,4.0,3.9564285714285665,41.34320274417766,3.288936216719435,AAPL
2026-06-12,291.085,1456808.0,-0.01487410315418991,-0.01498583192090878,-0.05365909164797289,-0.06706515816800751,-20.92500000000001,1601265.8,462892.5676048965,0.9097852461471418,21206287.0,0.2392276423243912,4.395000000000039,4.003214285714283,34.18681416718705,2.2447888800713827,AAPL
2026-06-15,296.53,1573337.0,0.018705876290430634,0.01853307301820505,-0.01671253771926917,-0.031786198227025664,-9.735000000000014,1617869.55,455191.37937603967,0.9724745731199403,22779624.0,0.24813110427423907,5.444999999999993,4.357857142857138,40.32945418783803,1.8355020621268636,AAPL
2026-06-16,299.26,1229360.0,0.009206488382288436,0.009164366997439888,0.03065160490425667,-0.05055600501276991,-15.935000000000002,1625189.4,447244.64601748605,0.7564410646537567,24008984.0,0.24883641727746755,2.730000000000018,4.367142857142852,40.45632973503432,1.7116961271319724,AAPL
2026-06-17,296.07,1195228.0,-0.010659627080131018,-0.010716847903247848,0.015747221078633133,-0.0456127909225712,-14.150000000000034,1632616.7,438275.3515869257,0.7320934546363516,22813756.0,0.2513352155752561,3.1899999999999977,4.486428571428568,36.960675051743344,1.3407177321685708,AAPL
2026-06-18,297.86,1278873.0,0.006045867531327076,0.006027664605696064,0.008054690672803622,-0.04289707914270091,-13.349999999999966,1616012.2,445372.22318588523,0.7913758324349284,24092629.0,0.2494209225803875,1.7900000000000205,4.582857142857141,38.972880299251884,1.1775783317594346,AAPL
2026-06-22,296.85,1619228.0,-0.003390854763983042,-0.0033966167410370784,0.019805211536149336,-0.03491660977274924,-10.739999999999952,1637430.2,434005.8247621025,0.9888836788279586,22473401.0,0.24667794097177437,1.009999999999991,4.244642857142854,42.07824989482544,0.9557730655499199,AAPL
2026-06-23,294.28,1781140.0,-0.008657571163887656,-0.008695265652620916,-0.007587765150237735,-0.02417349205822872,-7.2900000000000205,1662726.25,426461.4385553811,1.0712166239030627,20692261.0,0.2426257797995659,2.57000000000005,3.7903571428571428,30.293036841609336,0.5660877650661291,AAPL
2026-06-24,293.32,2239666.0,-0.003262199266005128,-0.003267531838464882,-0.01984896076989906,0.010194241631078516,2.9599999999999795,1706394.2,439040.5279898927,1.3125138376583794,18452595.0,0.24263232966829845,0.9599999999999795,3.5035714285714294,32.77268093781852,0.17774642975757615,AAPL
2026-06-25,275.21,5858472.0,-0.06174144279285432,-0.06372972061728834,-0.07045631100753202,-0.05581858103471948,-16.27000000000004,1915218.05,1026731.7040224236,3.058906008117457,12594123.0,0.31747306071024295,18.110000000000014,4.726428571428577,22.79734018437361,-1.5732075671908774,AAPL
2026-06-26,281.31,5117781.0,0.022164892264089353,0.02192282149133308,-0.05556301618209902,-0.04795586841749022,-14.170000000000016,2095391.35,1245535.5998928125,2.4423986478707187,17711904.0,0.33089157540356,6.100000000000023,4.903571428571435,30.859431900946873,-2.4404996438063904,AAPL
2026-06-29,281.69,2386040.0,0.0013508229355514434,0.0013499113950440473,-0.05106956375273719,-0.032275795729769574,-9.394999999999982,2133695.35,1241919.512229496,1.1182664854192985,20097944.0,0.33143612275265383,0.37999999999999545,4.500714285714293,34.22472623393115,-3.061876630968925,AAPL
2026-06-30,289.24,1576321.0,0.026802513401256833,0.02644961781206361,-0.017126546146526977,-0.024584359086770147,-7.289999999999964,2123004.1,1245946.5092829263,0.742495504365724,21674265.0,0.34552529399517007,7.550000000000011,4.239285714285724,49.05644481887109,-2.9115380695610042,AAPL
2026-07-01,294.42,2428489.0,0.01790900290416264,0.017750526023115932,0.003750170462293756,-0.016173227293991732,-4.839999999999975,2179867.25,1231859.2972418356,1.1140536195495392,24102754.0,0.3339129854311673,5.180000000000007,4.529285714285725,52.31824633338589,-2.3473521531353185,AAPL
2026-07-02,308.235,3813037.0,0.04692276339922552,0.04585515973007614,0.11999927328222104,0.041088256155638936,12.16500000000002,2272176.4,1283160.5396541876,1.6781430350214006,27915791.0,0.37429038801000036,13.814999999999998,5.2303571428571525,58.70945715261179,-0.7765244162988552,AAPL
2026-07-06,312.73,1434853.0,0.014583029182279716,0.014477719401335685,0.11169172798691851,0.04992278251527571,14.870000000000005,2282386.65,1275224.696899513,0.6286634212481045,29350644.0,0.3777685897033858,4.4950000000000045,5.237500000000007,64.75963177633822,0.8216058551975607,AAPL
2026-07-07,310.69,1573402.0,-0.006523198925590834,-0.0065445679680719415,0.10295005147502567,0.046622873505137274,13.839999999999975,2251626.6,1284988.2811563709,0.69878460309538,27777242.0,0.37602095414146536,2.0400000000000205,4.9942857142857235,60.12585812356979,1.9016041493306375,AAPL
2026-07-08,313.33,1549372.0,0.008497215874344155,0.008461317748273323,0.08328723551376016,0.0647342666847901,19.05000000000001,2190964.25,1288229.1527047146,0.7071644368455579,29326614.0,0.3690156275121083,2.6399999999999864,4.98785714285715,60.0744665616497,2.936684247020935,AAPL
2026-07-09,316.16,1441032.0,0.009032010978840432,0.008991466318022768,0.0738400923850282,0.07786717578071745,22.840000000000032,2138447.05,1296719.396700828,0.6738684504720377,30767646.0,0.3388911314777373,2.830000000000041,4.962142857142867,64.45947891176047,3.939932936128457,AAPL
2026-07-10,315.32,1326282.0,-0.0026568825910932015,-0.0026604183677955934,0.022985708955829187,0.14574325060862625,40.110000000000014,2112565.3,1308024.0119365721,0.6278063925408602,29441364.0,0.339838592248306,0.8400000000000318,4.894285714285725,62.74080560420311,4.614045921199818,AAPL
2026-07-13,317.47,1374655.0,0.006818470125586895,0.006795329487772518,0.015156844562402183,0.12854146670932431,36.160000000000025,2112668.8,1307962.458266639,0.6506722681756838,30816019.0,0.33814085842247565,2.150000000000034,4.975714285714299,64.80045937410276,5.261125371940068,AAPL
2026-07-14,314.93,1213545.0,-0.00800075597694272,-0.008032933771085604,0.01364704367697711,0.11800205900102956,33.24000000000001,2100505.65,1315491.9317373377,0.5777394600200195,29602474.0,0.33395697824603293,2.5400000000000205,4.97357142857144,64.8283785724544,5.505519524264287,AAPL
2026-07-15,327.58,1721273.0,0.04016765630457564,0.039381908145839264,0.04547920722560872,0.13255428018254722,38.339999999999975,2107902.45,1312784.8621423692,0.8165809570551995,31323747.0,0.3544198711584302,12.649999999999977,5.80857142857144,71.06492867683221,6.643372270110717,AAPL
2026-07-16,333.23,2365368.0,0.017247695219488435,0.01710064219986131,0.05399164979757076,0.13181849059167172,38.81,2164702.85,1297256.289966892,1.092698704582017,33689115.0,0.35675802101432297,5.650000000000034,4.9185714285714415,92.12895730467606,7.909856646256912,AAPL
2026-07-17,333.75,2248743.0,0.001560483749962538,0.001559267460364617,0.058448560192819965,0.08277775074212856,25.514999999999986,2217378.6,1277050.2674148588,1.014144810453208,35937858.0,0.3519612201860957,0.5199999999999818,4.52000000000001,91.43489254108714,8.85345715011789,AAPL
2025-08-20,223.8,1093941.0,-0.01844257801364002,-0.018614762660722196,-0.00325123591502241,0.00661179328025896,1.4699999999999989,1356823.65,830160.5388938034,0.8062514240520499,3919967.0,0.3826507221251066,4.204999999999984,3.8385714285714334,40.342389281726845,0.690469327770245,AMZN
2025-08-21,222.0,1052193.0,-0.008042895442359255,-0.008075414005545418,-0.03850318333405511,-0.0052872121157809815,-1.1800000000000068,1350206.9,832131.1353099343,0.7792827899190858,2867774.0,0.37730848145810286,1.8000000000000114,2.5867857142857185,59.864696948778125,0.31652532379729337,AMZN
2025-08-22,228.85,1267694.0,0.030855855855855818,0.030389385227371613,-0.00969319312821848,0.027638698668582595,6.155000000000001,1383966.3,813255.5137978729,0.9159861768310399,4135468.0,0.3947732515287524,6.849999999999994,2.8485714285714323,71.53961885656969,0.5663808725501553,AMZN
2025-08-25,227.93,553855.0,-0.004020100502512558,-0.004028202828604776,-0.01567628260494036,0.029540629658069584,6.5400000000000205,1373806.2,822714.090871479,0.4031536617027933,3581613.0,0.3943050616960865,0.9199999999999875,2.757857142857144,68.22066822066822,0.6822918480966678,AMZN
2025-08-26,228.68,597804.0,0.0032904839205019076,0.0032850821247242235,0.0029604613933904567,0.03274172424694033,7.25,1360671.35,833368.4890225411,0.4393448866252677,4179417.0,0.39372243790982314,0.75,2.2064285714285723,60.2784072515377,0.8251589446291518,AMZN
2025-08-27,229.05,540040.0,0.001617981458807094,0.0016166739369806223,0.023458445040214437,0.02013094018616668,4.52000000000001,1344387.9,846624.9651666689,0.4016995392475639,4719457.0,0.3935693054387558,0.37000000000000455,2.172142857142859,59.65143045050971,0.9572040037969884,AMZN
2025-08-28,231.55,701289.0,0.010914647456887083,0.010855512594009777,0.04301801801801797,0.002858504049547461,0.660000000000025,1241273.25,788253.0478696396,0.5649755200959982,5420746.0,0.39058173136234575,2.5,2.3160714285714294,63.65458750963765,1.2491800016772459,AMZN
2025-08-29,229.02,709104.0,-0.01092636579572448,-0.010986496941567614,0.0007428446580730608,-0.008957549006880394,-2.069999999999993,1077907.3,463050.8534862299,0.6578524887993614,4711642.0,0.2468365623012273,2.530000000000001,2.403571428571429,61.33729569093614,1.261877094014494,AMZN
2025-09-02,225.34,1051028.0,-0.016068465636189022,-0.01619896324917356,-0.011363137805466605,-0.02686128865088966,-6.219999999999999,1008976.85,336579.30492206133,1.0416770216283953,3660614.0,0.24808562956348237,3.680000000000007,2.663571428571428,55.242692410834,0.9638833390762613,AMZN
2025-09-03,225.97,1205032.0,0.002795775272920853,0.002791874362254152,-0.01185062095504641,-0.008925242867480976,-2.0349999999999966,1002105.55,330765.5069123697,1.2025000759650517,4865646.0,0.2466642527158859,0.6299999999999955,2.4871428571428567,52.06777713957496,0.7696844331949819,AMZN
2025-09-04,235.67,1672307.0,0.042926052130813686,0.042030274301729606,0.028901986465837082,0.05303842716711338,11.869999999999976,1008096.25,342147.74120575003,1.6588763225733654,6537953.0,0.25341262880121923,9.699999999999989,2.7257142857142855,56.26310272536688,1.3825521344766685,AMZN
2025-09-05,232.365,1447486.0,-0.014023846904569814,-0.014123110173567698,0.0035197581515871157,0.046689189189189184,10.365000000000009,1025672.9,355661.1508911989,1.4112549917229946,5090467.0,0.2604979530196488,3.3049999999999784,2.947499999999997,51.54489276626681,1.5833168333785466,AMZN
2025-09-08,235.87,1314580.0,0.015084027284659962,0.014971394569348125,0.029910051523884373,0.030675114703954565,7.02000000000001,1037522.4,361383.7401291401,1.2670377044389596,6405047.0,0.26388432190975547,3.5049999999999955,3.164285714285711,54.86455981941309,2.0021687560694374,AMZN
2025-09-09,238.23,1089783.0,0.010005511510577714,0.009955787779445087,0.05720244963166765,0.04518931250822611,10.299999999999983,1039602.2,361567.99391300284,1.0482692322120903,7494830.0,0.2628203051988805,2.359999999999985,3.0789285714285666,61.860573019371316,2.4957744646612525,AMZN
2025-09-10,230.36,2155028.0,-0.03303530201905713,-0.03359329093675757,0.019427357613842622,0.007346510407556517,1.6800000000000068,1096740.5,439019.7449375137,1.9649388346650827,5339802.0,0.293540412424229,7.869999999999976,3.3407142857142804,57.013042548642304,2.226254441880883,AMZN
2025-09-11,229.82,1135869.0,-0.0023441569716965427,-0.002346908808984032,-0.0248228455043068,0.003361711416721258,0.7699999999999818,1107637.25,437048.2861624851,1.0254882634183708,4203933.0,0.290499647427345,0.5400000000000205,3.250714285714281,58.59151834761592,1.9466446868036087,AMZN
2025-09-12,228.05,1035037.0,-0.007701679575319753,-0.007731490671778159,-0.018569922320487153,-0.015115525804361929,-3.5,1066048.05,398915.0076485058,0.9709102699451493,3168896.0,0.27374920316736456,1.7699999999999818,2.887857142857137,49.01063566658424,1.564196648645634,AMZN
2025-09-15,231.47,925601.0,0.014996711247533323,0.014885372338287881,-0.01865434349429773,0.010697755654528018,2.4499999999999886,1055091.3,399648.7310379211,0.8772710001494657,4094497.0,0.27921044146992874,3.4199999999999875,3.066428571428566,54.12299091544375,1.51955278229795,AMZN
2025-09-16,234.04,1131164.0,0.01110295070635492,0.011041765424037807,-0.01758804516643575,0.038608325197479365,8.699999999999989,1074835.95,392763.9376805938,1.0524061834738594,5225661.0,0.28183186283735484,2.569999999999993,3.1964285714285654,55.988826815642454,1.672272798324144,AMZN
2025-09-17,231.59,1343420.0,-0.010468296017774659,-0.010523474046305971,0.005339468657753033,0.02487055803867766,5.6200000000000045,1101112.75,392247.9336127345,1.2200567108136746,3882241.0,0.2786618840493474,2.4499999999999886,3.3449999999999926,52.71193679265428,1.577426397224201,AMZN
2025-09-18,231.22,903802.0,-0.0015976510212012407,-0.0015989286265536693,0.006091723957880157,-0.01888233546908813,-4.449999999999989,1091605.8,394727.2771465591,0.8279563923167136,2978439.0,0.26939424910200077,0.37000000000000455,3.192857142857136,49.63087248322146,1.4556245000977128,AMZN
2025-09-19,231.5,1169943.0,0.00121096790935038,0.0012102352791131315,0.015128261346196048,-0.003722591612334125,-0.8650000000000091,1097493.3,394986.53795329016,1.0660137970773944,4148382.0,0.26691561429327815,0.28000000000000114,3.0321428571428504,52.92108362779741,1.3659435322624631,AMZN
2025-09-22,227.62,1131028.0,-0.016760259179265602,-0.016902301672544955,-0.016632824988119355,-0.03497689405180815,-8.25,1090660.0,393064.56923486385,1.0370124511763519,3017354.0,0.25230152473506656,3.8799999999999955,3.0464285714285637,52.672919109026964,0.9705986881492379,AMZN
2025-09-23,220.74,2768870.0,-0.030225814954749075,-0.030692033509005685,-0.05682789266791999,-0.07341644629139898,-17.48999999999998,1201410.75,524073.6177561189,2.3046822246263403,248484.0,0.27385983128306923,6.8799999999999955,3.4928571428571353,44.6523517382413,0.10096271412149349,AMZN
2025-09-24,220.23,1681152.0,-0.002310410437619037,-0.0023130835539384356,-0.049052204326611726,-0.04397464837645437,-10.130000000000024,1255578.15,514297.59936720575,1.3389465243561305,-1432668.0,0.2732922151077612,0.5100000000000193,2.836428571428566,30.559053135230386,-0.6222103448930625,AMZN
2025-09-25,218.155,2301852.0,-0.009421967942605414,-0.009466635474672414,-0.056504627627367854,-0.05075711426333651,-11.664999999999992,1343668.75,535725.4521970897,1.7131097229134784,-3734520.0,0.27430062917134507,2.0749999999999886,2.748571428571424,31.535862785862747,-1.347235273239022,AMZN
2025-09-26,219.77,1321986.0,0.007402993284591375,0.007375725621992412,-0.05066954643628507,-0.03630782723087045,-8.280000000000001,1374703.6,514095.45512640063,0.9616516607652733,-2412534.0,0.2723342868894036,1.615000000000009,2.613571428571425,27.999453402568975,-1.771089729655472,AMZN
2025-09-29,222.15,1373922.0,0.010829503571916144,0.01077128444379804,-0.024031280203848482,-0.040264397114096795,-9.319999999999993,1407944.5,489708.14280027524,0.9758353401004087,-1038612.0,0.2743144138672776,2.3799999999999955,2.614999999999997,28.038787216607474,-1.8931285233759922,AMZN
2025-09-30,219.52,1456840.0,-0.011838847625478266,-0.011909484844397062,-0.005526864184107971,-0.06204067680738323,-14.519999999999982,1428235.1,482495.4022335507,1.0200281452262305,-2495452.0,0.2717091027848155,2.6299999999999955,2.240714285714284,32.722346190627974,-2.176969418474698,AMZN
2025-10-01,220.64,1401928.0,0.005102040816326481,0.005089069507471228,0.0018616900513099832,-0.04728183427609145,-10.950000000000017,1438079.9,479702.1273267183,0.9748609934677482,-1093524.0,0.27227814273527007,1.1199999999999761,2.282142857142852,35.633802816901365,-2.285198388498202,AMZN
2025-10-02,222.44,1346783.0,0.008158085569253126,0.008124988274371596,0.01964199766221264,-0.0379724937289162,-8.780000000000001,1421803.7,476850.5770662668,0.9472355431344004,253259.0,0.22092007624846824,1.8000000000000114,2.2842857142857116,41.22889305816132,-2.200361275114915,AMZN
2025-10-03,219.495,1635318.0,-0.013239525265240082,-0.013327949106863739,-0.0012513081858306352,-0.051857451403887644,-12.004999999999995,1431195.3,479226.7739686835,1.142623931199327,-1382059.0,0.2204081349614976,2.944999999999993,2.2503571428571405,30.99508014600856,-2.3437468840013764,AMZN
2025-10-06,220.84,1714450.0,0.006127702225563247,0.0061090042033443695,-0.005896916497861837,-0.02978648624901148,-6.780000000000001,1451188.8,482436.0886449216,1.1814107165104912,332391.0,0.21296215454694745,1.3449999999999989,2.162857142857141,28.20343461030383,-2.322083222769919,AMZN
2025-10-07,221.8,887288.0,0.004347038579967544,0.004337617500422947,0.010386297376093312,0.00480202953701192,1.0600000000000023,1441064.05,492441.11385225557,0.6157172542053214,1219679.0,0.20922267445647752,0.960000000000008,2.056428571428571,32.997568600208425,-2.2020665853632977,AMZN
2025-10-08,225.19,1220447.0,0.015284039675383276,0.015168415389981671,0.02062182741116758,0.022521908913408772,4.960000000000008,1394335.0,464685.6345509295,0.8752896542079199,2440126.0,0.18792092391450554,3.3899999999999864,2.2721428571428555,40.52184847532221,-1.8125143300120783,AMZN
2025-10-09,227.72,1623455.0,0.01123495714729783,0.011172313776632841,0.023736737996763235,0.04384497261121689,9.564999999999998,1418714.3,463199.7600260832,1.144314256929672,4063581.0,0.19281519305689235,2.530000000000001,2.432857142857141,44.45096887844979,-1.2848307757624298,AMZN
2025-10-10,216.19,2188428.0,-0.0506323555243281,-0.051959153416508065,-0.015057290598874729,-0.016289757473722632,-3.5800000000000125,1476383.85,484239.0506636243,1.4822893111435755,1875153.0,0.2621609801507922,11.530000000000001,2.9792857142857128,36.29824982018698,-1.776533623278965,AMZN
2025-10-13,220.0,1465239.0,0.017623386835653898,0.017469895685988567,-0.003803658757471462,-0.00967814539725409,-2.1500000000000057,1503365.75,466648.9555633958,0.9746390723614663,3340392.0,0.2646447538599316,3.8100000000000023,2.759999999999999,49.04244306418218,-1.8375938756263395,AMZN
2025-10-14,216.43,1761902.0,-0.016227272727272646,-0.016360376825923496,-0.024211000901713242,-0.01407616618075802,-3.0900000000000034,1534902.65,461455.30863428814,1.147891692023595,1578490.0,0.2639251359035065,3.569999999999993,2.9785714285714255,45.44364508393287,-2.149278188711861,AMZN
2025-10-15,215.56,1703231.0,-0.004019775447026808,-0.004027876461142068,-0.04276388827212574,-0.023023930384336366,-5.079999999999984,1552893.2,460610.2740041398,1.0968114227044075,-124741.0,0.26274448140185747,0.8700000000000045,2.8924999999999983,46.795900728484995,-2.438383810773587,AMZN
2025-10-16,214.47,1513632.0,-0.005056596771200628,-0.005069424618425842,-0.058185490953802876,-0.03582988671102316,-7.969999999999999,1583384.7,434844.3212236213,0.9559470923269626,-1638373.0,0.2627083342540127,1.0900000000000034,2.8549999999999978,43.370027520640456,-2.724054781781774,AMZN
2025-10-17,213.03,1334735.0,-0.006714225765841353,-0.006736867584758165,-0.014616772283639334,-0.029453973894621788,-6.465000000000003,1591624.3,428107.0269623441,0.8385992850197123,-2973108.0,0.2622810232708395,1.4399999999999977,2.787857142857141,38.31667947732512,-3.031699505143962,AMZN
2025-10-20,216.44,1077839.0,0.016007135145284623,0.015880371912422492,-0.016181818181818186,-0.019923926824850557,-4.400000000000006,1588964.85,431272.403451178,0.6783277805043957,-1895269.0,0.2669146797661264,3.4099999999999966,2.8435714285714266,46.131625219794,-2.966159621679651,AMZN
2025-10-21,222.04,1623076.0,0.025873221216041298,0.025544173047425928,0.02592062098600012,0.0010820559062216795,0.23999999999998067,1531675.15,330650.6382262065,1.0596737826555456,-272193.0,0.2635475530825817,5.599999999999994,3.163571428571428,51.58049221043125,-2.434284674558853,AMZN
2025-10-22,217.955,1530991.0,-0.01839758602053676,-0.01856892635917724,0.011110595657821465,-0.03212842488565204,-7.234999999999985,1524167.1,328777.3818660989,1.004477133773587,-1803184.0,0.27181992277725187,4.0849999999999795,3.3267857142857116,45.18518518518519,-2.315701343628774,AMZN
2025-10-23,221.09,1072363.0,0.014383703057970543,0.014281238974344817,0.03086678789574293,-0.029114702265940595,-6.6299999999999955,1462692.65,288147.2349101149,0.7331430837503696,-730821.0,0.274436693995316,3.134999999999991,3.34035714285714,51.70533518657115,-1.9463189465339497,AMZN
2025-10-24,224.26,982852.0,0.014338052376860144,0.014236234595606523,0.05271557996526299,0.03732827605347144,8.069999999999993,1445735.95,306271.7958113738,0.6798281525751643,252031.0,0.27772993342754465,3.1699999999999875,3.470714285714282,53.519242642519025,-1.381859017795449,AMZN
2025-10-27,227.05,1137826.0,0.012440916793008183,0.012364164511225547,0.04902051376825001,0.03204545454545449,7.050000000000011,1433931.15,313646.6393482483,0.7935011384612156,1389857.0,0.2785318514932888,2.7900000000000205,3.6014285714285683,55.20626735422452,-0.7013065492077715,AMZN
2025-10-28,229.23,1830141.0,0.009601409381193582,0.009555608783624901,0.0323815528733562,0.059141523818324604,12.799999999999983,1452596.2,325947.9956190302,1.2599103591211378,3219998.0,0.2755609551407013,2.1799999999999784,3.5149999999999966,54.10485673643568,0.013785060645346903,AMZN
2025-10-29,230.36,2216802.0,0.00492954674344559,0.004917436310886744,0.05691541832029556,0.06865837817776965,14.800000000000011,1493339.9,367555.37195322546,1.4844590973562015,5436800.0,0.27553846810923965,1.1300000000000239,3.4149999999999983,52.76092867600922,0.6640273753662029,AMZN
2025-10-30,222.77,4143491.0,-0.03294842854662272,-0.033503453561689114,0.007598715455244598,0.0387000512892246,8.300000000000011,1633175.3,695004.1735434025,2.5370766996047514,1293309.0,0.301376726177783,7.590000000000003,3.1335714285714267,57.49943013448828,0.5604391333342278,AMZN
2025-10-31,244.29,5678930.0,0.09660187637473627,0.09221619507036707,0.08931597253188261,0.14673989578932534,31.25999999999999,1835355.9,1140825.4588741716,3.0941846210862973,6972239.0,0.45116610603923674,21.519999999999982,4.398571428571425,69.7223124391036,2.1895886401942164,AMZN
2025-11-03,253.99,4413626.0,0.039706905726800246,0.03893885201762502,0.11865227923364885,0.1734891886897063,37.55000000000001,1970314.7,1277265.8451107733,2.240061448051928,11385865.0,0.4670156655282949,9.700000000000017,4.83642857142857,77.73593265396545,4.214824423173496,AMZN
2025-11-04,249.395,1664163.0,-0.018091263435568328,-0.018256911235281753,0.08796841600139604,0.1231985227886867,27.355000000000018,2009158.45,1254200.479963294,0.8282885802262137,9721702.0,0.4756845328168703,4.594999999999999,5.102499999999998,73.68236858682721,5.386962721255031,AMZN
2025-11-05,250.245,1232152.0,0.0034082479600632265,0.0034024530462537844,0.08632140996700821,0.14814984744557358,32.28999999999999,2009743.7,1253815.7435455774,0.6130891217621431,10953854.0,0.47457524719844796,0.8499999999999943,5.0853571428571405,75.1246576304516,6.311721071931373,AMZN
2025-11-06,242.96,1772580.0,-0.0291114707586565,-0.029543617238253342,0.09063159312295199,0.09891899226559331,21.870000000000005,2017199.95,1251839.492907621,0.8787329188660747,9181274.0,0.48970597567412216,7.284999999999997,5.50285714285714,69.42497403946004,6.383178798849514,AMZN
2025-11-07,244.42,1705994.0,0.006009219624629525,0.005991236272361109,0.0005321544066478889,0.08989565682689737,20.159999999999997,1993078.25,1253013.9070520657,0.8559593683790389,10887268.0,0.4456720229112458,1.4599999999999795,5.363571428571425,68.630976161939,6.482888655564892,AMZN
2025-11-10,248.37,1896049.0,0.016160706979788886,0.016031512808969712,-0.022126855388007405,0.0939000220215811,21.319999999999993,2014618.75,1247151.5695831752,0.9411453159561828,12783317.0,0.44521861988733447,3.950000000000017,5.245714285714284,67.92619825708061,6.802229555777046,AMZN
2025-11-11,249.05,675398.0,0.002737850787132068,0.002734109700468165,-0.001383347701437443,0.08646337739388388,19.82000000000002,1960293.55,1281918.2917380822,0.34453921454773956,13458715.0,0.4374309413637284,0.6800000000000068,5.0024999999999995,72.19961447847504,7.029152146475667,AMZN
2025-11-12,244.22,1070772.0,-0.019393696044970987,-0.019584221114416708,-0.024076405122979483,0.06016669560687604,13.859999999999985,1928670.6,1296313.4538319532,0.5551865621843356,12387943.0,0.4460697304432547,4.8300000000000125,5.12357142857143,66.12296110414053,6.741537057746996,AMZN
2025-11-13,237.63,1441425.0,-0.026983867005159312,-0.027354616260577818,-0.02193776753375043,0.06670557076805661,14.859999999999985,1925060.25,1297630.0945593447,0.7487687723020617,10946518.0,0.46025050342748175,6.590000000000003,5.3678571428571455,58.89554224883566,5.913672961931127,AMZN
2025-11-14,234.63,1287281.0,-0.012624668602449152,-0.012705036862668221,-0.04005400540054005,-0.039543165909370015,-9.659999999999997,1922687.55,1298809.1562061356,0.6695216807327846,9659237.0,0.46280669422735,3.0,5.3828571428571435,55.029193205944786,4.958352967067611,AMZN
2025-11-17,232.935,1702913.0,-0.00722414013553252,-0.007250360592367569,-0.06214518661674118,-0.08289696444741923,-21.055000000000007,1953941.25,1284855.0023818945,0.8715272273411496,7956324.0,0.46297983453443375,1.6949999999999932,5.348214285714287,52.47412353923206,4.01816376348998,AMZN
2025-11-18,222.71,2288377.0,-0.04389636593899582,-0.04488896797650401,-0.10576189520176671,-0.10699893742857713,-26.685000000000002,1987206.3,1284450.3094598837,1.1515548234725301,5667947.0,0.48511256454339935,10.224999999999994,5.997857142857143,45.444801714898176,2.4200877348922347,AMZN
2025-11-19,222.67,1989479.0,-0.00017960576534514772,-0.00017962189639213528,-0.08824011137498977,-0.11019201182840821,-27.575000000000017,2010130.7,1279963.0248537865,0.9897261904412484,3678468.0,0.47994156938942617,0.040000000000020464,5.45857142857143,49.93457210154408,1.137263635735735,AMZN
2025-11-20,217.195,2466255.0,-0.02458795527013069,-0.024895287279382766,-0.08599503429701638,-0.10604626275930196,-25.765000000000015,2079825.3,1264063.9542316685,1.1857991149545108,1212213.0,0.48595765293589094,5.474999999999994,4.312500000000002,27.561076604554884,-0.31751038651779595,AMZN
2025-11-21,220.65,2260352.0,0.015907364350008057,0.015782168178572933,-0.059583173507224085,-0.09725063415432444,-23.769999999999982,2143700.3,1237717.2341678946,1.054416048735917,3472565.0,0.4866227400384832,3.4550000000000125,3.8664285714285733,19.20376870496952,-1.1780597157874695,AMZN
2025-11-24,226.12,1722473.0,0.02479039202356681,0.02448809609153391,-0.029257088887457816,-0.08958408825542541,-22.25,2172932.65,1219479.9108960684,0.7926950704155511,5195038.0,0.4928714235065856,5.469999999999999,3.9289285714285733,28.842832469775487,-1.4025008174569962,AMZN
2025-11-25,229.57,1574173.0,0.015257385459048312,0.01514216208038989,0.030802388756679067,-0.0782172254567357,-19.480000000000018,2160134.25,1224599.2863577388,0.7287385031740504,6769211.0,0.4947016650373442,3.4499999999999886,4.114642857142859,32.054509157191205,-1.2871483949193703,AMZN
2025-11-26,229.15,1243901.0,-0.0018295073398091333,-0.0018311829323467857,0.02910136075807257,-0.06170665793137331,-15.069999999999993,2111489.2,1241437.4127882062,0.5891107565219845,5525310.0,0.4944849602691796,0.4199999999999875,3.624285714285715,36.39140717382736,-1.2156084810232812,AMZN
2025-11-28,233.23,861054.0,0.01780493126772842,0.017648280187119118,0.07382766638274352,-0.018516180616925504,-4.400000000000006,1947367.35,1173792.9385404838,0.44216310805457426,6386364.0,0.4820411109786067,4.079999999999984,3.8114285714285723,39.51461769115443,-0.8202355173608282,AMZN
2025-12-01,233.92,1500261.0,0.0029584530291986155,0.0029540854191613328,0.060140493995014754,-0.0030260410007245664,-0.710000000000008,1738433.9,780697.661526293,0.8629957112548254,7886625.0,0.3311463840962086,0.6899999999999977,3.5785714285714283,35.57884231536924,-0.44608022654426804,AMZN
2025-12-02,234.36,1776296.0,0.0018809849521204125,0.0018792181151742226,0.03644082787900227,0.00611758645115601,1.4250000000000114,1606567.4,463243.32731916127,1.1056467347712895,9662921.0,0.29305140127493423,0.44000000000002615,3.5614285714285723,35.268752507019656,-0.11275536648523143,AMZN
2025-12-03,232.42,1446006.0,-0.008277863116572859,-0.008312314881860294,0.012414514091562356,0.04359929953751496,9.70999999999998,1595659.55,464382.79989947117,0.90621210520753,8216915.0,0.28876537098192556,1.9400000000000261,3.3550000000000018,37.43879071747924,-0.005076283914917212,AMZN
2025-12-04,229.14,1563178.0,-0.014112382755356645,-0.014212909329247765,-4.363953742103632e-05,0.029056451250729864,6.469999999999999,1612210.85,456578.50616564427,0.9695865773388139,6653737.0,0.29001352676877734,3.280000000000001,3.1185714285714305,40.27714154832799,-0.18230690259727567,AMZN
2025-12-05,229.48,1052220.0,0.0014838090250501867,0.0014827092681904675,-0.016078549071731785,0.056562075554225544,12.284999999999997,1576192.85,471433.4397897864,0.6675705958189062,7705957.0,0.27516117510740734,0.3400000000000034,2.9285714285714306,43.71951219512195,-0.2919627217632126,AMZN
2025-12-08,226.98,1126342.0,-0.010894195572598964,-0.010953971860677475,-0.02966826265389877,0.02868796736913648,6.329999999999984,1547210.25,480759.15304737585,0.7279825091644785,6579615.0,0.2746016382233994,2.5,2.986071428571431,42.87764621456762,-0.573978389522722,AMZN
2025-12-09,227.9,613667.0,0.0040532205480658945,0.004045028378645677,-0.027564430790237293,0.007871926410755403,1.7800000000000011,1483091.15,516009.34548659466,0.4137756468980346,7193282.0,0.2663124502678398,0.9200000000000159,2.3214285714285756,57.984615384615374,-0.7149994581146757,AMZN
2025-12-10,231.685,1162879.0,0.01660816147433075,0.016471754204548543,-0.0031623784528008736,0.009212876246896373,2.115000000000009,1507465.2,486520.02491070906,0.7714134959798741,8356161.0,0.2754686958893341,3.7849999999999966,2.588928571428574,62.436198096289154,-0.5154005864062299,AMZN
2025-12-11,230.28,829585.0,-0.006064268295314812,-0.00608273064857841,0.004975124378109541,0.0049312677285620055,1.1299999999999955,1495405.85,500696.6207364218,0.5547557540984609,7526576.0,0.26923762194884887,1.4050000000000011,2.2982142857142884,70.33411033411032,-0.46522596513713665,AMZN
2025-12-12,226.2,1249975.0,-0.017717561229807277,-0.01787639612558886,-0.014293184591249841,-0.030141919993139865,-7.030000000000001,1485833.35,503604.6240099873,0.8412619086790587,6276601.0,0.2600490576408267,4.0800000000000125,2.3428571428571456,58.46036585365851,-0.7460837294973715,AMZN
2025-12-15,222.61,1445714.0,-0.015870910698496776,-0.01599820221978224,-0.019252797603313,-0.048349863201094245,-11.309999999999974,1493755.0,501558.9488857412,0.967838768740523,4830887.0,0.26200095444889376,3.589999999999975,2.2085714285714295,44.32406209573093,-1.2440083741728074,AMZN
2025-12-16,222.515,1204366.0,-0.0004267553119806644,-0.0004268463979440172,-0.023628784554629356,-0.050541901348353124,-11.845000000000027,1468827.65,503003.4882026466,0.8199505231263859,3626521.0,0.2614843350351024,0.09500000000002728,1.9689285714285754,37.20297478686742,-1.6275218892413363,AMZN
2025-12-17,221.29,1220008.0,-0.005505246837291811,-0.005520456556519045,-0.044866952974944474,-0.04788744514241461,-11.129999999999995,1415409.2,466815.4790915064,0.8619472022648998,2406513.0,0.2108013384487505,1.2249999999999943,2.0264285714285757,36.147338738103635,-2.007168980656928,AMZN
2025-12-18,226.8,1147631.0,0.02489945320620013,0.024594513345822463,-0.015112037519541377,-0.01021209740769824,-2.339999999999975,1373316.8,449978.40680574055,0.8356637011940726,3554144.0,0.22890971649539119,5.510000000000019,2.1285714285714357,39.21140939597323,-1.8421954029266487,AMZN
2025-12-19,227.48,988180.0,0.0029982363315694815,0.0029937505850017375,0.0056587091069850715,-0.008715356458079082,-2.0,1299413.05,376389.49071204406,0.7604818190797761,4542324.0,0.20796852945195113,0.6799999999999784,2.1278571428571484,39.19100369251429,-1.637703905811179,AMZN
2025-12-22,228.38,967524.0,0.003956391770705059,0.003948585834902997,0.025919770001347597,0.006167944312274187,1.4000000000000057,1234771.65,307356.16145087965,0.7835651231545525,5509848.0,0.20190983248721006,0.9000000000000057,2.1607142857142896,40.11570247933883,-1.3870316057256957,AMZN
2025-12-23,232.12,822277.0,0.016376215080129652,0.016243571048905593,0.04316562928341927,0.01851689337428697,4.219999999999999,1189761.85,297946.4785229726,0.6911273882247947,6332125.0,0.19112344084872815,3.740000000000009,2.2892857142857173,49.5319812792512,-0.8764817226875152,AMZN
2025-12-24,232.44,299119.0,0.0013785972772704103,0.0013776478844973216,0.05038637082561337,0.0032587349202581883,0.7549999999999955,1126009.15,344188.9471975777,0.265645265848861,6631244.0,0.18397226334901906,0.3199999999999932,2.077857142857145,55.67205225163288,-0.4409627918434751,AMZN
2025-12-26,232.51,480598.0,0.00030115298571664617,0.00030110764825835536,0.02517636684303337,0.00968386312315439,2.2299999999999898,1087844.0,371652.0788703221,0.4417894477516997,7111842.0,0.18374133553861854,0.06999999999999318,2.05857142857143,55.25676613462873,-0.08913499369677425,AMZN
2025-12-29,232.095,700452.0,-0.0017848694679798438,-0.0017864642454176016,0.020287497802004673,0.026061007957559834,5.89500000000001,1079813.9,378482.3776950179,0.6486784435725453,6411390.0,0.17249730573401037,0.41499999999999204,1.909642857142858,59.56611183841408,0.15442393640327623,AMZN
2025-12-30,232.49,914409.0,0.001701889312565985,0.0017004427399882512,0.01799632191960776,0.04438255244598177,9.879999999999995,1050521.3,366717.38602435705,0.8704335647454269,7325799.0,0.17225080183144428,0.39500000000001023,1.8721428571428578,58.75619992369325,0.3749966145568351,AMZN
2025-12-31,230.85,567837.0,-0.007054066841584605,-0.007079064396735981,-0.005471307944166837,0.03745814888883903,8.335000000000008,990098.35,339377.7389041796,0.5735157522482489,6757962.0,0.17369801217529546,1.6400000000000148,1.7189285714285734,48.265115312694775,0.41271028986741953,AMZN
2026-01-02,226.49,1321728.0,-0.01888672298029015,-0.019067355114929217,-0.02559800378592325,0.023498576528537374,5.200000000000017,983884.45,331640.4149691235,1.3433772634581227,5436234.0,0.1836363502984778,4.359999999999985,1.9300000000000008,42.98667653589934,0.08974852220626417,AMZN
2026-01-05,233.005,1574185.0,0.028765066890370283,0.028359118724853676,0.0021289406907230024,0.027358906525573046,6.204999999999984,984434.8,332659.90191763866,1.5990749209597221,7010419.0,0.2055058278659789,6.514999999999986,2.1039285714285705,61.551519266678,0.3554081227884751,AMZN
2026-01-06,240.87,1890654.0,0.0337546404583593,0.03319745630177991,0.03780779422219349,0.05886231756637961,13.390000000000015,1026356.5,389607.0505566108,1.8421026222370103,8901073.0,0.2363060097955117,7.865000000000009,2.4092857142857156,77.06789208419802,1.1869031588823589,AMZN
2026-01-07,241.58,1292637.0,0.0029476481089385498,0.0029433123124301256,0.03909845584756333,0.057798406165163296,13.200000000000017,1034671.25,393607.1328878553,1.2493214632183893,10193710.0,0.23092391951387964,0.710000000000008,2.4532142857142856,77.75513175134667,1.881471598455846,AMZN
2026-01-08,246.23,1225067.0,0.019248282142561468,0.01906537730257164,0.06662334849469342,0.06078752369464069,14.109999999999985,1065241.25,382782.0866432162,1.150037139474274,11418777.0,0.23784512733764152,4.649999999999977,2.6978571428571416,83.0156208631189,2.7751480499911167,AMZN
2026-01-09,247.32,1396059.0,0.00442675547252569,0.004416986210664007,0.09196874034173685,0.06401652039235928,14.879999999999995,1076900.25,389406.36325415823,1.2963679783712558,12814836.0,0.233152043512405,1.0900000000000034,2.382142857142855,80.76461769115443,3.530647856179826,AMZN
2026-01-12,246.44,1380281.0,-0.003558143296134575,-0.0035644885439980356,0.05765970687324318,0.05991140166014364,13.930000000000007,1104435.05,390466.70735368656,1.2497620389718707,11434555.0,0.23197347253650705,0.8799999999999955,2.39642857142857,78.25633383010435,4.012128925345593,AMZN
2026-01-13,242.58,1365714.0,-0.015663041714007453,-0.015787003265635435,0.007099265163781343,0.04517546694241581,10.485000000000014,1110222.0,393582.45162675495,1.2301269475834562,10068841.0,0.2295837123239131,3.859999999999985,2.60785714285714,69.44672692413042,4.03571518836327,AMZN
2026-01-14,236.74,1857196.0,-0.024074532113117386,-0.024369060354987024,-0.020034771090322034,0.018280356144350307,4.25,1130796.1,421787.2487614811,1.6423792052342592,8211645.0,0.24040341958044753,5.840000000000003,2.75785714285714,55.982905982906,3.542334452113721,AMZN
2026-01-15,238.14,1483275.0,0.005913660555884048,0.00589624349728142,-0.032855460341956744,0.03157894736842093,7.289999999999992,1144741.55,428898.49825993745,1.2957291538863074,9694920.0,0.2401916584158377,1.3999999999999773,2.834999999999996,57.180650037792894,3.2270950211248532,AMZN
2026-01-16,239.09,1083084.0,0.003989250020996149,0.003981314061813267,-0.03327672650816749,0.05563159521391681,12.599999999999994,1137895.35,428726.61638063414,0.9518309394620516,10778004.0,0.23781942284749374,0.950000000000017,2.8978571428571405,58.10944047325612,3.019120025095134,AMZN
2026-01-20,231.03,1807736.0,-0.03371115479526543,-0.03429247786557381,-0.062530433371206,-0.008476212956803453,-1.9749999999999943,1170900.6,454169.48512936704,1.5438851086078527,8970268.0,0.25946187154296446,8.060000000000002,3.4439285714285695,48.895571917453076,2.1788077629624922,AMZN
2026-01-21,231.27,1853084.0,0.0010388261264770993,0.0010382869200121065,-0.04662379421221863,-0.03985552372649148,-9.599999999999994,1214145.8,476484.5460762999,1.5262450358103614,10823352.0,0.25936006255440114,0.2400000000000091,3.432857142857141,48.73075322513525,1.514759036072718,AMZN
2026-01-22,234.33,1183152.0,0.013231288104812666,0.013144519151035221,-0.010179944242629024,-0.030010762480337738,-7.25,1224927.2,473037.57845746883,0.9658957691526484,12006504.0,0.2628505083736207,3.0600000000000023,3.5342857142857116,53.516572352465666,1.2213332923718667,AMZN
2026-01-23,239.15,1336531.0,0.02056928263559943,0.02036059183599033,0.004241202653901155,-0.02875360435365304,-7.079999999999984,1250639.9,463887.00006823434,1.0686777225002977,13343035.0,0.26641279933084255,4.819999999999993,3.567142857142855,62.67521025230277,1.3620244243171271,AMZN
2026-01-26,238.38,1376683.0,-0.0032197365670082467,-0.003224931071743416,-0.0029695930402777737,-0.036147501213003363,-8.939999999999998,1304518.1,406594.93997355114,1.0553192017803354,11966352.0,0.26696903222267887,0.7700000000000102,3.156785714285714,56.08100463853377,1.3953063718603573,AMZN
2026-01-27,244.685,1810236.0,0.02644936655759711,0.026105629964699208,0.05910487815435217,-0.007121408862197698,-1.7549999999999955,1371000.0,372020.0094840699,1.3203763676148796,13776588.0,0.281296126250823,6.305000000000007,3.045357142857142,54.47402368945703,1.908444007435719,AMZN
2026-01-28,243.02,1579104.0,-0.006804667225207894,-0.0068279245387960616,0.05080641674233588,0.0018138346112621662,0.4399999999999977,1414932.6,339089.34153660375,1.1160277175039999,12197484.0,0.28291828835338223,1.664999999999992,3.1135714285714267,51.65175498967653,2.155905756021127,AMZN
2026-01-29,241.625,1837808.0,-0.005740268290675754,-0.0057568069519708205,0.03113131054495799,0.02063445129678132,4.884999999999991,1461102.55,330096.99479164055,1.2578227311970676,10359676.0,0.2844098016325406,1.3950000000000102,2.881071428571429,44.29155820007439,2.213935265527965,AMZN
2026-01-30,239.52,2176249.0,-0.00871184687015003,-0.008750016857176747,0.0015471461425884403,0.005794910556815358,1.3800000000000239,1541523.15,295089.47238017386,1.4117523956743694,8183427.0,0.28517587474694234,2.1049999999999898,2.9535714285714283,40.568319226118525,2.06624972151738,AMZN
2026-02-02,242.885,1460613.0,0.014048931195724812,0.013951159621812198,0.018898397516570187,0.01587268392655483,3.7949999999999875,1548467.4,291254.1149228922,0.9432636424893415,9644040.0,0.27703225317665375,3.3649999999999807,3.131071428571427,45.94502110185923,2.195427717275237,AMZN
2026-02-03,238.63,2137846.0,-0.017518578751260838,-0.017673845088005315,-0.024746102131311676,0.032896160671774144,7.599999999999994,1576650.45,319750.7485504575,1.3559416419790449,7506194.0,0.2699953438087281,4.2549999999999955,3.1592857142857134,45.53470495139044,1.9321862299940449,AMZN
2026-02-04,232.97,1934571.0,-0.02371872773750161,-0.024004545293914926,-0.04135462101884624,0.007350715613784642,1.6999999999999886,1578846.3,322162.3273680056,1.225306731883908,5571623.0,0.2551189301934976,5.659999999999997,3.14642857142857,45.720771850170244,1.2524137116969314,AMZN
2026-02-05,222.455,3216969.0,-0.04513456668240545,-0.04618485595064759,-0.07933781686497665,-0.05067639653480138,-11.875,1675062.9,480589.5651705657,1.9205063881481705,2354654.0,0.29746965537967346,10.514999999999986,3.7974999999999994,35.24875387943199,-0.1332475343956787,AMZN
2026-02-06,210.25,7222174.0,-0.05486502888224587,-0.05642753510750513,-0.12220273881095534,-0.12084465816433199,-28.900000000000006,1974918.25,1321045.0587980433,3.6569483319119667,-4867520.0,0.3348080952140226,12.205000000000013,4.6014285714285705,27.615647314498602,-2.190979308007911,AMZN
2026-02-09,208.655,3317497.0,-0.0075862068965517615,-0.007615128527252307,-0.14093089322107166,-0.12469586374695862,-29.724999999999994,2070990.15,1346357.354012526,1.6018893184982073,-8185017.0,0.3317613068435226,1.5949999999999989,4.139642857142856,30.6962298334915,-3.9054303635957126,AMZN
2026-02-10,206.96,2279515.0,-0.008123457381802424,-0.0081566324480314,-0.13271592004358201,-0.1541778204630443,-37.724999999999994,2115951.85,1337059.9475440725,1.0773000340248762,-10464532.0,0.3312998456471029,1.6949999999999932,4.2435714285714266,29.540481400437628,-5.339368593887059,AMZN
2026-02-11,204.15,2268764.0,-0.013577502899110971,-0.013670520112188955,-0.12370691505344034,-0.15994568348284088,-38.870000000000005,2161104.35,1325589.769830268,1.049816960481339,-12733296.0,0.330782556373059,2.8100000000000023,4.225714285714283,24.49290060851925,-6.626136511136593,AMZN
2026-02-12,199.55,2999284.0,-0.02253245162870432,-0.022790186270841808,-0.10296464453484977,-0.17413347128815304,-42.07499999999999,2218208.75,1336364.7294094411,1.3521198128895668,-15732580.0,0.32985596158571534,4.599999999999994,4.209999999999998,16.406515100101785,-7.925728053014268,AMZN
2026-02-13,198.815,1931180.0,-0.003683287396642476,-0.0036900874023844984,-0.05438763376932221,-0.1699440547762191,-40.70500000000001,2240604.0,1327121.3416177384,0.8619015229821959,-17663760.0,0.3261088654706567,0.7350000000000136,4.207499999999998,16.416263475086993,-8.912237345904003,AMZN
2026-02-17,201.245,2560469.0,0.012222417825616727,0.012148327177182196,-0.03551316766911883,-0.17143915844947188,-41.639999999999986,2314473.25,1300143.6721839996,1.1062858471144568,-15103291.0,0.33164715858786514,2.430000000000007,3.930714285714284,10.530619662002536,-9.38973337485291,AMZN
2026-02-18,204.68,1831226.0,0.01706874704961625,0.016924712667350492,-0.011016621569385432,-0.14227046054561454,-33.94999999999999,2315647.75,1299672.3367058777,0.790805078190325,-13272065.0,0.3291555115601823,3.4350000000000023,4.057142857142856,16.249999999999986,-9.382817347677815,AMZN
2026-02-19,204.93,1248293.0,0.001221418800078089,0.001220673474976491,0.0038207200587803136,-0.12035884448641454,-28.039999999999992,2285408.2,1317909.1855347652,0.5462013306856954,-12023772.0,0.3292066783570053,0.25,3.975357142857141,17.033510017069446,-9.250529094504401,AMZN
2026-02-20,210.17,2073484.0,0.02556970672912695,0.02524826962745316,0.05321974442495603,-0.05522465217684491,-12.285000000000025,2329924.8,1293528.7596261073,0.8899360185358772,-9950288.0,0.34136585491362886,5.239999999999981,4.199285714285712,25.038271814934475,-8.623459618718925,AMZN
2026-02-23,205.3,1756048.0,-0.023171718132939834,-0.023444403014432798,0.03261826320951644,-0.023543400713436302,-4.949999999999989,2350900.65,1279901.7232348784,0.7469681885536082,-11706336.0,0.33276760547726586,4.869999999999976,4.306785714285711,18.83240733062442,-8.422382854286212,AMZN
2026-02-24,208.6,1408806.0,0.016074037993180523,0.015946218541783998,0.03654749186315187,-0.0002635930123888741,-0.05500000000000682,2352506.8,1278634.3600494706,0.5988531042715797,-10297530.0,0.34286896532626876,3.299999999999983,4.238571428571425,24.69666329625882,-7.905614644496637,AMZN
2026-02-25,210.67,1148530.0,0.009923298178331708,0.00987438557170682,0.029265194449872967,0.017926169308078777,3.7099999999999795,2319421.5,1301756.31320004,0.49517950920089343,-9149000.0,0.3264792513130515,2.069999999999993,3.982142857142853,29.99999999999997,-7.245518586747011,AMZN
2026-02-26,207.92,1835752.0,-0.013053590924194225,-0.013139537805144087,0.01459034792368108,0.01846681361743796,3.769999999999982,2332253.9,1295323.4356267906,0.7871149877807043,-10984752.0,0.32711858905449276,2.75,3.427499999999997,34.8546420756486,-6.865152517720986,AMZN
2026-02-27,210.015,1715593.0,0.01007599076567911,0.010025566404763498,-0.0007374982157301035,0.052442996742670944,10.464999999999975,2326143.15,1298064.1527218139,0.7375268370736341,-9269159.0,0.33305230164599725,2.094999999999999,2.705357142857139,49.689768976897675,-6.321787050333427,AMZN
2026-03-02,208.26,1868191.0,-0.00835654596100277,-0.008391657636248401,0.014417924987822683,0.04750647586952694,9.444999999999993,2310740.25,1301758.8764510683,0.8084816110335206,-11137350.0,0.3330272643490242,1.7549999999999955,2.71678571428571,49.480741422374116,-5.964030207789506,AMZN
2026-03-03,208.63,1995039.0,0.0017766253721309688,0.0017750490400327626,0.00014381591562795393,0.03669656388978604,7.384999999999991,2337461.55,1288810.5012915675,0.8535066598207788,-9142311.0,0.3256256556239226,0.37000000000000455,2.6221428571428538,52.27458458185779,-5.586254559553765,AMZN
2026-03-04,216.805,2359440.0,0.03918420169678383,0.03843598388839513,0.02912137466179332,0.0592388118037912,12.125,2348541.25,1287956.340097913,1.0046406466141482,-6782871.0,0.36232336471560467,8.175000000000011,3.00535714285714,65.03862150920976,-4.574478714815768,AMZN
2026-03-05,218.87,3195215.0,0.009524688083761834,0.00947961422581596,0.052664486340900485,0.0680232274435173,13.939999999999998,2411573.45,1297443.2966473356,1.3249503140781385,-3587656.0,0.35816966004635997,2.0649999999999977,2.8242857142857116,74.43095599393021,-3.5649166858635795,AMZN
2026-03-06,213.08,2184357.0,-0.0264540594873669,-0.026810264207195372,0.0145941956526916,0.013845934243707614,2.910000000000025,2359942.85,1284184.6481092607,0.9255974143611146,-5772013.0,0.3342758419529852,5.789999999999992,3.185357142857139,65.99394550958631,-3.1952037949652947,AMZN
2026-03-09,213.495,2528855.0,0.0019476253050496606,0.0019457311418998602,0.02513684817055606,0.039917194349732066,8.194999999999993,2125276.9,590243.0986667072,1.18989436153002,-3243158.0,0.2695304067282739,0.41499999999999204,3.041428571428566,64.38468764678255,-2.83602470614224,AMZN
2026-03-10,214.3,1181925.0,0.0037705801072625,0.0037634892888330305,0.027177299525475762,0.027325023969319462,5.700000000000017,2018498.3,555349.2048384959,0.58554669082456,-2061233.0,0.26779561587296147,0.8050000000000068,2.8535714285714238,62.04005006257825,-2.4580806940313664,AMZN
2026-03-11,212.63,1336913.0,-0.007792813812412591,-0.007823336460921346,-0.01925693595627409,0.009303650258698504,1.960000000000008,1971368.2,571786.0256736294,0.678165042938199,-3398146.0,0.26764103675968137,1.670000000000016,2.954999999999996,59.30626057529611,-2.2671777706507044,AMZN
2026-03-12,209.565,1621958.0,-0.014414711000329206,-0.014519612248050153,-0.042513820989628526,0.007911696806464086,1.6450000000000102,1939027.9,572371.394421206,0.8364799701953748,-5020104.0,0.26828176675771814,3.0649999999999977,2.7996428571428544,49.22821788493431,-2.336274593977521,AMZN
2026-03-13,207.7,1443764.0,-0.008899386825090061,-0.008939222888493288,-0.02524873287028362,-0.01102302216508344,-2.3149999999999977,1861251.9,524390.9981270923,0.775695111446226,-6463868.0,0.2562144803525688,1.865000000000009,2.585,53.315833103067106,-2.5125609986469613,AMZN
2026-03-16,211.775,1924589.0,0.019619643716899393,0.019429659435548023,-0.00805639476334341,0.016877941035244426,3.515000000000015,1860922.35,524346.8085161608,1.0342124162246749,-4539279.0,0.2624816720496609,4.075000000000017,2.640357142857145,54.29460300284053,-2.2969727288164847,AMZN
2026-03-17,215.345,1795405.0,0.016857513870853547,0.01671700289578134,0.00487634157722816,0.032186166898336754,6.715000000000003,1822669.15,497864.53440990206,0.9850416352303982,-2743874.0,0.26507614863214635,3.569999999999993,2.7475000000000023,56.076953074223326,-1.8171018880226484,AMZN
2026-03-18,209.82,1608826.0,-0.025656504678539083,-0.02599137291005644,-0.013215444669143595,-0.0322178916537903,-6.985000000000014,1811549.15,500141.84214189,0.8880940381882546,-4352700.0,0.2791319606099519,5.525000000000006,2.9457142857142884,52.3035887487876,-1.8611677319816238,AMZN
2026-03-19,208.76,1551666.0,-0.005051949289867519,-0.005064753528127004,-0.0038412902917949188,-0.04619180335358897,-10.110000000000014,1826717.8,486576.40635714476,0.8494284119856936,-5904366.0,0.28006808184508525,1.0600000000000023,2.8717857142857173,48.43924884964558,-1.9590407694767578,AMZN
2026-03-20,205.31,1217008.0,-0.01652615443571559,-0.016664234730539445,-0.0115069812229176,-0.03646517739816035,-7.77000000000001,1783894.0,501185.4531781324,0.6822199076850979,-7121374.0,0.27094761445830934,3.4499999999999886,2.992857142857145,46.47971360381864,-2.2886103484888736,AMZN
2026-03-23,210.21,1687331.0,0.023866348448687402,0.02358599900587929,-0.007389918545626206,-0.015386777207897162,-3.2849999999999966,1780458.15,501621.75008553267,0.9476948391064401,-5434043.0,0.271413539861825,4.900000000000006,3.316428571428574,51.70148610811976,-2.129855912119581,AMZN
2026-03-24,207.28,1607918.0,-0.013938442509871085,-0.014036494796697685,-0.037451531263785975,-0.03275781614559037,-7.02000000000001,1790413.75,495799.4992860564,0.8980706275295305,-7041961.0,0.27068310775339266,2.930000000000007,2.9417857142857167,38.4363239043341,-2.2149359871906995,AMZN
2026-03-25,211.715,1395423.0,0.02139617908143565,0.021170494360336252,0.009031550853112247,-0.004303249776607232,-0.914999999999992,1802758.4,481853.9231995321,0.7740488131964882,-5646538.0,0.27928941763969584,4.435000000000002,3.111071428571431,41.78624727356217,-1.9025635561245906,AMZN
2026-03-26,207.58,2176215.0,-0.01953097324233044,-0.01972422307704788,-0.005652423835983855,-0.009472001526972473,-1.9849999999999852,1819781.55,489041.294375078,1.1958660642537011,-7822753.0,0.2843268704771524,4.134999999999991,2.992857142857145,43.436754176610975,-1.966003234849154,AMZN
2026-03-27,199.37,2326112.0,-0.039551016475575684,-0.040354412682407456,-0.028931859139837313,-0.04010592200288876,-8.329999999999984,1850307.5,501101.15391558234,1.2571488793078989,-10148865.0,0.3141676417974489,8.210000000000008,3.5496428571428607,35.78830868296612,-2.648230866501166,AMZN
2026-03-30,200.945,2253276.0,0.007899884636605181,0.007868843919521232,-0.044074972646401256,-0.05113918073426993,-10.830000000000013,1869561.75,509157.9339413877,1.2052428864679114,-7895589.0,0.315384635655523,1.5749999999999886,3.6046428571428595,36.76805706925592,-3.0269193999436084,AMZN
2026-03-31,208.39,1753529.0,0.03704993903804521,0.036380085308741456,0.00535507526051715,-0.032297011771808104,-6.9550000000000125,1857486.25,508889.24123313004,0.9440333676763422,-6142060.0,0.34395145984459824,7.444999999999993,4.017142857142858,46.230440967283066,-2.6952147534960034,AMZN
2026-04-01,210.6,1663492.0,0.010605115408608867,0.010549275616876814,-0.005266513945634488,0.0037174721189590088,0.7800000000000011,1822688.85,496400.515181281,0.9126582411474125,-4478568.0,0.31466408143685193,2.210000000000008,3.95607142857143,50.93436851132978,-2.2283212013961133,AMZN
2026-04-02,209.64,909541.0,-0.004558404558404616,-0.004568825765909678,0.009923884767318425,0.004215366928530306,0.8799999999999955,1708405.15,421192.0202038479,0.5323918626679391,-5388109.0,0.31222132614382103,0.960000000000008,3.891428571428573,51.780469897209976,-1.9137086326409758,AMZN
2026-04-06,212.765,769208.0,0.014906506391910046,0.014796496322033715,0.06718663790941459,0.036310944425502756,7.454999999999984,1637647.7,454572.1197035746,0.46970297702002695,-4618901.0,0.30359891134401484,3.125,3.823571428571429,50.924715113020724,-1.3961209091702074,AMZN
2026-04-07,213.81,1093924.0,0.004911522101849641,0.004899499925890106,0.06402249371718627,0.017125731411445688,3.5999999999999943,1565901.15,418299.44511297054,0.6985907124469511,-3524977.0,0.3040201516960873,1.045000000000016,3.6432142857142873,48.49524556416038,-0.8913314288535901,AMZN
2026-04-08,221.33,1321716.0,0.03517141387212952,0.03456703027206475,0.06209511013004465,0.0677827093786183,14.050000000000011,1572890.7,412675.84560576384,0.8403101372523851,-2203261.0,0.3283078070794708,7.52000000000001,3.785714285714288,60.85849056603775,0.11420256773465098,AMZN
2026-04-09,233.53,2965413.0,0.05512131206795279,0.053655748059581496,0.10887939221272558,0.10303946342961057,21.814999999999998,1654315.7,512299.1511947425,1.79253149806896,762152.0,0.37632375838455606,12.199999999999989,4.581428571428573,69.30932335516059,1.8739320229792042,AMZN
2026-04-10,238.42,2407796.0,0.020939493855179236,0.020723275776320285,0.13728296126693373,0.14856922632238168,30.839999999999975,1693607.6,539120.4562017667,1.4216965015981269,3169948.0,0.3730884363256269,4.889999999999986,4.684285714285715,75.24397682220187,3.621367556028588,AMZN
2026-04-13,239.95,1402634.0,0.006417246875262128,0.006396744014398987,0.12777007496533743,0.20354115463710687,40.579999999999984,1691551.1,540201.0194655037,0.8291998982472358,4572582.0,0.36851072883101704,1.5300000000000011,4.443571428571429,73.90290950008036,5.0712231154715255,AMZN
2026-04-14,249.07,3116335.0,0.038007918316316,0.037303413150357755,0.1649127730227773,0.23949339371469813,48.125,1751138.4,626150.1106232571,1.7796051985382766,7688917.0,0.38206474199076196,9.120000000000005,4.885714285714286,80.54824561403508,6.87687948693852,AMZN
2026-04-15,248.46,1524725.0,-0.0024491106917733374,-0.002452114669081237,0.1225771472461934,0.19228369883391738,40.07000000000002,1737604.4,628065.3407317302,0.8774868433804611,6164192.0,0.3825536753094808,0.6099999999999852,4.612499999999999,78.45141308555944,8.164537561598564,AMZN
2026-04-16,249.705,2079627.0,0.005010866940352576,0.004998354328553064,0.06926304971524,0.1856837606837607,39.10500000000002,1761144.45,631796.4477276795,1.1808384031190629,8243819.0,0.3623042042864616,1.2450000000000045,4.406071428571429,84.1452541136419,9.179659556712863,AMZN
2026-04-17,250.49,1256432.0,0.003143709577301257,0.0031387784543241634,0.05062494757151259,0.19485785155504676,40.85000000000002,1746382.75,640339.6942371075,0.7194482423741302,9500251.0,0.35924789071576807,0.7849999999999966,3.875714285714285,97.10652414301512,9.9329926348598,AMZN
2026-04-20,248.34,1453393.0,-0.008583176973132711,-0.008620224579712085,0.034965617837049434,0.16720325241463585,35.57500000000002,1758202.0,632183.9768259514,0.8266359610556694,8046858.0,0.35269325011132235,2.1500000000000057,3.916785714285715,93.21601167137777,10.238504389705895,AMZN
2026-04-21,249.855,1459046.0,0.006100507368929531,0.006081974608484597,0.0031517244148231427,0.1685842570506524,36.04499999999999,1746787.75,635582.6561091208,0.8352737761070285,9505904.0,0.34890773659090696,1.5149999999999864,3.4932142857142856,92.39341580615479,10.482042039346481,AMZN
2026-04-22,255.365,1223336.0,0.022052790618558804,0.021813144673074818,0.027791193753521792,0.15377490624858803,34.035,1727558.65,645741.6260053475,0.7081299381644728,10729240.0,0.3409555571357575,5.510000000000019,3.7289285714285723,92.8742457619002,10.99293857921478,AMZN
2026-04-23,255.06,1366005.0,-0.0011943688445950063,-0.0011950826715018286,0.02144530546044332,0.09219372243394863,21.53,1726087.75,646570.9707638554,0.7913879233544181,9363235.0,0.3409884368872992,0.3050000000000068,3.682142857142858,94.05431619786616,11.243607508408331,AMZN
2026-04-24,263.96,2248938.0,0.03489375049008059,0.034298764916466946,0.05377460178051008,0.10712188574783998,25.539999999999992,1729723.9,649433.753173195,1.3001716632348088,11612173.0,0.33403159222349643,8.899999999999977,4.094642857142857,94.6532926297427,12.021839774774662,AMZN
2026-04-27,261.045,1840382.0,-0.011043339899984739,-0.011104770260973734,0.05115970041072737,0.08791414878099624,21.095000000000027,1705437.4,634876.2649060807,1.0791260939862115,9771791.0,0.2874212548820929,2.9149999999999636,4.228214285714281,89.89779542191069,12.26202927378219,AMZN
2026-04-28,259.71,2020596.0,-0.0051140607941161376,-0.005127182358455119,0.03944287686858372,0.04271891436142439,10.639999999999986,1693803.4,626383.9572231792,1.1929341976760703,7751195.0,0.29454063265141733,1.3350000000000364,3.786428571428569,86.20071684587813,12.203977977861797,AMZN
2026-04-29,263.22,2873983.0,0.013515074506180058,0.013424560510385602,0.030759892702602265,0.05940594059405946,14.76000000000002,1749826.1,679832.2648433922,1.6424392115307915,10625178.0,0.28064632310127646,3.5100000000000477,3.1657142857142873,83.49503610108304,12.299419521196398,AMZN
2026-04-30,265.04,3546474.0,0.006914368209102628,0.006890573585462789,0.039128048302360385,0.06141246671071876,15.335000000000008,1843975.2,788885.7997953165,1.9232764084896588,14171652.0,0.2811761934830634,1.8199999999999932,2.9464285714285734,82.26666666666668,12.37921651929392,AMZN
2026-05-01,268.29,2098565.0,0.012262300030184026,0.012187727034558941,0.016404000606152547,0.07106072098686589,17.80000000000001,1903426.4,758996.3971123431,1.1025196456243331,16270217.0,0.2745305601501931,3.25,3.069285714285716,82.97649522922971,12.559921101629072,AMZN
2026-05-04,272.1,1654387.0,0.014201051101420115,0.01410116076300116,0.04234902028385923,0.09567528388499635,23.76000000000002,1947685.35,713841.6172746543,0.8494118415995684,17924604.0,0.2744616314889887,3.8100000000000023,2.6900000000000017,80.57620817843868,12.86229738577623,AMZN
2026-05-05,273.555,1582693.0,0.005347298787210519,0.005333052747704521,0.053309460552154464,0.0948550159092274,23.700000000000017,1972123.8,691078.2365850763,0.8025322751036218,19507297.0,0.27430584958350085,1.454999999999984,2.7503571428571445,82.5866770549279,13.06869137038413,AMZN
2026-05-06,274.98,1873707.0,0.0052091901080222325,0.005195669212182573,0.04467745612035556,0.07681162257944507,19.61500000000001,1999723.35,674560.8438698854,0.9369831081884401,21381004.0,0.2618484665213989,1.4250000000000114,2.763214285714288,82.66770065917021,13.19514031706683,AMZN
2026-05-07,271.08,1678126.0,-0.014182849661793728,-0.014284387481175624,0.022789012979172796,0.06280875088214533,16.019999999999982,1935359.0,637991.3905522894,0.8670877082753122,19702878.0,0.21918152889211956,3.900000000000034,2.9857142857142907,74.62918660287075,12.832726924102417,AMZN
2026-05-08,272.535,1838835.0,0.00536741921204098,0.005353065954601573,0.0158224309515822,0.03248598272465553,8.575000000000045,1906910.95,628430.024015109,0.9643004042742531,21541713.0,0.21348157220057953,1.455000000000041,2.9360714285714358,79.43072618902805,12.518611280906924,AMZN
2026-05-11,268.98,1432555.0,-0.013044196158291665,-0.013130018827110474,-0.011466372657111368,0.030397057978509556,7.935000000000002,1908407.0,627200.7639745965,0.7506548655501682,20109158.0,0.2248132792881551,3.555000000000007,3.081785714285723,72.16363425657663,11.84625730084312,AMZN
2026-05-12,265.84,1657861.0,-0.011673730388876646,-0.01174240334906444,-0.028202738023432317,0.023603249778599178,6.1299999999999955,1835483.3,560618.1312563663,0.9032285937987014,18451297.0,0.19804705317051205,3.140000000000043,2.9125000000000107,62.844880441446875,10.933999825854755,AMZN
2026-05-13,270.145,2355905.0,0.016193951248871574,0.016064227836291398,-0.017583096952505817,0.026308791125294162,6.9249999999999545,1877042.3,567138.9928944936,1.2551155613275204,20807202.0,0.20184321656464776,4.305000000000007,3.1982142857142963,66.8453378001116,10.438083002705923,AMZN
2026-05-14,267.21,1648523.0,-0.010864535712302614,-0.010923985770742311,-0.014276228419654702,0.008187443404768846,2.169999999999959,1855487.1,567226.5900541089,0.8884583460591021,19158679.0,0.20881512758247966,2.9350000000000023,2.7721428571428697,54.187065189384164,9.696460614168188,AMZN
2026-05-15,264.22,1850916.0,-0.011189700984244433,-0.01125277666167962,-0.030509842772487916,-0.015170151701517032,-4.069999999999993,1885211.3,549480.9706790884,0.981808246110131,17307763.0,0.21521702558759087,2.9899999999999523,2.7775000000000114,54.08255111225408,8.766397938086868,AMZN
2026-05-18,264.78,1877867.0,0.0021194459162816592,0.002117203059302589,-0.015614543832255356,-0.026901874310915286,-7.32000000000005,1906435.0,540040.7095436627,0.9850149624823296,19185630.0,0.21104920347388678,0.5599999999999454,2.7221428571428623,56.651797428496444,7.982486748130384,AMZN
2026-05-19,259.39,1931402.0,-0.020356522395951315,-0.020566571871413475,-0.024262714414685527,-0.05178117745974309,-14.16500000000002,1930052.8,529674.4688239746,1.0006990482332918,17254228.0,0.22669688560783557,5.389999999999986,2.856428571428572,45.211302825706376,6.847371294482116,AMZN
2026-05-20,265.0,1666881.0,0.021627664906126,0.02139710534812497,-0.019045327509300547,-0.036293548621717964,-9.980000000000018,1952230.05,507341.8845272197,0.8538343111765951,18921109.0,0.2262018759332202,5.610000000000014,3.1271428571428594,49.954317039744154,6.327524471316337,AMZN
2026-05-21,268.5,1639627.0,0.013207547169811429,0.013121087962697276,0.004827663635343038,-0.00951748561310306,-2.579999999999984,1965911.15,494221.20424566034,0.8340290455140865,20560736.0,0.22930264434737618,3.5,3.1450000000000022,50.238473767885516,6.127330812467676,AMZN
2026-05-22,266.27,1427997.0,-0.008305400372439542,-0.008340082375560982,0.007758685943531685,-0.022987873117214508,-6.265000000000043,1924864.1,503481.9603975704,0.7418689974009074,19132739.0,0.19790699709511395,2.230000000000018,3.0321428571428606,43.133097762072985,5.722765059096616,AMZN
2026-05-26,265.27,1673467.0,-0.003755586434821767,-0.0037626563562414297,0.0018505929450864933,-0.013792847051825596,-3.7100000000000364,1916518.35,506331.3794384372,0.8731807863984188,17459272.0,0.19391495521706578,1.0,2.9996428571428617,40.135730444100474,5.260808812904486,AMZN
2026-05-27,271.85,1824874.0,0.0248049157462209,0.024502268374812737,0.04803577624426558,0.022607583508877704,6.010000000000048,1906732.25,506105.3055010432,0.9570688280958168,19284146.0,0.2100702820888277,6.580000000000041,3.3678571428571495,46.68080593849418,5.363825328703797,AMZN
2026-05-28,273.98,1509557.0,0.007835203237079202,0.007804667431313739,0.03388679245283033,0.014196079883025847,3.8350000000000364,1838510.95,458590.53374861646,0.821075882088165,20793703.0,0.2070188626395436,2.1299999999999955,3.241428571428575,53.19524019391807,5.553324589472993,AMZN
2026-05-29,270.61,1519010.0,-0.01230016789546684,-0.012376441054368184,0.007858472998137911,0.012724074697803456,3.400000000000034,1737137.75,226554.6104206007,0.8744326694874945,19274693.0,0.21224438503914717,3.3700000000000045,3.3782142857142867,47.964901152341675,5.369675012132916,AMZN
2026-06-01,261.2,2323487.0,-0.03477328997450213,-0.035392272566599395,-0.019040823224546477,-0.01142986904852028,-3.0200000000000387,1748383.85,249827.2170481635,1.3289341468122118,16951206.0,0.24295607992348037,9.410000000000025,3.796428571428574,42.68109125117589,4.413941867354993,AMZN
2026-06-02,256.53,1667733.0,-0.017879019908116467,-0.01804078056630247,-0.03294756286048184,-0.031157942442782693,-8.25,1749051.15,249580.63512858542,0.9535072773600703,15283473.0,0.24262375475234282,4.670000000000016,3.905714285714286,41.48683247988295,3.242311148599015,AMZN
2026-06-03,249.99,2752817.0,-0.025494094257981437,-0.025824699773748423,-0.08041199190730186,-0.03623886811365118,-9.399999999999977,1807557.35,332053.4765094779,1.522948635626969,12530656.0,0.25329997226092604,6.539999999999964,4.06535714285714,32.29377141351138,1.7657080367691265,AMZN
2026-06-04,253.855,1836110.0,0.015460618424737005,0.015342320808463927,-0.07345426673479827,-0.042056603773585,-11.14500000000001,1805677.5,331765.57313902327,1.0168537847982266,14366766.0,0.2609418663720265,3.8649999999999807,4.13178571428571,38.45621920650013,0.8970223162554589,AMZN
2026-06-05,246.15,2579967.0,-0.030351972582773556,-0.03082213166647934,-0.09038838180407227,-0.08324022346368709,-22.349999999999994,1850769.55,372324.7380049741,1.3939968917253907,11786799.0,0.2753403414309287,7.704999999999984,4.468571428571427,35.55786445012785,-0.40843826040060094,AMZN
2026-06-08,245.21,1336383.0,-0.0038188096689010242,-0.0038261199395007908,-0.06121745788667676,-0.07909265031734691,-21.059999999999974,1825646.95,389717.62306363217,0.7320051667163796,10450416.0,0.2728186923036571,0.9399999999999977,4.495714285714287,34.45344772799494,-1.5015661964085893,AMZN
2026-06-09,244.15,2322639.0,-0.004322825333387681,-0.004332195757039459,-0.04825946283085791,-0.07961699400610689,-21.119999999999976,1870151.15,393271.3024348044,1.241952555546112,8127777.0,0.2712139710750516,1.0600000000000023,4.186428571428574,36.9988056645624,-2.4254520015840058,AMZN
2026-06-10,237.97,2138275.0,-0.025312308007372497,-0.025638175201384485,-0.04808192327693117,-0.12462755195880093,-33.880000000000024,1894171.85,394292.66712608165,1.1288706460292923,5989502.0,0.2800476385494068,6.180000000000007,4.2271428571428595,27.162892869212584,-3.6146451309768395,AMZN
2026-06-11,241.42,2238353.0,0.014497625751145105,0.014393539966696262,-0.04898465659530049,-0.118840791298635,-32.56000000000003,1888294.25,387871.36216790805,1.1853835809752638,8227855.0,0.2783746563168422,3.4499999999999886,4.2235714285714305,27.101302215457466,-4.229942937413142,AMZN
2026-06-12,238.56,2122615.0,-0.011846574434595247,-0.011917304256552666,-0.030834856794637377,-0.11843612578988216,-32.05000000000001,1911998.85,386932.4351832924,1.1101549564216526,6105240.0,0.2786492879312827,2.859999999999985,4.268571428571428,26.815595716198132,-4.891957538610654,AMZN
2026-06-15,246.1,1867641.0,0.031606304493628334,0.031117106380581794,0.0036295420252028254,-0.057810107197549754,-15.099999999999994,1912835.1,386811.52737897343,0.9763732378185657,7972881.0,0.30703735252622855,7.539999999999992,4.735714285714285,35.542986425339365,-4.753399661615987,AMZN
2026-06-16,246.15,1780971.0,0.00020316944331577602,0.00020314880719946558,0.008191685439279173,-0.040463103730557726,-10.379999999999967,1907990.3,387877.89232004934,0.9334277013882093,9753852.0,0.30665823810349424,0.05000000000001137,4.269285714285711,28.500920194077267,-4.58668451967867,AMZN
2026-06-17,237.57,2042994.0,-0.03485679463741631,-0.035478789313778895,-0.0016808841450602907,-0.049681987279491246,-12.420000000000016,1913569.9,389033.2944928894,1.067634895385844,7710858.0,0.32122603974362657,8.580000000000013,4.729999999999998,22.5083056478405,-5.088241778620329,AMZN
2026-06-18,244.61,2392131.0,0.02963337121690457,0.029202788601358335,0.013213486869356528,-0.036418427842666024,-9.244999999999976,1949832.4,398514.15580621315,1.2268392914180728,10102989.0,0.3308717717915987,7.0400000000000205,4.9921428571428565,31.3993418228645,-4.861618642137358,AMZN
2026-06-22,232.99,2616562.0,-0.04750419034381259,-0.048669571302047354,-0.02334842387659286,-0.053463335364615006,-13.159999999999997,1998679.15,417891.8258918077,1.3091455924779123,7486427.0,0.3585350482706021,11.620000000000005,5.149999999999998,30.4368932038835,-5.5556134082303,AMZN
2026-06-23,234.13,2480145.0,0.004892913858963954,0.004880982459659794,-0.04863876472978468,-0.04518575914522249,-11.080000000000013,2051286.55,408386.97221920296,1.2090680358626638,9966572.0,0.3608650701693182,1.1399999999999864,4.897857142857139,33.66632638179962,-5.9450894966708745,AMZN
2026-06-24,234.36,3527382.0,0.0009823602272243104,0.0009818780271865482,-0.04789762340036563,-0.04009830022527128,-9.789999999999992,2143982.3,514683.27441437985,1.6452477242932464,13493954.0,0.36167546913908066,0.2300000000000182,4.447142857142857,37.447799550273054,-6.164136694204984,AMZN
2026-06-25,227.13,5069536.0,-0.030849974398361568,-0.031335853893263,-0.04394494254325043,-0.04555196033113418,-10.840000000000003,2306215.4,826015.2080930426,2.198205770371666,8424418.0,0.3527985919656497,7.230000000000018,4.687500000000002,29.638095238095246,-6.842260433649614,AMZN
2026-06-26,230.6,5335284.0,0.015277594329238697,0.015162067051633636,-0.05727484567270358,-0.04481815922458787,-10.819999999999993,2497501.75,1045604.9364465836,2.136248352979132,13759702.0,0.35837281709220037,3.469999999999999,4.385000000000003,37.335070858445995,-7.018770367019101,AMZN
2026-06-29,240.12,3454861.0,0.04128360797918473,0.0404541905486837,0.03060217176702862,0.00653923541247492,1.5600000000000023,2594294.3,1039843.5776429442,1.331715141185023,17214563.0,0.3987184903037733,9.52000000000001,4.997857142857147,46.362726882949836,-6.317645438838241,AMZN
2026-06-30,238.23,3131628.0,-0.007871064467766198,-0.00790220480841315,0.017511638833126897,-0.03197887037789515,-7.8700000000000045,2634701.35,1044457.929690366,1.1886083407517896,14082935.0,0.38382118729125764,1.8900000000000148,5.057142857142862,45.819209039548014,-5.847104307769598,AMZN
2026-07-01,241.735,2917388.0,0.014712672627293033,0.014605491263340898,0.031468680662229076,-0.017936217753402373,-4.414999999999992,2697184.1,1020674.623193789,1.0816421467114536,17000323.0,0.38597248292734093,3.505000000000024,4.866071428571435,52.76330275229359,-5.132211919521865,AMZN
2026-07-02,242.3,1916645.0,0.002337270151198556,0.0023345429839098752,0.06678994408488537,0.019909921286357823,4.730000000000018,2655375.5,1035296.6553904675,0.7217981035073947,18916968.0,0.3766890030628056,0.5649999999999977,4.660000000000006,50.67443286327408,-4.46855307494576,AMZN
2026-07-06,244.16,1564450.0,0.007676434172513291,0.007647120273612015,0.05880312228967921,-0.0018396631372389338,-0.45000000000001705,2641792.5,1048311.3403010296,0.5921926116453128,20481418.0,0.37309360014956594,1.8599999999999852,4.588571428571435,54.35865504358654,-3.7492926915890337,AMZN
2026-07-07,245.7,1729148.0,0.006307339449541205,0.006287531431041168,0.02323838080959506,0.05455169749774669,12.70999999999998,2599251.55,1068030.14939366,0.6652484250706708,22210566.0,0.3581227215042215,1.539999999999992,4.160000000000006,49.6565934065934,-3.020193614126157,AMZN
2026-07-08,243.6,1165207.0,-0.008547008547008517,-0.008583743691391442,0.022541241657221933,0.04044761457310031,9.469999999999999,2590692.75,1079309.2658567338,0.44976657305270956,21045359.0,0.3592095749725101,2.0999999999999943,4.306428571428577,47.88522142975617,-2.582065349856151,AMZN
2026-07-09,246.96,1653255.0,0.01379310344827589,0.013698844358161927,0.02161457794692523,0.053763440860215006,12.599999999999994,2557223.55,1098271.2327055554,0.6465039006855697,22698614.0,0.3621190317305947,3.3600000000000136,3.933571428571434,58.52551298347558,-1.9413430305578743,AMZN
2026-07-10,245.35,1174412.0,-0.0065192743764173056,-0.006540617657991529,0.012587701196863366,0.08021837714084445,18.22,2509030.4,1138049.8696942497,0.4680740416696426,21524202.0,0.3500751730966106,1.6100000000000136,3.5457142857142907,50.74536663980659,-1.5456620905885075,AMZN
2026-07-13,247.325,1707785.0,0.008049724882820408,0.008017498673373815,0.012962811271297392,0.07252818733738065,16.724999999999994,2482502.0,1150803.9621872152,0.6879289523230998,23231987.0,0.3477037844300259,1.9749999999999943,2.8567857142857185,67.92099012376542,-1.0604914157909775,AMZN
2026-07-14,247.495,1491903.0,0.0006873546952390619,0.0006871185751931478,0.007305657305657354,0.030713809761785837,7.375,2450966.4,1169672.0924442403,0.6086998989459831,24723890.0,0.34418093496145546,0.17000000000001592,2.7875000000000063,67.12363869314538,-0.6547253154135149,AMZN
2026-07-15,254.94,1967622.0,0.030081415786177512,0.0296378435702958,0.04655172413793096,0.07014229945850659,16.710000000000008,2455965.45,1167258.9743254567,0.8011602931954925,26691512.0,0.34248338354937724,7.444999999999993,3.3028571428571474,72.2534602076124,0.26454698904646534,AMZN
2026-07-16,249.95,2143496.0,-0.01957323291754931,-0.019767325495195918,0.012107223841917536,0.03398349432229497,8.214999999999975,2474091.7,1159011.0389691421,0.8663769414852327,24548016.0,0.3509407087615386,4.990000000000009,3.142857142857147,75.93181818181814,0.5836971194461853,AMZN
2026-07-17,247.15,2098112.0,-0.011202240448089595,-0.011265458106611042,0.007336458121051548,0.020016508460586113,4.849999999999994,2476847.6,1157997.109094766,0.8470896634899943,22449904.0,0.328193177306032,2.799999999999983,3.095000000000003,69.09762289406876,0.6037298755206848,AMZN
2025-08-20,199.32,894750.0,-0.01150565364015077,-0.011572355801226284,-0.012778603268945088,0.016627562990921163,3.259999999999991,1040223.8,370519.25090914464,0.8601514404880949,6873357.0,0.20663862391559654,2.319999999999993,1.9210714285714232,63.46904629113223,3.910083965800993,GOOGL
2025-08-21,199.78,701165.0,0.002307846678707648,0.00230518769079989,-0.015595358348320931,0.01638176638176647,3.219999999999999,975545.45,301628.4728817845,0.7187414999475422,7574522.0,0.2046600225090994,0.46000000000000796,1.7399999999999969,71.96223316912973,3.603862266545036,GOOGL
2025-08-22,206.06,1650783.0,0.03143457803583938,0.030950627412918267,0.010494311494703812,0.02293486894360597,4.6200000000000045,1006397.2,337337.60849124053,1.640289738484964,9225305.0,0.22975101124875533,6.280000000000001,1.7628571428571413,72.32576985413294,3.8238439863126246,GOOGL
2025-08-25,208.49,1130602.0,0.01179268174318171,0.011723689941043045,0.024873420832718818,0.037057302029446904,7.450000000000017,1020278.9,336402.7083079696,1.1081303357346701,10355907.0,0.2302159042627623,2.430000000000007,1.9085714285714286,75.89820359281438,4.146463920759459,GOOGL
2025-08-26,207.17,810206.0,-0.006331238908341086,-0.006351366200167621,0.027425114064669742,0.018835448018097667,3.829999999999984,978579.6,305239.7931855165,0.827940823618232,9545701.0,0.22812782219820224,1.3200000000000216,1.902142857142859,70.85993240705966,4.246676531271845,GOOGL
2025-08-27,207.42,778403.0,0.0012067384273783954,0.0012060109037906335,0.04063816977724266,0.02734026745913809,5.519999999999982,966396.3,308260.48305324686,0.8054697643192549,10324104.0,0.22811882123921726,0.25,1.884285714285716,70.5837755875663,4.296738530604671,GOOGL
2025-08-28,211.66,851108.0,0.020441616044740263,0.020235490503990376,0.05946541195314836,0.04294266919608769,8.715000000000003,927642.45,266892.3524870093,0.9174957441846263,11175212.0,0.21446530589002633,4.240000000000009,1.8385714285714312,69.85236985236982,4.625228831727469,GOOGL
2025-08-29,213.02,906566.0,0.006425399225172601,0.006404844349441383,0.03377656993108813,0.04462534327187151,9.100000000000023,917542.05,263485.4093494553,0.9880375509765464,12081778.0,0.20026027272622227,1.3600000000000136,1.9071428571428604,72.43445692883896,4.938373895778369,GOOGL
2025-09-02,211.355,997492.0,-0.007816167496009885,-0.007846873841788723,0.013741666266967156,0.03895688934768704,7.924999999999983,903126.55,249809.09856454184,1.1044875161736747,11084286.0,0.18173259943397602,1.6650000000000205,1.8617857142857182,65.3750239785152,4.99461719216265,GOOGL
2025-09-03,230.645,2577133.0,0.09126824536916578,0.08734054772873237,0.11331273833083944,0.14384546716921265,29.005000000000024,984036.2,450376.5765249998,2.618941254396942,13661419.0,0.3571773150382285,19.29000000000002,3.1367857142857196,82.72799726744843,6.520567157225429,GOOGL
2025-09-04,232.255,1529405.0,0.006980424461835222,0.006956174085545194,0.11973290907337764,0.1652368051374673,32.935,1025864.05,460639.56296750304,1.49084569246773,15190824.0,0.357193265363281,1.6099999999999852,3.1771428571428624,82.94739208633088,7.77023659244864,GOOGL
2025-09-05,235.05,2243235.0,0.012034186562183802,0.01196235148263098,0.11050741755645865,0.17654419861848036,35.27000000000001,1087952.85,534882.3468358818,2.0618862297203413,17434059.0,0.3566006158839693,2.795000000000016,3.307142857142864,83.6177105831533,8.88373559050163,GOOGL
2025-09-08,234.11,1171526.0,-0.003999149117209111,-0.00400716709791288,0.09900478828279047,0.1361254003688246,28.05000000000001,1077874.3,531112.4925889153,1.0868855487137972,16262533.0,0.35453208525670765,0.9399999999999977,3.3392857142857224,82.81283422459886,9.579910183386403,GOOGL
2025-09-09,239.6,1169504.0,0.023450514715304793,0.02317977586906765,0.1336377185304347,0.14921578972612592,31.109999999999985,1101850.15,523448.67202512897,1.0614002276080827,17432037.0,0.3567395015779048,5.489999999999981,3.603571428571434,87.621407333994,10.454122070308813,GOOGL
2025-09-10,239.13,1012654.0,-0.0019616026711185564,-0.0019635291333527896,0.03678813761408217,0.15426944055606517,31.960000000000008,1106623.2,522109.77786261326,0.9150847370631666,16419383.0,0.3587106316592583,0.46999999999999886,3.4714285714285773,90.95679012345673,10.9824177415978,GOOGL
2025-09-11,240.34,857123.0,0.005060009200016813,0.005047250375212263,0.03481087597683574,0.1587117924983128,32.920000000000016,1109819.8,520282.31321421725,0.7723082612150188,17276506.0,0.354335724871064,1.210000000000008,3.5250000000000057,91.0942249240121,11.367693065352995,GOOGL
2025-09-12,240.75,1255827.0,0.001705916618124359,0.0017044631950812754,0.02425015954052334,0.13743739960313706,29.090000000000003,1141511.35,508166.93171087984,1.1001441203366045,18532333.0,0.3550429701399123,0.4099999999999966,3.105714285714291,89.89190432382698,11.57270714447344,GOOGL
2025-09-15,251.6,2135062.0,0.045067497403946,0.04408147414805052,0.07470847037717299,0.18110975495258663,38.579999999999984,1209498.85,546136.3771389432,1.7652451674509653,20667395.0,0.3771060543563116,10.849999999999994,3.7071428571428617,91.53179190751439,12.46697507376183,GOOGL
2025-09-16,251.13,1570887.0,-0.001868044515103362,-0.001869791486210779,0.04812186978297173,0.18819048520262127,39.775000000000006,1255765.9,534926.4428467958,1.2509393669632216,19096508.0,0.3768620503263971,0.46999999999999886,3.6464285714285745,93.05582761998039,12.98804567279106,GOOGL
2025-09-17,249.46,1128078.0,-0.006649942260980368,-0.006672151642511647,0.04319826036047347,0.08157558152138566,18.814999999999998,1268575.45,528276.2028968395,0.8892478567199137,17968430.0,0.3754508292078939,1.6699999999999875,3.747857142857145,90.06098723079855,13.115060578893264,GOOGL
2025-09-18,252.045,1206702.0,0.010362382746732957,0.010309061300451967,0.04870183906132963,0.08520806871757336,19.789999999999992,1284173.05,521216.0042493217,0.9396724218749178,19175132.0,0.36600747457779004,2.5849999999999795,3.629642857142857,89.7372822985339,13.271325128359166,GOOGL
2025-09-19,254.65,956091.0,0.010335455970164054,0.010282410332598609,0.05773624091381113,0.08338651350776427,19.599999999999994,1296919.35,509186.4729526146,0.7372015846629167,20131223.0,0.36427992369706647,2.605000000000018,3.718571428571429,89.98271225509028,13.450320714084768,GOOGL
2025-09-22,252.53,927440.0,-0.008325152169644578,-0.008359999791583504,0.003696343402225688,0.07868096194096785,18.419999999999987,1260752.2,508417.60047711304,0.73562433601147,19203783.0,0.36413262573776356,2.1200000000000045,3.7510714285714277,89.2030848329049,13.2681626035953,GOOGL
2025-09-23,251.67,1337933.0,-0.003405535975923746,-0.0034113480127172646,0.0021502807310953553,0.05037562604340562,12.069999999999993,1271118.75,507737.4563572124,1.0525633423313125,17865850.0,0.367376249159983,0.8600000000000136,2.4346428571428556,80.84201261552,12.905638014424397,GOOGL
2025-09-24,247.09,882823.0,-0.018198434457821655,-0.018366062796227135,-0.009500521125631378,0.03328733324969679,7.960000000000008,1274749.6,504517.41048121796,0.6925462067216965,16983027.0,0.3765448202856601,4.579999999999984,2.6467857142857127,70.01754149237622,12.109179854653206,GOOGL
2025-09-25,245.72,1404824.0,-0.005544538427293744,-0.005559966434359071,-0.025094725148286923,0.0223849546475825,5.3799999999999955,1306070.65,491354.61365476006,1.07561103222096,15578203.0,0.3791766171587848,1.3700000000000045,2.5449999999999977,64.97333707549816,11.237890073013062,GOOGL
2025-09-26,246.45,490455.0,0.002970861142764125,0.0029664568556601206,-0.032201060278814087,0.023676012461059104,5.699999999999989,1288038.0,514980.4348427639,0.3807768093798475,16068658.0,0.3771085819983013,0.7299999999999898,2.529999999999997,67.41953698475436,10.485422123602547,GOOGL
2025-09-29,244.125,1100936.0,-0.009433962264150941,-0.00947874395454377,-0.03328317427632366,-0.02970985691573924,-7.474999999999994,1297756.5,509204.19872173306,0.8483378815671507,14967722.0,0.3820969928675911,2.3249999999999886,2.303928571428569,57.01441636955512,9.590919631915085,GOOGL
2025-09-30,243.09,1183260.0,-0.0042396313364054805,-0.0042486440560993675,-0.03409226367862672,-0.03201529088519883,-8.039999999999992,1307044.9,505116.69287412666,0.9052940721470243,13784462.0,0.380452360163565,1.0349999999999966,2.3442857142857116,56.0329067641682,8.698236259431553,GOOGL
2025-10-01,244.86,1162562.0,0.0072812538565962814,0.007254873505025687,-0.009025051600631273,-0.018439830032870974,-4.599999999999994,1236316.35,407522.39627899777,0.9403434646803789,14947024.0,0.2156585533685511,1.7700000000000102,2.384285714285712,56.770521270221714,8.040911836438113,GOOGL
2025-10-02,245.61,837588.0,0.0030629747610879665,0.003058293410697168,-0.0004476640078137084,-0.025531155150865792,-6.434999999999974,1201725.5,410684.1767850714,0.6969877896408123,15784612.0,0.21516686268947338,0.75,2.4085714285714266,57.20640569395021,7.494108806042277,GOOGL
2025-10-03,245.42,1190641.0,-0.0007735841374537644,-0.0007738835080648188,-0.0041793467234733095,-0.03624582760651884,-9.230000000000018,1149095.8,329637.0802851304,1.0361546878859011,14593971.0,0.21273312908810516,0.19000000000002615,1.6471428571428572,36.60017346053771,6.965142228882627,GOOGL
2025-10-06,250.45,852628.0,0.020495477141227347,0.020288271255224123,0.025908858166922677,-0.008236645151071254,-2.0800000000000125,1133150.9,336143.51063698693,0.7524399442298463,15446599.0,0.2208124890650904,5.030000000000001,1.972857142857143,48.769007965242565,6.872588446448361,GOOGL
2025-10-07,245.78,847652.0,-0.01864643641445396,-0.018822472947174616,0.011065860380928827,-0.023403663527635343,-5.889999999999986,1117058.3,341965.3240077055,0.7588252108238218,14598947.0,0.22085075010044053,4.6699999999999875,2.1871428571428573,43.99085564990202,6.349219090450589,GOOGL
2025-10-08,244.575,674914.0,-0.004902758564570009,-0.004914816512958713,-0.0011639304092134761,-0.010178477477842174,-2.515000000000015,1100171.3,355465.0980301579,0.6134626489529403,13924033.0,0.22168347745721212,1.2050000000000125,2.088571428571431,37.226402188782515,5.7706907449771165,GOOGL
2025-10-09,241.54,1236050.0,-0.012409281406521533,-0.012486919496263344,-0.016570986523350095,-0.017011232296923362,-4.180000000000007,1119117.65,351909.4189559637,1.1044861994625856,12687983.0,0.22629243993694356,3.0349999999999966,2.1192857142857155,27.90697674418604,5.009556676643484,GOOGL
2025-10-10,236.57,1137059.0,-0.020576302061770302,-0.020790943622913192,-0.03606063075543964,-0.04008926759991882,-9.879999999999995,1113179.25,350480.24928358215,1.0214518461424789,11550924.0,0.2380321112844241,4.969999999999999,2.3228571428571434,25.461254612546114,3.959670364682438,GOOGL
2025-10-13,244.14,1010718.0,0.031998985501120236,0.03149768401733764,-0.025194649630664867,6.144393241158674e-05,0.014999999999986358,1056962.05,255150.95419512325,0.9562481453331271,12561642.0,0.20717438734341498,7.569999999999993,2.8021428571428566,40.40275299515676,3.6958600591325137,GOOGL
2025-10-14,245.425,743555.0,0.0052633734742362215,0.005249570336931635,-0.001444381153877461,0.00960549590686588,2.335000000000008,1015595.45,233601.03099458813,0.7321369941151272,13305197.0,0.20851353936712652,1.285000000000025,2.5667857142857167,47.68331710032004,3.549560132457998,GOOGL
2025-10-15,251.11,1181169.0,0.023163899358256135,0.02289968856297671,0.0267198200960852,0.02552478967573313,6.25,1018250.0,235242.3985733155,1.159999017922907,14486366.0,0.22419213548533892,5.685000000000002,2.875000000000002,56.69565217391305,3.847991128568168,GOOGL
2025-10-16,251.425,955690.0,0.0012544303293378078,0.0012536441889824165,0.040924898567525236,0.023675746101543105,5.814999999999998,1005699.4,231322.28392130477,0.950274008316998,15442056.0,0.22114749620428023,0.3149999999999977,2.8453571428571456,56.244508597966636,4.063081041434344,GOOGL
2025-10-17,253.22,708770.0,0.007139305956050501,0.007113941761563014,0.07038085978780062,0.03178225083530273,7.800000000000011,993333.35,240540.80221938452,0.7135268336656572,16150826.0,0.21944475683484282,1.7949999999999875,2.8075000000000023,61.56977483780688,4.328486744774665,GOOGL
2025-10-20,256.46,1069056.0,0.012795197851670492,0.012714030938862628,0.050462849184893965,0.023996805749650685,6.009999999999991,1000414.15,240583.38139773102,1.068613433746414,17219882.0,0.2218546730830151,3.2399999999999807,2.965000000000001,66.10455311973016,4.745559740328787,GOOGL
2025-10-21,250.435,1676333.0,-0.023492942369180314,-0.023773301215003654,0.02041356829988783,0.01893970217267471,4.655000000000001,1017334.15,275007.0328641908,1.6477703024124375,15543549.0,0.23786351745551854,6.024999999999977,3.2689285714285705,56.090899158745756,4.537619098779146,GOOGL
2025-10-22,251.69,1282081.0,0.005011280372152482,0.004998765698945634,0.002309744733383745,0.02909128079321266,7.115000000000009,1037297.05,279188.2775356327,1.235982498937985,16825630.0,0.2285788938155172,1.2549999999999955,3.304999999999999,56.5701318348822,4.423105842878101,GOOGL
2025-10-23,253.06,656816.0,0.005443203941356556,0.0054284432462061005,0.006502933280302159,0.04769396373271517,11.52000000000001,999896.65,277459.31555555237,0.656883888949923,17482446.0,0.22771897042730088,1.3700000000000045,3.3892857142857116,58.0505795574289,4.3922694646891784,GOOGL
2025-10-24,259.95,933171.0,0.027226744645538536,0.0268626900686071,0.026577679488192008,0.0988290992095362,23.379999999999995,1022032.45,251083.06538746518,0.9130541794441067,18415617.0,0.2452963144255023,6.889999999999986,3.5221428571428532,59.632934496045436,4.867685185883744,GOOGL
2025-10-27,269.34,1280336.0,0.036122331217541825,0.035485217192170966,0.05022225688216486,0.10321946424182848,25.19999999999999,1031002.45,257180.78266822308,1.2418360402538327,19695953.0,0.26750041145660847,9.389999999999986,3.8592857142857104,71.8027022024801,5.933749523732672,GOOGL
2025-10-28,267.47,1173769.0,-0.0069428974530331145,-0.006967111507773637,0.06802164234232455,0.08982377508403805,22.045000000000016,1030527.9,256893.64651910824,1.1389977893854208,18522184.0,0.2689153480209052,1.8699999999999477,3.906785714285706,70.92970106956768,6.552190249697162,GOOGL
2025-10-29,274.81,1604912.0,0.027442329980932323,0.02707253927386086,0.09185903293734365,0.09438094858826807,23.69999999999999,1052645.4,286227.08885197085,1.5246463813930125,20127096.0,0.28052934757771136,7.339999999999975,4.214285714285704,78.19491525423737,7.547581812778162,GOOGL
2025-10-30,281.545,2573567.0,0.024507841781594708,0.0242123429199344,0.1125622382043785,0.11979715620960518,30.120000000000005,1139444.35,439668.81406053546,2.2586157893538195,22700663.0,0.287850955612228,6.735000000000014,4.340357142857134,87.00732329465986,8.77869962644246,GOOGL
2025-10-31,281.27,1613543.0,-0.0009767532721235428,-0.0009772306064514025,0.08201577226389678,0.11077324066029526,28.049999999999983,1160589.45,452249.9764610251,1.3902788794090797,21087120.0,0.28792467684275214,0.2750000000000341,3.819285714285708,84.72040396484014,9.621271137131657,GOOGL
2025-11-03,283.89,1453848.0,0.009314893163152815,0.009271777086785192,0.054020940075740764,0.10695625048740554,27.430000000000007,1190650.45,450681.2288672711,1.2210535846183908,22540968.0,0.2836758244309366,2.6200000000000045,3.9146428571428493,85.09260104005114,10.380764245083242,GOOGL
2025-11-04,277.43,932791.0,-0.02275529254288622,-0.02301819007496472,0.037237821064044496,0.10779244115239495,26.995000000000005,1194907.4,447662.8758457234,0.7806387340140333,21608177.0,0.28882276633213677,6.4599999999999795,3.969999999999991,73.6775818639799,10.342181759916173,GOOGL
2025-11-05,284.34,1157519.0,0.024907183794110166,0.02460205609426569,0.03467850514901194,0.12972307203305644,32.64999999999998,1219037.65,430849.7317058196,0.9495350697330801,22765696.0,0.2929352575647435,6.909999999999968,4.4410714285714175,76.46964213912348,10.745318767150877,GOOGL
2025-11-06,284.79,1284206.0,0.0015826123654780755,0.001581361354265008,0.01152568861105685,0.12538528412234262,31.730000000000018,1221445.45,431084.30477728316,1.0513821963969001,24049902.0,0.2842640646960374,0.4500000000000455,4.344999999999993,75.94936708860766,10.97461051051539,GOOGL
2025-11-07,278.865,1288995.0,-0.020804803539450134,-0.021024272811526638,-0.00855050307533678,0.07276399307559145,18.91500000000002,1229042.25,430857.62210770167,1.0487800561778897,22760907.0,0.28457420935910194,5.925000000000011,4.536785714285709,67.63756592930808,10.556538679698235,GOOGL
2025-11-10,290.09,970399.0,0.04025245190325055,0.0394634259108208,0.02183944485540179,0.07704017227296345,20.75,1227026.3,432025.6505288234,0.7908542791625575,23731306.0,0.2949664575912462,11.224999999999966,4.90821428571428,78.85468966019066,11.004128684844943,GOOGL
2025-11-11,291.335,687297.0,0.004291771519183696,0.004282588133749437,0.05012075118047776,0.08922495980857637,23.864999999999952,1224213.4,435508.297268763,0.5614192754302477,24418603.0,0.2951420687279223,1.2450000000000045,4.907499999999994,78.85161196419476,11.328717678223711,GOOGL
2025-11-12,286.79,816267.0,-0.015600597250587711,-0.01572356718076743,0.008616445100935621,0.04359375568574664,11.980000000000018,1205968.3,444947.769509033,0.6768560997830539,23602336.0,0.3020695199516701,4.544999999999959,5.1342857142857055,73.46271563717312,11.091358995791438,GOOGL
2025-11-13,278.605,1061894.0,-0.028540046724083834,-0.028955232552187612,-0.021717756943712918,-0.010442380436519905,-2.9399999999999977,1211278.5,442430.2529759565,0.8766720452810811,22540442.0,0.32686757142989453,8.185000000000002,5.226785714285707,62.74683976768026,10.126062489660285,GOOGL
2025-11-14,276.28,1004136.0,-0.008345148148813042,-0.008380163841133461,-0.00926971832248591,-0.01774096064279873,-4.990000000000009,1226046.8,429514.8557724418,0.8190029940129528,21536306.0,0.3303437240833546,2.3250000000000455,4.722142857142854,55.248827711390106,9.068909244233794,GOOGL
2025-11-17,285.01,1588602.0,0.031598378456638265,0.03110942315161706,-0.017511806680685305,0.003945190038395108,1.1200000000000045,1252024.1,435193.90564568783,1.268827013793105,23124908.0,0.3430501453430416,8.730000000000018,5.212142857142859,62.01863779635463,8.833716140332854,GOOGL
2025-11-18,284.32,1556303.0,-0.0024209676853443884,-0.0024239029660479594,-0.02407880961779385,0.024835093537108444,6.889999999999986,1246022.6,429829.1105368326,1.2490166711261899,21568605.0,0.32720854064530647,0.6899999999999977,4.737142857142861,57.16978287092882,8.49373617413886,GOOGL
2025-11-19,292.78,2133952.0,0.029755205402363538,0.02932110933692453,0.02088636284389267,0.029682774143630963,8.439999999999998,1288616.15,473572.2265913205,1.656002836841677,23702557.0,0.33728273632676065,8.45999999999998,4.860357142857144,58.25556616944666,8.805447184395518,GOOGL
2025-11-20,289.59,2167719.0,-0.010895552974929945,-0.010955344214632253,0.039428581683745634,0.01685452438638979,4.7999999999999545,1364161.3,487779.68601787346,1.5890488903328366,21534838.0,0.34372371951920067,3.1899999999999977,5.068571428571427,55.86245772266066,8.694845301441148,GOOGL
2025-11-21,299.71,2682366.0,0.03494595807866285,0.034349210937361416,0.08480527001592586,0.07474943072813,20.84499999999997,1451621.05,558172.6885561002,1.8478417628347288,24217204.0,0.3507724714168829,10.120000000000005,5.604285714285713,60.08157022686719,9.316398295691215,GOOGL
2025-11-24,318.38,2155198.0,0.06229355043208451,0.06043029746099507,0.11708361110136489,0.09752145885759589,28.29000000000002,1495364.15,577972.4558641255,1.4412529550076483,26372402.0,0.38939792672392315,18.670000000000016,6.476428571428572,72.5818903716775,11.186544963030258,GOOGL
2025-11-25,323.465,2753605.0,0.01597148062064191,0.01584527850703945,0.13767937535171626,0.1102854102665316,32.129999999999995,1574355.95,636683.16262259,1.7490358517716404,29126007.0,0.38568144245853325,5.0849999999999795,6.34607142857143,72.01868422533624,12.929918620198691,GOOGL
2025-11-26,320.0,1949632.0,-0.010712132688235121,-0.01076992064025708,0.09297083134093875,0.11579901670211634,33.20999999999998,1591591.95,642196.0837366437,1.224957188304452,27176375.0,0.38634644576631805,3.464999999999975,6.561428571428569,69.1650337470063,13.872049905784252,GOOGL
2025-11-28,319.995,1083692.0,-1.5624999999963585e-05,-1.5625122071547664e-05,0.10499326634206985,0.14856158360402705,41.389999999999986,1517098.2,607782.9154512156,0.7143189544355139,26092683.0,0.38216432327439803,0.0049999999999954525,6.138571428571424,73.9294856876891,14.451702053684187,GOOGL
2025-12-01,315.09,1223509.0,-0.015328364505695524,-0.015447058368907082,0.05131627239665004,0.14047343274938462,38.81,1497596.5,610775.5237067143,0.816981743747398,24869174.0,0.38931267642925094,4.90500000000003,5.687142857142858,65.69957297161517,14.349871661825944,GOOGL
2025-12-02,315.74,980144.0,0.0020629026627314584,0.0020607778007872726,-0.008291978139330358,0.10782077821830827,30.730000000000018,1473911.3,621649.3956593138,0.6649952408940755,25849318.0,0.38933850589920216,0.6500000000000341,5.64464285714286,65.4413160392281,14.1584105666455,GOOGL
2025-12-03,319.65,1323426.0,0.012383606765059785,0.012307557109154975,-0.011794166293107478,0.12426139561057958,35.329999999999984,1493443.05,609776.331410951,0.8861576609834569,27172744.0,0.37510102078021473,3.909999999999968,5.599285714285718,70.95930603393286,14.158964858835816,GOOGL
2025-12-04,317.66,958684.0,-0.006225559205380704,-0.0062450188057266804,-0.007312499999999944,0.08497848213675807,24.880000000000052,1483501.3,617118.1674337159,0.6462306436805954,26214060.0,0.37206141023590245,1.9899999999999523,5.156785714285713,77.04827204100008,13.83929696971046,GOOGL
2025-12-05,321.355,899873.0,0.011631933513819748,0.011564802648195002,0.004250066407287756,0.10968956110362948,31.765000000000043,1464284.65,629510.2357837007,0.6145478613055188,27113933.0,0.37225609053506814,3.694999999999993,5.254642857142853,80.63617209270718,13.725889968604122,GOOGL
2025-12-08,313.8,1161293.0,-0.02350982558229997,-0.02379059075627184,-0.004094068361420455,0.04701211170798447,14.090000000000032,1457899.55,632024.3870505132,0.7965521355706571,25952640.0,0.37498366503548797,7.555000000000007,5.170714285714281,69.88534327945852,12.877939868379997,GOOGL
2025-12-09,317.15,728308.0,0.010675589547482378,0.010619007780973832,0.004465699626274633,-0.0038633079967335116,-1.2300000000000182,1445795.0,644056.1569039576,0.5037422317825141,26680948.0,0.3534158953512626,3.349999999999966,5.360714285714279,71.87208527648237,12.334070816997837,GOOGL
2025-12-10,320.22,1466208.0,0.009679962163014588,0.009633411494002563,0.0017832003754107983,-0.010031997279458249,-3.2449999999999477,1484740.55,618832.5463892287,0.9875179875702862,28147156.0,0.35385044846057306,3.07000000000005,4.975714285714283,69.69566465690502,12.012303659168538,GOOGL
2025-12-11,312.505,1352198.0,-0.02409281119230544,-0.024387790525451068,-0.016228042561229117,-0.023421875000000036,-7.4950000000000045,1511537.1,599669.6558858057,0.8945847243842046,26794958.0,0.3615975057077677,7.715000000000032,5.298928571428571,65.44449686594325,11.007872938257606,GOOGL
2025-12-12,309.22,1012195.0,-0.01051183181069093,-0.010567471374008925,-0.03776197663020642,-0.03367240113126757,-10.774999999999977,1509052.15,601730.4145256308,0.6707488538417974,25782763.0,0.3450009615945617,3.284999999999968,4.810714285714283,57.06013363028958,9.833428664743224,GOOGL
2025-12-15,308.26,1108102.0,-0.0031045857318414694,-0.003109414955874859,-0.017654557042702468,-0.02167634644069938,-6.829999999999984,1514250.45,597573.6290830815,0.7317825132559809,24674661.0,0.34271622810517643,0.9600000000000364,3.545714285714285,39.806607574536656,8.72463695569644,GOOGL
2025-12-16,306.38,779669.0,-0.006098747810289962,-0.006117421134023609,-0.03395869462399492,-0.02964464432761138,-9.360000000000014,1473803.8,619259.053228649,0.5290181773177678,23894992.0,0.3308647873532956,1.8799999999999955,3.3167857142857144,31.60331646387425,7.606527930594837,GOOGL
2025-12-17,296.65,1169636.0,-0.03175794764671325,-0.03227316887989783,-0.07360564611829379,-0.07195369935867357,-23.0,1454470.45,622574.8777295349,0.8041662173336007,22725356.0,0.35380193952837186,9.730000000000018,3.7642857142857173,27.846299810246677,5.867650170978607,GOOGL
2025-12-18,302.46,814742.0,0.019585369964604693,0.019396044617942167,-0.03214348570422876,-0.04784990241138343,-15.200000000000045,1388509.95,616651.8957864298,0.5867743331619626,23540098.0,0.3450911549022437,5.810000000000002,4.1789285714285755,35.01410135885821,4.901889531154211,GOOGL
2025-12-19,307.21,897463.0,0.015704555974343615,0.015582515504448294,-0.006500226376043083,-0.044016741609746335,-14.145000000000039,1324997.15,597283.9622292231,0.6773320229405777,24437561.0,0.34497932345654175,4.75,4.1678571428571445,43.247643530419886,4.4682948471760255,GOOGL
2025-12-22,309.75,663429.0,0.00826796002734298,0.00823396768220908,0.0048335820411340435,-0.01290630975143403,-4.050000000000011,1224050.3,521618.50300337764,0.5419948837069849,25100990.0,0.3248042013533523,2.5400000000000205,4.302857142857143,45.02822045152722,4.2802842560571435,GOOGL
2025-12-23,314.43,779905.0,0.015108958837772413,0.014995955340943857,0.026274561002676444,-0.008576383414787836,-2.7199999999999704,1155285.65,481515.63659031544,0.6750754672664722,25880895.0,0.2406050145136684,4.680000000000007,4.357857142857147,45.72201278478941,4.457537676051743,GOOGL
2025-12-24,314.05,228162.0,-0.00120853608116267,-0.0012092669498058324,0.058654980616888786,-0.01926800324776723,-6.170000000000016,1029013.5,354766.73268879723,0.22172886944631923,25652733.0,0.2325871423347427,0.37999999999999545,4.242857142857149,46.96127946127946,4.515299897687953,GOOGL
2025-12-26,313.55,325647.0,-0.001592103168285286,-0.0015933719113599158,0.03666600542220477,0.0033439464968560983,1.045000000000016,947814.25,316780.59023140214,0.3435768137058501,25327086.0,0.229968508141657,0.5,4.0146428571428645,43.05666755626724,4.469212750563145,GOOGL
2025-12-29,313.51,390759.0,-0.00012757136022967241,-0.0001275794981477654,0.020507144949708733,0.013873617489166268,4.289999999999964,913167.6,338299.84256284,0.42791597073746374,24936327.0,0.22996303013271666,0.040000000000020464,3.4778571428571508,49.70219757650439,4.378982504233875,GOOGL
2025-12-30,313.87,473863.0,0.0011482887308220668,0.0011476299515816905,0.013301049233252593,0.018198922987088917,5.610000000000014,875685.3,343593.02554377686,0.5411338982166309,25410190.0,0.22362356904093766,0.36000000000001364,3.264285714285726,46.41137855579873,4.2871043054946085,GOOGL
2025-12-31,313.04,335595.0,-0.002644406920062403,-0.00264790954030665,-0.004420697770568971,0.021737711338860377,6.660000000000025,843457.85,362961.569541935,0.39787998890519544,25074595.0,0.22364424216228118,0.8299999999999841,3.1042857142857208,41.73953060285321,4.100053246020877,GOOGL
2026-01-02,315.24,754732.0,0.007027855865065158,0.007003275583291774,0.0037892055405190916,0.06266644193494031,18.590000000000032,815023.15,345224.0406403197,0.9260252300808879,25829327.0,0.22038907033809424,2.1999999999999886,2.7103571428571462,53.603900382132046,4.082277592632352,GOOGL
2026-01-05,316.56,732618.0,0.004187285877426783,0.0041785435917201024,0.009599744857279546,0.04661773457647289,14.100000000000023,803719.85,343971.3883136941,0.9115340376376172,26561945.0,0.21996423888613897,1.3199999999999932,2.570000000000005,60.200111172873754,4.127128261998848,GOOGL
2026-01-06,314.25,813016.0,-0.007297194844579247,-0.0073239496068120665,0.002360371280023088,0.02291592070570636,7.0400000000000205,799377.0,343241.0375123092,1.0170620370613614,25748929.0,0.21683503277046065,2.3100000000000023,2.6664285714285745,58.023037771229575,3.9309613703401283,GOOGL
2026-01-07,322.06,1175905.0,0.02485282418456647,0.024549016119493183,0.026093605632905303,0.039741727199354315,12.310000000000002,800107.6,344066.49105099944,1.4696835775588184,26924834.0,0.2182809717792933,7.810000000000002,3.0900000000000034,68.1229773462783,4.355492023652062,GOOGL
2026-01-08,325.37,970517.0,0.01027758802707579,0.010225132722443617,0.03938793764375159,0.034793117705053556,10.939999999999998,812218.05,345665.19975281775,1.1948971092183927,27895351.0,0.2180608799012939,3.3100000000000023,2.631428571428574,88.97937024972856,4.90251185717392,GOOGL
2026-01-09,328.62,548240.0,0.009988628330823479,0.009939071711391589,0.04244385230300729,0.04639388632383379,14.569999999999993,766319.65,313725.69898027263,0.7154194728009389,28443591.0,0.21821958185562612,3.25,2.4485714285714306,88.15635939323221,5.534478828085014,GOOGL
2026-01-12,331.86,867388.0,0.00985941208690888,0.009811125210956685,0.048332069749810413,0.058395790145112425,18.310000000000002,742079.15,283331.8496393038,1.1688618390639327,29310979.0,0.19798447746686146,3.240000000000009,2.3407142857142884,87.61061946902656,6.2250002004161615,GOOGL
2026-01-13,335.99,1169484.0,0.01244500693063344,0.012368204380906443,0.06918058870326171,0.07170425185799512,22.480000000000018,749943.6,293233.9774675006,1.559429269081035,30480463.0,0.19380240003002724,4.1299999999999955,2.454285714285715,88.18393480791619,7.024525489844677,GOOGL
2026-01-14,335.925,1269297.0,-0.0001934581386350276,-0.00019347685407453797,0.04305098428864196,0.07026794532768355,22.055000000000007,758003.35,305552.8611762234,1.674526900177948,29211166.0,0.1926127616874324,0.06499999999999773,2.1246428571428573,86.13212304589007,7.565697434669346,GOOGL
2026-01-15,332.64,642791.0,-0.009778968519758902,-0.0098270966517707,0.02234379322002633,0.06261180679785316,19.599999999999966,751159.45,306573.26542082394,0.8557317624107639,28568375.0,0.19568589885203339,3.285000000000025,2.3321428571428595,78.46860643185292,7.641422491900414,GOOGL
2026-01-16,329.97,902076.0,-0.008026695526695438,-0.008059082872567735,0.0041080883695454595,0.04672630376855724,14.730000000000018,737781.45,292883.1219040466,1.2226872876784853,27666299.0,0.1508573075178335,2.669999999999959,2.4871428571428567,73.57840321654224,7.40067804965247,GOOGL
2026-01-20,321.945,1163887.0,-0.024320392762978593,-0.024621017735397353,-0.029877056590128404,0.017010993176648892,5.384999999999991,755238.7,307740.3075357877,1.5410849576431929,26502412.0,0.17464782889762637,8.025000000000034,3.0575000000000006,59.8528209321341,6.487551457581731,GOOGL
2026-01-21,328.34,1020922.0,0.019863641305191804,0.019668933364634312,-0.022768534777820815,0.04483691328560058,14.089999999999975,761411.65,311952.7291211512,1.3408279214009924,27523334.0,0.17916795782154984,6.394999999999982,3.4885714285714267,64.81367731367729,6.208349125246173,GOOGL
2026-01-22,330.48,647549.0,0.006517634159712626,0.006496486222137082,-0.016208975217682497,0.026144196733527858,8.420000000000016,760617.65,312235.32737517345,0.8513462710206633,28170883.0,0.1786431226752243,2.140000000000043,3.5821428571428595,67.3878364905284,6.089562692501829,GOOGL
2026-01-23,327.89,876434.0,-0.007837085451464665,-0.007867956805727988,-0.014279701779701726,0.00774502873651528,2.519999999999982,765444.1,313293.4244464094,1.145000660400936,27294449.0,0.17709431048734162,2.590000000000032,3.6100000000000056,62.51483973090617,5.720489986591019,GOOGL
2026-01-26,333.23,664796.0,0.01628594955625373,0.01615475597131359,0.009879686032063573,0.014028361024891911,4.610000000000014,787275.8,288081.50790880463,0.844425803511298,27959245.0,0.18345802710169928,5.340000000000032,3.8971428571428652,65.27675953079176,5.792122596072943,GOOGL
2026-01-27,334.46,654002.0,0.0036911442547189477,0.003684348698882047,0.03887309944245132,0.007834629060446963,2.599999999999966,803693.55,269121.18726435583,0.8137454879412681,28613247.0,0.1826486484380607,1.2299999999999613,3.820000000000005,68.89491398653698,5.8803575739169105,GOOGL
2026-01-28,336.14,1193326.0,0.005023022185014714,0.00501044889544375,0.023755862825120433,0.00044644185838849104,0.14999999999997726,843821.9,264096.36093188287,1.414191786205122,29806573.0,0.18228286544736338,1.6800000000000068,3.382142857142863,64.8680042238648,6.016492014405287,GOOGL
2026-01-29,338.17,1225533.0,0.0060391503540191405,0.00602098777320812,0.02326918421689661,0.006683039368906796,2.2450000000000045,881405.4,262154.45989568863,1.39043055556501,31032106.0,0.1822536621820486,2.0300000000000296,3.2907142857142935,63.89190362491858,6.2165233622021105,GOOGL
2026-01-30,338.03,859664.0,-0.0004139929621197469,-0.0004140786808648771,0.030925005337155698,0.01620370370370372,5.389999999999986,907608.85,228796.10963620155,0.9471745455104366,30172442.0,0.18137781990363772,0.1400000000000432,3.068571428571439,60.95204841713214,6.291231416889616,GOOGL
2026-02-02,343.8,789932.0,0.01706949087359111,0.01692544400798506,0.03171983314827598,0.04191290117283386,13.829999999999984,909368.85,227690.93707185792,0.868659620350972,30962374.0,0.18708029901900367,5.770000000000039,3.249285714285727,63.12376346449764,6.738353323930994,GOOGL
2026-02-03,339.84,739640.0,-0.011518324607329933,-0.01158517433522965,0.016085630568677844,0.055584028327819945,17.894999999999982,909719.95,227409.28183053966,0.8130414200546003,30222734.0,0.19544949470892234,3.9600000000000364,3.237142857142873,54.247572815533914,6.69597472319208,GOOGL
2026-02-04,333.06,2364929.0,-0.019950564971751295,-0.020152264683394278,-0.009162848812994562,0.014375342632636956,4.720000000000027,987315.6,395397.5131746202,2.3953120967601444,27857805.0,0.2094858648355891,6.779999999999973,3.716785714285728,47.247045257999424,6.0456100106679855,GOOGL
2026-02-05,332.3,2958903.0,-0.0022818711343300935,-0.0022844785695762698,-0.0173581334831594,0.005507141128056059,1.8199999999999932,1076465.5,592189.5809404907,2.748720697504936,24898902.0,0.19346257093094207,0.7599999999999909,3.536428571428583,49.65663502322766,5.406542386773992,GOOGL
2026-02-06,322.97,1798877.0,-0.02807703882034307,-0.02847873570840329,-0.044552258675265355,-0.015005032175424593,-4.919999999999959,1117883.5,612992.0481975451,1.6091810998194356,23100025.0,0.217191879324353,9.329999999999984,4.01214285714287,43.768915791347716,4.099961856523407,GOOGL
2026-02-09,324.27,1217645.0,0.004025141654023345,0.004017062444075686,-0.0568062827225132,-0.026888335383969175,-8.960000000000036,1151353.75,598352.090460201,1.057576787325355,24317670.0,0.21446654720073338,1.2999999999999545,3.531785714285722,52.35109717868337,3.1332681435746963,GOOGL
2026-02-10,318.59,884068.0,-0.017516267308107514,-0.017671492432388303,-0.06252942561205277,-0.04744962028344202,-15.870000000000005,1152187.75,597946.9468133069,0.7672950871071142,23433602.0,0.21876610924046325,5.680000000000007,3.480714285714295,39.99589575210346,1.8870748568646718,GOOGL
2026-02-11,310.78,1085648.0,-0.024514265984494132,-0.024819743305244876,-0.06689485378009974,-0.07544475516153992,-25.360000000000014,1147995.95,598113.1483865678,0.9456897474246316,22347954.0,0.22574215369283143,7.810000000000002,3.8857142857142923,31.89338235294116,0.26618752560341363,GOOGL
2026-02-12,309.0,1122579.0,-0.005727524293712483,-0.005743989460842518,-0.07011736382786637,-0.08625839075021446,-29.170000000000016,1140660.05,597446.4607250532,0.9841486076416895,21225375.0,0.22542538604595028,1.7799999999999727,3.827857142857145,32.375443179697726,-1.1487662242520287,GOOGL
2026-02-13,305.71,1043446.0,-0.010647249190938624,-0.010704336727013274,-0.05344149611419036,-0.09561281543058309,-32.31999999999999,1160692.8,586490.6314297831,0.8989855024516392,20181929.0,0.2257377670921661,3.2900000000000205,3.681428571428573,23.302289483895976,-2.5067070114691887,GOOGL
2026-02-17,302.11,1026750.0,-0.011775866016813241,-0.011845750703973042,-0.06833811330064443,-0.1212623618382781,-41.69,1166926.5,584255.477575341,0.8798754677351144,19155179.0,0.22698809055315813,3.599999999999966,3.8507142857142873,19.996290113151588,-3.829233759158228,GOOGL
2026-02-18,303.21,738166.0,0.0036410578928203208,0.003634445287921533,-0.0482752126557644,-0.10778601694915257,-36.629999999999995,1145640.45,592074.8178080803,0.6443260623348277,19893345.0,0.21570308553550022,1.099999999999966,3.8092857142857133,19.12619538721168,-4.734014159664923,GOOGL
2026-02-19,302.83,1186922.0,-0.0012532568187064719,-0.0012540428017943615,-0.025580796705064635,-0.09076442683000063,-30.230000000000018,1153940.45,591397.581219221,1.0285816742103113,18706423.0,0.1984752239649997,0.37999999999999545,3.6914285714285677,15.808823529411711,-5.419252203826375,GOOGL
2026-02-20,315.16,1075076.0,0.040715913218637656,0.03990885442460099,0.01993527508090631,-0.05157989768281668,-17.139999999999986,1175316.8,579742.1939022465,0.914711676034921,19781499.0,0.25225813456018814,12.330000000000041,4.562142857142853,32.096445905746066,-4.91077201388083,GOOGL
2026-02-23,311.485,709272.0,-0.011660743749206781,-0.011729263402523015,0.018890451735304792,-0.03556057838189308,-11.485000000000014,1166958.7,585454.7889048222,0.6077952887278701,19072227.0,0.25374190375261796,3.6750000000000114,4.412499999999994,23.844597329016565,-4.749589278010319,GOOGL
2026-02-24,310.92,531585.0,-0.0018138915196558303,-0.0018155386129454323,0.029161563668862245,-0.041169395873808745,-13.349999999999966,1160298.15,592187.4698737749,0.4581451758757006,18540642.0,0.24396909316946347,0.5649999999999977,4.169999999999992,25.231243576567294,-4.6142513592740215,GOOGL
2026-02-25,312.96,724783.0,0.006561173292165101,0.0065397424844335144,0.03215593153260121,-0.017671615556043796,-5.6299999999999955,1163837.2,589206.4756009252,0.6227529073653945,19265425.0,0.24527647891508958,2.0399999999999636,3.8314285714285625,31.2639821029082,-4.292898273548758,GOOGL
2026-02-26,307.39,629691.0,-0.01779780163599176,-0.01795808717545745,0.015057953307135996,-0.010908037840272833,-3.3899999999999864,1135655.45,601081.4595770806,0.5544736301842254,18635734.0,0.24848014309273528,5.569999999999993,4.174999999999991,28.691189050470427,-4.436534479620946,GOOGL
2026-02-27,311.56,828189.0,0.01356582842642906,0.01347463638075287,-0.01142276938697806,0.008284789644013024,2.5600000000000023,1115788.25,604511.2436838523,0.7422456725099946,19463923.0,0.25402637256080574,4.170000000000016,3.806428571428565,39.294426721711346,-4.165861598570814,GOOGL
2026-03-02,306.24,772127.0,-0.017075362690974427,-0.01722282778715831,-0.016838692071849404,0.0017336691635865265,0.5300000000000296,1111411.4,606775.9197100172,0.6947265432044336,18691796.0,0.2577910114385556,5.319999999999993,4.093571428571424,34.269760949223524,-4.330709209160318,GOOGL
2026-03-03,303.62,1045484.0,-0.00855538140020895,-0.008592188760020337,-0.02347870834941468,0.004998179471053632,1.509999999999991,1124189.0,602324.2436057704,0.9299895302302371,17646312.0,0.24466978242012807,2.6200000000000045,3.874999999999996,36.20276497695854,-4.619513357523488,GOOGL
2026-03-04,303.1,1018279.0,-0.001712667149726621,-0.0017141354408115898,-0.03150562372188126,-0.00036278486857277414,-0.1099999999999568,1138120.95,596152.2414332979,0.8947019207404978,16628033.0,0.2442559816925765,0.5199999999999818,3.3542857142857088,41.82282793867125,-4.834621868548481,GOOGL
2026-03-05,300.91,1505700.0,-0.007225338172220375,-0.007251567347546817,-0.021080711799342677,-0.006340190866162443,-1.919999999999959,1095159.5,530426.5933182563,1.3748682269568953,15122333.0,0.23844227297232734,2.1899999999999977,3.383571428571425,41.46084019421576,-5.12275962654752,GOOGL
2026-03-06,298.55,590371.0,-0.007842876607623617,-0.007873793723209281,-0.04175760688149954,-0.0527033887549182,-16.610000000000014,976732.9,311741.2431787319,0.6044344364769529,14531962.0,0.2384320891613495,2.3600000000000136,3.3171428571428527,42.29112833764,-5.478391663423793,GOOGL
2026-03-09,306.31,1126774.0,0.025992296097806067,0.025660238043785265,0.0002285788923719334,-0.01661396214906019,-5.175000000000011,943127.75,248201.3973907557,1.1947204395162798,15658736.0,0.2468268020625248,7.759999999999991,3.6142857142857117,54.150197628458486,-5.075557599284991,GOOGL
2026-03-10,307.09,632891.0,0.002546439881166096,0.0025432031966491817,0.011428759633752561,-0.012318281229898531,-3.830000000000041,913890.05,248602.93834747307,0.6925242265193717,16291627.0,0.2463612492597533,0.7799999999999727,3.5914285714285694,53.858392999204455,-4.6398835308083335,GOOGL
2026-03-11,308.65,610817.0,0.005079943990361047,0.005067084606468895,0.018310788518640653,-0.013771728016359952,-4.310000000000002,900227.5,257671.3136480376,0.678514042283756,16902444.0,0.2412248526413866,1.5600000000000023,3.6757142857142844,55.654877574815394,-4.121222838630786,GOOGL
2026-03-12,303.47,592106.0,-0.016782763648145016,-0.01692519001349687,0.008507527167591622,-0.012752529360096188,-3.919999999999959,875550.4,262565.73345583404,0.6762671800504003,16310338.0,0.2328465612898028,5.17999999999995,3.164999999999992,36.80884676145336,-4.081118617253708,GOOGL
2026-03-13,302.25,479083.0,-0.004020166738063158,-0.0040282693315059235,0.012393233964160144,-0.029881884709205275,-9.310000000000002,843375.6,270022.7513087702,0.5680541386305225,15831255.0,0.23247396766358858,1.2200000000000273,2.9896428571428504,38.967865249074144,-4.100511394040893,GOOGL
2026-03-16,305.67,641495.0,0.01131513647642679,0.011251599159401588,-0.0020893865691619107,-0.0018612852664576796,-0.5699999999999932,823278.05,269305.42430510995,0.7791960443983658,16472750.0,0.23345914586083183,3.420000000000016,3.193571428571423,44.12883023932006,-3.7961551776314764,GOOGL
2026-03-17,310.91,656256.0,0.017142670199888688,0.016997392576309937,0.012439350027679374,0.0240102760028984,7.2900000000000205,804753.35,267307.7331850975,0.8154747041438225,17129006.0,0.2365038916754346,5.240000000000009,3.422142857142855,47.860571905656485,-3.0964327268533793,GOOGL
2026-03-18,307.77,449032.0,-0.010099385674311012,-0.010150730462882718,-0.0028511258707273335,0.015407456285054355,4.669999999999959,790296.65,278675.3383946943,0.5681815809291358,16679974.0,0.23989067471182857,3.140000000000043,3.24857142857143,50.41776605101143,-2.763414479356584,GOOGL
2026-03-19,307.065,823866.0,-0.0022906716054196252,-0.0022932992070367484,0.011846311002734922,0.02045462098301809,6.154999999999973,772143.85,262855.1422560533,1.06698512200803,15856108.0,0.240039757425609,0.7049999999999841,3.0010714285714277,44.650719980959174,-2.527250160327924,GOOGL
2026-03-20,300.775,742522.0,-0.020484262289743316,-0.020696974641106213,-0.00488006617038883,0.007452687991960971,2.224999999999966,755516.15,253017.95741831095,0.982800963288475,15113586.0,0.2000380912843701,6.2900000000000205,3.070357142857144,43.64313132488074,-2.8151869455866745,GOOGL
2026-03-23,302.13,828157.0,0.004505028675920508,0.004494911408574703,-0.011581116890764576,-0.013646306029839073,-4.180000000000007,761460.4,253270.72453932313,1.08759037239494,15941743.0,0.19818150174426333,1.3550000000000182,2.9800000000000018,48.21428571428571,-2.900605373403721,GOOGL
2026-03-24,290.41,1322720.0,-0.03879124880018525,-0.039563670708693835,-0.06593547972081948,-0.054316324204630395,-16.67999999999995,801017.15,276219.78738531185,1.6513004746527586,14619023.0,0.23845654363718058,11.71999999999997,3.780000000000001,38.01020408163266,-3.8694020860991714,GOOGL
2026-03-25,290.98,1097864.0,0.0019627423298096414,0.001960818667773694,-0.05455372518439083,-0.05724931151790036,-17.66999999999996,819671.2,283307.2521245777,1.3393956015534034,15716887.0,0.23648527143872194,0.5699999999999932,3.664285714285715,40.32163742690059,-4.538865013867962,GOOGL
2026-03-26,281.16,1185824.0,-0.033748023919169645,-0.03433063397953797,-0.08436324556689945,-0.07351632780835005,-22.310000000000002,847477.85,290870.5792772478,1.3992389299614143,14531063.0,0.25528070960768995,9.819999999999993,4.197142857142857,35.20251872021784,-5.7950098716484035,GOOGL
2026-03-27,274.36,833499.0,-0.02418551714326367,-0.024482789676584016,-0.08782312359737332,-0.0922746071133167,-27.889999999999986,847743.35,290854.469180266,0.9831973320699007,13697564.0,0.2553594616847315,6.800000000000011,4.128571428571429,22.361591695501758,-7.255579092169796,GOOGL
2026-03-30,273.45,819013.0,-0.0033168100306167903,-0.0033223228383389776,-0.09492602522093141,-0.10540779271763678,-32.22000000000003,850087.65,290401.5195311984,0.9634453576640009,12878551.0,0.25224870674917643,0.910000000000025,4.137857142857148,20.964957707578165,-8.389807637112028,GOOGL
2026-03-31,287.47,1317360.0,0.05127079904918652,0.049999717173923465,-0.010123618332702033,-0.07539159242224436,-23.439999999999998,863681.45,305975.20504007064,1.5252845826432884,14195911.0,0.3223642631741728,14.020000000000039,5.02785714285715,34.95524932518829,-8.06443333315383,GOOGL
2026-04-01,297.45,1298953.0,0.03471666608689583,0.03412763666720948,0.022235205168740002,-0.03353153328784475,-10.319999999999993,877715.15,319573.54156887135,1.4799254632895422,15494864.0,0.3484738744705893,9.979999999999961,5.3707142857142935,45.99680808618165,-6.921482715144862,GOOGL
2026-04-02,295.685,640954.0,-0.0059337703815767195,-0.0059514451504105136,0.051660975956750566,-0.03706055721101398,-11.379999999999995,834477.85,286973.2528376809,0.7680898899832992,14853910.0,0.3481837671048324,1.7649999999999864,5.409642857142862,45.66580841090646,-6.087929009124878,GOOGL
2026-04-06,299.99,368667.0,0.014559412888716095,0.01445444228379574,0.09341740778539154,-0.0026099243620645307,-0.7849999999999682,823392.65,300845.5863431177,0.44774142688788876,15222577.0,0.3511124596899365,4.305000000000007,5.472857142857147,46.29339598016183,-5.022062954446824,GOOGL
2026-04-07,305.5,576757.0,0.018367278909297013,0.018200637844350224,0.11720607057963073,0.011154138946811054,3.3700000000000045,795891.8,296764.6803826047,0.7246675992892501,15799334.0,0.3447472874420517,5.509999999999991,5.49214285714286,46.481987254519424,-3.6902070659731407,GOOGL
2026-04-08,317.24,864530.0,0.038428805237315844,0.03770880660346883,0.10355863220509964,0.09238662580489643,26.829999999999984,807473.75,294580.4639707971,1.0706601917399792,16663864.0,0.3706901829003289,11.740000000000009,6.106428571428572,55.5386594923383,-1.6681523719727238,GOOGL
2026-04-09,318.63,631583.0,0.004381540789307747,0.0043719697864390405,0.07120524457892086,0.09502371296996359,27.649999999999977,808512.05,293886.6110190469,0.7811670834095793,17295447.0,0.37061862337898205,1.3899999999999864,6.155357142857143,56.71018276762401,0.04597198796460589,GOOGL
2026-04-10,317.28,680624.0,-0.004236889181809644,-0.004245890230072118,0.07303380286453476,0.1284677763551001,36.11999999999995,812937.95,291109.44456907135,0.8372397917946874,16614823.0,0.364884265516414,1.3500000000000227,5.802500000000001,60.15879854742414,1.2807307088504558,GOOGL
2026-04-13,321.35,737345.0,0.01282778618255187,0.012746207045809525,0.07120237341244717,0.17127132235019693,46.99000000000001,825851.05,281075.9093055554,0.8928304928594568,17352168.0,0.3658050457151906,4.07000000000005,5.9964285714285745,61.44729005360334,2.5582114080190763,GOOGL
2026-04-14,332.87,857338.0,0.03584876303096296,0.035221151550591384,0.08959083469721763,0.2172974949716584,59.420000000000016,836643.2,277748.89585864206,1.0247355144941117,18209506.0,0.3828846679211328,11.519999999999982,5.982142857142861,75.34925373134325,4.448907552290564,GOOGL
2026-04-15,337.11,952051.0,0.012737705410520661,0.012657263220033991,0.06263396797377374,0.17267888823181532,49.639999999999986,851432.95,275504.24756864615,1.1181749543519546,19161557.0,0.3812785008219215,4.240000000000009,6.244285714285719,76.38412262640126,6.217756012306268,GOOGL
2026-04-16,335.97,603438.0,-0.003381685503248133,-0.003387416325208768,0.05442048771302144,0.1295007564296522,38.52000000000004,859153.25,265620.6365003085,0.7023636353584183,18558119.0,0.3786441052244929,1.1399999999999864,5.624285714285719,84.8044196088392,7.441808156053014,GOOGL
2026-04-17,341.69,719808.0,0.017025329642527565,0.01688202299277469,0.07693519919314173,0.15558787222889214,46.004999999999995,853950.35,267361.63499517314,0.8429155161069962,19277927.0,0.3801449092356086,5.71999999999997,5.547142857142859,93.34921452485189,8.772312734133152,GOOGL
2026-04-20,337.46,566065.0,-0.012379642365887289,-0.012456908485295265,0.050132254551112254,0.12490416347211553,37.46999999999997,845127.5,274059.87411484047,0.6697983440368465,18711862.0,0.37379685174081806,4.230000000000018,5.784285714285716,89.52210422326499,9.377325577539125,GOOGL
2026-04-21,332.3,697414.0,-0.015290701120132644,-0.01540880940964269,-0.0017123802084897388,0.08772504091653022,26.80000000000001,838590.35,276038.1429599284,0.8316503999837346,18014448.0,0.38139738354085023,5.159999999999968,5.151428571428568,81.08014420410429,9.33285044826988,GOOGL
2026-04-22,339.35,596221.0,0.021215768883539043,0.02099384778921884,0.006644715374803489,0.06969486823855764,22.110000000000014,802265.4,256054.62153372477,0.7431717733308703,18610669.0,0.34793756025126193,7.050000000000011,4.942142857142857,80.27894204364796,9.75404115384788,GOOGL
2026-04-23,338.86,717720.0,-0.0014439369382643896,-0.0014449804198072215,0.008601958508200003,0.06349056899852501,20.230000000000018,783258.2,246902.850516384,0.9163261872011044,17892949.0,0.34893591156882786,0.4900000000000091,4.85107142857143,81.78605609953618,9.93378838865857,GOOGL
2026-04-24,344.33,1016884.0,0.016142359676562412,0.016013457132601366,0.0077263016184259126,0.08525592536560778,27.05000000000001,774811.2,235008.85640480617,1.3124281115192966,18909833.0,0.3131078338701309,5.46999999999997,4.934285714285713,82.09322524609148,10.397763704950137,GOOGL
2026-04-27,350.295,1289563.0,0.017323497807335997,0.01717515675913792,0.03803413737924499,0.09007312898708575,28.944999999999993,797614.4,261622.42060637104,1.6167749729693948,20199396.0,0.2858328811131707,5.965000000000032,4.966785714285716,82.21039764147551,11.118624551560856,GOOGL
2026-04-28,349.765,947138.0,-0.0015130104626102092,-0.0015141562187800741,0.05255792958170313,0.050755550214798495,16.894999999999982,804020.65,263734.1299200022,1.1780020824092017,19252258.0,0.2845827632546447,0.5300000000000296,4.166071428571432,77.88255465066433,11.51441439375941,GOOGL
2026-04-29,350.27,1021396.0,0.001443826569268003,0.0014427852538856465,0.03217916605274773,0.03903770282697039,13.159999999999968,789222.45,240713.10226873722,1.294180113604219,20273654.0,0.24712214973503957,0.5049999999999955,4.102857142857147,77.54178272980498,11.733572653102897,GOOGL
2026-04-30,384.99,2175993.0,0.09912353327433121,0.09451307426767404,0.13613291624859825,0.14590588445396913,49.01999999999998,833074.45,378762.564227036,2.612003044865918,22449647.0,0.39432652906126403,34.72000000000003,6.486428571428576,87.28113643871819,14.541248524063121,GOOGL
2026-05-01,385.79,1330844.0,0.0020779760513260914,0.002075820045327076,0.12040774838091384,0.12906435658052628,44.10000000000002,867568.95,391543.99955284665,1.5339921973924955,23780491.0,0.3901571377537418,0.8000000000000114,6.2528571428571444,86.80603152844412,16.639100006734964,GOOGL
2026-05-04,383.21,921651.0,-0.006687576142461071,-0.006710038180193639,0.09396365920153005,0.1355716233035027,45.75,895218.15,373571.6316385409,1.0295267136842567,22858840.0,0.3967434698899581,2.580000000000041,5.61428571428572,82.02290076335873,17.88728450162904,GOOGL
2026-05-05,388.41,991193.0,0.013569583257222018,0.013478340949052866,0.1104884708304148,0.1688534456816131,56.110000000000014,915939.95,366402.51975726255,1.082159370819015,23850033.0,0.3961836703648045,5.2000000000000455,5.682857142857151,82.23981900452485,19.07617794347908,GOOGL
2026-05-06,397.83,1071518.0,0.02425272263844902,0.023963295618951677,0.13578096896679703,0.17232945336673033,58.47999999999996,926289.35,367794.6128995418,1.156785404042484,24921551.0,0.38689916584338185,9.419999999999959,6.27428571428572,85.21174863387972,20.54170781451853,GOOGL
2026-05-07,397.89,876338.0,0.00015081818867357377,0.00015080681675393688,0.03350736382763175,0.17420173522988835,59.02999999999997,938527.1,361490.53437529586,0.933737555367341,25797889.0,0.38824271506243413,0.060000000000002274,5.870000000000009,84.19323436359205,21.460607766876763,GOOGL
2026-05-08,400.67,865052.0,0.0069868556636256685,0.006962560685619519,0.03857020658907695,0.16362210669996813,56.34000000000003,947748.5,356888.3519494726,0.9127442565195303,26662941.0,0.3842553452599937,2.7800000000000296,5.766428571428581,89.14901523597172,22.157744678076256,GOOGL
2026-05-11,388.64,906121.0,-0.03002470861307316,-0.030484680606128387,0.0141697763628299,0.10946487960147877,38.34499999999997,956187.3,353631.9502431129,0.947639651771154,25756820.0,0.41212953222458987,12.03000000000003,6.257142857142871,82.15753424657525,21.491766535248814,GOOGL
2026-05-12,387.42,879557.0,-0.003139151914367977,-0.003144089387431666,-0.002548853016142716,0.10765799894214689,37.65500000000003,957298.25,353339.8470677794,0.9187909828520004,24877263.0,0.4026469711905125,1.2199999999999704,5.840714285714297,79.3934205698911,20.627746434341248,GOOGL
2026-05-13,402.63,995762.0,0.03925971813535689,0.03850865021139353,0.012065455093884347,0.14948468324435438,52.360000000000014,959483.8,353440.8531510874,1.037810122484611,25873025.0,0.41759364040313207,15.20999999999998,6.892142857142866,83.04487511659234,20.92906690873741,GOOGL
2026-05-14,401.115,892737.0,-0.0037627598539601292,-0.0037698568432572395,0.008105255221292351,0.0418842047845398,16.125,973948.75,343893.3528757022,0.9166159923712618,24980288.0,0.4177485126797623,1.5149999999999864,6.609642857142867,80.68298481655586,20.805781617637763,GOOGL
2026-05-15,396.75,567513.0,-0.010882165962379897,-0.010941809828048496,-0.009783612449147716,0.028409238186578145,10.95999999999998,966334.0,351420.645725918,0.5872845206729764,24412775.0,0.4225474304764047,4.365000000000009,6.495357142857151,75.54297025347772,20.123882524979763,GOOGL
2026-05-18,396.815,925835.0,0.00016383112791440446,0.00016381770906076488,0.021034890901605596,0.03550272696432777,13.605000000000018,984322.5,338835.94140752906,0.940580957968552,25338610.0,0.41690208202901224,0.06499999999999773,6.462142857142863,76.00309494860173,19.365484289706615,GOOGL
2026-05-19,387.75,1014449.0,-0.02284439852324127,-0.023109375058930876,0.0008517887563883608,-0.001699235344095218,-0.660000000000025,1000174.25,332055.13712015015,1.0142722630581622,24324161.0,0.42341812839189497,9.064999999999998,7.073571428571435,68.92355851762092,17.827474455350625,GOOGL
2026-05-20,388.86,1184514.0,0.002862669245647931,0.0028585796110313826,-0.03420013411817302,-0.02254731920669628,-8.96999999999997,1029588.9,320234.3015768465,1.1504727760759659,25508675.0,0.4208651469408325,1.1100000000000136,4.672857142857148,52.957811066952,16.50786590187687,GOOGL
2026-05-21,387.52,657497.0,-0.003445970272077381,-0.00345192130295222,-0.03389302319783605,-0.02606247957978336,-10.370000000000005,1026577.75,323586.7231836372,0.6404746255215448,24851178.0,0.42146711309465035,1.3400000000000318,4.711428571428578,51.31140084899936,15.178966141726391,GOOGL
2026-05-22,383.03,607993.0,-0.011586498761354314,-0.011654145269912769,-0.03458097038437313,-0.04402625602116461,-17.640000000000043,1006133.2,336875.63007602067,0.6042867882701813,24243185.0,0.4250139076712601,4.490000000000009,4.847857142857147,49.86739354648593,13.606649051674367,GOOGL
2026-05-26,388.91,950634.0,0.01535127796778335,0.015234639287340737,-0.01992112193339457,0.0006947303417044193,0.27000000000003865,989186.75,330328.59867615975,0.961025812365562,25193819.0,0.42435360708974484,5.880000000000052,4.896428571428577,50.36469730123997,12.688774989078922,GOOGL
2026-05-27,388.84,1035586.0,-0.00017999022910197837,-0.00018000642928721032,0.0028110896196003043,0.0036652728305197613,1.419999999999959,993609.15,330328.09205016575,1.0422468432381082,24158233.0,0.42408489013823875,0.07000000000005002,4.22857142857144,42.407094594594604,11.819457418793831,GOOGL
2026-05-28,390.15,966796.0,0.003368994959366267,0.003363332609901954,0.0033173892917759407,-0.03099619998509806,-12.480000000000018,990879.15,330311.98151640256,0.975695169284771,25125029.0,0.4238875869754186,1.3100000000000023,4.317857142857155,43.59801488833748,11.10817490738765,GOOGL
2026-05-29,380.38,1127452.0,-0.025041650647186886,-0.02536052750925516,-0.01842485549132944,-0.051693404634581164,-20.735000000000014,938452.1,182410.68355049283,1.201395361574661,23997577.0,0.25755017973340455,9.769999999999982,4.817142857142865,34.95699881376039,9.644940177284298,GOOGL
2026-06-01,376.26,607860.0,-0.010831273989168722,-0.010890359270530524,-0.017674855755423824,-0.05164461247637053,-20.49000000000001,902302.9,171891.0199696311,0.673676212278604,23389717.0,0.25991686722273316,4.1200000000000045,4.252142857142863,39.601881404333966,8.059956383872418,GOOGL
2026-06-02,361.84,1835061.0,-0.03832456280231755,-0.03907826861339675,-0.06960479288267218,-0.08813930924990243,-34.97500000000002,947973.4,270412.099242191,1.9357726704145917,21554656.0,0.291269601870093,14.420000000000016,5.195000000000009,32.41440945964527,5.575995219417337,GOOGL
2026-06-03,359.37,1602297.0,-0.006826221534379728,-0.006849626758238268,-0.07578952782635529,-0.07319148936170217,-28.379999999999995,978528.6,307530.94834990124,1.6374554611893817,19952359.0,0.2850869435179354,2.4699999999999704,4.285000000000009,13.943990665110945,3.369290657870806,GOOGL
2026-06-04,372.34,1508985.0,0.03609093691738319,0.03545491693240157,-0.04564910931692945,-0.04248315589158058,-16.52000000000004,1000401.95,329281.3941913155,1.5083787071786496,21461344.0,0.3030279444465883,12.96999999999997,5.1032142857142935,29.862131709706773,2.6366384725238845,GOOGL
2026-06-05,368.98,1525880.0,-0.009024010313154474,-0.009064973314131433,-0.029970029970029954,-0.047842691990090724,-18.539999999999964,1032879.05,347906.41296830284,1.4773075317966804,19935464.0,0.3034591307288577,3.359999999999957,5.031428571428576,30.288188529244778,1.7645418774797577,GOOGL
2026-06-08,363.44,870747.0,-0.01501436392216382,-0.01512822057847147,-0.03407218412799662,-0.05114481894368583,-19.589999999999975,1033163.8,347764.12399174756,0.8427966601230124,19064717.0,0.3033362806503464,5.5400000000000205,5.422500000000006,28.01817822564712,0.6192292531292196,GOOGL
2026-06-09,364.05,951632.0,0.0016784063394232884,0.0016769993895722186,0.006107671899182154,-0.06392224422102799,-24.860000000000014,1035439.35,347037.2216956557,0.9190610729638583,20016349.0,0.2887431831905675,0.6100000000000136,4.818571428571436,32.434034983694076,-0.236491227523004,GOOGL
2026-06-10,356.33,1136001.0,-0.02120587831341858,-0.021433953064489013,-0.008459248128669716,-0.08360765353358701,-32.50999999999999,1048261.55,345709.5673169478,1.083699960186463,18880348.0,0.2958057888796135,7.720000000000027,5.2907142857142935,28.041042257324165,-1.5200729006548386,GOOGL
2026-06-11,357.87,1012774.0,0.004321836499873832,0.004312524185733106,-0.038862330128377254,-0.08273740868896573,-32.27999999999997,1049112.15,345594.5058349341,0.9653629499953843,19893122.0,0.25056014943103855,1.5400000000000205,5.305000000000007,30.039046721421883,-2.38555628671935,GOOGL
2026-06-12,359.65,887508.0,0.004973873194176637,0.0049615443514010584,-0.02528592335627955,-0.05449813344550192,-20.730000000000018,1048850.7,345720.98831284564,0.8461719098819308,20780630.0,0.25338548150169793,1.7799999999999727,5.111428571428576,33.664058133035226,-2.8944614320778896,GOOGL
2026-06-15,369.22,847700.0,0.026609203392186975,0.0262613360290583,0.015903587937486252,-0.018710466167012108,-7.039999999999964,1062860.05,330532.8567441044,0.7975650227892186,21628330.0,0.27637463430645465,9.57000000000005,5.375000000000004,36.916943521594696,-2.4967721706684642,GOOGL
2026-06-16,373.37,1091582.0,0.011239911164075522,0.011177212741614135,0.02560087900013741,0.03186491266858282,11.53000000000003,1071147.4,328990.7134383491,1.0190772997255093,22719912.0,0.2810499216818635,4.149999999999977,5.66642857142857,40.24959031892097,-1.8256848898415114,GOOGL
2026-06-17,363.86,932816.0,-0.025470712697860054,-0.02580070681538015,0.021132096651979904,0.012494086874252242,4.490000000000009,1067065.75,330235.20894992043,0.87418793078121,21787096.0,0.2836653356966606,9.509999999999991,6.2521428571428554,34.982291785673496,-2.0377312095372417,GOOGL
2026-06-18,367.93,950553.0,0.011185620843181532,0.011123524415346668,0.02811076647944777,-0.011844013536015385,-4.409999999999968,1055367.7,329999.586393856,0.9006841880796618,22737649.0,0.2874686065026707,4.069999999999993,5.844999999999999,42.39276548942931,-1.8559699932358171,GOOGL
2026-06-22,349.5,2073229.0,-0.05009104992797542,-0.051389141010139125,-0.028221882385652708,-0.05279418938695868,-19.480000000000018,1126154.3,387068.6387322161,1.8409812935936043,20664420.0,0.33330383746547015,18.430000000000007,6.8671428571428565,36.08279592261286,-3.1626132568943603,GOOGL
2026-06-23,346.25,1191215.0,-0.009298998569384875,-0.009342504172316732,-0.06221223119007646,-0.047298040942108766,-17.189999999999998,1155315.4,367448.87632322445,1.0310734194316116,19473205.0,0.33279724249556036,3.25,6.069285714285712,40.82617394374486,-4.409554694155133,GOOGL
2026-06-24,345.28,1965788.0,-0.0028014440433213883,-0.002805375431778506,-0.07523368240619233,-0.05155885180607067,-18.77000000000004,1206073.1,405800.0113597446,1.629907838919548,17507417.0,0.3243314161084261,0.9700000000000273,5.962142857142859,41.55984185935065,-5.413630695494419,GOOGL
2026-06-25,343.54,2175780.0,-0.00503938832252071,-0.005052128860890364,-0.05584565492222282,-0.0358936940476523,-12.789999999999964,1263082.8,457398.9872915404,1.7225949082672964,15331637.0,0.32368615525451067,1.7399999999999523,5.160000000000001,30.066445182724294,-6.2774095490166815,GOOGL
2026-06-26,335.79,1728279.0,-0.02255923618792577,-0.022817588639593527,-0.0873535726904574,-0.061698382094056425,-22.079999999999984,1301156.95,463095.51456572395,1.328263281382004,13603358.0,0.32682828133105907,7.75,5.473571428571432,28.34399060420202,-7.500855550505435,GOOGL
2026-06-29,353.485,1251260.0,0.05269662586735757,0.05135508705233419,0.011402002861230276,-0.017141665508132786,-6.164999999999964,1307347.35,461475.98053069494,0.9570983564543882,14854618.0,0.3825146212290007,17.694999999999993,6.341785714285716,44.39376020724223,-6.962349078161878,GOOGL
2026-06-30,357.22,1017873.0,0.010566219217222894,0.010510786854717543,0.031682310469314245,-0.03250094794431502,-12.0,1327848.0,437237.0695640386,0.7665583711388653,15872491.0,0.38452520883112634,3.7350000000000136,6.565000000000002,46.28440866064629,-6.163150570449204,GOOGL
2026-07-01,361.195,1177136.0,0.011127596439169052,0.011066140224280183,0.04609302594995368,-0.03260840453169778,-12.175000000000011,1294951.75,421535.7048816774,0.9090191970473032,17049627.0,0.36254095081257626,3.974999999999966,6.297499999999998,52.75903136165146,-5.1496685422361566,GOOGL
2026-07-02,359.69,779835.0,-0.004166724345575079,-0.004175429330725071,0.04701053734645155,-0.011460451822129403,-4.170000000000016,1253828.65,430007.13798681105,0.6219629771580033,16269792.0,0.36198390868272756,1.5049999999999955,6.2949999999999955,51.03256552819698,-4.417001214807328,GOOGL
2026-07-06,366.34,801620.0,0.01848814256721054,0.01831931456217811,0.09097948122338351,-0.00432147419346085,-1.5900000000000318,1218460.4,436950.33282133343,0.6578958167208389,17071412.0,0.3438316500143573,6.649999999999977,6.642857142857139,53.596774193548384,-3.262153579758376,GOOGL
2026-07-07,366.985,635044.0,0.0017606594966426137,0.0017591113526143438,0.03819115379719085,0.050028612303290476,17.485000000000014,1173918.6,449196.63494549715,0.5409608468593989,17706456.0,0.3424510090918285,0.6450000000000387,6.005357142857138,48.67082961641391,-2.2687298932698354,GOOGL
2026-07-08,361.76,648403.0,-0.014237639140564418,-0.014339966755025463,0.012709254800962855,0.04479422382671472,15.509999999999991,1162801.4,459722.82863303425,0.5576214476521959,17058053.0,0.3420116583515294,5.225000000000023,6.0821428571428555,43.18261890780973,-1.8813611372657988,GOOGL
2026-07-09,358.88,887524.0,-0.007961079168509522,-0.00799293775776154,-0.006409280305652021,0.03938832252085267,13.600000000000023,1159596.0,461492.78056918073,0.7653734576524928,16170529.0,0.34308999272694823,2.8799999999999955,5.608571428571428,46.82883341823738,-1.7861706744447474,GOOGL
2026-07-10,357.17,608752.0,-0.004764823896567072,-0.0047762118587730325,-0.007006032972837639,0.03967514699889385,13.629999999999995,1133233.55,477686.8031815823,0.5371814133106101,15561777.0,0.33478854230191946,1.7099999999999795,5.439999999999998,42.9359243697479,-1.8276462870556998,GOOGL
2026-07-13,352.54,623138.0,-0.012963014810874363,-0.013047767921317725,-0.03766992411421077,0.049882366955537716,16.75,1113751.75,490628.22848078934,0.5594945193127643,14938639.0,0.3376641219437111,4.6299999999999955,4.454285714285711,52.43745991019886,-2.208658276570759,GOOGL
2026-07-14,359.55,697435.0,0.019884268451806797,0.019689158556695573,-0.02025968363829589,0.017157729465182348,6.064999999999998,1104248.1,497040.2995263592,0.631592664728153,15636074.0,0.34495981113150814,7.009999999999991,4.722857142857139,60.057471264367834,-1.922799769477706,GOOGL
2026-07-15,370.98,1134849.0,0.03178973717146438,0.03129490325002935,0.025486510393631256,0.03851967974917425,13.759999999999991,1118605.55,493373.3980288931,1.0145211598494215,16770923.0,0.3506610783442009,11.430000000000007,5.469999999999994,66.77983807782715,-0.7651294317897168,GOOGL
2026-07-16,354.31,1442304.0,-0.04493503692921452,-0.04597591665705436,-0.012734061524743656,-0.019061725660654227,-6.884999999999991,1136141.65,498567.8967636127,1.2694755095018302,15328619.0,0.38298109907458705,16.670000000000016,6.536428571428571,55.88460277565292,-1.1792039030393653,GOOGL
2026-07-17,346.765,869439.0,-0.02129491123592342,-0.021524919050161864,-0.029131785984265246,-0.03593372070393952,-12.925000000000011,1132972.8,500127.20262713404,0.76739618109102,14459180.0,0.37991054380276007,7.545000000000016,6.5217857142857145,56.010076118503896,-2.0920633445821295,GOOGL
2025-08-20,747.69,312343.0,-0.005314726248361823,-0.005328899646702182,-0.041257140658960134,-0.03123866286602739,-24.1099999999999,342434.85,221614.33962683793,0.9121238682336217,-458305.0,0.49128911712416423,3.994999999999891,12.112857142857097,42.35169241655854,13.473840332840723,META
2025-08-21,739.13,172323.0,-0.011448595005951745,-0.011514634694695701,-0.05538870499827475,-0.029465446380503524,-22.440000000000055,337115.25,224482.70996363708,0.5111693997824186,-630628.0,0.4938843203159505,8.56000000000006,11.032499999999962,46.49898028552002,10.643173750587607,META
2025-08-22,754.96,267060.0,0.02141707142180671,0.02119094883934126,-0.03864715844698263,-0.018806129212533884,-14.469999999999914,341863.45,221796.81686968295,0.7811890975768249,-363568.0,0.49815630397000193,15.830000000000041,10.277142857142824,42.56672226855711,9.566917325738586,META
2025-08-25,753.42,101361.0,-0.0020398431704992115,-0.002041926484150189,-0.018153385026389635,-0.016589873781212128,-12.710000000000036,332189.5,228086.0005084647,0.3051300537795445,-464929.0,0.4983521230724226,1.5400000000000773,9.459285714285686,46.24707392584759,8.491822778341316,META
2025-08-26,754.38,118051.0,0.0012741896949908238,0.001273378604217308,0.0035852784078438393,-0.04484679665738156,-35.41999999999996,308183.7,223845.21754460034,0.38305400318057053,-346878.0,0.4888607177488999,0.9600000000000364,8.92499999999998,43.02921168467387,7.629320522935018,META
2025-08-27,747.3,178911.0,-0.009385190487552708,-0.00942950889690042,-0.0005216065481684629,-0.04175722721240227,-32.565000000000055,279843.4,200163.0305537542,0.6393254227185633,-525789.0,0.48929233398292704,7.080000000000041,8.699999999999989,44.1420361247947,6.301840744221522,META
2025-08-28,751.17,184009.0,0.005178643115214765,0.005165280058104931,0.016289421346718402,-0.040001533605122375,-31.300000000000068,237164.65,91715.6470931385,0.7758702656572133,-341780.0,0.2739867458651093,3.8700000000000045,8.414999999999996,42.250233426704014,5.498694584326586,META
2025-08-29,738.21,159339.0,-0.017253085187107997,-0.017403654025830776,-0.022186605912896007,-0.05997631508576218,-47.09999999999991,225076.95,84630.93765251983,0.7079312208558006,-501119.0,0.2587248678904245,12.959999999999923,9.104999999999993,39.04840354593238,3.772939677464933,META
2025-09-02,735.41,270266.0,-0.0037929586432046136,-0.0038001701519175136,-0.02390432959040112,-0.041623770117938386,-31.940000000000055,215611.45,65432.10564553042,1.2534863060380141,-771385.0,0.22134248011557503,2.800000000000068,7.614285714285716,24.488742964352724,2.1544942128018647,META
2025-09-03,736.96,187458.0,0.0021076678315499198,0.00210544981571948,-0.023091810493385267,-0.019589322655101382,-14.724999999999909,210694.45,63548.065398086124,0.8897149402843786,-583927.0,0.21542677421229475,1.5500000000000682,7.0153571428571535,28.157613399175318,0.9855754674071022,META
2025-09-04,748.58,305730.0,0.01576747720364735,0.01564446194357837,0.0017128328649806956,0.0011903328919740108,0.8899999999999864,213877.6,66717.64766647073,1.4294624589017269,-278197.0,0.2197245291328882,11.620000000000005,7.659285714285724,34.197519350927934,0.985475875232737,META
2025-09-05,751.37,256132.0,0.0037270565604210493,0.003720128294475382,0.00026625131461588403,0.016560009741182213,12.240000000000009,214782.6,67183.66988017534,1.1925174571869415,-22065.0,0.2158433148804807,2.7899999999999636,7.655714285714298,34.166822168315036,1.1967314554352697,META
2025-09-08,752.77,241579.0,0.001863263106059554,0.0018615293846104347,0.019723384944663414,-0.0029008159372683195,-2.1900000000000546,218627.0,66361.27394322972,1.1049824587082109,219514.0,0.2122324477516123,1.3999999999999773,6.472857142857159,41.95541822997131,1.4602880330248809,META
2025-09-09,765.8,241199.0,0.017309403934800738,0.017161302788209386,0.04132388735535275,0.016431737941652758,12.379999999999995,222654.6,65089.387305700926,1.0832877470306026,460713.0,0.22145289997479842,13.029999999999973,6.284642857142866,58.021253622776605,2.6895669695064726,META
2025-09-10,751.945,197214.0,-0.018092191172629835,-0.01825785606596228,0.02033353234910984,-0.00322781621994217,-2.4349999999999454,218111.75,63432.97642881327,0.9041878761689822,263499.0,0.19804786362839236,13.854999999999905,6.988928571428581,52.174357402013385,2.5167847462996633,META
2025-09-11,751.185,162822.0,-0.0010107122196438834,-0.0010112233336611633,0.0034799219856260777,0.005198715375351215,3.884999999999991,217571.85,63875.99758024145,0.7483596798023273,100677.0,0.19436829351106294,0.7600000000001046,6.431785714285728,56.69387528457989,2.292105970325224,META
2025-09-12,755.675,160478.0,0.005977222654871994,0.005959429925073822,0.005729534051133189,0.005997310861722394,4.5049999999999955,217709.6,63742.97138995805,0.7371195390556962,261155.0,0.19551526922121135,4.490000000000009,5.621785714285726,50.45422781271833,2.4481313627061354,META
2025-09-15,764.6,272780.0,0.011810632877890637,0.011741431693667875,0.015715291523307418,0.035748635212202506,26.389999999999986,218855.8,64552.40387109376,1.2463914595820629,533935.0,0.2005474874914791,8.925000000000068,6.149285714285725,56.49320478568942,3.2544403583013946,META
2025-09-16,778.86,265898.0,0.018650274653413623,0.018478490870645767,0.017054061112562025,0.059082688568281805,43.450000000000045,216437.85,61630.43252047226,1.2285189489731116,799833.0,0.19529326960296678,14.259999999999991,7.099285714285721,62.31512224569876,4.9866261484879715,META
2025-09-17,775.215,223093.0,-0.004679916801479056,-0.004690901898406209,0.030946412304091453,0.051909194528875435,38.254999999999995,213902.3,60172.003290654065,1.042966812418567,576740.0,0.17999320188934265,3.644999999999982,6.8539285714285745,64.54588088166332,5.99615488839504,META
2025-09-18,780.185,284957.0,0.006411124655740563,0.006390660813657012,0.0386056697085273,0.04221993641294164,31.604999999999905,212533.0,58089.508494717455,1.3407659045889344,861697.0,0.17882447814739888,4.969999999999914,6.9324999999999966,64.94771006130544,7.115231195861838,META
2025-09-19,778.5,473279.0,-0.0021597441632432712,-0.0021620797741559055,0.030204783802560753,0.03610737719099788,27.129999999999995,227580.8,81420.39562962203,2.0796086488842644,388418.0,0.17235116732257874,1.6849999999999454,6.1271428571428554,73.48449522033107,7.776499172414333,META
2025-09-22,765.14,299839.0,-0.017161207450224758,-0.01731016765522277,0.0007062516348417258,0.01643264210847928,12.370000000000005,229219.75,82578.5918344169,1.3080853634994367,88579.0,0.17104480067222974,13.360000000000014,6.8814285714285655,65.42972804650199,7.140210559486263,META
2025-09-23,755.7,314004.0,-0.012337611417518324,-0.01241435159215598,-0.029735767660426737,-0.013188822146774526,-10.099999999999909,239851.9,78855.26701422155,1.3091578594957973,-225425.0,0.17705297818913301,9.43999999999994,7.444999999999985,58.98973424158114,5.807275486001572,META
2025-09-24,760.81,225965.0,0.00676194256980267,0.006739183177009188,-0.018581941783892275,0.01178942608834399,8.864999999999895,245247.6,73599.20793438195,0.9213749696225365,540.0,0.1785555764894228,5.1099999999999,6.979999999999977,56.25767498976665,5.104408684997793,META
2025-09-25,749.02,259688.0,-0.015496641737095973,-0.015617969773270386,-0.03994565391541749,-0.0028821129282400326,-2.1649999999999636,249286.45,71965.54703063398,1.0417252923293665,-259148.0,0.18426268372113722,11.789999999999964,7.622857142857121,48.89898800599698,3.555046847345352,META
2025-09-26,743.97,375386.0,-0.0067421430669407645,-0.006764973990943512,-0.044354527938342936,-0.015489463062824504,-11.704999999999927,258855.3,75467.12510274696,1.4501769907743824,-634534.0,0.18483049450700492,5.0499999999999545,7.883571428571405,46.01340944097129,1.89779701046848,META
2025-09-29,743.49,285784.0,-0.000645187305939765,-0.0006453955288363014,-0.0282954753378466,-0.027609207428720972,-21.110000000000014,265177.55,71903.69892796657,1.0777081242360071,-920318.0,0.17384073103308184,0.4800000000000182,6.987142857142836,38.59640155387445,0.5394639814569473,META
2025-09-30,734.01,438321.0,-0.012750675866521455,-0.012832663410721685,-0.028701865819769856,-0.057584161466759154,-44.85000000000002,273580.3,81684.0299646979,1.6021657992187304,-1358639.0,0.17953028857106884,9.480000000000018,6.674642857142844,40.40344587725395,-1.287144106588471,META
2025-10-01,717.74,599042.0,-0.02216591054617778,-0.02241526602352097,-0.05661071752474334,-0.07414072225124646,-57.47500000000002,294159.5,106822.90618515344,2.0364530127362874,-1957681.0,0.19564204923839193,16.269999999999982,7.782499999999978,34.65192051764488,-4.001470738457897,META
2025-10-02,727.04,325514.0,0.012957338311923472,0.012874110176286452,-0.029345010814130434,-0.06811845908342251,-53.14499999999998,295148.7,107027.09698659931,1.1028813611579518,-1632167.0,0.19263156664686268,9.299999999999955,8.126071428571404,37.41484639388208,-5.340598774954401,META
2025-10-03,710.775,438823.0,-0.022371533890845008,-0.02262557262830881,-0.04461873462639632,-0.08699421965317922,-67.72500000000002,304283.25,111235.26320507641,1.4421529939620403,-2070990.0,0.20529884299529946,16.264999999999986,8.650357142857112,27.777548408405835,-7.626404515514764,META
2025-10-06,715.41,924582.0,0.0065210509654953785,0.00649988089687235,-0.03776782471855711,-0.06499464150351575,-49.73000000000002,338433.4,176606.37963216097,2.7319466695663013,-1146408.0,0.2073258110085271,4.634999999999991,7.9628571428571115,21.541980624327095,-8.96062377646092,META
2025-10-07,712.99,275451.0,-0.0033826756684977033,-0.0033884098507411054,-0.028637212027084025,-0.056517136429800274,-42.710000000000036,340146.0,175777.97709491072,0.8098022613818772,-1421859.0,0.1937196826725025,2.419999999999959,7.87535714285711,21.781325109972215,-10.096885319635703,META
2025-10-08,717.76,328779.0,0.0066901359065343335,0.006667856261343911,2.7865243681590712e-05,-0.056584429752500554,-43.049999999999955,346724.25,172580.14644670402,0.9482434528303111,-1093080.0,0.18886512858396132,4.769999999999982,7.8610714285714005,21.639180409795017,-10.491541681728222,META
2025-10-09,733.3,436895.0,0.02165069103878725,0.021419643767910244,0.008610255281690238,-0.02098742356679395,-15.720000000000027,360427.9,168030.25387643432,1.212156439609697,-656185.0,0.20709739217866663,15.539999999999964,8.85071428571426,31.76095553224107,-9.441525535997698,META
2025-10-10,705.38,441594.0,-0.038074457929905825,-0.03881823040743132,-0.00759030635573843,-0.05187037111711501,-38.59000000000003,374483.7,162076.30125543382,1.1792075329313398,-1097779.0,0.242988244049881,27.91999999999996,9.890714285714255,28.42131869719067,-10.738504048191658,META
2025-10-13,715.54,247335.0,0.014403583883863869,0.014300837703124245,0.00018171398219202217,-0.037592973678193475,-27.950000000000045,373211.45,163013.81892680962,0.6627208248835881,-850444.0,0.2452939094688907,10.159999999999968,9.942142857142828,35.5736762698469,-10.821794859190504,META
2025-10-14,708.66,249535.0,-0.009615115856555834,-0.009661639543635915,-0.00607301645184366,-0.034536314219152375,-25.350000000000023,372393.3,163620.6939695074,0.6700845584493599,-1099979.0,0.23206844512399172,6.8799999999999955,10.068571428571406,31.501844494892126,-11.312557803885397,META
2025-10-15,717.66,258628.0,0.012700025400050885,0.012620056437617586,-0.0001393223361569884,-0.00011146097472625183,-0.08000000000004093,374170.05,162099.98952871014,0.691204440334014,-841351.0,0.24006085723731854,9.0,9.869285714285695,38.65166099732212,-10.850191930881238,META
2025-10-16,712.15,294747.0,-0.007677730401582927,-0.007707355908833157,-0.02884222010091364,-0.020480303697183122,-14.889999999999986,374659.55,161830.96865084599,0.7867062243575534,-1136098.0,0.23735289840541554,5.509999999999991,9.90214285714284,38.52340763182569,-10.803834714927802,META
2025-10-17,716.76,204208.0,0.006473355332444086,0.00645249315161981,0.016133148090391014,0.008420386198163987,5.985000000000014,361206.0,164365.4401986143,0.5653505202017686,-931890.0,0.24041374264814874,4.610000000000014,10.19714285714284,40.63813393107311,-10.276645047557736,META
2025-10-20,732.2,276673.0,0.021541380657402742,0.021312644153920892,0.023283114850322972,0.023469059700032213,16.790000000000077,360047.7,164901.41343816704,0.7684342935672134,-655217.0,0.25134416765068157,15.440000000000055,10.622857142857129,49.3914739107047,-8.514811034118907,META
2025-10-21,733.09,213292.0,0.0012155148866430654,0.0012147767465095717,0.03447351339147131,0.02819113872564838,20.100000000000023,355012.1,167892.05723192642,0.600802057169319,-441925.0,0.24859580410357793,0.8899999999999864,9.5242857142857,55.75596220188993,-6.966424715508879,META
2025-10-22,733.33,257099.0,0.00032738135835974624,0.0003273277807760613,0.02183485215840375,0.021692487739634503,15.57000000000005,356568.8,166773.1629276884,0.7210361646896756,-184826.0,0.24683673933193098,0.2400000000000091,8.877142857142847,52.53057611844226,-5.6547667768198835,META
2025-10-23,733.935,302924.0,0.0008250037500168172,0.0008246636214817354,0.03059046549182054,0.0008659484522024474,0.6349999999999909,358730.6,165728.19808329805,0.8444331205645685,118098.0,0.2414978834038896,0.6049999999999045,7.758571428571413,60.6610200699687,-4.514410650760851,META
2025-10-24,738.585,178769.0,0.0063357109280794965,0.006315724685214925,0.030449522852837863,0.04707391760469548,33.20500000000004,348899.75,170452.4536343988,0.51237927226947,296867.0,0.24176767349308892,4.650000000000091,7.759642857142849,60.66645188014916,-3.1985827952927366,META
2025-10-27,750.74,343811.0,0.016457144404503188,0.01632319324128914,0.025320950559956312,0.049193616010285934,35.200000000000045,351801.1,169814.2454026567,0.9772880187128467,640678.0,0.24891495071600409,12.154999999999973,8.454999999999993,65.94576328461605,-1.1615828196946723,META
2025-10-28,751.34,371754.0,0.000799211444707959,0.0007988922453018398,0.024894624125277875,0.060226342674907674,42.680000000000064,348472.75,168677.76001341955,1.0668093846649416,1012432.0,0.24386945059443788,0.6000000000000227,8.157142857142853,64.70227670753067,0.49545799104089383,META
2025-10-29,751.52,515850.0,0.00023957196475632436,0.00023954327197574148,0.024804658202991714,0.04718111640609757,33.860000000000014,344313.15,163107.2777537517,1.4982001123105522,1528282.0,0.22773352150503737,0.17999999999994998,7.059999999999994,59.2169162282477,1.8024220679302516,META
2025-10-30,665.89,2442065.0,-0.11394241004896744,-0.12097333054472896,-0.09271256991422938,-0.06495822509302818,-46.25999999999999,450140.7,496392.01965817943,5.42511485853201,-913783.0,0.46822209562281814,85.63,11.182142857142853,37.38741616097093,-4.025026841263866,META
2025-10-31,648.05,1745719.0,-0.026791211761702405,-0.027156637864571967,-0.12257898549252977,-0.09586193425972434,-68.71000000000004,515485.5,574671.1595056137,3.3865530650231674,-2659502.0,0.47078491075077744,17.840000000000032,11.730714285714287,29.452596967667304,-9.967956592441396,META
2025-11-03,637.37,908226.0,-0.01648020986035026,-0.016617519200260424,-0.1510110024775555,-0.1295137940453428,-94.83000000000004,514667.7,574069.6669566289,1.7646842807504726,-3567728.0,0.47093998823029587,10.67999999999995,12.002142857142855,28.786526215556748,-15.362469000430224,META
2025-11-04,627.49,591232.0,-0.015501200244755764,-0.015622600045148186,-0.16483882130593341,-0.14404779767832054,-105.60000000000002,530456.75,571480.7750301313,1.1145715461251082,-4158960.0,0.4722432050950258,9.879999999999995,12.064999999999998,23.308270676691734,-20.202016112097567,META
2025-11-05,636.135,415700.0,0.0137771119858483,0.013683070342242585,-0.15353550138386207,-0.13253923881472196,-97.19500000000005,534802.8,570195.3812032653,0.7772958555938749,-3743260.0,0.4754127694854511,8.644999999999982,12.288928571428569,27.908396059170556,-23.073832041613514,META
2025-11-06,619.02,483255.0,-0.02690466646230749,-0.027273222625878505,-0.07038700085599725,-0.15657381103231205,-114.91499999999996,537120.8,569870.5512320645,0.8997138073967718,-4226515.0,0.46975240358437165,17.11500000000001,13.182142857142853,23.519371444053093,-26.42617976939266,META
2025-11-07,621.75,596145.0,0.004410196762624885,0.004400500343174607,-0.04058328832651792,-0.1581876155080323,-116.83500000000004,544848.35,569554.795855433,1.0941484910434252,-3630370.0,0.4577234988363126,2.730000000000018,12.274285714285709,17.862546554934795,-28.533732208314746,META
2025-11-10,631.74,355903.0,0.01606755126658621,0.015939834413208887,-0.00883317382368165,-0.1585102698670645,-119.0,550276.75,567081.9789192162,0.6467709202687557,-3274467.0,0.4587380064018131,9.990000000000009,12.92428571428571,21.99347850116058,-29.06285469227589,META
2025-11-11,627.215,488994.0,-0.00716275683034151,-0.0071885325301768365,-0.00043825399607955173,-0.16520483402986663,-124.125,562249.7,562910.6870405214,0.8697096681421085,-3763461.0,0.4585491467208002,4.524999999999977,13.230357142857136,21.35510865163988,-29.507177382646773,META
2025-11-12,609.1,624299.0,-0.02888164345559341,-0.02930692672410714,-0.0424988406548924,-0.18950926123057266,-142.41999999999996,580533.25,558450.7990867402,1.0753888773812696,-4387760.0,0.460213949702615,18.11500000000001,14.481071428571429,19.212272177966327,-30.96410054595549,META
2025-11-13,609.955,501580.0,0.0014037103923822958,0.0014027261119382481,-0.014644114891279703,-0.08400036041988912,-55.934999999999945,590874.9,554783.0038337798,0.8488768096258615,-3886180.0,0.46135876496104905,0.8550000000000182,14.209999999999996,17.671157132803856,-31.684492191898812,META
2025-11-14,609.61,435284.0,-0.0005656154962251358,-0.000565775517012924,-0.01952553277040614,-0.059316410770773764,-38.43999999999994,602428.7,548679.125682388,0.7225485771179229,-4321464.0,0.4592454894503261,0.3450000000000273,13.366428571428571,12.290920750280563,-31.91534613453939,META
2025-11-17,601.92,314317.0,-0.012614622463542391,-0.012694862324698736,-0.047202963244372786,-0.0556191850887241,-35.450000000000045,604310.9,547566.2708409104,0.5201246576886169,-4635781.0,0.44627942907751106,7.690000000000055,13.872857142857145,11.533312738131997,-32.34595425330849,META
2025-11-18,597.53,580966.0,-0.007293328017012213,-0.007320054362418843,-0.047328268616024904,-0.047745780809255955,-29.960000000000036,622694.6,539865.3630389712,0.9329870533645226,-5216747.0,0.4446268159539199,4.389999999999986,14.173571428571433,11.197903542811076,-32.66490985344615,META
2025-11-19,590.26,561170.0,-0.012166753133733832,-0.012241373954398045,-0.030930881628632445,-0.07211519567387426,-45.875,637898.15,533268.9540140013,0.8797172401268133,-5777917.0,0.44307090268862553,7.269999999999982,8.576428571428576,18.50587157491465,-33.122497177161335,META
2025-11-20,589.15,574520.0,-0.0018805272252905292,-0.0018822976364988844,-0.034109073620185226,-0.04825369131853574,-29.870000000000005,651477.95,527719.0569530522,0.8818717502257751,-6352437.0,0.4422651928232056,1.1100000000000136,7.3814285714285734,21.50183859105867,-33.19208841736952,META
2025-11-21,594.235,511055.0,0.008631078672663994,0.00859404386081483,-0.025221042961893647,-0.04425412143144347,-27.514999999999986,668092.25,517178.82545818033,0.764946756978546,-5841382.0,0.4434998179007194,5.085000000000036,6.9817857142857225,27.934932733132158,-32.462713025311814,META
2025-11-24,613.17,697749.0,0.03186449805211744,0.031367358101631625,0.018690191387559896,-0.029395004273910286,-18.57000000000005,685789.15,511523.1332357241,1.017439543918127,-5143633.0,0.45898566839608523,18.934999999999945,7.628571428571433,43.29588014981272,-30.01083529050527,META
2025-11-25,636.22,1091258.0,0.0375915325276841,0.03690219335426626,0.06474988703496076,0.014357118372487987,9.004999999999995,721764.35,513571.85800987337,1.511931144839725,-4052375.0,0.4877723029623238,23.050000000000068,8.657500000000011,50.03506456004291,-25.90909820152001,META
2025-11-26,633.69,427973.0,-0.0039766118638207,-0.00398453960880113,0.07357774540033213,0.040371039238220385,24.590000000000032,717370.5,515797.36601116235,0.5965857252284559,-4480348.0,0.487078575528909,2.5299999999999727,7.6157142857142945,56.879572312886914,-22.602049505574087,META
2025-11-28,647.935,194380.0,0.022479445785794194,0.022230506811789764,0.0997793431214462,0.062266888540957854,37.979999999999905,604986.25,332552.73303213884,0.32129655839285604,-4285968.0,0.29738406159227754,14.24499999999989,8.438214285714285,61.08265966902271,-18.61713044743317,META
2025-12-01,640.89,363103.0,-0.010873004236536032,-0.01093254734879829,0.07851270961824852,0.051311494234018484,31.279999999999973,535855.45,200379.90683895192,0.6776137109364102,-4649071.0,0.2842955055024475,7.044999999999959,8.227857142857138,53.97169893219897,-15.844876137523215,META
2025-12-02,647.225,268738.0,0.009884691600742679,0.00983615760371274,0.05553924686465428,0.07526747740563544,45.305000000000064,503881.05,188503.0635952292,0.5333361911506694,-4380333.0,0.27989110666824557,6.335000000000036,8.357142857142858,58.55128205128205,-12.986957505684586,META
2025-12-03,639.48,265265.0,-0.011966472246900284,-0.012038646837274408,0.005124013705950725,0.07020568004953742,41.950000000000045,487582.7,194547.97829411254,0.5440410416530365,-4645598.0,0.277411740317211,7.7450000000000045,7.616428571428571,64.24552189815249,-11.217682708595248,META
2025-12-04,661.57,717335.0,0.03454369174954652,0.033960451965586856,0.043996275781533534,0.12081116795988223,71.31000000000006,502664.45,200289.1612858182,1.4270653116606913,-3928263.0,0.29896356226121357,22.090000000000032,9.133214285714287,70.18339655104994,-7.941496668612444,META
2025-12-05,673.32,433287.0,0.01776078117206037,0.017604901488602862,0.039178312639385204,0.14286684206059586,84.17000000000007,500166.05,200854.86750531214,0.8662863063176719,-3494976.0,0.28304814424253616,11.75,9.947857142857142,72.87283693544914,-4.3468609202656125,META
2025-12-08,666.77,309013.0,-0.009727915404265541,-0.009775540688167229,0.04038134469253696,0.12206450310062511,72.53499999999997,485809.45,203872.5309471264,0.636078610656915,-3803989.0,0.28743180065624385,6.550000000000068,9.866428571428571,73.47426337508145,-2.0035211069424577,META
2025-12-09,656.92,285999.0,-0.014772710229914443,-0.014882913393353719,0.014979334852639914,0.07135052269354336,43.75,482314.25,206795.140217986,0.5929723204321664,-4089988.0,0.29059844728374257,9.850000000000023,10.256428571428573,70.68040949926873,-0.9304939471371654,META
2025-12-10,650.01,570352.0,-0.01051878463130973,-0.010574498082634732,0.016466504034527985,0.0216748923328407,13.789999999999964,486382.15,207731.53733840343,1.1726417180400226,-4660340.0,0.2922587968589607,6.909999999999968,10.230714285714287,70.85806046219366,-0.6304243040176516,META
2025-12-11,652.78,330589.0,0.004261472900416896,0.004252418538939564,-0.01328657587254578,0.030125140052706945,19.089999999999918,471696.65,207850.2257272559,0.7008508540393492,-4329751.0,0.2686135449339082,2.769999999999982,10.349285714285713,71.95803713161709,-0.16717402175572715,META
2025-12-12,644.17,473240.0,-0.013189742332792131,-0.013277499501342969,-0.04329293649379207,-0.005810768055437676,-3.7649999999999864,470279.65,207732.34549149426,1.0062948715726907,-4802991.0,0.27511470441796726,8.610000000000014,10.601071428571426,66.8227605026446,-0.4891611336955748,META
2025-12-15,647.59,518468.0,0.005309157520530405,0.0052951136292986554,-0.028765541341092105,0.010454212111282724,6.7000000000000455,474438.85,207827.5173726816,1.092802581407488,-4284523.0,0.27493093124321544,3.4200000000000728,9.492857142857149,62.949586155003786,-0.463035239817259,META
2025-12-16,657.3,444538.0,0.014994054880402619,0.014882755215909762,0.0005784570419533619,0.015566456796322736,10.074999999999932,480949.9,204561.20446995852,0.9242916985740094,-3839985.0,0.27135445496494287,9.709999999999923,8.539999999999996,58.81565741050515,0.3372974148146568,META
2025-12-17,649.435,369152.0,-0.0119656169176936,-0.012037781149205699,-0.0008846017753573188,0.015567335960467776,9.954999999999927,470359.2,204593.65797203765,0.784829976749684,-4209137.0,0.2745466550666791,7.865000000000009,8.921071428571427,56.30329476760475,0.3330874158532424,META
2025-12-18,664.19,307231.0,0.022719748704643328,0.022465499002870523,0.017479089432887118,0.003960276312408473,2.6200000000000045,457662.25,206531.84923469502,0.6713050945320485,-3901906.0,0.27469866781006036,14.75500000000011,8.957500000000014,56.481001554961956,1.5030301526685435,META
2025-12-19,658.72,511536.0,-0.008235595236302906,-0.008269695101600782,0.02258720524085267,-0.021683597695003942,-14.600000000000023,454513.05,205131.66352228168,1.1254594340030502,-4413442.0,0.27804056587308446,5.470000000000027,8.845000000000018,57.199386255350085,1.966170129915099,META
2025-12-22,661.3,407914.0,0.003916686907942557,0.0039090366590220135,0.021170802513936104,-0.008203728422094603,-5.470000000000027,449356.0,204931.76839672928,0.9077746819893359,-4005528.0,0.2778941128886977,2.5799999999999272,8.576785714285725,55.86092025817194,2.5124345550522094,META
2025-12-23,665.06,128404.0,0.0056857704521398045,0.005669667469065928,0.011805872508747983,0.012391158740790331,8.139999999999986,420888.75,208130.39709072982,0.3050782421720704,-3877124.0,0.2599144459343292,3.759999999999991,8.292142857142867,61.017314152812425,3.2117307906434007,META
2025-12-24,667.78,78018.0,0.004089856554295945,0.004081515824835995,0.028247630632780796,0.027338040953216014,17.769999999999982,370226.75,152156.36635931852,0.21073031594826683,-3799106.0,0.22807783855445685,2.7200000000000273,6.908571428571439,53.210297766749335,3.939991592993806,META
2025-12-26,663.26,125440.0,-0.00676869627721699,-0.00679170779931631,-0.0014002017494995078,0.016054413431784154,10.480000000000018,355100.1,160900.30411665377,0.3532525054203026,-3924546.0,0.22934463130887822,4.519999999999982,6.392142857142866,44.37926025254215,4.105096306026326,META
2025-12-29,658.46,222552.0,-0.007236980972770812,-0.007263294952278607,-0.00039470488219572886,0.02218358507847329,14.290000000000077,356508.7,159536.7660351619,0.6242540504621626,-4147098.0,0.2188216455890368,4.7999999999999545,6.267142857142858,45.26441759744704,3.8047641432339105,META
2025-12-30,666.19,201820.0,0.011739513410078173,0.011671139916642028,0.007394525933766882,0.028721876495931165,18.600000000000023,348444.55,163219.5991574012,0.5792026306624684,-3945278.0,0.21740870207979424,7.730000000000018,6.115714285714286,55.41345480028036,4.142740207789757,META
2025-12-31,660.11,143930.0,-0.009126525465708024,-0.009168427339773357,-0.007442937479325118,0.004275064658451289,2.810000000000059,342204.15,168720.62374147755,0.4205968863907699,-4089208.0,0.21876350374807557,6.080000000000041,6.056428571428577,55.95589102488501,3.875311310130769,META
2026-01-02,650.61,274209.0,-0.014391540803805447,-0.014496103451366892,-0.025712060858366415,0.0018092649764795965,1.1750000000000682,342651.35,168517.6917937779,0.8002565873445414,-4363417.0,0.22084053484343644,9.5,6.537142857142864,48.81446678321681,2.8637893953251705,META
2026-01-05,658.74,309658.0,0.01249596532484909,0.012418535126270983,-0.006814823749359156,-0.008205483370722355,-5.4500000000000455,322267.5,143629.04215428705,0.9608725670444584,-4053759.0,0.18775212943317407,8.129999999999995,6.502857142857148,58.00197715289985,2.687197702582125,META
2026-01-06,660.715,284519.0,0.0029981479794760624,0.002993662497013035,0.003424657534246478,0.003028600923002278,1.9950000000000045,314829.1,141412.00671754952,0.9037252274329153,-3769240.0,0.1760220955016552,1.9750000000000227,6.399642857142859,57.324627490373345,2.6757689096629065,META
2026-01-07,648.79,418250.0,-0.0180486291366172,-0.01821349235957205,-0.02611867485251973,-0.018917284137305312,-12.509999999999991,320290.95,143272.86749837865,1.305843952194091,-4187490.0,0.1838685878959567,11.925000000000068,6.557857142857155,45.365428602548754,1.6850395829065974,META
2026-01-08,645.99,239077.0,-0.004315726197999248,-0.004325065825510532,-0.021390374331550777,-0.028674104592066763,-19.069999999999936,317944.85,144244.83221584192,0.7519448734584001,-4426567.0,0.1773384733160343,2.7999999999999545,6.196071428571437,48.014294772033004,0.6662625937624398,META
2026-01-09,652.96,420204.0,0.010789640706512449,0.010731847870869178,0.0036119948970965154,-0.022192937793884093,-14.819999999999936,310437.45,133957.02454832123,1.3535866887194183,-4006363.0,0.17794635345331516,6.970000000000027,5.640000000000002,42.88880445795339,0.4164941539057736,META
2026-01-12,641.91,370656.0,-0.01692293555501112,-0.01706776471052645,-0.0255487749339649,-0.032189488285137124,-21.350000000000023,312440.8,134572.44667214152,1.1863239372066645,-4377019.0,0.18731138460625435,11.050000000000068,6.0385714285714345,40.057960728649135,-0.6654212238042874,META
2026-01-13,630.9,383564.0,-0.017151937187456223,-0.017300735570205446,-0.04512535662123618,-0.04185523797952806,-27.56000000000006,307957.0,130360.86801280777,1.2455115486902393,-4760583.0,0.1912808766110321,11.009999999999991,6.640714285714296,33.65063999139511,-2.3837831724511034,META
2026-01-14,615.35,571554.0,-0.024647329212236446,-0.02495615975841808,-0.051542101450392175,-0.07631456491391353,-50.84000000000003,310611.3,135318.87357960342,1.8400940339260035,-5332137.0,0.20713484266958768,15.549999999999955,7.48285714285715,26.274341351660993,-4.943368366719028,META
2026-01-15,620.765,257019.0,0.008799869992687004,0.008761376795335861,-0.03904859208346878,-0.059603702413234205,-39.34500000000003,301235.35,132006.84955684587,0.8532165962593701,-5075118.0,0.20129313456541595,5.414999999999964,7.675357142857146,28.123400493229738,-6.460440887963614,META
2026-01-16,620.26,210669.0,-0.0008135123597496907,-0.0008138434405004567,-0.0500796373437884,-0.046648529841225916,-30.350000000000023,293311.2,132471.269498671,0.7182439674993658,-5285787.0,0.1984144711135002,0.5049999999999955,7.388571428571432,29.215003866976033,-7.615692112437728,META
2026-01-20,604.32,437923.0,-0.025698900461096907,-0.026034886009034402,-0.05855961116044295,-0.08261225976864917,-54.41999999999996,299845.8,136360.37770192107,1.4604940272633467,-5723710.0,0.19202585641582068,15.93999999999994,8.184285714285718,26.37458544248561,-9.705581908108911,META
2026-01-21,613.09,346428.0,0.014512178978024926,0.014407885118549298,-0.02822951339356461,-0.07208100315567223,-47.625,291590.4,127585.47754571625,1.1880638045696976,-5377282.0,0.20304088081367558,8.769999999999982,8.258571428571429,27.03684483653346,-10.53275389151952,META
2026-01-22,647.66,901332.0,0.05638650116622346,0.054854123212875014,0.05250670350207187,-0.001741703787049742,-1.1299999999999955,316261.3,185722.43016311948,2.8499598275223685,-4475950.0,0.29367297416825644,34.569999999999936,10.293571428571422,45.68038304073275,-8.303070928191573,META
2026-01-23,658.48,629463.0,0.016706296513602892,0.016568281368817515,0.06075568049100721,0.019334664623291475,12.490000000000009,341314.25,192711.33770128444,1.8442329905651464,-3846487.0,0.2994893618818739,10.82000000000005,10.38785714285714,52.70576909853538,-5.598412527542109,META
2026-01-26,672.205,339329.0,0.020843457660065567,0.020629204861374872,0.08374713829684333,0.029473474638568975,19.245000000000005,354379.8,182508.88773040494,0.9575291819680467,-3507158.0,0.308536586517301,13.725000000000023,10.787499999999998,54.457871213375284,-2.320706800223661,META
2026-01-27,673.02,469418.0,0.0012124277564136143,0.0012116933594236137,0.11368149324860988,0.04846473804738993,31.110000000000014,371578.7,175886.4316783331,1.2633070733064085,-3037740.0,0.3073385661179376,0.8149999999999409,10.704642857142849,54.10536149200946,0.3387573086465636,META
2026-01-28,667.35,454419.0,-0.008424712489970565,-0.008460400965026543,0.08850250371071122,0.05777460770328102,36.450000000000045,383172.05,173167.1147261408,1.1859398408626098,-3492159.0,0.3077845654919264,5.669999999999959,10.257857142857128,56.461945546967506,1.9662148605119683,META
2026-01-29,738.14,1781246.0,0.10607627182138302,0.10081886258620132,0.13970293054997995,0.19954497440481012,122.78999999999996,462143.35,352938.26968708466,3.8543149003442334,-1710913.0,0.48386082433820005,70.78999999999996,15.1142857142857,71.77457466918716,8.86594696114139,META
2026-01-30,716.86,557685.0,-0.02882921938927574,-0.029252944991596207,0.08865872919450846,0.15480093110919602,96.09500000000003,482831.1,345348.93359354703,1.1550312314181916,-2268598.0,0.49667937079781643,21.279999999999973,16.136428571428553,64.14280023018017,12.473133684299569,META
2026-02-02,706.385,389059.0,-0.01461233713695842,-0.014720148878555139,0.050847583698425236,0.13885306161932087,86.125,488573.6,342641.6213353325,0.796316051460824,-2657657.0,0.49679182699781127,10.475000000000023,16.09535714285712,64.30647702309896,14.321520619146668,META
2026-02-03,691.74,317059.0,-0.020732320193662113,-0.020950252163293284,0.027814923776410927,0.14465845909451946,87.41999999999996,488943.65,342442.1626236245,0.6484571381589678,-2974716.0,0.503712141891125,14.644999999999982,16.35499999999998,63.2855832641831,14.438216700646194,META
2026-02-04,668.715,516987.0,-0.033285627547922636,-0.033852202080898806,0.0020454034614521,0.0907289304996004,55.625,500567.05,339066.9071922122,1.032802698459677,-3491703.0,0.5198323149649494,23.024999999999977,16.88892857142855,61.284865402101985,12.5283550357168,META
2026-02-05,670.37,508891.0,0.00247489588240124,0.0024718383712290333,-0.09181185141030157,0.03506469443844007,22.710000000000036,505099.1,338514.0427300813,1.0075072396684137,-2982812.0,0.5148907015545053,1.6549999999999727,16.620357142857124,60.65926037346629,11.021274186718415,META
2026-02-06,661.42,481641.0,-0.013350836105434416,-0.013440759785532254,-0.07733727645565391,0.004464828088931894,2.939999999999941,517227.3,332778.10256956535,0.931197947208123,-3464453.0,0.5173809584077826,8.950000000000045,17.22357142857141,58.534815244888655,9.000954157597334,META
2026-02-09,677.37,318301.0,0.024114783344924673,0.023828613445630795,-0.041075334272386854,0.007683667928682469,5.164999999999964,512132.15,335113.72668681276,0.6215212225985031,-3146152.0,0.5226327586732858,15.950000000000045,17.224285714285706,65.14680268723563,8.587872036119734,META
2026-02-10,670.5,260448.0,-0.010142167500775012,-0.010193949701612848,-0.030705178246161813,-0.0037443166622090907,-2.519999999999982,506621.75,338451.9795405758,0.5140876798124044,-3406600.0,0.5198661543460473,6.8700000000000045,17.08857142857142,61.99841163685002,7.618330521729945,META
2026-02-11,668.785,513097.0,-0.0025577926920209437,-0.0025610694324229868,0.00010467837569061444,0.0021502959466546123,1.4349999999999454,513098.4,337210.2956041092,0.9999972714785311,-3919697.0,0.5150437891106211,1.7150000000000318,14.741785714285713,55.11786224774087,6.635090525877672,META
2026-02-12,650.3,470399.0,-0.02763967493290076,-0.028028838414204206,-0.029938690573862226,-0.11900181537377741,-87.84000000000003,508040.65,337045.94803540024,0.925908192582621,-4390096.0,0.5173097096538485,18.485000000000014,15.289285714285711,48.08923148797009,4.314545337949312,META
2026-02-13,639.8,298247.0,-0.016146393972012896,-0.016278167359688487,-0.032687248646850686,-0.10749658231732839,-77.06000000000006,510102.05,335552.6447101034,0.5846810456848782,-4688343.0,0.5213245618786854,10.5,15.058928571428567,42.31471599667969,1.6096789332995058,META
2026-02-17,639.89,309402.0,0.00014066895904973897,0.00014065906609946204,-0.05533165035357346,-0.09413421859184434,-66.495,515038.7,331618.75053648447,0.6007354398805371,-4378941.0,0.5212671483685648,0.09000000000003183,15.007142857142858,42.11565920990005,-0.5206828245691213,META
2026-02-18,643.0,547943.0,0.004860210348653693,0.004848437656102349,-0.04101416853094708,-0.07045999942174808,-48.74000000000001,520539.7,331184.44218736794,1.0526440154324443,-3830998.0,0.5108721076320394,3.1100000000000136,14.82428571428572,44.1336609810157,-1.935744796408585,META
2026-02-19,644.78,258313.0,0.0027682737169516525,0.0027644491040234058,-0.0358934485671778,-0.03579252745938111,-23.93500000000006,516133.95,334194.9719019968,0.5004766688957392,-3572685.0,0.5092372496976588,1.7799999999999727,9.895000000000007,16.30332779903273,-2.8803575117083255,META
2026-02-20,655.615,420536.0,0.016804181271131258,0.01666455307105197,0.008173150853452382,-0.022010233154824976,-14.754999999999995,492094.15,322101.8551137408,0.8545844326741132,-3152149.0,0.47223103905727626,10.835000000000036,9.148928571428582,26.09204824920954,-2.7232836275504724,META
2026-02-23,637.35,243867.0,-0.027859338178656712,-0.028254771183764644,-0.003829321663019636,-0.03639140032052246,-24.069999999999936,472814.35,324974.0718056193,0.5157774927939476,-3396016.0,0.4790366852966528,18.264999999999986,9.705357142857151,24.596136154553847,-4.0262225088791865,META
2026-02-24,639.27,323071.0,0.003012473523181791,0.0030079451170075804,-0.0009689165325290627,-0.056246955135302756,-38.10000000000002,472001.45,325345.6716890313,0.684470354910986,-3072945.0,0.47228079802745915,1.919999999999959,8.796428571428578,28.69671132764921,-4.84799829899282,META
2026-02-25,653.79,209507.0,0.0227134074804074,0.02245929862989155,0.01678071539657844,-0.02492170022371365,-16.710000000000036,459005.9,330602.74231675395,0.45643639874781566,-2863438.0,0.4803816853184544,14.519999999999982,8.188928571428578,43.490775873348134,-4.278301287839781,META
2026-02-26,656.9,236756.0,0.004756879120206836,0.004745600922597828,0.01879710909147314,-0.01777103254409118,-11.884999999999991,448122.75,334323.38667191146,0.52832845464775,-2626682.0,0.47996927708259807,3.1100000000000136,8.292857142857153,44.19896640826873,-3.535110737359787,META
2026-02-27,648.2,281695.0,-0.013244024965748058,-0.013332509190980099,-0.011309991382137285,-0.0032292787944024903,-2.099999999999909,373145.2,117365.45417473656,0.7549206046332634,-2908377.0,0.2698879701725246,8.699999999999932,8.275000000000002,44.29434613724648,-3.606569870318708,META
2026-03-02,653.55,209683.0,0.008253625424251565,0.0082197505241136,0.025417745351847376,0.02149109096592694,13.75,355745.1,114323.64729454003,0.5894192217967303,-2698694.0,0.26084858514535175,5.349999999999909,7.517857142857134,38.6840855106888,-3.1946752323769942,META
2026-03-03,655.04,254633.0,0.0022798561701475872,0.0022772612413638287,0.02466876280757746,0.023675944302927077,15.149999999999977,349023.8,116198.18678791882,0.7295576977845064,-2444061.0,0.25903429216409046,1.490000000000009,7.133571428571421,42.25993791929506,-2.716698803990994,META
2026-03-04,667.53,281094.0,0.019067537860283368,0.018888030611761406,0.02101592254393614,0.03814930015552087,24.529999999999973,347225.55,116994.46430245532,0.8095429613402585,-2162967.0,0.26270002994885977,12.490000000000009,7.903214285714276,49.432870893397805,-1.3149030403951656,META
2026-03-05,660.64,369625.0,-0.010321633484637327,-0.010375270946905914,0.005693408433551594,0.024597537144452453,15.860000000000014,339857.45,110182.4793534395,1.087588340346813,-2532592.0,0.23745392775234145,6.889999999999986,7.074999999999989,55.21958606764263,-0.7512749858354937,META
2026-03-06,644.8,272924.0,-0.023976749818357956,-0.024268870945361568,-0.005245294662141409,-0.0164959618068532,-10.815000000000055,328059.1,103564.6558338777,0.8319354652865902,-2805516.0,0.25122210921213145,15.840000000000032,7.456428571428562,52.39486540856405,-1.5647142594900743,META
2026-03-09,647.37,343097.0,0.003985732009925691,0.003977810023065829,-0.009456047739270113,0.0157213461991057,10.019999999999982,321131.9,97188.40553920357,1.0683989974213088,-2462419.0,0.24819014639735743,2.57000000000005,7.633571428571421,53.499578927669134,-1.9791784851796592,META
2026-03-10,653.9,303852.0,0.010086967267559421,0.010036433351745939,-0.001740351734245249,0.02288547874919833,14.629999999999995,320409.45,97264.23032753592,0.9483240896921111,-2158567.0,0.23398416046768708,6.529999999999973,7.877857142857132,54.941517816665154,-1.760434747640943,META
2026-03-11,654.73,175961.0,0.0012693072335219213,0.00126850234412468,-0.0191751681572363,0.0014377705379404748,0.9400000000000546,316185.1,101737.36985772967,0.556512625041471,-1982606.0,0.2319938704947463,0.8300000000000409,7.809999999999994,54.5500274373514,-1.5027815658354484,META
2026-03-12,638.09,229229.0,-0.02541505658821186,-0.02574359768469268,-0.034133567449745605,-0.028634495356979706,-18.809999999999945,301991.7,92171.85635659679,0.7590572853492331,-2211835.0,0.24757959464309057,16.639999999999986,8.224642857142848,42.39002996222155,-2.6111982289128264,META
2026-03-13,613.69,559631.0,-0.03823911987337203,-0.038989424570854615,-0.04824751861042165,-0.05323974082073435,-34.50999999999999,306453.3,102350.33841514545,1.8261542623296927,-2771466.0,0.2643018770391832,24.399999999999977,8.662857142857133,40.24571240105541,-5.396297344099821,META
2026-03-16,627.51,437424.0,0.0225195131092244,0.022269692478130623,-0.03067797395616112,-0.03984392930915759,-26.039999999999964,313412.15,106413.7191225957,1.3956829688957495,-2334042.0,0.273794380493311,13.819999999999936,9.512857142857131,45.58492266106022,-6.414408646948914,META
2026-03-17,622.77,278533.0,-0.00755366448343453,-0.007582337891125445,-0.047606667686190596,-0.04926416707376646,-32.26999999999998,311868.7,106698.42937141286,0.8931098247435539,-2612575.0,0.27479418086826,4.740000000000009,8.814285714285704,37.43111831442462,-7.517095181694458,META
2026-03-18,615.49,313903.0,-0.011689708881288396,-0.011758570703983949,-0.05993310219479786,-0.07795904303926415,-52.039999999999964,300166.7,91145.01717252022,1.0457622381163534,-2926478.0,0.27621986221816786,7.279999999999973,9.112142857142844,33.76969506937367,-8.876099216817693,META
2026-03-19,606.8,376123.0,-0.014118832149994431,-0.014219451064451773,-0.04903696970646787,-0.0814967304432066,-53.84000000000003,306057.2,92099.64182260804,1.2289304090869289,-3302601.0,0.2788138146337864,8.690000000000055,9.111428571428567,33.77234242709309,-10.532913213374968,META
2026-03-20,593.94,327121.0,-0.02119314436387587,-0.021420943314605968,-0.03218237220746634,-0.07887717121588078,-50.8599999999999,301386.45,88277.82291777869,1.0853872163131422,-3629722.0,0.2758355749910837,12.8599999999999,9.647857142857138,27.933664026060583,-12.73682260425744,META
2026-03-23,604.31,354117.0,0.017459676061554852,0.0173090071429734,-0.03697152236617751,-0.06651528492206937,-43.06000000000006,306898.95,87938.60807492533,1.153855365096557,-3275605.0,0.2724381198667123,10.36999999999989,10.282142857142844,32.37929836748869,-13.49114679820525,META
2026-03-24,593.04,308990.0,-0.01864936870149425,-0.018825460954280258,-0.04773833036273423,-0.09307233521945257,-60.860000000000014,306194.9,87858.64860936126,1.0091284995275884,-3584595.0,0.27741198755752916,11.269999999999982,10.194999999999984,23.90527569536883,-14.827427613426948,META
2026-03-25,594.835,508437.0,0.0030267772831513717,0.003022205815011444,-0.03355862808494037,-0.09148045759320633,-59.89499999999998,321141.4,95627.85883853181,1.5832184825749653,-3076158.0,0.2609583420119817,1.7950000000000728,9.83107142857142,26.094380063210664,-15.56220685482947,META
2026-03-26,547.75,985239.0,-0.07915640471727459,-0.08246507768789976,-0.09731377719182588,-0.14157877415411624,-90.34000000000003,358565.55,174663.95507749508,2.7477235333957766,-4061397.0,0.3688193514811095,47.085000000000036,12.062857142857135,21.266579819990525,-19.71660988607266,META
2026-03-27,525.65,890443.0,-0.040346873573710695,-0.04118338645373606,-0.11497794390005733,-0.14346005312128285,-88.04000000000008,389002.95,210024.84575439003,2.2890391962323164,-4951840.0,0.38534695094211247,22.100000000000023,13.457857142857133,17.698105196114824,-24.509756307860584,META
2026-03-30,536.66,724146.0,0.020945496052506396,0.020729154851152454,-0.1119458556039119,-0.14477856926582844,-90.85000000000002,414726.1,218250.20545306554,1.7460825349549982,-4227694.0,0.39586991874592686,11.009999999999991,13.777857142857133,19.609622064389015,-27.107466395496544,META
2026-03-31,572.14,1004488.0,0.06611262251704986,0.06401896980388226,-0.03524214218265209,-0.08129807151918045,-50.629999999999995,452218.85,251218.61557307027,2.2212430994417858,-3223206.0,0.47749462521850367,35.48000000000002,16.25285714285713,31.851542585918935,-26.003478955376636,META
2026-04-01,578.97,865459.0,0.011937637641136867,0.011866946082253756,-0.02667126177847645,-0.05933483890883684,-36.51999999999998,481437.1,263929.2815989881,1.797657471765263,-2357747.0,0.47311955613589035,6.830000000000041,15.55214285714285,36.42355210581912,-24.297352283426562,META
2026-04-02,574.495,453785.0,-0.007729243311397904,-0.007759268728382787,0.04882701962574165,-0.05323829927488455,-32.30499999999995,485645.1,262720.90410986583,0.9343963318069101,-2811532.0,0.4729433330569662,4.475000000000023,14.128928571428569,40.09251535603244,-23.04073050587681,META
2026-04-06,573.07,240936.0,-0.0024804393423788484,-0.0024835207285601115,0.09021211832968712,-0.03513822945078626,-20.870000000000005,484045.7,264177.4036414686,0.49775465415765496,-3052468.0,0.4685646656512757,1.4249999999999545,13.243571428571427,35.31902270643441,-21.907300560436056,META
2026-04-07,575.145,295668.0,0.0036208491109286367,0.003614309617711428,0.07171207095740328,-0.048261653786963565,-29.164999999999964,481674.25,265717.64373244724,0.6138339344484369,-2756800.0,0.46846887261831555,2.074999999999932,13.053214285714278,36.969547730444056,-20.604102733547393,META
2026-04-08,612.55,1021926.0,0.06503577358752999,0.06300838882028238,0.07062956619009331,0.03289828679347084,19.50999999999999,517577.95,288004.1250557059,1.9744388260744106,-1734874.0,0.5293362825732904,37.40499999999997,15.204999999999993,49.30943768497204,-16.36439956167112,META
2026-04-09,628.32,746238.0,0.025744837156150613,0.02541901908952001,0.08523757707653257,0.05629292156648491,33.485000000000014,546091.8,280535.5432997471,1.3665065104438483,-988636.0,0.5388347775321133,15.770000000000095,15.71071428571428,54.89202091384408,-11.598200215481143,META
2026-04-10,629.84,390301.0,0.0024191494779730593,0.0024162280465123203,0.09633678273962354,0.14986764034687372,82.09000000000003,554145.4,273175.7829981892,0.7043295857007926,-598335.0,0.5314635349710222,1.5199999999999818,14.900714285714287,58.60457312688749,-7.61057166544083,META
2026-04-13,634.79,221947.0,0.007859138828908874,0.007828416658893812,0.10770062994049567,0.20762865024255683,109.13999999999999,537261.2,283075.15469247475,0.413108186483595,-376388.0,0.5124572166032674,4.949999999999932,14.513571428571433,57.50036911265318,-4.004759306686196,META
2026-04-14,662.38,496882.0,0.04346319255186759,0.04254517384340443,0.15167479505168258,0.2342637796742817,125.72000000000003,540234.1,282282.573196639,0.9197531218410686,120494.0,0.5286156228615669,27.590000000000032,15.679285714285722,65.79426905380166,1.066857319764722,META
2026-04-15,671.65,389066.0,0.013994987771369871,0.013897962130512172,0.09648191984327825,0.17392596217708944,99.50999999999999,545760.75,277937.80286733893,0.7128874694634966,509560.0,0.528316319696492,9.269999999999982,16.213214285714287,66.9207216335881,5.7676753909753415,META
2026-04-16,676.87,307486.0,0.007771905010049984,0.007741859330676433,0.07726954418130871,0.16909338998566414,97.89999999999998,545439.9,278223.10286131705,0.5637394697380957,817046.0,0.5250040211885162,5.220000000000027,13.222857142857142,84.87467588591184,9.801334274220494,META
2026-04-17,688.46,313450.0,0.017122933502740523,0.016977988328297423,0.09307125619204881,0.19837422431874963,113.96500000000003,542306.25,280573.5207316906,0.5779944450206871,1130496.0,0.521388697458119,11.590000000000032,12.472142857142858,96.62104117748126,13.77447061551834,META
2026-04-20,670.92,380555.0,-0.02547715190425015,-0.02580731434144184,0.056916460561760474,0.1707470291587414,97.84999999999991,544977.95,278664.5338056185,0.6982943071366466,749941.0,0.5246560598373426,17.540000000000077,12.938571428571436,87.0597328033565,15.331150420061931,META
2026-04-21,668.69,233934.0,-0.0033237941930481796,-0.0033293302675524114,0.009526253812011332,0.16264594145824107,93.54500000000007,538968.8,284236.99938266876,0.4340399666919495,516007.0,0.5241547182313155,2.2299999999999045,10.563571428571427,82.64250456420315,16.198165646755,META
2026-04-22,674.86,428552.0,0.009226996066936888,0.00918468739422993,0.00477927491997332,0.10172230838298923,62.31000000000006,544946.9,280376.59188123554,0.7864105658734823,944559.0,0.5163353026523323,6.169999999999959,10.516428571428564,82.5646946953746,17.185050332662627,META
2026-04-23,659.15,426167.0,-0.023278902290845616,-0.023554135749252726,-0.02617932542437995,0.049067354214412884,30.829999999999927,540833.4,281541.5185260194,0.7879820292163908,518392.0,0.5273382298101917,15.710000000000036,11.318928571428566,76.71094563468274,16.509190182502834,META
2026-04-24,674.93,420327.0,0.023939922627626453,0.023657855587246274,-0.01965255788281106,0.07158961005969755,45.08999999999992,512587.8,262289.12162838463,0.8200097622300023,938719.0,0.42428791265057697,15.779999999999973,12.344285714285709,79.46996875361646,17.050334621180923,META
2026-04-27,678.505,431045.0,0.005296845598802946,0.005282866653303844,0.011305371728373093,0.06886529403424757,43.71500000000003,489617.9,247134.99753350252,0.8803701825443881,1369764.0,0.37988157989863647,3.5750000000000455,12.451428571428576,79.6466268930702,17.565187561784228,META
2026-04-28,671.3,396888.0,-0.010618934274618574,-0.01067571749982326,0.0039031539278289173,0.0134665901748241,8.919999999999959,473255.0,241560.6002040636,0.8386345627621472,972876.0,0.3876894505396426,7.205000000000041,10.294285714285722,70.38232028864833,17.193631460413258,META
2026-04-29,669.47,548251.0,-0.002726053925219629,-0.002729776376829514,-0.007986841715318715,-0.0032457381076452796,-2.17999999999995,450443.15,207958.40140285032,1.217136946138486,424625.0,0.3321824325374714,1.8299999999999272,9.298571428571424,65.80503917652482,16.560604526741827,META
2026-04-30,612.16,1731495.0,-0.08560503084529558,-0.08949266831598823,-0.0712887810058409,-0.0956018142331615,-64.71000000000004,493744.95,344356.15028469026,3.5068611840991992,-1306870.0,0.4693326876447769,57.31000000000006,13.283571428571431,45.2465451416895,11.304180524272851,META
2026-05-01,608.61,591197.0,-0.005799137480397176,-0.0058160177705401965,-0.09826204198953958,-0.11598349940446795,-79.85000000000002,500615.55,344887.3201265162,1.1809401445879977,-1898067.0,0.46878554884290363,3.5499999999999545,13.183571428571431,42.90783984396165,6.773886157389597,META
2026-05-04,610.3,427229.0,0.0027768193095740745,0.0027729710691013166,-0.10052247219991017,-0.0903535443868122,-60.620000000000005,509930.2,339985.67083096167,0.837818587720437,-1470838.0,0.4682955472098087,1.6899999999999409,11.333571428571426,33.58858007184722,3.282129759889699,META
2026-05-05,604.92,651921.0,-0.008815336719646072,-0.00885442166790948,-0.098882764784746,-0.09536556550868125,-63.770000000000095,527742.85,337492.4683738611,1.2353004877280669,-2122759.0,0.47035452205265554,5.3799999999999955,11.055714285714284,28.443597364000496,0.07984620333127168,META
2026-05-06,612.615,519909.0,0.012720690339218521,0.012640462014599957,-0.08492538874034683,-0.09223394481818448,-62.245000000000005,502642.0,316840.11309209344,1.0343524814878184,-1602850.0,0.4117771367419513,7.69500000000005,11.2325,29.56980700136721,-1.816129189451999,META
2026-05-07,616.58,344707.0,0.00647225418900943,0.006451399089833492,0.00722033455305815,-0.06458317530152458,-42.569999999999936,482565.45,313293.92486852297,0.7143217567689523,-1258143.0,0.4015594544314748,3.965000000000032,10.687857142857142,25.9807525228898,-2.9645870705277275,META
2026-05-08,609.545,406002.0,-0.011409711635148811,-0.01147530178199799,0.0015362876061844055,-0.09687671314062196,-65.38499999999999,483350.5,313070.152799404,0.839974304360914,-1664145.0,0.4031642927028073,7.035000000000082,9.9375,27.942497753818515,-4.39178812184889,META
2026-05-11,598.71,412804.0,-0.01777555389675889,-0.01793543655697141,-0.01899066033098462,-0.11760414440571543,-79.79499999999996,492893.35,307542.8245772877,0.8375118065601819,-2076949.0,0.40568378775230585,10.834999999999923,10.552142857142858,26.314898801868267,-6.324247200555192,META
2026-05-12,603.07,447027.0,0.0072823236625412235,0.0072559355771855145,-0.003058255637108931,-0.10163861164903909,-68.2299999999999,490400.6,307710.79439123394,0.9115547574778661,-1629922.0,0.36994923967487536,4.360000000000014,10.422857142857149,25.40090460526318,-7.418404630304622,META
2026-05-13,616.61,583605.0,0.022451788349611146,0.022203457064861303,0.00652122458640414,-0.07895798168700618,-52.860000000000014,500127.55,307413.5577780106,1.1669123206669978,-1046317.0,0.3766863128137328,13.539999999999964,10.267857142857142,35.20347826086957,-7.110996296002213,META
2026-05-14,618.51,294465.0,0.003081364233470163,0.003076626560536155,0.003130169645463532,0.010373105070569766,6.350000000000023,499476.5,307856.48185417766,0.589547255977008,-751852.0,0.3751087159519429,1.8999999999999773,9.276428571428571,28.278278278278293,-6.637545364044399,META
2026-05-15,614.38,331969.0,-0.006677337472312472,-0.006699730630287915,0.007932146108982963,0.009480619772925136,5.769999999999982,500402.45,307294.85336253623,0.6634040260993925,-1083821.0,0.3665617627189741,4.1299999999999955,9.316071428571425,25.41690626797009,-6.520425171040074,META
2026-05-18,611.245,443496.0,-0.00510270516618383,-0.005115768423773021,0.020936680529805685,0.001548418810421115,0.94500000000005,503549.5,306323.6390920214,0.8807396293710946,-1527317.0,0.3588232244367495,3.134999999999991,9.025357142857136,26.23560603062799,-6.604442966594547,META
2026-05-19,602.7,282469.0,-0.01397966445533294,-0.01407830030752708,-0.000613527451208018,-0.003669906764530717,-2.2199999999999136,505976.25,304260.58367560274,0.5582653336001443,-1809786.0,0.3603918020633815,8.544999999999959,9.504999999999995,24.91170060870219,-7.27665698913313,META
2026-05-20,604.98,381993.0,0.003782976605276156,0.0037758391441804645,-0.018861192650135417,-0.012462966136970177,-7.634999999999991,503648.3,305061.21021355357,0.7584518800123022,-1427793.0,0.3580666288864262,2.2799999999999727,5.574285714285703,45.39979497693493,-7.538515189251825,META
2026-05-21,607.335,340908.0,0.003892690667460119,0.003885133751951664,-0.018067614104864793,-0.014993999156638238,-9.245000000000005,499385.35,306791.7256914955,0.6826551880226363,-1086885.0,0.35282154744562405,2.355000000000018,5.488928571428565,49.17040796408356,-7.46990249488033,META
2026-05-22,610.42,319647.0,0.005079568936418921,0.005066711448080505,-0.006445522315179586,0.0014354969690506536,0.875,494351.35,308975.4652786111,0.6465988208588892,-767238.0,0.3392146174511252,3.0849999999999227,5.588571428571421,50.07668711656442,-7.084922150345619,META
2026-05-26,612.36,223183.0,0.0031781396415584418,0.003173100030669424,0.0018241458007837164,0.02279901788846006,13.649999999999977,483958.25,314660.65048236784,0.461161680785481,-544055.0,0.33846208180953224,1.9400000000000546,5.34285714285714,54.9732620320856,-6.5478016849655205,META
2026-05-27,635.31,569080.0,0.03747795414462063,0.036792723879719616,0.054106520657043244,0.05345979737012274,32.239999999999895,492567.85,314508.5685321375,1.1553332195757398,25025.0,0.36931632349408217,22.949999999999932,6.432499999999989,62.60063294653266,-4.221592754140943,META
2026-05-28,635.27,479471.0,-6.296138892813996e-05,-6.296337107958762e-05,0.05006777083539937,0.03026224031397473,18.659999999999968,489128.85,314243.58083202626,0.9802549982484166,-454446.0,0.36941420778113615,0.03999999999996362,6.152142857142841,60.849878091257395,-2.3541459535903186,META
2026-05-29,632.52,490449.0,-0.0043288680403608115,-0.004338264717404697,0.04146805305144596,0.02265121016636762,14.009999999999991,427076.55,116019.47822239746,1.1483866299847183,-944895.0,0.20052224083981154,2.75,5.846071428571406,64.03567719469737,-1.083591953687801,META
2026-06-01,600.505,1141819.0,-0.05061500031619548,-0.05194087277507066,-0.016242914714458823,-0.02258374296038279,-13.875,454607.65,195274.6898726792,2.511658129818097,-2086714.0,0.2728467291763873,32.014999999999986,7.358928571428554,50.871147779665115,-2.629698170816141,META
2026-06-02,597.73,550111.0,-0.004621110565274145,-0.004631820905216938,-0.023891175125743014,-0.022110610311740775,-13.514999999999986,460751.75,196298.40143083854,1.1939422910493558,-2636825.0,0.2729217594411148,2.7749999999999773,7.245714285714265,47.36790220820187,-4.032434401662385,META
2026-06-03,623.05,661915.0,0.04236026299499773,0.04148762541404848,-0.019297665706505485,0.033764725402355866,20.34999999999991,461251.45,196822.6777002656,1.4350415592189465,-1974910.0,0.3110269238810293,25.319999999999936,8.087142857142835,52.8440204910793,-3.065661540910355,META
2026-06-04,627.54,730945.0,0.00720648423080017,0.007180641605355319,-0.012168054527995964,0.037290488941783106,22.559999999999945,471803.25,205594.29335718314,1.5492580858652414,-1243965.0,0.30903568766619155,4.490000000000009,8.272142857142837,53.89862706156636,-1.9151054643564294,META
2026-06-05,592.85,929321.0,-0.055279344742964476,-0.056865998090152164,-0.06271738443053176,-0.023850099203899022,-14.485000000000014,501033.95,227016.30061006983,1.8548064457508318,-2173286.0,0.36771784266304536,34.68999999999994,10.454999999999975,42.64535082325612,-3.759141524442498,META
2026-06-08,585.25,501000.0,-0.01281943155941645,-0.01290230953305946,-0.02540361862099394,-0.041233904524753395,-25.16999999999996,505783.85,225914.43568220228,0.9905417106536716,-2674286.0,0.36824507285283886,7.600000000000023,10.77392857142855,41.38296814399838,-5.767327707992081,META
2026-06-09,584.85,517087.0,-0.0006834686031610415,-0.0006837022743041212,-0.021548190654643418,-0.04492455418381347,-27.50999999999999,510998.0,224856.45412035423,1.0119158979095808,-3191373.0,0.36335957685471765,0.39999999999997726,10.192142857142837,43.74518186277943,-7.306877251137848,META
2026-06-10,571.04,447492.0,-0.02361289219457996,-0.023896144354865964,-0.08347644651312092,-0.10116321166044917,-64.26999999999998,511021.25,224849.515362439,0.8756817842702236,-3638865.0,0.3705886277653711,13.81000000000006,11.015714285714271,38.99623913889246,-9.531460200882975,META
2026-06-11,568.39,554937.0,-0.0046406556458391535,-0.004651456917861793,-0.09425693979666627,-0.10527807074157447,-66.88,509587.85,224453.47498670613,1.0889918195655568,-4193802.0,0.35871798493901397,2.6499999999999773,11.036785714285697,37.397663657250064,-11.3771424526675,META
2026-06-12,566.925,486432.0,-0.0025774556202607934,-0.0025807829776383715,-0.04372944252340405,-0.10370423069626267,-65.59500000000003,519186.2,218803.40521996605,0.9369124217862493,-4680234.0,0.3578357104293804,1.4650000000000318,10.92107142857142,35.77618627162431,-12.810401852753103,META
2026-06-15,593.48,599231.0,0.04684041098910807,0.04577649523624295,0.01406236651003856,-0.011698487106685196,-7.024999999999977,532549.3,214893.99023952067,1.1252122573440617,-4081003.0,0.40059634991052495,26.555000000000064,12.679285714285706,44.681989747056505,-11.668990820310114,META
2026-06-16,600.18,447823.0,0.011289344207049856,0.011226095142551377,0.0262118491921004,0.004098840613654842,2.449999999999932,532765.65,214801.7731604446,0.8405628253247933,-3633180.0,0.40282007707882556,6.699999999999932,11.51857142857142,39.10765223862085,-10.10727003055797,META
2026-06-17,567.22,746244.0,-0.054916858275850466,-0.05648237469798992,-0.0066895488932472436,-0.0896075756359842,-55.82999999999993,555954.4,211364.79611410684,1.3422755535346065,-4379424.0,0.4448626607893385,32.95999999999992,13.869999999999989,32.47759810485117,-11.397804796073501,META
2026-06-18,577.29,526562.0,0.017753252706181,0.017597504373423008,0.015658262812505486,-0.08007457691939956,-50.25,563182.85,207539.82476300924,0.9349752038791664,-3852862.0,0.4502741099757471,10.069999999999936,14.392857142857126,36.29528535980147,-11.47571317593804,META
2026-06-22,563.69,608442.0,-0.023558350222591562,-0.023840284902990533,-0.005706222163425312,-0.04918613477270806,-29.159999999999968,576559.55,200977.3956979335,1.0552977571874405,-4461304.0,0.4560528632062003,13.599999999999909,13.077499999999977,39.94592675533222,-12.49087543166172,META
2026-06-23,562.42,409747.0,-0.0022530114069791995,-0.0022555532557730794,-0.05233537777178687,-0.03900897052541652,-22.83000000000004,581064.55,195860.15769030494,0.7051660611544792,-4871051.0,0.455001793020304,1.2700000000000955,12.969999999999986,40.27701288688179,-13.24519485786493,META
2026-06-24,557.77,514294.0,-0.008267842537605263,-0.008302210712587278,-0.07066213469292537,-0.046302470718987854,-27.08000000000004,595620.1,177853.37660701264,0.863459779144458,-5385345.0,0.4545229327519135,4.649999999999977,11.493571428571418,29.715368839724064,-14.056183640698123,META
2026-06-25,542.81,779677.0,-0.026821091130752928,-0.027187340246319726,-0.04303444871478457,-0.04943611655926028,-28.230000000000018,606149.95,182376.08028596058,1.286277430196934,-6165022.0,0.4329963355980941,14.960000000000036,12.241428571428562,25.28007935581745,-15.724779597154793,META
2026-06-26,549.92,569746.0,0.013098505922882753,0.013013462318617,-0.04741117982296594,-0.032495293724379426,-18.470000000000027,610663.7,180179.71598119265,0.9329947072341127,-5595276.0,0.43847243597140007,7.110000000000014,10.271428571428569,35.073018080667566,-16.285704866775973,META
2026-06-29,562.37,504002.0,0.02263965667733503,0.02238718315565219,-0.0023417126434743807,-0.008034572474313051,-4.55499999999995,611341.35,179728.71822343685,0.8244199414942242,-5091274.0,0.4507836002489199,12.450000000000045,10.617857142857142,42.30406996300034,-15.546421760447402,META
2026-06-30,563.1,481010.0,0.001298077777975415,0.0012972360033970823,0.00120906084420902,-0.05118959358360853,-30.379999999999995,578300.9,131287.5766459587,0.8317642251637513,-4610264.0,0.4183304463418908,0.7300000000000182,10.641428571428573,42.700362464760374,-14.73181053172334,META
2026-07-01,612.965,1516443.0,0.08855443082933756,0.08485060579762488,0.09895655915520751,0.02130194275050834,12.785000000000082,626617.5,247100.8935710911,2.420045721672312,-3093821.0,0.5292276943332445,49.86500000000001,13.216785714285711,61.328937768530295,-9.947863722532361,META
2026-07-02,582.76,674777.0,-0.04927687551491522,-0.05053240027240263,0.0735984967115566,0.027396777264553362,15.539999999999964,627260.6,247214.3043096523,1.0757522471521406,-3768598.0,0.5359548899037416,30.20500000000004,15.185000000000002,53.379745049155645,-8.495906949262803,META
2026-07-06,600.42,661879.0,0.03030407028622406,0.02985397254462448,0.09183153913296471,0.04006651769474612,23.129999999999995,623807.3,246169.90346294973,1.0610311870348423,-3106719.0,0.5478151759284525,17.659999999999968,16.341785714285713,57.32019144611753,-5.852739597564209,META
2026-07-07,615.41,690570.0,0.02496585723327005,0.024659302019258686,0.0943151306079626,0.0917525590306727,51.719999999999914,611869.75,236160.22006387636,1.1286225540648154,-2416149.0,0.5167911715624732,14.990000000000009,15.51571428571428,55.047877727649386,-2.5194006228994112,META
2026-07-08,603.115,408514.0,-0.01997855088477596,-0.020180820704763673,0.07106197833422123,0.07235695743394621,40.69500000000005,607245.45,239329.6688950589,0.6727329122021417,-2824663.0,0.5201948210881693,12.294999999999959,15.915357142857138,50.65861813612191,-0.8598968607216193,META
2026-07-09,631.48,1030716.0,0.047030831599280454,0.045958379018611474,0.03020563979998858,0.13215124513688448,73.71000000000004,632926.9,256115.01743756107,1.628491378704239,-1793947.0,0.5439505175752698,28.36500000000001,15.58714285714286,64.7236733571625,2.7128185866909007,META
2026-07-10,669.25,1768166.0,0.05981187052638237,0.0580914117369357,0.1484144416226234,0.2329360181278901,126.44000000000005,698960.6,356405.7314133048,2.5297076830940113,-25781.0,0.5670955718369716,37.76999999999998,17.56571428571429,68.6971372804164,8.494030762450734,META
2026-07-13,656.865,1011060.0,-0.018505790063503946,-0.018679164481701156,0.09400919356450488,0.19447374163514697,106.94500000000005,721766.75,361265.0791511577,1.4008126586601557,-1036841.0,0.5734775287926318,12.384999999999991,17.478928571428582,69.03822970515516,11.938695221949729,META
2026-07-14,661.04,787616.0,0.0063559483303265996,0.006335834474168134,0.0741456914902261,0.1754538826751071,98.66999999999996,736825.95,357193.35615490953,1.068930864880641,-249225.0,0.5721939619704169,4.1749999999999545,17.68642857142857,69.91438148701587,14.83450133441238,META
2026-07-15,681.24,1005761.0,0.030557908749848872,0.030100314577706393,0.12953582650075024,0.2098028769312732,118.13999999999999,757152.45,360502.9482871595,1.328346755002906,756536.0,0.5604534996264728,20.200000000000045,18.797142857142862,73.45911232710138,18.545637162303024,META
2026-07-16,664.16,879936.0,-0.02507192766132349,-0.025391582665906562,0.051751441059099124,0.08352026624684927,51.194999999999936,778758.1,353876.290309853,1.1299221157378652,-123400.0,0.5719406456460341,17.08000000000004,18.948571428571434,72.87205971049457,19.879368797689608,META
2026-07-17,646.03,1037110.0,-0.0272976391231029,-0.027677141971930004,-0.03469555472543895,0.1085695655158212,63.26999999999998,793301.4,358417.4671247867,1.3073341355504982,-1160510.0,0.5406734712043378,18.129999999999995,19.73571428571429,67.3923271806008,19.251501916038706,META
2025-08-20,505.5,738356.0,-0.008940124691212747,-0.008980327396796332,-0.029135536904373094,-0.036812621470218465,-19.32000000000005,555550.2,287820.92977873364,1.3290536120768206,-365398.0,0.21982789674557107,4.560000000000002,5.115714285714286,30.15219212510476,0.6835345683903142,MSFT
2025-08-21,504.23,475721.0,-0.0025123639960434874,-0.002515525278439216,-0.034827965736708544,-0.03181643625191999,-16.569999999999936,559342.85,286156.46572521253,0.8504998320797343,-841119.0,0.21656709913848918,1.2699999999999818,4.514285714285718,34.16930379746837,-0.4069547502684827,MSFT
2025-08-22,507.29,702460.0,0.006068659143644739,0.006050318994416472,-0.02447982769893453,-0.028347602903713964,-14.800000000000011,577764.35,282726.81064147886,1.2158244100730689,-138659.0,0.21679585309485017,3.0600000000000023,3.9271428571428624,24.3270280101856,-1.012586498502401,MSFT
2025-08-25,504.32,462273.0,-0.005854639358158109,-0.005871844947043794,-0.02477133409394161,-0.0338327138970842,-17.660000000000025,584751.7,277770.2302138643,0.7905457991827985,-600932.0,0.2174781500250658,2.9700000000000273,3.583571428571438,26.659358182180625,-1.7124679365945212,MSFT
2025-08-26,502.05,683773.0,-0.004501110406091358,-0.0045112709040142935,-0.015704034819432944,-0.051393481341521,-27.19999999999999,599702.4,274466.6966911804,1.1401871995176274,-1284705.0,0.21782632154964254,2.269999999999982,3.537142857142868,27.009289176090505,-2.422375411605799,MSFT
2025-08-27,506.69,568674.0,0.00924210735982478,0.0091996604179562,0.002354104846686411,-0.026850020166324096,-13.979999999999961,598922.0,274535.03051772545,0.9494959276834045,-716031.0,0.2207219302078535,4.639999999999986,3.5814285714285745,35.92939768647791,-2.580822858847,MSFT
2025-08-28,509.6,359230.0,0.005743156565158225,0.005726727514552186,0.010649901830513953,-0.024548978322247117,-12.824999999999932,536436.45,143498.61029456364,0.669659938283463,-356801.0,0.16279236059002866,2.910000000000025,3.6971428571428566,37.934698608964446,-2.443414757866776,MSFT
2025-08-29,506.74,307667.0,-0.0056122448979591955,-0.005628052717002114,-0.0010841924737330366,-0.025537479327718104,-13.279999999999973,507488.5,126530.26185004949,0.6062541318670275,-664468.0,0.15232994545685036,2.8600000000000136,3.893571428571428,36.020913593835985,-2.536061804017777,MSFT
2025-09-02,505.18,548005.0,-0.0030785017957927208,-0.0030832501301207306,0.0017052664974619436,-0.023108309322607434,-11.949999999999989,506099.0,125891.64738356294,1.0828019814305105,-1212473.0,0.12534072368527022,1.5600000000000023,3.4857142857142867,25.33811475409837,-2.7041919763124724,MSFT
2025-09-03,505.31,543303.0,0.0002573340195572982,0.00025730091483767937,0.0064933771536699325,-0.009312629886680024,-4.75,502258.75,123377.16368747408,1.081719332913563,-669170.0,0.11788678544491143,0.12999999999999545,2.882142857142855,30.966542750929406,-2.794730521827489,MSFT
2025-09-04,507.93,329242.0,0.005184935979893446,0.005171540482581517,0.002447255718486696,0.004807121661721148,2.430000000000007,489982.35,127914.29703568788,0.6719466527722887,-339928.0,0.11992041185534905,2.6200000000000045,2.9439285714285695,32.41538274899921,-2.62481364983131,MSFT
2025-09-05,494.96,691514.0,-0.02553501466737551,-0.02586669158551686,-0.028728414442700245,-0.018384467405747507,-9.270000000000039,506757.15,131373.30517040877,1.36458656774749,-1031442.0,0.14586593017485117,12.970000000000027,3.6985714285714306,25.801467748165322,-3.496419363796292,MSFT
2025-09-08,498.33,399228.0,0.006808631000484899,0.006785556948361848,-0.0165962821170621,-0.017662481026631816,-8.960000000000036,509874.5,127821.87755602461,0.7829926776098824,-632214.0,0.14861109368039704,3.3700000000000045,3.732857142857146,32.01301186375815,-3.8706241896800293,MSFT
2025-09-09,498.43,414245.0,0.00020067023859704491,0.00020065010701787644,-0.013361574092402684,-0.01167909263959388,-5.889999999999986,512725.65,124838.81178808339,0.8079272023937167,-217969.0,0.14869437179006192,0.10000000000002274,3.2350000000000056,37.16052108633255,-4.111717723467223,MSFT
2025-09-10,500.34,532856.0,0.0038320325823084644,0.003824709048836062,-0.009835546496210323,-0.0034060352554526885,-1.7100000000000364,516841.4,124035.08883393477,1.0309855208967393,314887.0,0.13805125083398032,1.9099999999999682,3.045714285714289,43.949343339587216,-4.101386814343584,MSFT
2025-09-11,500.875,387408.0,0.0010692728944319274,0.0010687016293597833,-0.013889709211899248,-0.011476445163709603,-5.814999999999998,510513.65,127372.90330417296,0.7588592391212262,702295.0,0.1290680934592532,0.535000000000025,2.993214285714292,45.996897744899165,-4.003875283670141,MSFT
2025-09-12,509.95,518394.0,0.0181182929872723,0.017956112740218542,0.030285275577824455,0.0006868131868131844,0.3499999999999659,514847.45,126018.16544804994,1.006888545335128,1220689.0,0.1465012254001319,9.074999999999989,3.422857142857148,52.775459098497464,-3.1579175284853136,MSFT
2025-09-15,515.42,414129.0,0.010726541817825286,0.010669420580646983,0.03429454377621255,0.017129099735564424,8.67999999999995,509518.75,127995.27134887068,0.81278461293132,1634818.0,0.1517442380070707,5.46999999999997,3.6014285714285728,61.007536691788935,-2.0227891729589373,MSFT
2025-09-16,509.015,456888.0,-0.012426758759846335,-0.012504616612736379,0.021236683185201555,0.007591353576942739,3.8349999999999795,502750.6,126965.02084241851,0.9087766379592586,1177930.0,0.15671804121804114,6.404999999999973,3.896785714285715,56.38346622674363,-1.6213320377407285,MSFT
2025-09-17,509.66,308401.0,0.0012671532273116348,0.0012663510662300527,0.018627333413279157,0.008608576913182064,4.350000000000023,492088.35,134050.90808513746,0.6267187589383085,1486331.0,0.14916309855964166,0.6450000000000387,3.6114285714285757,52.93710443037977,-1.2368703843618505,MSFT
2025-09-18,508.47,376525.0,-0.002334889926617789,-0.002337620032595036,0.015163463938108412,0.0010631386214636773,0.5400000000000205,473996.8,123028.52087159544,0.7943619028651671,1109806.0,0.14571350866248428,1.1899999999999977,3.4885714285714307,48.843161343161356,-1.0164873751976415,MSFT
2025-09-19,518.01,565056.0,0.018762168859519646,0.01858833039437577,0.015805471124620052,0.04656941975109108,23.05000000000001,478463.55,124704.72281120064,1.1809802439496175,1674862.0,0.1591522180490529,9.539999999999964,3.9657142857142844,60.14949567723342,-0.07121308169070062,MSFT
2025-09-22,514.48,360388.0,-0.006814540259840518,-0.006837865265840854,-0.0018237553839586251,0.03240824353340166,16.150000000000034,461359.95,115483.16194715624,0.7811427931704952,1314474.0,0.1606990611715909,3.5299999999999727,4.106428571428568,58.0883631935989,0.38860253950923607,MSFT
2025-09-23,509.315,403495.0,-0.010039262945109706,-0.010089996180476667,0.0005893735940984968,0.021838573119595583,10.884999999999991,458421.05,116204.36382940758,0.8801842760056503,910979.0,0.16364065287547175,5.1650000000000205,4.466071428571427,53.20271891243503,0.3324056325917013,MSFT
2025-09-24,510.09,302015.0,0.001521651630130627,0.001520495091372961,0.0008436997213827624,0.01948674901067271,9.75,439333.15,108326.50982016533,0.687439588840496,1212994.0,0.1625711418364986,0.7749999999999773,4.334285714285711,51.779828609096874,0.3464119803617791,MSFT
2025-09-25,506.98,419151.0,-0.00609696328098952,-0.00611562565615851,-0.00293035970657074,0.012188669827801313,6.105000000000018,431857.0,104003.65104674251,0.9705782238101964,793843.0,0.16117429944453213,3.109999999999957,3.6299999999999915,61.82605273514371,0.10534673168746167,MSFT
2025-09-26,511.43,304937.0,0.008777466566728398,0.008739168550275248,-0.012702457481515772,0.002902245318168406,1.4800000000000182,429142.35,106673.39429762356,0.7105730767424842,1098780.0,0.16293916693213645,4.449999999999989,3.7071428571428475,62.62042389210025,0.2702631695445348,MSFT
2025-09-29,514.64,356254.0,0.006276518780673701,0.006256903471123993,0.00031099362463060665,-0.00151332893562528,-0.7799999999999727,431571.7,104287.92735504181,0.8254804473972691,1455034.0,0.16275085138845033,3.2099999999999795,3.9292857142857014,64.73368478458465,0.6524596588109262,MSFT
2025-09-30,518.12,444648.0,0.006762008394217256,0.006739248559310257,0.01728792593974271,0.017887488580886624,9.105000000000018,426403.85,100714.18831957593,1.0427860817860815,1899682.0,0.16336869816018235,3.480000000000018,4.041428571428562,65.71226581831041,1.2220727525802317,MSFT
2025-10-01,519.68,493833.0,0.003010885509148409,0.003006361871203156,0.01880060381501303,0.019660165600596358,10.019999999999925,423930.35,98269.90806810143,1.1648918271598154,2393515.0,0.16342444349001567,1.5599999999999454,4.114642857142842,66.32236785001304,1.778868506928461,MSFT
2025-10-02,515.91,510711.0,-0.007254464285714302,-0.007280905869040653,0.01761410706536748,0.01463213168918509,7.439999999999941,433003.8,97441.20210703021,1.1794607807137027,1882804.0,0.16560797661125168,3.769999999999982,3.73571428571427,55.697896749521995,1.8940917502847014,MSFT
2025-10-03,517.39,351004.0,0.0028687174119517156,0.0028646104946721696,0.011653598732964454,-0.0011968880909635216,-0.6200000000000045,415978.3,77629.36916569079,0.8438036311028725,2233808.0,0.13313722857546634,1.4800000000000182,3.4507142857142736,52.03891533843929,2.0808439580392246,MSFT
2025-10-06,528.42,502257.0,0.021318541139179192,0.02109447988653302,0.026775998756412234,0.027095319545949126,13.93999999999994,421129.75,79846.15238587827,1.1926419351755606,2736065.0,0.14876898107744094,11.029999999999973,3.7810714285714164,68.32908283744217,3.0833325087525054,MSFT
2025-10-07,523.83,333123.0,-0.00868627228341079,-0.008724217843277154,0.011020612985408906,0.028499062466253777,14.515000000000043,417073.65,82238.90175789487,0.7987150470906037,2402942.0,0.154213730827566,4.589999999999918,4.062857142857122,62.45604781997195,3.4674664728868265,MSFT
2025-10-08,524.7,303807.0,0.0016608441670007412,0.0016594664905202408,0.00965979064039435,0.028642004352173345,14.61000000000007,405621.2,81208.66932434935,0.7489919165960753,2706749.0,0.15416371313743385,0.8700000000000045,4.03999999999998,64.34759547383318,3.7983125533579596,MSFT
2025-10-09,522.39,500572.0,-0.00440251572327055,-0.004412235333265172,0.012560330290166899,0.030395676358041746,15.409999999999968,411279.4,83774.67922846093,1.21710934221359,2206177.0,0.15601405158340048,2.310000000000059,3.5235714285714153,54.43948915467263,3.829963328047711,MSFT
2025-10-10,511.24,442964.0,-0.02134420643580459,-0.021575288095887307,-0.011886584588028382,-0.00037150734215829484,-0.18999999999999773,407507.9,80325.53268314827,1.0870071475914944,1763213.0,0.16506813944742785,11.149999999999977,4.06785714285713,47.15539947322211,2.921655948353987,MSFT
2025-10-13,514.06,333186.0,0.0055160003129643975,0.005500842896567614,-0.027175352938950126,-0.0011270013990363204,-0.5800000000000409,403460.75,81996.13283812739,0.8258201076560732,2096399.0,0.1616525416914769,2.8199999999999363,3.900357142857124,54.344840216097396,2.4016811528862263,MSFT
2025-10-14,513.9,383784.0,-0.0003112477142744874,-0.00031129616189737666,-0.018956531699215518,-0.00814483131320931,-4.220000000000027,399805.55,81113.77451811901,0.9599266443399798,1712615.0,0.15496442762132676,0.15999999999996817,3.8564285714285518,53.52843119096131,1.9541603740680102,MSFT
2025-10-15,513.51,327744.0,-0.0007589025102159308,-0.0007591906225012501,-0.021326472269868613,-0.0118726908866994,-6.169999999999959,400772.7,80075.2315868938,0.8177802529962744,1384871.0,0.15500224355046952,0.38999999999998636,3.6621428571428396,56.36824653793642,1.5501579362580742,MSFT
2025-10-16,511.525,276141.0,-0.003865552764308444,-0.003873043323059717,-0.020798637033633938,-0.008499544494194655,-4.384999999999991,395753.5,84688.305871714,0.6977600956150736,1108730.0,0.1554578296641664,1.9850000000000136,3.486071428571413,50.09732609363792,1.0576186139140873,MSFT
2025-10-17,513.655,297455.0,0.004164019353892767,0.00415537381711498,0.004723808778655636,-0.007218925761997785,-3.7350000000000136,382373.45,77353.87504767963,0.7779175044710871,1406185.0,0.14042974857306378,2.1299999999999955,3.408928571428557,48.968046097433195,0.8295878785858122,MSFT
2025-10-20,516.8,333718.0,0.0061227866953499355,0.006104118598654113,0.0053301171069524145,-0.021990083645584968,-11.620000000000005,381039.95,77980.1749673894,0.8758084290111837,1739903.0,0.14008175520817925,3.144999999999982,3.384999999999983,48.60730111837935,0.8923605175326657,MSFT
2025-10-21,517.62,564876.0,0.0015866873065015774,0.0015854298481503474,0.007238762405137322,-0.01185499112307431,-6.210000000000036,389109.0,88116.70452841106,1.451716614110699,2304779.0,0.1347186095269565,0.82000000000005,3.3321428571428475,47.79206859592717,0.9967851147983993,MSFT
2025-10-22,520.51,545619.0,0.00558324639697072,0.0055677178497966955,0.013631672216704693,-0.00798551553268545,-4.190000000000055,401289.2,92186.7065839752,1.359665298742154,2850398.0,0.13575730301308572,2.8899999999999864,3.269285714285705,55.02512562814074,1.2977811939689445,MSFT
2025-10-23,520.66,378226.0,0.0002881789014619329,0.0002881373858980572,0.01785836469380775,-0.003311701985106996,-1.7300000000000182,399242.95,92223.55934271574,0.9473579934223009,3228624.0,0.13316849892657273,0.14999999999997726,3.174285714285702,53.67911791179117,1.5307806156100696,MSFT
2025-10-24,523.66,398952.0,0.005761917566166064,0.005745381209489033,0.01947805433608152,0.024293873718801207,12.419999999999959,403943.7,89520.07845764601,0.9876425848453633,3627576.0,0.13136036309645188,3.0,2.6007142857142753,43.463334248832716,1.9352014660057648,MSFT
2025-10-27,531.48,427998.0,0.014933353702784258,0.014822948961380866,0.028405572755417996,0.033887094891646985,17.420000000000073,407530.9,88944.09429221877,1.050222204009561,4055574.0,0.1391478627325661,7.82000000000005,2.8314285714285705,59.64934409687183,2.853819494480831,MSFT
2025-10-28,542.07,832062.0,0.019925491081508317,0.019729576668742026,0.047235423669873766,0.05481611208406312,28.170000000000073,426901.6,130112.19483782351,1.949072104672365,4887636.0,0.15274563331595187,10.590000000000032,3.5257142857142867,67.5952188006483,4.38579863936036,MSFT
2025-10-29,542.425,668658.0,0.0006548969690258755,0.0006546826175861557,0.04210293750360217,0.05630854316371625,28.914999999999964,435642.85,140317.80418759736,1.534876562303272,5556294.0,0.15283032091931847,0.3549999999999045,3.3860714285714186,71.13173715852761,5.5644056772077874,MSFT
2025-10-30,525.675,1181386.0,-0.030879845139881068,-0.03136667595493734,0.009632005531440946,0.027662382092761728,14.149999999999977,469176.6,217896.6447550668,2.517998553210028,4374908.0,0.19054524892373936,16.75,3.7860714285714203,63.61663993962832,5.088221382903612,MSFT
2025-10-31,517.815,921001.0,-0.014952204308745665,-0.015065115442856625,-0.011161822556620571,0.00809882119321359,4.160000000000082,497676.45,237977.85214937327,1.8506019322393092,3453907.0,0.19856711056318355,7.8599999999999,4.1460714285714175,53.234559393574045,4.030148543971222,MSFT
2025-11-03,516.98,709769.0,-0.0016125450209052428,-0.0016138465710210904,-0.02728230601339654,0.00034829721362239496,0.18000000000006366,508052.05,242665.56051910215,1.3970399292749631,2744138.0,0.18209131292381892,0.8350000000000364,4.194285714285708,52.622615803814746,3.0886367921698366,MSFT
2025-11-04,514.71,521680.0,-0.0043908855274865655,-0.004400553777176092,-0.050473186119873836,-0.005621884780340758,-2.909999999999968,517479.9,239149.01458403675,1.0081164505133435,2222458.0,0.18032595306843666,2.269999999999982,4.328571428571422,50.99009900990103,2.134704373611271,MSFT
2025-11-05,506.97,821387.0,-0.015037593984962405,-0.01515180502060222,-0.06536387519011833,-0.026012948838638916,-13.539999999999964,543358.9,242786.6441277848,1.511684082104848,1401071.0,0.18690554332119447,7.740000000000009,4.73964285714285,46.567704016276124,0.7455584117934677,MSFT
2025-11-06,497.315,950516.0,-0.01904451939957008,-0.019228202097490148,-0.05394968373995335,-0.04483732186071521,-23.34499999999997,565856.1,258923.4231320345,1.6797839592080037,450555.0,0.1967325078509289,9.65500000000003,5.277142857142853,38.94152680021658,-1.121499631360507,MSFT
2025-11-07,496.81,641654.0,-0.0010154529825161518,-0.0010159689041883738,-0.040564680436063205,-0.05127372722759038,-26.849999999999966,575790.6,257769.21639314672,1.1143877652743897,-191099.0,0.18353742309504145,0.5049999999999955,5.088571428571425,35.969960696238104,-2.6117986722206297,MSFT
2025-11-10,506.05,557881.0,0.01859865944727357,0.01842781939374657,-0.02114201709930752,-0.0478475201324603,-25.430000000000007,587025.35,251458.2500827137,0.9503524847777017,366782.0,0.19552763316001776,9.240000000000009,5.689999999999993,42.737886015566154,-3.0125537763451575,MSFT
2025-11-11,508.98,348488.0,0.005789941705365065,0.005773244412788164,-0.01113248236871256,-0.06104377663401406,-33.09000000000003,585260.55,253078.36416632435,0.595440782741977,715270.0,0.19688834332811891,2.930000000000007,5.692857142857138,42.76662484316187,-3.0584724046324254,MSFT
2025-11-12,511.34,698967.0,0.0046367244292506715,0.004626007936049917,0.008619839438230859,-0.057307461861086706,-31.08499999999998,603821.7,246731.10947091255,1.1575718461261,1414237.0,0.19769050057225138,2.359999999999957,5.85071428571428,44.310828958613115,-2.871332043266193,MSFT
2025-11-13,503.29,478410.0,-0.015742949896350722,-0.015868186264310233,0.01201451796145303,-0.0425833452228086,-22.384999999999934,613935.15,236527.1079557769,0.7792516848074262,935827.0,0.20502092458718388,8.049999999999955,6.211428571428562,38.28771849126036,-3.33415561150332,MSFT
2025-11-14,510.28,628766.0,0.013888612926940658,0.013793049950651207,0.02711298081761626,-0.014551529020982557,-7.535000000000082,630500.7,224491.03873712587,0.9972486945692527,1564593.0,0.2109217167757344,6.989999999999952,6.152142857142841,37.69302217578073,-3.1011637562874057,MSFT
2025-11-17,507.61,366874.0,-0.005232421415693245,-0.00524615847229446,0.0030826993380099754,-0.018124492243413726,-9.370000000000005,632158.5,222295.72561520283,0.5803512884822398,1197719.0,0.210224852313041,2.669999999999959,5.5864285714285495,27.96956910880951,-3.0962708354625192,MSFT
2025-11-18,493.67,676198.0,-0.02746202793483188,-0.027846158426438415,-0.030079767377893085,-0.04087738726661616,-21.04000000000002,637724.6,221915.73985100994,1.060329176575594,521521.0,0.23016863444989963,13.939999999999998,6.5567857142857,23.443542676616346,-4.169175004782517,MSFT
2025-11-19,486.92,615184.0,-0.013673101464541038,-0.013767439229960689,-0.04775687409551366,-0.0395486912440578,-20.05000000000001,641202.85,220939.14247980877,0.9594218116778489,-93663.0,0.2316044969555753,6.75,5.842499999999985,26.309676630600862,-5.500719012030061,MSFT
2025-11-20,478.51,659517.0,-0.01727183110161834,-0.01742272922517191,-0.049236026942717004,-0.0378130561113178,-18.805000000000007,655267.4,212093.6166233156,1.0064852913482343,-753180.0,0.23640626881855528,8.410000000000025,5.881785714285708,26.133948630760756,-7.1521484306765615,MSFT
2025-11-21,472.19,735235.0,-0.013207665461536844,-0.013295662356231778,-0.07464529278043419,-0.04955616835409915,-24.620000000000005,672081.55,203874.73734249457,1.093966944933989,-1488415.0,0.23549173657315217,6.319999999999993,6.27357142857142,24.50187862916995,-8.8686569674432,MSFT
2025-11-24,473.91,684645.0,0.0036426014951609353,0.0036359832891237004,-0.0663895510332736,-0.06351151072028449,-32.139999999999986,684913.9,195612.5249955827,0.9996073959077192,-803770.0,0.2260003009359886,1.7200000000000273,6.234285714285709,26.626947754353765,-9.975224545053038,MSFT
2025-11-25,476.99,675148.0,0.006499124306302839,0.006478096058883385,-0.033787752952377126,-0.06285119258124094,-31.99000000000001,677068.2,192522.4044470234,0.9971639489197691,-128622.0,0.21035606165442577,3.079999999999984,5.901428571428563,31.856693294601754,-10.482817666598521,MSFT
2025-11-26,485.33,869644.0,0.017484643283926182,0.01733354562506869,-0.0032654234781894775,-0.05086635115578675,-26.00999999999999,687117.5,197247.85193133642,1.2656408838371893,741022.0,0.22565282691975722,8.339999999999975,5.807499999999989,42.62960457536435,-10.095743130298331,MSFT
2025-11-28,491.995,288559.0,0.0137329239898627,0.013639481905974912,0.028181229232409066,-0.022442329472073808,-11.295000000000016,642476.15,179753.94175790052,0.4491357383460849,1029581.0,0.2142474088259826,6.6650000000000205,6.24749999999999,47.247470416738125,-9.145747489262021,MSFT
2025-12-01,486.96,444441.0,-0.010233843839876466,-0.010286569653373562,0.031279781443910304,-0.04570039978051266,-23.319999999999993,618648.15,172322.29120253757,0.7184067389516965,585140.0,0.21145653445993667,5.035000000000025,5.947142857142849,38.53591160220991,-8.698876289142277,MSFT
2025-12-02,489.85,372153.0,0.005934779037292781,0.005917237604982474,0.03363507839041158,-0.03498749039617022,-17.75999999999999,601767.35,179320.66108636238,0.6184333530225593,957293.0,0.21378931965746728,2.890000000000043,5.944285714285708,38.50636866137947,-8.019089721650857,MSFT
2025-12-03,477.93,821127.0,-0.02433397978973162,-0.024634943537738194,0.001970691209459252,-0.03188364697064838,-15.740000000000009,616739.7,184702.22656797743,1.3313996164021873,136166.0,0.22729250694428643,11.920000000000016,6.6271428571428554,31.995042034921326,-8.345990961118844,MSFT
2025-12-04,480.97,547825.0,0.006360764128638063,0.006340619845384721,-0.008983578183916041,-0.012219666474985624,-5.949999999999989,603061.6,178783.94010807696,0.9084063717537313,683991.0,0.22569988110279293,3.0400000000000205,6.269285714285717,37.28494929930502,-8.26449203521912,MSFT
2025-12-05,483.03,382308.0,0.004283011414433213,0.004273865426658846,-0.01822172989562909,0.009445988589580123,4.519999999999982,574651.2,165302.72434492013,0.665287047168787,1066299.0,0.21812717637411555,2.0599999999999454,5.917142857142859,33.55263157894737,-7.94212687065135,MSFT
2025-12-08,491.08,541638.0,0.01666563153427325,0.01652828378768232,0.008460653852472522,0.04000508269976066,18.889999999999986,569650.4,164680.73721675115,0.9508252781003927,1607937.0,0.22733880635964884,8.050000000000011,6.301428571428578,40.63137610519156,-6.956887760284587,MSFT
2025-12-09,492.04,269065.0,0.0019548749694551226,0.0019529666879451399,0.004470756353985861,0.0382562089848284,18.129999999999995,555209.6,177899.6595983253,0.4846187818078074,1877002.0,0.2162157294693902,0.9600000000000364,5.374285714285723,48.91679957469432,-6.029114807600763,MSFT
2025-12-10,478.7,1115670.0,-0.027111616941712158,-0.027485917602121025,0.0016111145983721542,0.003584980817207928,1.7099999999999795,593568.7,210671.99721795024,1.879597087919225,761332.0,0.23278466743919138,13.340000000000032,5.845000000000011,44.97739215446657,-6.29767884971352,MSFT
2025-12-11,483.655,692896.0,0.010350950490912947,0.01029774623103357,0.0055824687610452894,-0.0034512599674448863,-1.6750000000000114,593265.15,210516.45589566408,1.1679364614624674,1454228.0,0.23611756567700398,4.954999999999984,5.598214285714294,53.28229665071768,-6.041053197810754,MSFT
2025-12-12,478.53,562529.0,-0.010596396191500101,-0.010652937777030323,-0.009316191540898133,-0.027368164310612952,-13.465000000000032,597471.1,208935.34519732738,0.9415166691744589,891699.0,0.23302579671701354,5.125,5.512857142857151,54.10728167919148,-6.179981211872018,MSFT
2025-12-15,474.74,551937.0,-0.007920088604685072,-0.007951619099660526,-0.03327360104259991,-0.025094463610974116,-12.21999999999997,593629.65,209035.93744372364,0.929766564052183,339762.0,0.2255247026233221,3.7899999999999636,5.66071428571429,50.52365930599368,-6.520736992553964,MSFT
2025-12-16,476.285,532397.0,0.003254412941820828,0.003249128801435649,-0.03201975449150474,-0.027692150658364834,-13.564999999999998,601905.8,202768.4522279176,0.8845188067634503,872159.0,0.22667249012451052,1.545000000000016,5.551071428571435,49.546419610113894,-6.590152638472205,MSFT
2025-12-17,476.09,644668.0,-0.0004094187303821384,-0.00040950256511365266,-0.005452266555253882,-0.003849936183123126,-1.8400000000000318,600329.3,202282.4272205104,1.0738572979862884,227491.0,0.2076213801429371,0.19500000000005002,4.969285714285726,43.35920655454938,-6.584992217029537,MSFT
2025-12-18,483.92,475970.0,0.016446470205213393,0.01631269180953096,0.0005479112177069201,0.0061334386760087956,2.9499999999999886,593368.6,204131.14636078555,0.8021489509219059,703461.0,0.21212003110170963,7.830000000000041,5.0525000000000135,44.29207605852833,-5.881291120833396,MSFT
2025-12-19,485.68,638116.0,0.003636964787568253,0.0036303670235198655,0.014941591958707034,0.005486201685195535,2.650000000000034,592298.55,203822.00596817833,1.0773553303481833,1341577.0,0.20260282253080725,1.759999999999991,4.818571428571439,49.051289653127796,-5.122536232123309,MSFT
2025-12-22,484.79,429564.0,-0.0018324822928676987,-0.0018341633425209328,0.02116948224291204,-0.01280850370611708,-6.289999999999964,577015.0,204000.097940379,0.7444589828687296,912013.0,0.1960740455121222,0.8899999999999864,4.675714285714292,46.13504430186374,-4.5406908209444055,MSFT
2025-12-23,486.49,274712.0,0.0035066729924297935,0.0035005389505618403,0.021426246889992395,-0.011279570766604352,-5.550000000000011,556518.35,213011.661766075,0.4936261311060094,1186725.0,0.1960539304475802,1.6999999999999886,3.9457142857142906,57.74800868935554,-3.8974707316054946,MSFT
2025-12-24,488.04,96483.0,0.0031860881004748265,0.003181023276914072,0.025100296162490432,0.019511176101942862,9.340000000000032,527585.1,234287.527263965,0.18287665819220444,1283208.0,0.1952585061222564,1.5500000000000114,3.8392857142857184,56.5767441860465,-3.225461023643561,MSFT
2025-12-26,487.85,149393.0,-0.00038931235144656906,-0.0003893881531744012,0.00812117705405857,0.008673537955774302,4.19500000000005,491572.55,234297.28770370584,0.303908344760097,1133815.0,0.18557697201054565,0.18999999999999773,3.7057142857142935,54.6453353893601,-2.677356995768605,MSFT
2025-12-29,487.19,181949.0,-0.0013528748590755368,-0.001353790820481672,0.003109042991269906,0.018097089001734457,8.660000000000025,486242.05,240295.11659261922,0.37419429273959337,951866.0,0.1787193537702792,0.660000000000025,3.177857142857152,45.628231063160285,-2.27006914491767,MSFT
2025-12-30,487.49,290824.0,0.0006157761858822663,0.0006155866735208583,0.005569421811505881,0.026856805830559827,12.75,478561.2,244126.16404521558,0.607704928857584,1242690.0,0.17493498119913425,0.30000000000001137,3.130714285714293,44.80949121606205,-1.9011676190952471,MSFT
2025-12-31,483.695,309335.0,-0.007784775072309236,-0.007815234617222775,-0.005745236284404598,0.015557911754516596,7.409999999999968,475420.3,245964.43818057142,0.6506558512541429,933355.0,0.17565592492193757,3.795000000000016,2.4489285714285773,57.284526760974174,-1.8932115220082437,MSFT
2026-01-02,472.935,857801.0,-0.02224542325225609,-0.022496584459750783,-0.03095033194000496,-0.006626898275536086,-3.1549999999999727,477254.0,248797.76402934158,1.7973678586245478,75554.0,0.17202788419680026,10.759999999999991,2.863571428571435,36.630082314791785,-2.723750630877248,MSFT
2026-01-05,472.8,664531.0,-0.00028545148910530393,-0.0002854922381363857,-0.030849646407707265,-0.022979004794180913,-11.120000000000005,483089.3,251889.45095023423,1.3755862528936162,-588977.0,0.17013544857274682,0.1349999999999909,2.507142857142863,41.83760683760691,-3.354187247445566,MSFT
2026-01-06,478.48,492175.0,0.012013536379018586,0.01194194664441311,-0.017878035263449554,-0.014824575852413036,-7.199999999999989,488582.65,250771.4157439787,1.007352594284713,-96802.0,0.17533302770837741,5.680000000000007,2.642142857142866,55.05542038388753,-3.3567893003415747,MSFT
2026-01-07,483.71,549942.0,0.010930446413643047,0.0108711408504021,-0.007754005210363402,-0.002227768724602508,-1.080000000000041,488997.85,250870.73710521343,1.1246307115665233,453140.0,0.16898996340554787,5.229999999999961,2.905357142857148,59.127228027043564,-2.9033659594442724,MSFT
2026-01-08,478.04,480860.0,-0.011721899485228615,-0.011791142588023459,-0.011691251718541573,-0.01736931899936278,-8.449999999999989,499587.6,245511.2086594225,0.9625138814494195,-27720.0,0.17306282735740924,5.669999999999959,3.29642857142857,52.11267605633808,-2.9673406529355475,MSFT
2026-01-09,479.15,466987.0,0.0023219814241484116,0.00231928979109077,0.013141340776216648,-0.018215720022949022,-8.890000000000043,467153.45,198110.1649637006,0.9996436930948492,439267.0,0.14415433873837596,1.1099999999999568,2.8164285714285637,43.95130611209733,-2.8951004195975543,MSFT
2026-01-12,477.19,547569.0,-0.004090577063549983,-0.004098966359763943,0.00928510998307952,-0.021850978784462516,-10.660000000000025,459887.1,191964.37124630547,1.1906596205894882,-108302.0,0.1395567885167791,1.9599999999999795,2.830714285714277,39.28841786525355,-2.961862625163576,MSFT
2026-01-13,470.67,669555.0,-0.013663320689871972,-0.013757522917033345,-0.016322521317505445,-0.0339087419692522,-16.519999999999982,465238.4,196416.3967258815,1.4391653827371085,-777857.0,0.14284588945952925,6.519999999999982,3.232857142857134,34.40123729562522,-3.5005297363601358,MSFT
2026-01-14,459.625,971466.0,-0.023466547687339356,-0.023746271891537826,-0.04979223088214013,-0.05716014687480775,-27.86500000000001,486214.85,226292.559105121,1.9980179544084267,-1749323.0,0.16245305900424817,11.045000000000016,3.900357142857136,25.400604340261836,-4.763752917652482,MSFT
2026-01-15,456.71,689831.0,-0.006342126733750342,-0.006362323458246017,-0.044619697096477395,-0.055789288704658935,-26.985000000000014,494086.55,230679.27109721993,1.3961744151910227,-2439154.0,0.16224722846076717,2.9150000000000205,3.9978571428571366,22.01179203144534,-5.931705519318541,MSFT
2026-01-16,459.76,522419.0,0.006678198419128201,0.006655998036296112,-0.04046749452154852,-0.027857950881199356,-13.175000000000011,487974.1,228084.27688764047,1.0705875578232533,-1916735.0,0.16512076030747158,3.0500000000000114,4.202142857142852,26.126126126126067,-6.535865471970624,MSFT
2026-01-20,454.635,669206.0,-0.011147120236645214,-0.011209714983571132,-0.04726628806135924,-0.03842005076142141,-18.16500000000002,497635.9,231614.49430599328,1.3447703431364175,-2585941.0,0.15356453296292302,5.125,4.521071428571422,24.283118729757433,-7.343559275649966,MSFT
2026-01-21,444.0,1138228.0,-0.023392391698835335,-0.023670336783690214,-0.056663904646567675,-0.07206152817254641,-34.48000000000002,522641.5,271194.063836116,2.1778370068201625,-3724169.0,0.16726467992924138,10.634999999999991,5.2592857142857055,20.46720086921087,-8.74105659447963,MSFT
2026-01-22,450.915,670580.0,0.015574324324324262,0.015454289241219837,-0.018950231166711906,-0.06779888776332921,-32.79499999999996,534692.3,272193.4420593483,1.2541418681361223,-3053589.0,0.1816353845981811,6.9150000000000205,5.482142857142849,28.64495114006513,-9.184724789067218,MSFT
2026-01-23,465.81,944952.0,0.03303283323908057,0.03249897398774347,0.019925116594775805,-0.025583633168772546,-12.230000000000018,568204.3,279657.5264853519,1.6630497164488194,-2108637.0,0.22249740259328782,14.894999999999982,5.777499999999991,45.59559868949743,-8.239453718854463,MSFT
2026-01-26,470.3,746352.0,0.009639123247676018,0.009592963289814137,0.0229250043500957,-0.018470207659396776,-8.849999999999966,600697.75,258951.06655828067,1.2424751049924858,-1362285.0,0.22567807217467525,4.490000000000009,6.088571428571421,48.53355232285312,-7.046783179868896,MSFT
2026-01-27,480.6,814705.0,0.02190091431001484,0.0216645343513662,0.05711174898545002,0.007146000544856479,3.410000000000025,633963.35,239961.46240754134,1.2850979476968187,-547580.0,0.2408271878602626,10.300000000000011,6.418571428571421,51.179612730914755,-5.210397051833297,MSFT
2026-01-28,481.64,684448.0,0.002163961714523488,0.0021616237216497062,0.08477477477477469,0.023307200373934966,10.96999999999997,659088.3,215168.8480686006,1.0384769385225014,136868.0,0.24101245106490227,1.0399999999999636,6.1192857142857076,48.79187580249796,-3.6292922842631583,MSFT
2026-01-29,433.12,4062705.0,-0.10073914126733652,-0.10618212115802712,-0.03946420056995226,-0.05766657601305414,-26.504999999999995,847682.35,781943.8922650112,4.792720999794322,-3925837.0,0.42967779659966565,48.51999999999998,9.179999999999994,32.524120759414856,-6.2197168420442495,MSFT
2026-01-30,430.05,1705414.0,-0.007088104913188009,-0.007113344868502497,-0.07676949829329549,-0.05837402290293614,-26.659999999999968,917486.3,793583.5659843467,1.8587896080846111,-5631251.0,0.42963644807273044,3.069999999999993,9.319999999999997,31.18485591661559,-8.423272072875022,MSFT
2026-02-02,423.24,1166296.0,-0.015835367980467363,-0.015962086961527573,-0.10006378907080582,-0.07943274752044538,-36.51999999999998,932911.05,795358.5130497989,1.2501684914119089,-6797547.0,0.4269159911320958,6.810000000000002,9.66642857142857,30.067243035542745,-10.596960392495987,MSFT
2026-02-03,411.25,1910790.0,-0.028329080427180853,-0.028738091956379348,-0.14429879317519767,-0.095428200644473,-43.38499999999999,995224.0,821611.6843130883,1.9199597276593008,-8708337.0,0.43419873700849987,11.990000000000009,10.057142857142859,28.899147727272734,-13.135696706814542,MSFT
2026-02-04,414.18,1157797.0,0.007124620060790399,0.0070993598638576785,-0.14006311768125568,-0.0671621621621622,-29.819999999999993,1028505.1,813604.3422159333,1.12570856478981,-7550540.0,0.4317622697546492,2.930000000000007,9.477500000000001,32.874853977465435,-14.741308386616026,MSFT
2026-02-05,393.65,1998879.0,-0.04956782075426147,-0.05083847231296304,-0.09112947912818625,-0.12699732765598848,-57.26500000000004,1100951.95,833026.2026396653,1.8155914978850805,-9549419.0,0.45171380767672614,20.53000000000003,10.735714285714286,29.02195608782435,-17.468994934761213,MSFT
2026-02-06,401.015,1568628.0,0.018709513527245036,0.018536643460278456,-0.06751540518544363,-0.13910177969558402,-64.79500000000002,1155340.35,825889.1645913498,1.3577193941162011,-7980791.0,0.4628181938194307,7.365000000000009,11.043928571428571,31.002813439834426,-18.81947305727084,MSFT
2026-02-09,413.69,2076945.0,0.03160729648516902,0.031118067979070886,-0.022564029864852064,-0.12036997661067406,-56.610000000000014,1235838.25,833688.4401626481,1.680596145976223,-5903846.0,0.4829889767603356,12.675000000000011,11.583214285714288,37.37551259519625,-18.651961921832196,MSFT
2026-02-10,413.32,1895777.0,-0.0008943895187217832,-0.0008947897236712515,0.005033434650455915,-0.13999167707032878,-67.28000000000003,1303248.65,829604.0032718388,1.454654873419589,-7799623.0,0.48336528552567964,0.37000000000000455,10.850000000000003,39.90125082290981,-18.337678702650066,MSFT
2026-02-11,404.24,1152051.0,-0.02196845059518049,-0.022213350362501036,-0.02399922738905791,-0.16070093846026068,-77.39999999999998,1327373.45,817128.0325648568,0.8679177664733313,-8951674.0,0.4858443742672077,9.079999999999984,11.004642857142857,34.852172784214446,-18.606799500126726,MSFT
2026-02-12,401.88,1117401.0,-0.005838115970710489,-0.0058552243895396315,0.02090689698971171,-0.07212781677133362,-31.24000000000001,1334670.2,814429.7222126855,0.8372113200699319,-10069075.0,0.4819906787753818,2.3600000000000136,10.109285714285717,27.41468239949127,-18.793867936894742,MSFT
2026-02-13,401.18,913973.0,-0.0017418134766596927,-0.0017433321975620056,0.0004114559305761212,-0.0671317288687362,-28.870000000000005,1345877.3,806593.7552601325,0.6790908799784349,-10983048.0,0.4822537332474178,0.6999999999999886,9.838571428571429,24.90924931029477,-18.782096849611605,MSFT
2026-02-17,396.76,798908.0,-0.011017498379779722,-0.011078640518758598,-0.04092436365394381,-0.06256497495510827,-26.480000000000018,1359701.75,794008.6758579351,0.587561205977708,-11781956.0,0.48016708078264936,4.420000000000016,9.418571428571429,18.208706203549212,-18.91142609063354,MSFT
2026-02-18,399.56,504627.0,0.007057163020465884,0.007032377786156091,-0.03329139649666113,-0.02842553191489361,-11.689999999999998,1351472.8,802350.4912172016,0.37339042265593503,-11277329.0,0.48236961391100047,2.8000000000000114,9.544285714285719,19.28603502469693,-18.573875768464006,MSFT
2026-02-19,398.41,782692.0,-0.002878165982580727,-0.0028823158669090757,-0.014422125470017755,-0.03807523299048721,-15.769999999999982,1333696.0,811213.4466902365,0.586859374250204,-12060021.0,0.4780248591611025,1.1499999999999773,6.16071428571429,29.87826086956524,-18.18948305715213,MSFT
2026-02-20,397.28,952334.0,-0.0028362741899049526,-0.0028403040371833875,-0.011446202846620901,0.009221389559253224,3.6299999999999955,1347783.7,801479.6430251991,0.7065926082946395,-13012355.0,0.471967175979413,1.1300000000000523,6.022142857142866,30.565769185150046,-17.771175570430216,MSFT
2026-02-23,384.635,1223176.0,-0.031828936770036176,-0.0323464891056115,-0.04124083952340596,-0.04084635238083367,-16.379999999999995,1361694.9,796518.940078039,0.898274642873378,-14235531.0,0.4569675126687762,12.644999999999982,6.438928571428578,28.587276055244345,-18.24963921393379,MSFT
2026-02-24,389.06,844603.0,0.011504413274922909,0.01143874071542599,-0.019407198306280793,-0.05953733471923417,-24.629999999999995,1366607.45,792818.4401459259,0.6180289738651725,-13390928.0,0.45802973387661444,4.425000000000011,5.898571428571436,36.564543472995894,-18.063539342445893,MSFT
2026-02-25,400.52,1353926.0,0.029455610959749023,0.02903012946993096,0.0024026429071979383,-0.03096874092712676,-12.800000000000011,1393568.5,782159.1923774049,0.971553246216458,-12037002.0,0.4655188662746333,11.45999999999998,6.507857142857148,42.503567116672144,-16.797694265440384,MSFT
2026-02-26,401.78,1183133.0,0.003145910316588507,0.003140972294401318,0.008458623026530221,-0.006085493766079697,-2.4600000000000364,1418502.75,766148.3957490413,0.8340716998962462,-10853869.0,0.4658342657213215,1.259999999999991,5.1314285714285734,55.65840757238306,-15.513995766186042,MSFT
2026-02-27,392.8,972648.0,-0.022350540096570115,-0.022604098653692308,-0.01127668143374938,-0.022593809097242956,-9.079999999999984,1263999.9,452027.143333684,0.7695000608781695,-11826517.0,0.32067254629917513,8.979999999999961,5.246785714285713,44.408141038731216,-15.047804682540232,MSFT
2026-03-02,398.49,582182.0,0.014485743380855398,0.01438182733221082,0.03602116292069102,-0.006705219602173629,-2.6899999999999977,1207838.3,463918.6046284756,0.48200326152929573,-11244335.0,0.32759175296424814,5.689999999999998,4.747857142857141,38.56627049796901,-14.057167170481023,MSFT
2026-03-03,403.8,805734.0,0.013325303018896228,0.013237302066215376,0.037886187220480094,0.017743724165742547,7.0400000000000205,1189810.2,472543.55523481447,0.6771954047796868,-10438601.0,0.32949383538635496,5.310000000000002,5.100714285714283,43.334266909396455,-12.697241288719738,MSFT
2026-03-04,405.0,900114.0,0.002971768202080227,0.002967361227802008,0.011185458903425483,0.013614976474121576,5.439999999999998,1139276.4,444598.5497125056,0.790075174031517,-9538487.0,0.31490908430104686,1.1999999999999886,4.537857142857141,50.59814260979064,-11.391347890887175,MSFT
2026-03-05,410.66,943406.0,0.013975308641975381,0.013878554420813552,0.022101647667878144,0.030747220200296077,12.25,1128556.85,446708.0504058523,0.8359401655308724,-8595081.0,0.3180543834467429,5.660000000000025,4.773571428571428,56.56890617985937,-9.786886135994052,MSFT
2026-03-06,408.72,693445.0,-0.004724102664004248,-0.0047352965048100505,0.04052953156822814,0.028795811518324665,11.440000000000055,1063285.15,406400.5895446505,0.6521721854198754,-9288526.0,0.26040819089609535,1.9399999999999977,4.862142857142857,55.53841633612459,-8.573055574342845,MSFT
2026-03-09,409.39,705871.0,0.0016392640438440687,0.001637921917074597,0.027353258551030102,0.06435971765439952,24.754999999999995,1020147.3,395582.4048149366,0.6919304692567436,-8582655.0,0.25282672120455496,0.6699999999999591,4.59428571428571,59.81809701492538,-7.470902791575156,MSFT
2026-03-10,405.76,759176.0,-0.00886685068028037,-0.008906395130810795,0.004853888063397704,0.04292397059579489,16.69999999999999,954258.85,310998.58053615375,0.7955661087135844,-9341831.0,0.22774340962926795,3.6299999999999955,4.653571428571423,54.75825019186492,-6.8118269328075485,MSFT
2026-03-11,404.81,464557.0,-0.002341285488958955,-0.0023440305833661817,-0.0004691358024691006,0.010711075601717912,4.2900000000000205,882697.85,239364.74760328978,0.5262922074637432,-9806388.0,0.2278034336221936,0.9499999999999886,4.63928571428571,54.92686682063124,-6.293612776419195,MSFT
2026-03-12,401.89,645507.0,-0.00721326054198268,-0.007239401891238065,-0.021355866166658632,0.0002737816715616681,0.11000000000001364,857370.65,236141.4834842323,0.7528914128329445,-10451895.0,0.21542443162469233,2.920000000000016,4.76714285714285,53.45370092897814,-6.048816924246864,MSFT
2026-03-13,395.53,677242.0,-0.01582522580805701,-0.01595178165302393,-0.03227148169896277,0.006950101832993827,2.7299999999999613,835362.7,231088.58572397075,0.8107161116961531,-11129137.0,0.22171397039118343,6.360000000000014,4.318214285714281,59.01083450500372,-6.295443342923875,MSFT
2026-03-16,399.86,688810.0,0.010947336485222392,0.010887848162508297,-0.023278536358973034,0.0034379783683404774,1.3700000000000045,824104.55,232537.48428665323,0.8358284152174623,-10440327.0,0.22546898947440855,4.330000000000041,4.311428571428569,58.94632206759445,-6.071513120030659,MSFT
2026-03-17,399.65,739426.0,-0.000525183814335084,-0.0005253217716585872,-0.015058162460567903,-0.01027736503219423,-4.150000000000034,821130.45,233255.9736529518,0.9004976005944001,-11179753.0,0.22175682729346655,0.21000000000003638,3.507857142857144,49.11423335369578,-5.8436303172507,MSFT
2026-03-18,391.79,709756.0,-0.01966720880770667,-0.019863182113446457,-0.03216323707418289,-0.03261728395061725,-13.20999999999998,831386.9,222885.9248666757,0.8537012069831748,-11889509.0,0.23129046785756,7.859999999999957,3.9792857142857128,41.033925686591324,-6.225504129121134,MSFT
2026-03-19,388.99,1072790.0,-0.007146685724495283,-0.0071723456114383445,-0.03209833536539841,-0.05276871377782111,-21.670000000000016,845891.8,228908.27805651707,1.268235488274032,-12962299.0,0.23227369254946778,2.8000000000000114,3.537857142857145,46.15384615384615,-6.67710892042561,MSFT
2026-03-20,381.9,812004.0,-0.01822668963212426,-0.018394842115672706,-0.034460091522766856,-0.06561949500880815,-26.82000000000005,838875.3,227620.9696999996,0.9679674678703736,-13774303.0,0.24009780346472334,7.090000000000032,3.6378571428571473,33.712939328490066,-7.520421974348835,MSFT
2026-03-23,383.105,633171.0,0.003155276250327521,0.00315030881256897,-0.04190216575801531,-0.06420528102787071,-26.284999999999968,809375.05,212953.75666944365,0.7822961678890398,-13141132.0,0.21274356160629992,1.205000000000041,3.3446428571428646,27.90176187933801,-7.999309159338793,MSFT
2026-03-24,372.67,818827.0,-0.027237963482596106,-0.02761579349327839,-0.06750907043663201,-0.08155067034700314,-33.089999999999975,808086.25,212807.28345046242,1.013291588614458,-13959959.0,0.2285428937091867,10.435000000000002,4.004285714285722,21.164823403496314,-9.115767105876955,MSFT
2026-03-25,371.07,757221.0,-0.004293342635575792,-0.004302585495732905,-0.052885474361265006,-0.08334774338578599,-33.74000000000001,778251.0,169720.39793483136,0.9729778696076201,-14717180.0,0.19590090035399482,1.6000000000000227,3.7142857142857224,11.932692307692363,-10.014236812072113,MSFT
2026-03-26,365.79,1183920.0,-0.014229121190071914,-0.014331325814744908,-0.059641636031774525,-0.08982557416208403,-36.099999999999966,778290.35,169819.2737025767,1.5211803666844899,-15901100.0,0.1975042992398652,5.279999999999973,3.952857142857149,11.212504517528075,-11.025240293426407,MSFT
2026-03-27,356.855,1189958.0,-0.024426583558872617,-0.02472986143194542,-0.0655799947630269,-0.09778019366419732,-38.674999999999955,789155.85,188800.54984790346,1.5078871936386204,-17091058.0,0.20009839093802206,8.935000000000002,4.543214285714295,8.702146057699977,-12.40445680681313,MSFT
2026-03-30,358.82,1521101.0,0.005506438189180507,0.005491333182900684,-0.0633899322640008,-0.10263592257290055,-41.04000000000002,836101.8,243450.4584241011,1.8192772698252773,-15569957.0,0.1910047235875119,1.964999999999975,4.424285714285722,12.10849208911857,-13.186926077337546,MSFT
2026-03-31,370.13,975918.0,0.031519982163759064,0.03103342528895119,-0.006815681433976484,-0.07386463155260847,-29.519999999999982,844611.0,245300.31274724146,1.1554644682581685,-14594039.0,0.22265615260236177,11.310000000000002,5.1642857142857235,26.016597510373487,-12.747471220029468,MSFT
2026-04-01,369.46,634415.0,-0.001810174803447473,-0.0018118151496981907,-0.004338803999245466,-0.05699481865284983,-22.33000000000004,831326.05,249298.44751358015,0.7631361966823967,-15228454.0,0.22124143519246744,0.6700000000000159,5.003571428571438,26.85224839400432,-12.311345947551274,MSFT
2026-04-02,373.51,534434.0,0.01096194445948151,0.010902297845683546,0.021105005604308502,-0.03979536749016688,-15.480000000000018,810877.45,256295.9506470004,0.6590810978896996,-14694020.0,0.21814268055616745,4.050000000000011,4.838571428571437,33.74667847652793,-11.506275196207412,MSFT
2026-04-06,372.75,476856.0,-0.0020347514122780463,-0.0020368243313268856,0.04454190077202225,-0.0239591516103691,-9.149999999999977,800048.0,265914.41846895753,0.5960342379457233,-15170876.0,0.2183377486004341,0.7599999999999909,4.5835714285714335,28.876422004051747,-10.805022895909985,MSFT
2026-04-07,372.4,617535.0,-0.0009389671361502705,-0.0009394082419358297,0.03784627389777606,-0.027942731105049634,-10.705000000000041,795631.2,268284.0802346012,0.7761573452624785,-15788411.0,0.21756577802749807,0.35000000000002274,4.593571428571432,28.81355932203391,-10.160394764384591,MSFT
2026-04-08,374.26,802066.0,0.00499462943071971,0.004982197646730517,0.011158241698862481,0.0042665092441032115,1.589999999999975,797775.7,268148.72678757895,1.0053778273767928,-14986345.0,0.21954423784837218,1.8600000000000136,4.165000000000008,34.968273023495115,-9.39118019108821,MSFT
2026-04-09,372.99,838250.0,-0.0033933629027947942,-0.003399133416686533,0.009554484923943063,0.005174225887298878,1.920000000000016,816460.35,256473.2670891784,1.0266879463283183,-15824595.0,0.21947427949600215,1.2699999999999818,4.055714285714292,35.91053187742165,-8.7828077454447,MSFT
2026-04-10,370.89,975812.0,-0.005630177752754872,-0.005646086946010624,-0.007014537763379791,0.01394242598212081,5.099999999999966,832975.6,255518.56753285427,1.171477291771812,-16800407.0,0.2192381249606779,2.1000000000000227,3.6992857142857196,39.37053485228811,-8.37359505731439,MSFT
2026-04-13,384.33,1070918.0,0.03623715926555038,0.035596035849506616,0.031066398390342087,0.07699205559681088,27.474999999999966,852659.4,258041.16569044552,1.2559739563065861,-15729489.0,0.25645514869739383,13.439999999999998,4.573214285714288,50.95665755564231,-6.885424489037803,MSFT
2026-04-14,393.02,1046435.0,0.02261077719667992,0.022358942623169013,0.05537056928034367,0.0953124129089793,34.19999999999999,870540.65,258480.09145270195,1.202051851340888,-14683054.0,0.266975932356662,8.689999999999998,4.448571428571431,66.33750802825944,-4.94779313794885,MSFT
2026-04-15,411.3,1062250.0,0.04651162790697683,0.04546237407675741,0.09896863143269385,0.11123118904168816,41.170000000000016,886681.85,259937.02198341757,1.1980058010660757,-13620804.0,0.3152889080805585,18.28000000000003,5.640000000000002,75.47492401215806,-1.91508717184837,MSFT
2026-04-16,420.12,1088567.0,0.02144420131291036,0.021217509518196294,0.12635727499396765,0.13711903859687125,50.660000000000025,905622.4,260167.74156410756,1.2020098001109514,-12532237.0,0.3122260496138945,8.819999999999993,5.892857142857147,82.9272727272727,1.1863786098183482,MSFT
2026-04-17,422.75,1206115.0,0.006260116157288387,0.0062406030241150545,0.13982582436841118,0.1318304730797033,49.24000000000001,912288.65,266312.02906252135,1.3220760775660203,-11326122.0,0.3096772361739835,2.6299999999999955,5.4425000000000034,93.24102631406257,3.812582528676046,MSFT
2026-04-20,418.11,488387.0,-0.010975753991720794,-0.011036431979161678,0.08789321676684114,0.12169014084507035,45.360000000000014,896107.8,282089.8549787952,0.5450092053656937,-11814509.0,0.3036778183960307,4.639999999999986,5.633571428571433,87.58716875871686,5.456559017482846,MSFT
2026-04-21,424.03,928981.0,0.014158953385472683,0.014059651646414014,0.07890183705663834,0.13864124597207295,51.629999999999995,910898.3,275250.00578767597,1.019851502632072,-10885528.0,0.30543668221775605,5.919999999999959,5.24857142857143,86.67664670658681,7.154642488570914,MSFT
2026-04-22,432.79,729562.0,0.020658915642761233,0.020448414458953325,0.05224896669097978,0.15638860685085243,58.53000000000003,906435.05,277535.77914804604,0.8048695822166188,-10155966.0,0.2844389885497409,8.760000000000048,5.826428571428575,88.81941890400883,9.102318797958276,MSFT
2026-04-23,415.715,852187.0,-0.03945331454053935,-0.04025269258308807,-0.010485099495382344,0.11454730689830828,42.724999999999966,911183.35,275654.54702279915,0.9352530421017899,-11008153.0,0.32806594936303723,17.075000000000045,6.75678571428572,72.30826153602196,9.162437629552755,MSFT
2026-04-24,424.59,637345.0,0.021348760569139813,0.021124068092049947,0.0043524541691306595,0.14478686402976626,53.69999999999999,883854.6,274282.6151732049,0.7210971125793768,-10370808.0,0.3233892419025737,8.875,7.336428571428578,75.23610164540938,9.81310124257351,MSFT
2026-04-27,424.96,694644.0,0.0008714289078877169,0.0008710494341572162,0.016383248427447317,0.10571644159966698,40.629999999999995,859088.9,267465.9514454518,0.8085822084303499,-9676164.0,0.30182874247587643,0.37000000000000455,7.337857142857148,75.58162172685678,10.240565882489193,MSFT
2026-04-28,429.4,714439.0,0.010448042168674787,0.010393838596666401,0.012664198287857031,0.09256526385425667,36.379999999999995,818755.8,218770.61555562977,0.8725910704998975,-8961725.0,0.3015922369585118,4.439999999999998,7.522142857142861,76.17984996676476,10.81296050484491,MSFT
2026-04-29,424.8,813815.0,-0.010712622263623572,-0.010770415516951487,-0.018461609556597924,0.03282275711159732,13.5,810650.65,215621.70182332414,1.003903469392148,-9775540.0,0.29734636332608455,4.599999999999966,7.760000000000003,73.84480854197349,10.771241641963059,MSFT
2026-04-30,407.765,2376015.0,-0.040101224105461464,-0.0409274418561524,-0.019123678481652084,-0.029408264305436638,-12.355000000000018,897730.65,407237.78541771334,2.6466902962486576,-12151555.0,0.340465573221081,17.035000000000025,8.826785714285718,64.92008901476837,9.256889351762538,MSFT
2026-05-01,414.46,946070.0,0.016418770615427958,0.016285440037764755,-0.023858310370003966,-0.019609698403311726,-8.29000000000002,918312.45,398212.4327673245,1.030226694628827,-11205485.0,0.34224456785114243,6.694999999999993,8.345000000000002,62.89480441667379,8.499013462269147,MSFT
2026-05-04,413.635,789901.0,-0.001990541909955068,-0.001992525671446778,-0.026649567018072307,-0.010702925067565983,-4.475000000000023,933964.7,385909.42046317155,0.8457503800732512,-11995386.0,0.342231803896207,0.8249999999999886,7.783214285714288,59.45945945945946,7.742569235888084,MSFT
2026-05-05,411.33,634396.0,-0.005572545843557708,-0.005588130401221391,-0.04208197484862597,-0.029950711034596567,-12.699999999999989,934807.75,385199.5362320095,0.6786379338425468,-12629782.0,0.3437687888207207,2.305000000000007,6.642142857142858,50.0161307667491,6.877804451847112,MSFT
2026-05-06,413.82,764621.0,0.006053533659105881,0.006035284634581621,-0.02584745762711871,-0.043831881512974014,-18.970000000000027,932935.5,385968.91222201043,0.8195861343040328,-11865161.0,0.34378067380842364,2.490000000000009,6.190000000000002,46.36510500807754,6.320535125868105,MSFT
2026-05-07,420.79,708212.0,0.016843071866995407,0.016702800211315726,0.03194241781418228,0.012207882804325276,5.0750000000000455,926433.6,388733.2894567064,0.7644498213363592,-11156949.0,0.344528816673955,6.970000000000027,6.500000000000004,48.923076923076934,6.367910609777766,MSFT
2026-05-08,414.965,818822.0,-0.013843009577223953,-0.013939717557864181,0.0012184529266998645,-0.022668927671400607,-9.625,918584.1,389268.3807895469,0.8913957905432938,-11975771.0,0.34948938202496416,5.8250000000000455,6.584642857142866,48.29419102890924,5.867787007601294,MSFT
2026-05-11,412.62,674806.0,-0.005651079006663173,-0.005667106764906695,-0.0024538542434754396,-0.029038027108433728,-12.339999999999975,898778.5,391182.0468980084,0.7508034515734411,-12650577.0,0.3324134609223057,2.3449999999999704,6.3292857142857235,43.5616747545424,5.2220173818778335,MSFT
2026-05-12,407.77,897917.0,-0.011754156366632795,-0.011823782598788364,-0.008654851335910374,-0.05037261294829998,-21.629999999999995,891352.6,389638.1521674475,1.0073645378944316,-13548494.0,0.3289385997206383,4.850000000000023,6.050000000000007,35.230224321133406,4.269667761930577,MSFT
2026-05-13,405.09,785494.0,-0.006572332442308149,-0.006594025319950722,-0.021096128751631138,-0.04639830508474585,-19.710000000000036,877514.8,388161.0036647975,0.8951347601202851,-14333988.0,0.2847740229513154,2.680000000000007,5.021785714285719,42.44363843254393,3.261078541038273,MSFT
2026-05-14,409.44,794948.0,0.010738354439754128,0.010681107770417971,-0.02697307445519148,0.004107758145009965,1.6750000000000114,862833.85,385300.5641556476,0.9213222221172709,-13539040.0,0.276185482274764,4.350000000000023,4.698571428571435,38.48434174521134,2.780718569785961,MSFT
2026-05-15,422.0,1109396.0,0.03067604533020707,0.030214941624533084,0.01695323701998963,0.01819234666795344,7.5400000000000205,857997.9,381351.9708431952,1.2930054957010966,-12429644.0,0.29762965312587814,12.560000000000002,5.56928571428572,48.10183403873286,3.3746163863856395,MSFT
2026-05-18,423.61,628464.0,0.0038151658767773267,0.003807906589176337,0.026634675973050248,0.024115464116914787,9.975000000000023,865001.75,375447.0810848641,0.7265465069868355,-11801180.0,0.2949617418959794,1.6100000000000136,5.3671428571428645,46.14719190843761,3.9298968251872566,MSFT
2026-05-19,417.515,750391.0,-0.01438823446094295,-0.01449274883596572,0.023898275988915252,0.015036588627136416,6.185000000000002,856072.25,375968.7321396866,0.8765510154078701,-12551571.0,0.2952439721680406,6.095000000000027,5.473928571428583,45.24694982710248,3.833949626810295,MSFT
2026-05-20,421.08,840531.0,0.008538615379088066,0.008502367593901498,0.03947270976819972,0.01754385964912286,7.259999999999991,861620.7,374820.5356206589,0.975523220368313,-11711040.0,0.28667471426789115,3.5649999999999977,4.511785714285724,60.5398559328742,3.9994730511381817,MSFT
2026-05-21,419.0,768373.0,-0.004939678920870105,-0.004951919460986288,0.023348964439234177,-0.004253903372228529,-1.7900000000000205,857430.0,375399.65679161577,0.8961349614545794,-12479413.0,0.24936497341036365,2.079999999999984,4.182142857142866,53.877028181041844,3.917652679302421,MSFT
2026-05-22,418.5,536551.0,-0.0011933174224343368,-0.0011940299926076895,-0.008293838862559189,0.00851879074138795,3.535000000000025,852390.3,379167.446551284,0.6294663371931848,-13015964.0,0.23690841966139792,0.5,4.158928571428581,54.17775869471876,3.769016744909038,MSFT
2026-05-26,416.09,751245.0,-0.00575866188769425,-0.00577530691387496,-0.0177521777106302,0.008409674761281405,3.4699999999999704,855220.35,378137.9162803841,0.8784227363158512,-13767209.0,0.2375245506961366,2.410000000000025,4.1664285714285825,54.080233156180334,3.4173616197301158,MSFT
2026-05-27,412.71,837631.0,-0.008123242567713684,-0.008156415874641217,-0.01150856855442317,0.012114672486941203,4.939999999999998,861379.95,376724.70572239975,0.9724291818029895,-14604840.0,0.23484016273544947,3.3799999999999955,4.23000000000001,49.06281661600809,2.833274423424882,MSFT
2026-05-28,426.97,1334177.0,0.034552106806232,0.033968586008187876,0.013987840790348649,0.05401268853834962,21.880000000000052,887398.05,390966.7080724357,1.5034707367229396,-13270663.0,0.2652463446154377,14.260000000000048,4.750714285714297,54.645917907081625,3.480918079613957,MSFT
2026-05-29,449.44,1509935.0,0.05262664824226526,0.051288610206731776,0.07264916467780425,0.09769441187964056,40.0,844094.05,233769.05737871712,1.7888231767538225,-11760728.0,0.281256478341522,22.46999999999997,5.939642857142863,70.72936083218086,5.741141250934675,MSFT
2026-06-01,460.48,1577919.0,0.024563901744393046,0.024267060343069483,0.10031063321385902,0.09118483412322287,38.48000000000002,875686.5,285292.99588234915,1.801922263275727,-10182809.0,0.2870594654699942,11.04000000000002,6.560714285714296,76.053347849755,8.327229020477262,MSFT
2026-06-02,441.35,1104583.0,-0.04154360667129953,-0.04243121223276114,0.06070801989954111,0.041878142631193827,17.74000000000001,891420.6,288966.6702813935,1.23912662552335,-11287392.0,0.33151445931598694,19.129999999999995,7.5807142857142935,65.8202204843117,8.732429079002259,MSFT
2026-06-03,427.58,1265267.0,-0.031199728106944713,-0.03169680609398006,0.03603014223062195,0.02410691831431211,10.064999999999998,922964.15,293825.2764907589,1.3708733974120229,-12552659.0,0.35258005324017117,13.770000000000039,8.372857142857153,59.59307285446169,7.851917112558851,MSFT
2026-06-04,428.09,820194.0,0.0011927592497309458,0.0011920484775476252,0.002623135114879105,0.016647667901586338,7.009999999999991,925742.8,292508.86641129514,0.8859847465192275,-11732465.0,0.35229237775356476,0.5099999999999909,8.098571428571436,58.22455459516667,7.113260533578398,MSFT
2026-06-05,416.635,860710.0,-0.02675839192693119,-0.027122915109718804,-0.07299083303666787,-0.0056443914081145685,-2.365000000000009,933367.7,288500.12640535383,0.9221553306376469,-12593175.0,0.361682446618845,11.454999999999984,8.019642857142864,47.61077710977511,5.53968901974946,MSFT
2026-06-08,411.76,771640.0,-0.011700889267584391,-0.011769883395591752,-0.10580264072272416,-0.016105137395460045,-6.740000000000009,931008.6,289676.58556658606,0.8288215597578799,-13364815.0,0.36069333513412005,4.875,8.252857142857149,44.87190583347758,3.85481459700884,MSFT
2026-06-09,403.11,1042767.0,-0.02100738294151927,-0.02123117778907093,-0.08664325365356296,-0.031195174120983382,-12.979999999999961,949406.65,284181.03599202837,1.0983354708964803,-14407582.0,0.3678508633796852,8.649999999999977,8.435357142857145,43.9010965747915,1.8007982874883055,MSFT
2026-06-10,397.41,811363.0,-0.014140061025526451,-0.014240984191148137,-0.07055989522428541,-0.03707203605437226,-15.299999999999955,945078.95,285661.61879830994,0.858513460700823,-15218945.0,0.36887963936765067,5.699999999999989,8.587857142857144,40.15636696332032,-0.2836965223923471,MSFT
2026-06-11,390.255,1282778.0,-0.01800407639465551,-0.018168121751007543,-0.08838094793150963,-0.08598964798463604,-36.71500000000003,969943.15,292597.92529992136,1.3225290575019784,-16501723.0,0.37336195866471505,7.15500000000003,8.950357142857147,38.52998683212961,-2.4843839486817956,MSFT
2026-06-12,390.67,1076764.0,0.0010634072593560528,0.0010628422423830512,-0.06232073637596447,-0.1307627269490922,-58.76999999999998,984033.95,290505.344681783,1.0942346044056712,-15424959.0,0.3706903794949643,0.41500000000002046,8.944285714285721,38.88755789809935,-4.1471517732825305,MSFT
2026-06-15,400.05,864287.0,0.024010034044078088,0.023726325440477425,-0.028438896444530792,-0.13123262682418346,-60.43000000000001,971778.5,290108.28448819614,0.8893868304351249,-14560672.0,0.3635629678869507,9.379999999999995,9.44214285714286,43.932975262879204,-4.654367000268508,MSFT
2026-06-16,393.97,1019208.0,-0.015198100237470258,-0.015314775029138075,-0.022673711890054737,-0.10735244137305988,-47.379999999999995,991315.7,278704.16174712643,1.028136647084274,-15579880.0,0.36549747363137897,6.079999999999984,9.635000000000003,43.05359922900143,-5.4837308732601855,MSFT
2026-06-17,379.05,1048923.0,-0.03787090387592973,-0.038606641764682,-0.046199139427794966,-0.11349922821460301,-48.52999999999997,1006242.3,273058.8916545101,1.0424159270585225,-16628803.0,0.38392655804920495,14.920000000000016,9.682142857142859,32.32386573220214,-7.261224154113904,MSFT
2026-06-18,379.08,1164213.0,7.914523149965547e-05,7.914209968106548e-05,-0.02863512318868433,-0.11448527178864254,-49.00999999999999,1022426.4,272311.5488567809,1.138676583468502,-15464590.0,0.3812682157381072,0.029999999999972715,8.079285714285716,18.897533374591106,-8.568704939351278,MSFT
2026-06-22,367.21,1364587.0,-0.03131265168302211,-0.03181337311100494,-0.06005068216141507,-0.11862901580520124,-49.42500000000001,1052237.1,275649.9689848667,1.2968436486415464,-16829177.0,0.3925680991792762,11.870000000000005,8.138571428571428,9.070563454449683,-10.442329999701371,MSFT
2026-06-23,373.93,905629.0,0.01830015522453099,0.018134722630442093,-0.06529183852018494,-0.09187390713036714,-37.829999999999984,1070691.0,250517.99550594343,0.8458360068404422,-15923548.0,0.401909328878106,6.720000000000027,7.252142857142859,16.797990741652725,-11.255200574053163,MSFT
2026-06-24,365.46,1182848.0,-0.022651298371353046,-0.022911780044983145,-0.07236591618651178,-0.09339882414229372,-37.650000000000034,1092271.15,239917.2492895429,1.0829252425096096,-17106396.0,0.40660428263807474,8.470000000000027,6.87357142857143,17.72316325470227,-12.439470105821044,MSFT
2026-06-25,352.415,2522776.0,-0.035694740874514186,-0.036347375653556606,-0.07026777469990764,-0.11322060340706075,-44.995000000000005,1176528.4,392908.3380420805,2.144254231347072,-19629172.0,0.41993345732490633,13.044999999999959,7.76892857142857,15.211694938629165,-14.266183042609839,MSFT
2026-06-26,371.67,2989666.0,0.05463728842415905,0.05319690537286568,-0.019547325102880597,-0.047622708229234645,-18.58499999999998,1259302.85,564695.771094702,2.3740643483813284,-16639506.0,0.451497927832238,19.254999999999995,8.326071428571428,30.7124780165573,-13.998779411403234,MSFT
2026-06-29,368.515,1577857.0,-0.008488713105712087,-0.008524947431721237,0.0035538247869066897,-0.05671026697724435,-22.15500000000003,1262698.95,566483.8254724889,1.249590807056583,-18217363.0,0.3937119274641257,3.1550000000000296,8.203214285714287,31.17244982367538,-13.88142580391775,MSFT
2026-06-30,372.92,988755.0,0.011953380459411411,0.011882503064456916,-0.00270104030166074,-0.06781652293463314,-27.129999999999995,1233240.75,564544.5515397793,0.8017534289229414,-17228608.0,0.3815615664390772,4.40500000000003,7.900000000000006,36.35171790235082,-13.279893196298985,MSFT
2026-07-01,384.38,1541022.0,0.030730451571382655,0.030267727177765786,0.05177037158649389,-0.024341954971190738,-9.590000000000032,1255062.7,567735.7147370694,1.2278446327820913,-15687586.0,0.38903345537555606,11.45999999999998,8.311428571428577,44.40099690615331,-11.743081116867756,MSFT
2026-07-02,389.79,1346140.0,0.014074613663562108,0.013976485956496067,0.10605394208532548,0.02833399287692928,10.740000000000009,1259106.35,568100.1078712207,1.0691233508591231,-14341446.0,0.38423219167889433,5.410000000000025,8.186785714285719,49.79714697029186,-9.973634831081256,MSFT
2026-07-06,386.81,1115599.0,-0.007645142256086701,-0.007674516163717745,0.04073506067210153,0.02039147409517783,7.730000000000018,1273876.6,559868.5946166677,0.8757512305352024,-15457045.0,0.3838249931555214,2.980000000000018,8.370000000000005,48.35296125618706,-8.711377657532523,MSFT
2026-07-07,388.74,1269848.0,0.004989529743284926,0.004977123290883961,0.05488243355087308,0.05863130089049862,21.53000000000003,1294333.5,551387.9099066383,0.9810825417096908,-14187197.0,0.3761825807610833,1.9300000000000068,7.837857142857148,44.846441264923,-7.469194656518141,MSFT
2026-07-08,383.11,1124752.0,-0.014482687657560334,-0.014588585478780803,0.027324895419929218,0.024550049474500568,9.180000000000007,1311989.1,539290.903951213,0.8572876100876142,-15311949.0,0.377145308283048,5.6299999999999955,7.805714285714292,45.031112737920935,-6.85997213827028,MSFT
2026-07-09,384.24,1217629.0,0.002949544517240499,0.0029452031454288664,-0.0003642229044175105,0.05138729272697429,18.78000000000003,1320732.2,536104.5339933942,0.9219348176715916,-14094320.0,0.3718039925953868,1.1299999999999955,6.82071428571429,52.71756204838203,-6.214342277668436,MSFT
2026-07-10,385.09,969305.0,0.002212159067249475,0.002209715845912769,-0.01205777469919711,0.09271739284650193,32.674999999999955,1328629.3,529326.7902782996,0.7295526299171635,-13125015.0,0.3693237603443367,0.8499999999999659,6.879285714285719,53.12013290416363,-5.569881933576767,MSFT
2026-07-13,390.985,1253350.0,0.015308109792516067,0.015192122875643158,0.010793412786639367,0.051968143783463816,19.314999999999998,1327157.9,529501.8263552724,0.9443864968893303,-11871665.0,0.3682894707972669,5.895000000000039,6.452500000000007,63.15935130348149,-4.531232012324551,MSFT
2026-07-14,384.94,1113317.0,-0.015460951187385774,-0.015581718091147282,-0.009775171065493637,0.04457077730892922,16.42500000000001,1328985.55,528654.4746321334,0.83771941688907,-12984982.0,0.37251055526695925,6.045000000000016,6.40428571428572,56.13986169975462,-4.148059202086245,MSFT
2026-07-15,395.61,1577874.0,0.027718605496960702,0.027341399500739758,0.03262770483673094,0.06084414887911627,22.689999999999998,1364664.9,519644.40854278393,1.1562354978134193,-11407108.0,0.3759606570617609,10.670000000000016,6.561428571428577,66.41084258654475,-2.9494131632717426,MSFT
2026-07-16,401.12,1244751.0,0.013927858244230373,0.0138317569222658,0.04393087653549865,0.0435506529996359,16.74000000000001,1375942.05,514171.3469610447,0.9046536516563325,-10162357.0,0.374858932569218,5.509999999999991,6.023214285714293,78.87933590275713,-1.5371473133370728,MSFT
2026-07-17,394.015,980663.0,-0.017712903869166352,-0.017871654770744254,0.023176400322002744,0.010839169809384375,4.224999999999966,1372529.05,516676.7493778192,0.7144934382263166,-11143020.0,0.3532232830917482,7.105000000000018,5.155357142857151,65.4797367509525,-0.979934498563864,MSFT
2025-08-20,175.41,3225977.0,-0.0014232039166571786,-0.0014242176332825123,-0.033819884329385874,-0.022404280220698958,-4.02000000000001,2638355.8,604788.9984200754,1.2227225001267836,-7088263.0,0.2537152971253065,0.25,2.182857142857141,45.66426701570679,1.4895730670291698,NVDA
2025-08-21,174.96,2725237.0,-0.002565418163160582,-0.0025687144871764126,-0.03881334981458584,-0.03256842687309913,-5.889999999999986,2668266.95,592843.6950384029,1.0213509559079161,-9813500.0,0.24709099765314774,0.44999999999998863,1.9074999999999969,52.2561318105224,1.0591212525876017,NVDA
2025-08-22,177.98,2901533.0,0.017261088248742507,0.01711380806020371,-0.013523999556590116,-0.026127876118300475,-4.775000000000006,2718314.25,566280.3465967863,1.0674016074484398,-6911967.0,0.2539903649748729,3.019999999999982,1.6785714285714246,45.74468085106382,0.9507146030668991,NVDA
2025-08-25,179.79,2987158.0,0.010169681986740065,0.010118318709487385,-0.012169995329798677,-0.012088576295400943,-2.200000000000017,2727540.6,569222.0140725225,1.0951836977238762,-3924809.0,0.24828534201174252,1.8100000000000023,1.6853571428571388,53.23161686798052,0.9993337283362393,NVDA
2025-08-26,181.7,1586433.0,0.010623505200511696,0.010567472263921912,0.0343846066264375,-0.008025331659114454,-1.4699999999999989,2670236.6,623769.8287740271,0.5941170156981594,-2338376.0,0.24875921626137626,1.9099999999999966,1.7385714285714227,54.663105998356585,1.1784018894066435,NVDA
2025-08-27,181.57,2622222.0,-0.0007154650522839257,-0.0007157211195498503,0.0351177241890428,0.00011016248967221642,0.01999999999998181,2692324.3,613246.8369231276,0.9739621634733974,-4960598.0,0.23746714430939728,0.12999999999999545,1.6464285714285662,51.56182212581345,1.2948980054657113,NVDA
2025-08-28,180.16,3664524.0,-0.007765600044060128,-0.007795909331250016,0.029721079103795178,-0.01024584535091344,-1.865000000000009,2666846.5,556395.9170301686,1.3741038338727032,-8625122.0,0.23781353860848267,1.4099999999999966,1.611071428571423,44.24739525604077,1.2589345863614199,NVDA
2025-08-29,174.215,3812723.0,-0.032998445825932476,-0.0335551763180686,-0.021154062254185813,-0.034391974282230287,-6.204999999999984,2709495.8,610125.9906868762,1.4071706625269544,-12437845.0,0.2517047072168672,5.944999999999993,1.9810714285714235,35.983414458265685,0.7421662712641819,NVDA
2025-09-02,170.75,5040348.0,-0.019889217346382382,-0.02008967018235753,-0.05028088325268365,-0.061838960468118986,-11.254999999999995,2818111.4,802778.4244892302,1.788555271448815,-17478193.0,0.22336595435332152,3.4650000000000034,2.144285714285711,29.313790806129234,0.0524228190226097,NVDA
2025-09-03,170.6,3294243.0,-0.0008784773060029893,-0.0008788633933207624,-0.061089708310401725,-0.028805647273141277,-5.060000000000002,2845201.4,809558.7614784138,1.157824187771031,-20772436.0,0.2218784869109592,0.15000000000000568,2.0392857142857133,30.823117338003456,-0.5005376956284806,NVDA
2025-09-04,171.66,2458046.0,0.006213364595545112,0.006194141232495127,-0.05457950101889075,-0.021378484693004962,-3.75,2855032.65,803265.6719927248,0.8609519754528903,-18314390.0,0.22171521226135613,1.0600000000000023,2.081071428571428,32.21211601166979,-0.8435063302339927,NVDA
2025-09-05,167.07,3342342.0,-0.026738902481649784,-0.027102890020386974,-0.07265763765541744,-0.04509602194787388,-7.890000000000015,2912887.05,794103.380080524,1.1474327506107729,-21656732.0,0.23466397221277116,4.590000000000003,2.2942857142857127,29.21855541718554,-1.4687551883410492,NVDA
2025-09-08,168.325,3355349.0,0.007511821392230722,0.007483748161657572,-0.03380879947191695,-0.054247668277334515,-9.655000000000001,2989130.3,757048.2477146355,1.1225168069789397,-18301383.0,0.23244204494415874,1.2549999999999955,2.2707142857142832,28.4837999370871,-1.8417706163355945,NVDA
2025-09-09,170.75,2835056.0,0.014406653794742486,0.014303864019555034,0.0,-0.05028088325268365,-9.039999999999992,3046367.75,694360.4914495727,0.9306348519478648,-15466327.0,0.24144088610590336,2.4250000000000114,1.990714285714284,41.191245066379615,-1.919583038652263,NVDA
2025-09-10,177.27,6832038.0,0.038184480234260576,0.03747349557479344,0.03909730363423214,-0.02438084755090797,-4.429999999999978,3252965.0,1088657.7422324873,2.10024946471911,-8634289.0,0.2810529823056348,6.52000000000001,2.4385714285714277,52.72407732864677,-1.4385576368929662,NVDA
2025-09-11,177.08,3101368.0,-0.001071811361200381,-0.0010723861617525938,0.031574041710357825,-0.02472875475023395,-4.489999999999981,3242697.1,1089092.3484262577,0.9564161882403386,-11735657.0,0.27970509179119574,0.18999999999999773,2.4199999999999995,53.12868949232586,-1.060448759310674,NVDA
2025-09-12,177.8,2349994.0,0.004065958888637811,0.0040577152158638346,0.06422457652481017,-0.01309946714031962,-2.359999999999985,3235440.9,1094803.8033757897,0.7263288289395118,-9385663.0,0.2800075528373146,0.7199999999999989,2.2557142857142867,49.715009499683376,-0.6946888266258497,NVDA
2025-09-15,177.76,3139183.0,-0.0002249718785153343,-0.0002249971884844877,0.056052279815832495,0.020348420055678273,3.5449999999999875,3259933.75,1086448.7999446867,0.9629591398904962,-12524846.0,0.27849314214695675,0.040000000000020464,2.1292857142857167,46.59510231465951,-0.40339897820749115,NVDA
2025-09-16,174.89,2411570.0,-0.016145364536453655,-0.01627712103021999,0.02424597364568082,0.02424597364568082,4.139999999999986,3255986.85,1089530.1355771031,0.7406571681946442,-14936416.0,0.28140029736812966,2.8700000000000045,2.1978571428571456,38.93402664933377,-0.3995291655924973,NVDA
2025-09-17,170.21,4235491.0,-0.026759677511578595,-0.02712423604121806,-0.03982625373723703,-0.0022860492379834785,-0.38999999999998636,3296041.75,1110949.1943357966,1.2850234679217882,-19171907.0,0.2700310673580509,4.679999999999978,2.5228571428571445,33.91845979614952,-0.7652775555312701,NVDA
2025-09-18,176.22,2715302.0,0.035309323776511414,0.03470024561870204,-0.004856562005873144,0.026564138413142313,4.560000000000002,3270508.0,1118487.3308406079,0.830238605134126,-16456605.0,0.2998851951051152,6.009999999999991,2.8514285714285728,45.065130260521045,-0.5636812507194122,NVDA
2025-09-19,176.54,1832936.0,0.001815911928271463,0.0018142651535030824,-0.007086614173228423,0.056682827557311244,9.469999999999999,3225892.95,1158464.205970468,0.5681949241372067,-14623669.0,0.299713865923751,0.3199999999999932,2.4496428571428583,53.38970695436651,-0.3737846443771389,NVDA
2025-09-22,183.6,5768896.0,0.03999093689815347,0.03921199859430336,0.03285328532853282,0.09074706668646959,15.275000000000006,3369261.1,1286556.2687438491,1.7122139925575965,-8854773.0,0.32614796167448123,7.060000000000002,2.7064285714285723,66.9569807337028,0.34244528531414176,NVDA
2025-09-23,178.44,3098046.0,-0.028104575163398704,-0.028507067926326086,0.020298473326090694,0.04503660322108338,7.689999999999998,3374805.5,1285060.9992535682,0.9179924591209775,-11952819.0,0.34100944394767274,5.159999999999997,3.0642857142857145,59.13752913752914,0.4880676486299649,NVDA
2025-09-24,176.87,1658632.0,-0.008798475678098994,-0.00883741081336163,0.03912813583220731,-0.002256444970948346,-0.4000000000000057,3378415.45,1279863.6504848343,0.4909496847109197,-13611451.0,0.3398315681241417,1.5699999999999932,3.1007142857142855,56.000921446671285,0.4713550540924416,NVDA
2025-09-25,177.68,3184893.0,0.004579634759993123,0.004569180139469614,0.008285098172738703,0.003388299073864953,0.5999999999999943,3406549.0,1268500.16668949,0.9349323905219036,-10426558.0,0.34043640735329017,0.8100000000000023,2.8307142857142855,63.38632349230382,0.5175049580406323,NVDA
2025-09-26,178.19,2233753.0,0.0028703286807743034,0.0028662171531512247,0.009346323779313437,0.0021934758155228717,0.38999999999998636,3335010.45,1293288.441373242,0.6697889057589009,-8192805.0,0.33966951683119406,0.5099999999999909,2.7774999999999994,62.6848399125627,0.5884485584781771,NVDA
2025-09-29,181.83,3142973.0,0.020427633424995983,0.020221787891980193,-0.009640522875816848,0.022896039603960583,4.070000000000022,3301522.95,1288931.5384998652,0.9519767233482354,-5049832.0,0.3241093529890471,3.640000000000015,2.864285714285714,63.815461346633434,0.9276955553055473,NVDA
2025-09-30,186.54,4328023.0,0.025903316284441313,0.025573508667413897,0.04539340954942839,0.06661329978843855,11.650000000000006,3265906.7,1247531.5661171235,1.3252133014087635,-721809.0,0.3232161521640201,4.7099999999999795,2.734999999999997,62.10498824758422,1.5586418285429318,NVDA
2025-10-01,187.245,2254037.0,0.0037793502733998174,0.003772226472406552,0.0586589020184316,0.10008225133658422,17.034999999999997,3213896.4,1267806.66545505,0.7013409019656016,1532228.0,0.3225859692491691,0.7050000000000125,2.7717857142857127,63.09753897693595,2.091449970497621,NVDA
2025-10-02,188.91,1884895.0,0.008892093246815724,0.008852791397637071,0.06320351193156237,0.07201225740551576,12.689999999999998,3185238.85,1292037.3725459736,0.5917593903515274,3417123.0,0.3228749489336116,1.664999999999992,2.839285714285712,63.97484276729559,2.6178785720803717,NVDA
2025-10-03,187.63,1633527.0,-0.006775713302630937,-0.006798772669477834,0.05297715921207691,0.06281862467429478,11.090000000000003,3099798.1,1336826.105676265,0.5269785151490995,1783596.0,0.3040808793354326,1.2800000000000011,2.9278571428571394,62.03952183459382,2.89838099700043,NVDA
2025-10-06,185.51,3530109.0,-0.011298832809252257,-0.011363149549001444,0.02023868448550825,0.010403050108932499,1.9099999999999966,3108536.1,1339153.5200468164,1.1356178234507233,-1746513.0,0.3101058499576813,2.1200000000000045,2.874285714285711,63.19582504970181,2.9160010621428967,NVDA
2025-10-07,185.005,3074664.0,-0.0027222252169694094,-0.002725937210153427,-0.008228798113005253,0.036791078233579855,6.564999999999998,3120516.5,1337649.0809035671,0.9853061183941825,-4821177.0,0.30921216495016945,0.5049999999999955,2.5760714285714266,70.51157632053237,2.8562902748654437,NVDA
2025-10-08,189.09,2268194.0,0.02208048431123477,0.02184024045300004,0.00985340062484985,0.0690902923050829,12.219999999999999,2892324.3,1023575.3746813744,0.7842115076791355,-2552983.0,0.2904489369974776,4.085000000000008,2.4385714285714277,68.84885764499123,3.1028269483675786,NVDA
2025-10-09,192.555,2451157.0,0.018324607329842868,0.018158735011871048,0.019294902334445085,0.08371791985592081,14.875,2859813.75,1026906.8272777068,0.8571037187299347,-101826.0,0.2946268085431021,3.4650000000000034,2.6632142857142855,71.4764650663806,3.5370328669419564,NVDA
2025-10-10,183.15,3735323.0,-0.04884318766066842,-0.0500763379801762,-0.023876778766721674,0.027835456535159064,4.960000000000008,2929080.2,1037376.7131242051,1.2752546004032255,-3837149.0,0.3499864031860946,9.405000000000001,2.8307142857142855,49.43224829674491,3.086658212070688,NVDA
2025-10-13,188.31,2791804.0,0.02817362817362823,0.027784051772726727,0.015093525955474085,0.03563768355056918,6.47999999999999,2911711.25,1036581.5887798996,0.9588189762978729,-1045345.0,0.3622025860829661,5.159999999999997,2.8307142857142855,62.452687358062086,3.110248915951388,NVDA
2025-10-14,180.03,3019148.0,-0.04397004938664972,-0.04496603732801893,-0.026891165103645864,-0.03489868124798967,-6.509999999999991,2942090.15,1030035.0082897427,1.0261915325742144,-4064493.0,0.3939242859288642,8.280000000000001,3.31,53.40958135520068,2.4327744085536267,NVDA
2025-10-15,179.87,5266793.0,-0.0008887407654279977,-0.0008891359296517827,-0.048759849806970235,-0.039386899516676066,-7.375,2993655.25,1120071.6292650253,1.7593184786391152,-9331286.0,0.37953764907976495,0.1599999999999966,3.2635714285714283,52.39658568614576,1.8615020804379583,NVDA
2025-10-16,181.84,4348972.0,0.010952354478234172,0.010892811804408256,-0.055646438679857746,-0.03742522894500022,-7.069999999999993,3075338.75,1157642.970972615,1.4141440516105745,-4982314.0,0.3614871146345244,1.9699999999999989,3.3678571428571433,53.87062566277837,1.5498613438181508,NVDA
2025-10-17,183.165,4804343.0,0.0072866256049273215,0.007260206408807007,8.190008189989939e-05,-0.02379683419495815,-4.465000000000003,3223909.1,1180255.0090626448,1.4902228477843869,-177971.0,0.36200763266298724,1.3249999999999886,3.2024999999999983,51.48879223820674,1.3937341416935567,NVDA
2025-10-20,182.55,3191719.0,-0.0033576283678649066,-0.0033632778514488546,-0.03058786044288664,-0.015956013152929605,-2.9599999999999795,3095050.25,1017194.8439039737,1.0312333378109129,-3369690.0,0.3333888453895458,0.6149999999999807,2.909999999999999,45.103092783505176,1.2064694204655382,NVDA
2025-10-21,181.13,2839288.0,-0.007778690769652208,-0.007809102596820693,0.006110092762317443,-0.020945379854598545,-3.875,3082112.35,1018799.0666959583,0.921214958306111,-6208978.0,0.31818342244447,1.420000000000016,2.9610714285714272,42.624532625738745,0.9327267537431396,NVDA
2025-10-22,180.34,3107387.0,-0.0043615083089493245,-0.0043710474330645515,0.0026129982765330517,-0.04627426093394682,-8.75,3154550.1,962192.5941445514,0.9850491834001939,-9316365.0,0.31676859709252664,0.789999999999992,2.8985714285714272,39.440611138491874,0.6446066957271057,NVDA
2025-10-23,182.12,2949036.0,0.009870245092602925,0.009821852394820764,0.0015398152221732797,-0.054192308691023316,-10.435000000000002,3142757.25,963245.9133958351,0.9383594612660586,-6367329.0,0.318079270672947,1.7800000000000011,2.9342857142857133,43.293573515092504,0.5535199642817474,NVDA
2025-10-24,186.29,3158161.0,0.022896990994948352,0.02263878883503585,0.017061119755411802,0.017144417144417057,3.1399999999999864,3188977.65,939211.1232102284,0.990336511138609,-3209168.0,0.32709933347850795,4.1699999999999875,3.0807142857142833,50.904242986320426,0.8084973688270338,NVDA
2025-10-27,191.44,3091774.0,0.027645069515271903,0.02726984429850068,0.04869898657901928,0.016621528330943658,3.1299999999999955,3186417.7,939412.8681521241,0.970297773578147,-117394.0,0.33331081085588166,5.150000000000006,3.4124999999999983,56.73469387755103,1.409878556219212,NVDA
2025-10-28,201.05,6245465.0,0.050198495612202354,0.04897918974316524,0.10997626014464768,0.11675831805810155,21.02000000000001,3282289.8,1138746.1417492486,1.9027768358540431,6128071.0,0.36527893430194974,9.610000000000014,3.807142857142856,61.219512195121965,2.6315888476949,NVDA
2025-10-29,207.035,6715417.0,0.029768714250186346,0.02933422775491822,0.14802595098147941,0.15102574081280928,27.164999999999992,3505358.8,1345009.7966201464,1.9157573826679313,12843488.0,0.3765417016226764,5.984999999999985,3.9871428571428544,62.9702615549982,4.036215556427209,NVDA
2025-10-30,202.9,3054330.0,-0.01997246842321343,-0.02017461426643232,0.11410059301559405,0.11581610206775195,21.060000000000002,3563830.55,1295358.5329214728,0.8570356971657926,9789158.0,0.3866971634409789,4.134999999999991,3.6107142857142827,69.53511374876362,4.760852259206899,NVDA
2025-10-31,202.49,3617748.0,-0.0020206998521439257,-0.0020227442205910896,0.08696118954318544,0.10550596456746653,19.325000000000017,3663041.6,1213110.3888432018,0.9876349752620882,6171410.0,0.3853282914310479,0.4099999999999966,3.2714285714285682,65.48034934497818,5.241626288345316,NVDA
2025-11-03,207.0,3685400.0,0.0222727048249296,0.02202829065419107,0.08127872962808191,0.133935907970419,24.44999999999999,3670806.15,1212711.675544576,1.0039756525960926,9856810.0,0.3859615746385549,4.509999999999991,3.0021428571428532,82.08422555317634,5.918339544355774,NVDA
2025-11-04,198.6,3980267.0,-0.04057971014492756,-0.041426041654296884,-0.012186023377269373,0.09645006349031093,17.47,3716086.3,1206170.4790703724,1.0710911100207765,5876543.0,0.41899922231963665,8.400000000000006,3.590714285714282,68.62940123333996,5.710997057818673,NVDA
2025-11-05,195.175,4070656.0,-0.01724572004028191,-0.017396159604717513,-0.05728500012075244,0.08226128424087831,14.835000000000008,3806209.4,1158696.667170371,1.0694776803399204,1805887.0,0.4196016988639129,3.424999999999983,3.6946428571428527,62.890285161913994,5.210247279958338,NVDA
2025-11-06,188.14,5372175.0,-0.03604457538106842,-0.036710225462549415,-0.07274519467718099,0.03305512848671199,6.019999999999982,3952260.3,1162991.725307581,1.359266493656807,-3566288.0,0.43548850937997613,7.035000000000025,4.102499999999998,54.33098285017846,4.197349336848845,NVDA
2025-11-07,188.205,5672369.0,0.0003454874029980015,0.0003454277359675957,-0.07054669366388466,0.01027967147995068,1.9150000000000205,4049112.6,1223079.5923862536,1.400891889250005,2106081.0,0.396799277837917,0.06500000000002615,4.063214285714287,54.97055462775775,3.3611204715995484,NVDA
2025-11-10,199.045,3572456.0,0.05759676948008807,0.05599913553430344,-0.03842995169082131,0.03972524028416213,7.60499999999999,4088145.2,1192927.7522208954,0.8738574158275982,5678537.0,0.4348007367958508,10.839999999999975,4.736071428571427,63.509539250433605,3.532381383764914,NVDA
2025-11-11,193.265,4104943.0,-0.029038659599588068,-0.02946862569514709,-0.02686304128902317,-0.03872171101716004,-7.785000000000025,4142434.95,1166123.4797787094,0.9909492966208195,1573594.0,0.41617952129819674,5.780000000000001,5.092499999999999,59.06445052247702,3.1652224815154,NVDA
2025-11-12,193.86,3232180.0,0.003078674359040745,0.003073944945532691,-0.006737543230434184,-0.06363658318641763,-13.174999999999983,4040704.3,1151530.6970368242,0.7999051056520023,4805774.0,0.415815037354324,0.5950000000000273,5.0078571428571435,58.37255740978463,2.8889558489094327,NVDA
2025-11-13,186.97,3443123.0,-0.03554111214278355,-0.03618807288727918,-0.006218773253959697,-0.0785115820601282,-15.930000000000007,3995411.85,1156571.2095593621,0.8617692316250201,1362651.0,0.4377873515145747,6.890000000000015,5.20214285714286,50.46684058766992,2.0899554290739104,NVDA
2025-11-14,190.285,3084928.0,0.017730117131090628,0.017574772107039307,0.011051778645625676,-0.06027458146081299,-12.205000000000013,3909441.1,1157180.6512156532,0.7890969376671259,4447579.0,0.4410958362395462,3.3149999999999977,5.071071428571431,49.186562433974224,1.7045852377033555,NVDA
2025-11-17,186.67,3170265.0,-0.01899781906088238,-0.019180596239716567,-0.062171870682508956,-0.09821256038647352,-20.330000000000013,3908368.4,1157890.718679689,0.8111479460329277,1277314.0,0.44719543915170595,3.615000000000009,4.642857142857145,38.938461538461524,1.0948554839206963,NVDA
2025-11-18,181.26,3742933.0,-0.0289816253281191,-0.029409887417869828,-0.062116782655938674,-0.08731117824773416,-17.340000000000003,3953550.65,1131303.7348050799,0.9467269630148788,-2465619.0,0.45919706319943576,5.409999999999997,4.601785714285717,29.99611951882035,0.1731030502285762,NVDA
2025-11-19,186.7,4449420.0,0.030012137261392402,0.02957058592104124,-0.03693386980295066,-0.043422569488920315,-8.475000000000023,4020652.3,1118197.6929140594,1.1066413278263332,1983801.0,0.4705099696057131,5.439999999999998,4.695000000000003,37.67685988133273,-0.1170802303020082,NVDA
2025-11-20,180.92,5384530.0,-0.030958757364756284,-0.031448105938034515,-0.03235813232069318,-0.038375677686828924,-7.219999999999999,4142427.0,1127927.1827760674,1.2998490981253261,-3400729.0,0.4837583999884129,5.780000000000001,5.078571428571432,34.83122362869199,-0.8041801768111441,NVDA
2025-11-21,178.93,7522235.0,-0.010999336723413577,-0.011060276705871846,-0.05967364742360137,-0.04928136872027844,-9.275000000000006,4360630.7,1331288.2626572882,1.72503372046617,-10922964.0,0.47750254312676016,1.9899999999999807,4.898571428571431,29.534849810440377,-1.4920883380155772,NVDA
2025-11-24,182.835,4345785.0,0.02182417705247852,0.02158943887213888,-0.02054427599507136,-0.08143887060714905,-16.20999999999998,4423331.25,1297484.1286476748,0.9824688123911136,-6577179.0,0.47320400456385614,3.905000000000001,4.577500000000002,37.69992978075995,-1.702533896360734,NVDA
2025-11-25,177.8,6778353.0,-0.027538490989143183,-0.027924783696105213,-0.01908860200816498,-0.08001966212195677,-15.464999999999975,4449975.65,1341593.5884889108,1.523233728256468,-13355532.0,0.43895254710823284,5.034999999999997,4.6925000000000034,36.77601035086385,-2.2496632210316534,NVDA
2025-11-26,180.18,3651964.0,0.013385826771653564,0.013297028143489726,-0.03492233529726829,-0.07056638811513471,-13.680000000000007,4296803.0,1240393.7118151756,0.8499258634850143,-9703568.0,0.4249932013664601,2.3799999999999955,4.360000000000001,43.479685452162535,-2.4628310597791483,NVDA
2025-11-28,176.95,2869989.0,-0.017926517926518004,-0.0180891444318216,-0.02194340039796594,-0.05359148526501578,-10.02000000000001,4287585.95,1250753.7643263657,0.6693717708446171,-12573557.0,0.42419963730453253,3.230000000000018,4.5860714285714295,41.23510630013238,-2.8594402660937988,NVDA
2025-12-01,179.965,4518158.0,0.01703871150042402,0.016895180747521808,0.005784384955010324,-0.05423443781695869,-10.319999999999993,4332606.45,1241545.265578575,1.042826772323159,-8055399.0,0.4321777686464348,3.015000000000015,4.027142857142861,33.079106065980866,-2.897074940373443,NVDA
2025-12-02,181.33,3914237.0,0.007584808157141687,0.007556188126940233,-0.00823146552902887,-0.028606632024428036,-5.339999999999975,4344048.3,1236310.2312989363,0.9010574306920115,-4141162.0,0.4226868015291521,1.365000000000009,3.7117857142857185,38.51630905417112,-2.7846568083660657,NVDA
2025-12-03,179.515,3504383.0,-0.010009375172337909,-0.010059805769389345,0.009645669291338477,-0.009627055059031275,-1.7450000000000045,4320254.1,1248202.380583579,0.8111520570051656,-7645545.0,0.40325076059778286,1.8150000000000261,3.7989285714285757,36.51405471467518,-2.8096322683789197,NVDA
2025-12-04,183.45,4313834.0,0.021920173801632137,0.021683380904745937,0.018148518148518145,-0.017407605784681257,-3.25,4332413.0,1246826.702687814,0.9957116276772321,-3331711.0,0.41102393524356823,3.9350000000000023,3.587857142857146,46.49611785785387,-2.483278201227961,NVDA
2025-12-05,182.355,3062106.0,-0.005968928863450573,-0.005986814125424129,0.030545351794292186,0.007931682511607363,1.4350000000000023,4216909.55,1252423.2011865915,0.7261493194702268,-6393817.0,0.3921688056895362,1.0949999999999989,3.429285714285718,41.74130389502187,-2.2866386534461185,NVDA
2025-12-08,185.575,4546240.0,0.017657865153135388,0.017503776327743702,0.031172728030450347,0.0371374280444865,6.644999999999982,4160603.1,1208073.7523453513,1.0926877403903295,-1847577.0,0.39788907340448265,3.219999999999999,3.401071428571431,48.85015226294235,-1.8496516726660843,NVDA
2025-12-09,184.98,2635016.0,-0.003206250841977676,-0.0032114018774966977,0.020129046489825164,0.01173188940848302,2.144999999999982,4113731.1,1249567.5237494595,0.6405416241231713,-4482593.0,0.3336848460211698,0.5949999999999989,3.05714285714286,54.34579439252335,-1.5336686914547784,NVDA
2025-12-10,183.75,4018810.0,-0.006649367499189096,-0.0066715730331679286,0.023591343341782034,0.0334645669291338,5.949999999999989,4109424.45,1249747.8223860944,0.9779496007038163,-8501403.0,0.3200976679793258,1.2299999999999898,2.756428571428574,46.17776626068932,-1.3667456299193645,NVDA
2025-12-11,180.99,4148013.0,-0.01502040816326522,-0.015134356972165908,-0.013409648405560026,0.004495504495504399,0.8100000000000023,4155216.1,1232573.613015888,0.998266492084491,-12649416.0,0.32248191797108117,2.759999999999991,2.5407142857142873,50.0983975260051,-1.4405609448996586,NVDA
2025-12-12,175.065,4731441.0,-0.0327366152826124,-0.03328444758835347,-0.039976968001974145,-0.010652726758971443,-1.884999999999991,4219632.0,1227052.2424303566,1.121292330705616,-17380857.0,0.3188889049581576,5.925000000000011,2.821785714285718,45.10821415010758,-1.9546263803411819,NVDA
2025-12-15,176.1,4517319.0,0.0059120897952189555,0.005894681969733799,-0.05105752391216489,-0.02147639818853675,-3.865000000000009,4291251.55,1198814.416323651,1.0526810063138807,-12863538.0,0.3113236716466453,1.0349999999999966,2.616785714285718,40.807970519994534,-2.2525451530621865,NVDA
2025-12-16,177.515,3913906.0,0.00803520726859741,0.008003096885044634,-0.04035571413125749,-0.02103898968731055,-3.815000000000026,4328433.6,1173480.9399681643,0.9042314984339832,-8949632.0,0.3084609855860202,1.414999999999992,2.358214285714289,49.56837800999541,-2.347409773820061,NVDA
2025-12-17,170.98,5979537.0,-0.036813790383911194,-0.037508521789117406,-0.06949659863945579,-0.04754477341726315,-8.534999999999997,4440263.8,1220381.830350717,1.3466625564003654,-14929169.0,0.31852463632233013,6.534999999999997,2.6550000000000034,37.6244283023944,-2.9162933396694655,NVDA
2025-12-18,173.985,4071787.0,0.01757515498888762,0.017422498003861624,-0.03870379578982264,-0.05159443990188051,-9.464999999999975,4421382.15,1223150.9225455918,0.9209307998857325,-10857382.0,0.30431461368809787,3.005000000000024,2.638928571428575,45.98727838679122,-3.089050625281743,NVDA
2025-12-19,181.0,4987999.0,0.0403195677788315,0.039527942663876506,0.03390169365664186,-0.0074305612678565724,-1.3549999999999898,4401555.6,1209858.7224875465,1.1332354861085931,-5869383.0,0.32312784834120284,7.014999999999986,2.924642857142859,51.263890584931,-2.629597779248286,NVDA
2025-12-22,183.675,2413722.0,0.014779005524861999,0.0146708602405155,0.043015332197615,-0.010238448066819172,-1.8999999999999773,4146129.95,1044267.6025594741,0.5821626502565362,-3455661.0,0.3242118024840578,2.6750000000000114,3.0182142857142873,52.77481954798248,-2.0262703610824815,NVDA
2025-12-23,189.2,3894703.0,0.030080304886348053,0.02963676511143666,0.06582542320367302,0.022813277111038976,4.219999999999999,4123575.85,1044599.679378875,0.9444965102315264,439042.0,0.33229724798779614,5.524999999999977,3.283214285714284,60.535189818340044,-1.0897457985755352,NVDA
2025-12-24,188.625,1244838.0,-0.0030391120507399227,-0.003043739529764898,0.1031992045853316,0.026530612244898055,4.875,3846900.1,1037225.0883235919,0.3235950941382647,-805796.0,0.31438698799381454,0.5749999999999886,3.0432142857142828,56.07323084145055,-0.38945167355072385,NVDA
2025-12-26,190.43,2624648.0,0.009569251159708525,0.009523755882712443,0.09451964249791645,0.05215757776672736,9.439999999999998,3795534.3,1072233.6007701075,0.6915094931430339,1818852.0,0.31302719964888737,1.8050000000000068,3.0939285714285694,59.321251298626365,0.3076386144151684,NVDA
2025-12-29,188.23,2188759.0,-0.01155280155437699,-0.011620053634638753,0.03994475138121545,0.0752006397623739,13.164999999999992,3761472.8,1113219.6559264997,0.5818888282270711,-369907.0,0.308167835498216,2.200000000000017,3.0210714285714277,53.13866887338929,0.6747875452782921,NVDA
2025-12-30,187.515,1572752.0,-0.0037985443340594616,-0.0038057771254505104,0.020906492445896152,0.0648211243611585,11.414999999999992,3614202.5,1199343.185767526,0.43515879367578325,-1942659.0,0.30467991933290556,0.7150000000000034,3.0296428571428566,52.98832960037722,0.8977129179456824,NVDA
2025-12-31,186.52,1724343.0,-0.00530624216729314,-0.005320370270515909,-0.014164904862579153,0.050728107483874796,9.005000000000024,3504707.8,1268480.730506944,0.4920076361287523,-3667002.0,0.3051119087584642,0.9949999999999761,3.012857142857141,53.283546704599345,0.9827659829363995,NVDA
2026-01-02,188.825,2742114.0,0.012357924083208127,0.012282188259391445,0.0010603048376407465,0.10436893203883502,17.845,3466594.35,1279891.4511244288,0.7910109240211506,-924888.0,0.30416510202139274,2.3049999999999784,2.9803571428571405,59.38885560215696,1.2220780312005388,NVDA
2026-01-05,188.13,3894580.0,-0.003680656692704898,-0.003687446976472525,-0.012077928897757717,0.08130011207862742,14.144999999999982,3445631.65,1268668.7677457014,1.1302949344570827,-4819468.0,0.29618580429618707,0.6949999999999932,2.6067857142857105,67.89971228935474,1.3402048150974508,NVDA
2026-01-06,187.255,3697948.0,-0.004651039175038507,-0.004661888912516593,-0.005179833182808236,0.03455801104972367,6.2549999999999955,3477423.75,1266517.0904292008,1.063415984318851,-8517416.0,0.2957860854246727,0.875,2.5953571428571394,65.35021329296823,1.3476807305141563,NVDA
2026-01-07,189.17,2716687.0,0.010226696216389275,0.010174757367049274,0.008825960589819548,0.029916972914114437,5.494999999999976,3385946.1,1251235.900266145,0.8023420691782424,-5800729.0,0.291544997318517,1.914999999999992,2.631071428571425,65.8205511062848,1.490943277002856,NVDA
2026-01-08,185.09,3951943.0,-0.021567901887191376,-0.021803888408946585,-0.007666738151404728,-0.021723044397462976,-4.109999999999985,3451792.45,1244270.573124734,1.144895893146762,-9752672.0,0.3022478474126395,4.079999999999984,2.4557142857142815,70.520651541594,1.260725120810207,NVDA
2026-01-09,184.82,2646875.0,-0.0014587497973959085,-0.0014598148087309924,-0.021210115186018785,-0.020172299536116656,-3.805000000000007,3383195.7,1249173.3864910782,0.7823594124336348,-12399547.0,0.30124723213577653,0.27000000000001023,2.2603571428571376,67.11960815294677,1.0444490711343803,NVDA
2026-01-12,184.88,2712269.0,0.0003246401904555274,0.00032458750623086727,-0.01727528836442882,-0.02914456755763284,-5.550000000000011,3311408.5,1244152.1723975854,0.8190680793384446,-9687278.0,0.2956602157439502,0.060000000000002274,1.7635714285714243,57.85743215876874,0.8678857949366829,NVDA
2026-01-13,185.79,3415535.0,0.004922111639982685,0.004910037651953956,-0.007823556113321417,-0.01296286458056628,-2.4399999999999977,3245613.2,1199081.8314214463,1.0523542977949436,-6271743.0,0.267122535087545,0.9099999999999966,1.6374999999999946,54.61286804798252,0.7922548999677304,NVDA
2026-01-14,183.3,4310903.0,-0.013402228322299314,-0.013492848772419862,-0.031030290215150247,-0.022478201743860393,-4.214999999999975,3235292.4,1188400.602943052,1.3324616346887224,-10582646.0,0.2731666545619256,2.4899999999999807,1.4207142857142807,35.16842634489694,0.5253389007758642,NVDA
2026-01-15,187.15,4338760.0,0.021003818876159208,0.02078627950477855,0.01112972067642759,0.0033776538708985004,0.6299999999999955,3256535.1,1204852.5384441689,1.3323240397439597,-6243886.0,0.28065123302297196,3.8499999999999943,1.6546428571428524,46.81631772069934,0.6173524182093217,NVDA
2026-01-16,186.12,2780304.0,-0.005503606732567445,-0.005518807373990195,0.007033870793204278,-0.014325433602541904,-2.704999999999984,3096573.45,1022947.8885811736,0.8978647026764374,-9024190.0,0.24129013490119172,1.0300000000000011,1.5992857142857093,40.37516748548456,0.6002421835123357,NVDA
2026-01-20,178.15,5032110.0,-0.04282183537502682,-0.04376573492460266,-0.03640199048031145,-0.05304842396215381,-9.97999999999999,3144589.6,1091381.8986994324,1.600243796519584,-14056300.0,0.2881160258891843,7.969999999999999,2.011428571428565,32.102272727272705,-0.05578711356946542,NVDA
2026-01-21,183.3,5474004.0,0.028908223407241085,0.02849826279381427,-0.013402228322299314,-0.02112093135029769,-3.954999999999984,3168889.85,1138960.2302396724,1.727420093191311,-8582296.0,0.26991194661117335,5.150000000000006,2.3282142857142794,43.534284399447785,-0.15830821967551856,NVDA
2026-01-22,184.84,3498488.0,0.008401527550463639,0.008366431156406222,0.008401527550463639,-0.022889464502828027,-4.329999999999984,3223128.15,1126870.335565126,1.085432485829023,-5083808.0,0.26644872058337193,1.539999999999992,2.367142857142852,47.46529873264935,-0.11397793848024662,NVDA
2026-01-23,187.64,3285830.0,0.015148236312486407,0.01503464745819158,0.0026182206785998474,0.01377708141984968,2.549999999999983,3192684.5,1115943.8001481076,1.0291746647687863,-1797978.0,0.249134872373059,2.799999999999983,2.4024999999999954,48.23844209900401,0.1454144805585713,NVDA
2026-01-26,186.41,2582372.0,-0.006555105521210747,-0.006576684579103029,0.0015581345368578248,0.008602965047072919,1.5900000000000034,3259561.2,1029823.8540420698,0.7922452874945253,-4380350.0,0.24995957111195713,1.2299999999999898,2.440714285714281,47.48317237342698,0.2488653560953935,NVDA
2026-01-27,188.56,3307933.0,0.011533716002360528,0.011467709746721644,0.058433904013471816,0.019904803115534442,3.680000000000007,3293725.45,1018928.4200019808,1.004313519816899,-1072417.0,0.25110088050125656,2.1500000000000057,2.53178571428571,51.84088023698689,0.49859051093372386,NVDA
2026-01-28,191.52,3032804.0,0.015697921086126554,0.015575983181787463,0.044844517184942756,0.030841272404327658,5.730000000000018,3335927.7,987756.5203400177,0.9091336122182744,1960387.0,0.25362850282951716,2.960000000000008,2.606428571428568,53.220060290490586,0.9246875352551456,NVDA
2026-01-29,192.49,3503730.0,0.005064745196324161,0.005051962516881081,0.0413871456394721,0.050136388434260715,9.189999999999998,3432476.6,896499.9541198442,1.0207585974511815,5464117.0,0.2533607276732359,0.9699999999999989,2.384285714285712,61.0844817255842,1.3253654029114728,NVDA
2026-01-30,191.13,4306864.0,-0.007065302093615333,-0.007090379530037648,0.018599445747175425,0.02126636387924119,3.9799999999999898,3561602.65,820266.1115393724,1.2092488756431041,1157253.0,0.2540572124486009,1.3600000000000136,2.462142857142855,59.15288656803018,1.5156929014694072,NVDA
2026-02-02,185.66,3534375.0,-0.028619264375032705,-0.02903678082472002,-0.004023389303148939,-0.002471523748119542,-0.46000000000000796,3601215.7,797419.8261596806,0.9814394066981325,-2377122.0,0.2715334746997638,5.469999999999999,2.848571428571426,50.97793380140421,1.2111837575878042,NVDA
2026-02-03,180.28,5177349.0,-0.028977701174189407,-0.029405846149339002,-0.04391175222740773,0.011956216671344277,2.1299999999999955,3665354.15,870497.3761375406,1.4125098934846447,-7554471.0,0.28946615361827926,5.3799999999999955,3.1678571428571405,43.78804960541151,0.5296317644316844,NVDA
2026-02-04,174.195,4794069.0,-0.03375305080985136,-0.03433583645661673,-0.0904605263157896,-0.049672667757774236,-9.105000000000018,3720160.2,906421.7894267767,1.2886727297388967,-12348540.0,0.31069592603225576,6.085000000000008,3.4246428571428567,40.50474502033578,-0.49579651242203227,NVDA
2026-02-05,171.82,6856680.0,-0.01363414564137888,-0.013727944155920324,-0.1073822016728142,-0.07043929885306222,-13.02000000000001,3927159.85,1114125.3269121856,1.7459640712103939,-19205220.0,0.30832636925434137,2.375,3.3192857142857144,33.50548741123305,-1.48300332178124,NVDA
2026-02-06,185.21,6545464.0,0.07793039227098131,0.0750428992247999,-0.0309736828336733,-0.012950330419952971,-2.4299999999999784,4056835.9,1258713.095853475,1.6134406619700836,-12659756.0,0.4184100330798539,13.390000000000015,4.202142857142858,49.22658507564168,-1.171407479293066,NVDA
2026-02-09,189.92,4904191.0,0.025430592300631494,0.025112614426647382,0.022945168587741094,0.018829461938737246,3.509999999999991,4169701.7,1226421.0156635302,1.1761491235691992,-7755565.0,0.42764697391021683,4.7099999999999795,3.969285714285714,60.59024653590065,-0.5382038137619816,NVDA
2026-02-10,188.42,3140267.0,-0.007898062342038714,-0.007929417240836173,0.04515198579986679,-0.0007424692405600952,-0.14000000000001478,4191101.6,1203165.3046880513,0.749270072574714,-10895832.0,0.4289920909986415,1.5,3.7085714285714277,54.93066255778118,-0.15562881867336387,NVDA
2026-02-11,189.98,3358517.0,0.008279375862435101,0.008245289841514809,0.09061683745228044,-0.008040935672514737,-1.5400000000000205,4188250.7,1205165.620201598,0.8018901542832667,-7537315.0,0.42953421684551,1.5600000000000023,3.71,54.94801694262609,0.270327417577505,NVDA
2026-02-12,186.9,3725199.0,-0.016212232866617438,-0.016345089000519133,0.08776626702362944,-0.029040469634786237,-5.590000000000003,4158965.5,1209138.0161873244,0.8957032704406901,-11262514.0,0.4309371565846087,3.079999999999984,3.73,49.29145921103027,0.3552751534711831,NVDA
2026-02-13,182.78,4199690.0,-0.022043873729266972,-0.022290470617461554,-0.013120241887587092,-0.043687542510333244,-8.349999999999994,4152012.0,1208449.3217391397,1.0114831074669342,-15462204.0,0.43194521590046375,4.1200000000000045,3.9364285714285723,46.70658682634731,0.08911995904631453,NVDA
2026-02-17,185.11,4729350.0,0.012747565379144454,0.012666999127538296,-0.025326453243470826,-0.0029624043951308465,-0.549999999999983,4249464.3,1169985.218406359,1.1129285166603236,-10732854.0,0.43418118164984565,2.3300000000000125,3.9492857142857156,46.88008681497559,0.06544714336820334,NVDA
2026-02-18,187.89,3858348.0,0.015018097347522907,0.014906442233837242,-0.0028128648763401376,0.042212114488573205,7.609999999999985,4190776.2,1158038.1463870408,0.920676222223463,-6874506.0,0.4060117754009983,2.7799999999999727,3.9364285714285705,46.70658682634728,0.26792061093240704,NVDA
2026-02-19,187.885,2880200.0,-2.6611315131153113e-05,-2.6611669218481452e-05,-0.011027476576481732,0.0785900858233588,13.689999999999998,4061086.0,1151990.0413279335,0.7092191596041059,-9754706.0,0.3943173506133386,0.0049999999999954525,3.867499999999999,45.747529781143214,0.423101582831066,NVDA
2026-02-20,189.76,4749183.0,0.009979508742049559,0.009930042273147878,0.015302300695559046,0.10441159352811091,17.939999999999998,4123620.75,1153787.564221916,1.1517021782374144,-5005523.0,0.3947219966349073,1.875,3.904285714285712,48.74679839004756,0.68943309548294,NVDA
2026-02-23,191.585,3765048.0,0.009617411467116366,0.009571458562517508,0.048172666593719216,0.03442038766805244,6.375,4147581.65,1140371.308537856,0.90776947091566,-1240475.0,0.3926875643706877,1.825000000000017,3.6439285714285705,55.80711555424876,1.0358246441932977,NVDA
2026-02-24,192.865,3784879.0,0.006681107602369618,0.006658887916142912,0.04189400896764073,0.01550652906486949,2.9450000000000216,4207707.0,1083800.7807565571,0.8995110638644753,2544404.0,0.39197448446475475,1.2800000000000011,3.351071428571428,63.41255462005756,1.397518026867317,NVDA
2026-02-25,195.83,4593038.0,0.015373447748425084,0.015256473640723908,0.04225876842833598,0.03932703534656623,7.410000000000025,4271962.25,1065590.2861408168,1.075158845329216,7137442.0,0.3934489595788161,2.9650000000000034,3.128214285714285,74.70030825436697,1.9014941183997394,NVDA
2026-02-26,184.86,6847418.0,-0.05601797477403869,-0.05764815409211345,-0.016100274103839962,-0.02695020528476666,-5.119999999999976,4462692.95,1168536.3236398923,1.5343690629667899,290024.0,0.44032843587139736,10.969999999999999,3.742142857142856,62.445123115098326,1.3995780178236998,NVDA
2026-02-27,177.205,11199349.0,-0.04140971546034833,-0.04229152735944571,-0.06616252107925791,-0.0518726591760299,-9.694999999999993,4847473.9,1884086.5839490846,2.3103474574664546,-10909325.0,0.46165580698925773,7.655000000000001,3.3324999999999982,41.42106955310256,0.3797340299898053,NVDA
2026-03-02,182.4,6162381.0,0.029316328546034276,0.028894823163045237,-0.04794216666231699,-0.0020790020790020236,-0.37999999999999545,4940249.75,1901667.3751890475,1.2473824830414697,-4746944.0,0.47600940483692344,5.194999999999993,3.367142857142856,42.02375901569794,-0.009200536318672903,NVDA
2026-03-03,180.03,4862908.0,-0.01299342105263157,-0.013078573970699834,-0.0665491405905686,-0.027443141915617808,-5.0800000000000125,5006676.4,1872961.1405797012,0.971284663015169,-9609852.0,0.46753712416152454,2.3700000000000045,3.429285714285714,41.26223703395127,-0.5028763300211097,NVDA
2026-03-04,182.97,4961561.0,0.01633061156473925,0.016198701306943515,-0.06566920288004907,-0.02618553408909463,-4.9199999999999875,4995887.0,1872547.7056418965,0.9931291480371753,-4648291.0,0.4593334878150386,2.9399999999999977,3.5278571428571417,42.90342174529258,-0.6493986603575479,NVDA
2026-03-05,183.305,5437280.0,0.001830901240640559,0.0018292271840075192,-0.008411771069998908,-0.024376613353913168,-4.579999999999984,5028047.55,1874421.6587915272,1.0813899323605243,788989.0,0.4404652661840403,0.33500000000000796,3.331785714285715,46.14642512595133,-0.730071156656976,NVDA
2026-03-06,177.7,5614175.0,-0.030577452879081424,-0.031054696999876615,0.002793374904771273,-0.06355396290050597,-12.060000000000002,4965922.3,1830704.959998342,1.1305402422426143,-4825186.0,0.45284069451511044,5.605000000000018,3.4378571428571445,44.72262622065239,-1.2320787118014493,NVDA
2026-03-09,182.65,4524533.0,0.02785593697242561,0.027475018080686028,0.0013706140350877583,-0.046637262833729154,-8.935000000000002,4864875.75,1794344.870734099,0.9300408134781243,-300653.0,0.36863395582613423,4.950000000000017,3.625000000000002,47.576354679802954,-1.2164768964667587,NVDA
2026-03-10,184.765,4343566.0,0.011579523679167592,0.01151299408960114,0.026301172026884423,-0.04199828895859814,-8.100000000000023,4836844.5,1798073.5295323993,0.8980164650734586,4042913.0,0.3588934538401729,2.1149999999999807,3.577500000000003,46.88030348407707,-1.021672318680686,NVDA
2026-03-11,186.01,3077851.0,0.00673828917814534,0.006715688377966742,0.016614745586708057,-0.05014553439207492,-9.820000000000022,4833723.7,1801224.5551901641,0.6367453315546356,7120764.0,0.3589922517927069,1.2450000000000045,3.6660714285714318,48.17340477350219,-0.7580884207721681,NVDA
2026-03-12,183.11,3527145.0,-0.015590559647330693,-0.01571337055523695,-0.001063800769209755,-0.009466623390674056,-1.75,4842155.1,1794337.2825529366,0.7284246223339687,3593619.0,0.3613323716297879,2.8999999999999773,3.739285714285716,43.6485195797517,-0.7742766669034324,NVDA
2026-03-13,180.21,3301217.0,-0.0158374747419584,-0.01596422762344269,0.01412492965672496,0.016957760785530906,3.0049999999999955,4820956.0,1810658.3660082535,0.6847639762735855,292402.0,0.36113362485961803,2.9000000000000057,3.8160714285714294,39.35423490875059,-1.0094751313435495,NVDA
2026-03-16,183.17,5794271.0,0.016425281615892517,0.016291845841945783,0.002846975088967918,0.004221491228070029,0.7699999999999818,4900685.05,1816958.518017184,1.1823389874850252,6086673.0,0.35801245352972777,2.9599999999999795,3.9360714285714278,41.2031576082025,-0.9461180863169432,NVDA
2026-03-17,181.96,4385266.0,-0.0066058852432165915,-0.006627800670322154,-0.015181446702568047,0.010720435482975077,1.9300000000000068,4883480.85,1820292.1725501628,0.8979795630815263,1701407.0,0.35570881505354324,1.2099999999999795,3.8107142857142833,37.00093720712277,-0.9822216198565741,NVDA
2026-03-18,180.375,3323727.0,-0.008710705649593309,-0.008748865607768386,-0.030294070211278945,-0.01418265289391707,-2.594999999999999,4856749.8,1839957.8371493518,0.684352115482663,-1622320.0,0.3518278109886295,1.585000000000008,3.140357142857141,44.89935175707948,-1.125753201748239,NVDA
2026-03-19,178.505,4723867.0,-0.010367290367290338,-0.010421405062165816,-0.025148817650592625,-0.026185865088240945,-4.800000000000011,4948933.15,1780957.8341527411,0.954522289314011,-6346187.0,0.3530483151702897,1.8700000000000045,2.7271428571428555,51.70246202200103,-1.374551413181905,NVDA
2026-03-20,172.905,4971498.0,-0.03137167026133714,-0.03187430131078343,-0.0405360412851673,-0.026983680360157525,-4.7949999999999875,4960048.9,1780339.1632175872,1.0023082635334502,-11317685.0,0.36427712286199904,5.599999999999994,2.756071428571427,37.695995853310855,-2.00053802996689,NVDA
2026-03-23,175.605,5239243.0,0.01561551140799855,0.0154948438786598,-0.04130043129333405,-0.038571037503421945,-7.045000000000016,5033758.65,1758644.85561158,1.0408212559018895,-6078442.0,0.36793924577465154,2.6999999999999886,2.7796428571428544,44.31453167159191,-2.252800615425599,NVDA
2026-03-24,175.3,5176852.0,-0.0017368525953131986,-0.001738362672556486,-0.03660145086832267,-0.051227234595296545,-9.464999999999975,5103357.3,1733989.903452152,1.014401245235171,-11255294.0,0.3658793691155626,0.3049999999999784,2.5914285714285676,39.42943770672547,-2.449099785053619,NVDA
2026-03-25,178.65,4558101.0,0.01911009697661159,0.018929792542230053,-0.009563409563409508,-0.03956776517391525,-7.359999999999985,5101610.45,1734548.5736890072,0.8934631612258831,-6697193.0,0.36880109395263405,3.3499999999999943,2.8067857142857093,44.07685456164905,-2.3077489944766683,NVDA
2026-03-26,171.225,5623768.0,-0.04156171284634769,-0.04245010338544997,-0.04078317133973841,-0.06490634045109511,-11.88500000000002,5040427.95,1690755.901870752,1.1157322465049817,-12320961.0,0.34470721304661434,7.425000000000011,2.936785714285709,42.125744861972514,-2.763012631552016,NVDA
2026-03-27,167.43,5013395.0,-0.02216381953569857,-0.022413127615516948,-0.03166478702177489,-0.07091726319294156,-12.780000000000001,4731130.25,872672.115741182,1.0596611665891043,-17334356.0,0.32277922271920817,3.7949999999999875,2.8542857142857065,30.9559559559559,-3.3909483855962037,NVDA
2026-03-30,165.18,4681083.0,-0.013438451890342207,-0.013529565085880923,-0.059366191167677385,-0.09821477316154381,-17.98999999999998,4657065.35,805046.2438456052,1.0051572499406736,-22015439.0,0.30163088639416813,2.25,2.8639285714285654,25.576755206384803,-4.023764735510014,NVDA
2026-03-31,174.41,6839270.0,0.055878435645961844,0.05437306089800606,-0.005077010838562601,-0.041492635744119655,-7.550000000000011,4755883.45,941394.1296664564,1.4380650980839322,-15176169.0,0.36841551865477096,9.22999999999999,3.434285714285707,37.936772046589,-3.7374098559780293,NVDA
2026-04-01,175.81,4361295.0,0.0080270626684249,0.007995017174121013,-0.01589700531766025,-0.025308385308385306,-4.564999999999998,4725870.15,944056.6460145458,0.9228554449385368,-10814874.0,0.36429220302950793,1.4000000000000057,3.327142857142852,42.1640188922284,-3.3587852653933794,NVDA
2026-04-02,177.305,3795801.0,0.00850349809453399,0.008467547017451412,0.035508833406336704,-0.006722500770286466,-1.1999999999999886,4643796.2,950285.7755913298,0.8173918140507543,-7019073.0,0.3659272410166174,1.4950000000000045,3.226785714285709,46.78472606530159,-2.9046060532214426,NVDA
2026-04-06,177.59,3430655.0,0.0016073996785199718,0.0016061091943541958,0.060682076091501,0.027095804054249495,4.685000000000002,4534620.2,958329.3200219545,0.7565473730302705,-3588418.0,0.34936265307698805,0.2849999999999966,3.0357142857142816,43.43529411764707,-2.4929316727081527,NVDA
2026-04-07,178.11,3921000.0,0.0029280927980179783,0.0029238142841900025,0.07827824191790778,0.014264969676262229,2.505000000000024,4504443.55,968115.9679555806,0.8704737791641323,332582.0,0.3340585542021271,0.5200000000000102,2.9864285714285694,45.395838316192304,-2.1005038056654257,NVDA
2026-04-08,182.12,4486002.0,0.02251417663241817,0.022264473515887596,0.04420618083825478,0.03890473474044498,6.819999999999993,4511565.35,967393.8436190418,0.9943338180837834,4818584.0,0.34170822327300426,4.009999999999991,3.159642857142854,51.9724200293885,-1.4492226698836248,NVDA
2026-04-09,183.88,3008421.0,0.009663957830002179,0.00961756047144589,0.04590182583470792,0.029275118947662992,5.22999999999999,4508093.85,972918.3229110361,0.6673377041607065,7827005.0,0.34268680363825377,1.759999999999991,3.1517857142857104,56.09065155807366,-0.7820454533037662,NVDA
2026-04-10,188.61,5184110.0,0.025723297802914935,0.02539802012505216,0.06376018724796251,0.10153307052124405,17.38500000000002,4590942.1,955380.6553644547,1.1292039601196453,13011115.0,0.3496344442027571,4.730000000000018,3.089642857142855,68.15397063923248,0.12690587539333364,NVDA
2026-04-13,189.24,3273189.0,0.0033402258628916215,0.0033346596998678553,0.06560054057097808,0.13026339365705075,21.810000000000002,4589540.7,957390.5010028173,0.7131844369524819,16284304.0,0.343440837655138,0.6299999999999955,2.9417857142857122,66.55335680466192,0.8878574192398219,NVDA
2026-04-14,196.5,4488427.0,0.03836398224476856,0.03764638054636861,0.10325080006737397,0.18961133309117328,31.319999999999993,4524248.5,914472.0166007468,0.9920823314634464,20772731.0,0.36334771371543373,7.259999999999991,3.4385714285714277,72.01911092646448,2.053071792119681,NVDA
2026-04-15,198.85,4779743.0,0.01195928753180664,0.01188834034438373,0.09186250823632758,0.1401295797259332,24.439999999999998,4543972.35,915570.0844949135,1.051886462293284,25552474.0,0.36229348198933403,2.3499999999999943,3.367142857142856,71.42554094187525,3.1300565937535225,NVDA
2026-04-16,198.26,3379147.0,-0.002967060598441096,-0.002971471048948273,0.07820317598433757,0.12769467038279947,22.44999999999999,4546743.35,911758.5329519872,0.7432016148437322,22173327.0,0.3600415102873299,0.5900000000000034,2.87892857142857,83.53802257784395,3.8911124173270366,NVDA
2026-04-17,201.67,4023532.0,0.01719963684051251,0.01705339754699905,0.06924341233232578,0.1374185725162853,24.36499999999998,4511726.6,918024.8448527871,0.8917942855845921,26196859.0,0.35774481866222896,3.4099999999999966,2.8514285714285705,92.88577154308616,4.71506085554185,NVDA
2026-04-20,202.12,2409932.0,0.00223136807656088,0.0022288822719575725,0.06806172056647641,0.13812714679880633,24.53,4383648.3,1023170.832093369,0.5497548697052179,28606791.0,0.32950927103402095,0.45000000000001705,2.7228571428571433,98.45225603357817,5.342769052370642,NVDA
2026-04-21,199.82,3229557.0,-0.011379378586978128,-0.011444619118835393,0.016895674300254404,0.12189096625680751,21.70999999999998,4283164.0,1033355.164613231,0.7540119873999688,25377234.0,0.3351620237510959,2.3000000000000114,2.2278571428571445,90.73420968259053,5.5902011831923915,NVDA
2026-04-22,202.42,2926364.0,0.013011710539485577,0.012927785455882638,0.017953231078702503,0.1114649681528661,20.299999999999983,4170639.6,1053256.3094660975,0.7016583259795451,28303598.0,0.3343313871116051,2.5999999999999943,2.3135714285714295,91.0774930534115,5.927759676762804,NVDA
2026-04-23,199.68,3564667.0,-0.013536211836774892,-0.013628661579692156,0.007162312115404079,0.08592560365455748,15.800000000000011,4120967.9,1057438.7904399687,0.8650072231817191,24738931.0,0.3392483343202497,2.7399999999999807,2.4024999999999994,83.26148357365841,5.906100266577056,NVDA
2026-04-24,208.18,7097391.0,0.04256810897435903,0.04168700490625953,0.032280458174245075,0.10375907958220654,19.569999999999993,4194649.05,1208249.4341502346,1.6920106820378693,31836322.0,0.3139834869036108,8.5,2.989285714285714,86.54719235364398,6.499887335330982,NVDA
2026-04-27,216.54,5989408.0,0.04015755596118731,0.03937219779542976,0.07134375618444477,0.14426125554850966,27.299999999999983,4243449.7,1261591.5574033777,1.4114478604518395,37825730.0,0.3071623385111084,8.359999999999985,3.549285714285712,88.66975246528477,7.557926920989104,NVDA
2026-04-28,213.15,5016478.0,-0.01565530617899691,-0.01577914467153282,0.06671003903513162,0.08473282442748098,16.650000000000006,4260219.45,1269916.6415566702,1.1775163366290908,32809252.0,0.3097939089159802,3.3899999999999864,3.5049999999999977,81.61809659669862,8.030317742561806,NVDA
2026-04-29,209.35,4435736.0,-0.01782782078348588,-0.017988650746067075,0.03423574745578506,0.05280362081971335,10.5,4140042.75,1117599.231175556,1.071422752820608,28373516.0,0.2839064004008104,3.8000000000000114,3.6507142857142845,74.91684601839171,8.005777015958529,NVDA
2026-04-30,199.54,6416731.0,-0.046859326486744735,-0.0479927749797913,-0.0007011217948719173,0.006456168667406503,1.2800000000000011,4242814.55,1228063.2754359043,1.5123760240710968,21956785.0,0.3470524715142096,9.810000000000002,4.013571428571426,59.72592988076169,7.112751922284076,NVDA
2026-05-01,198.39,3090371.0,-0.005763255487621577,-0.005779927130680439,-0.04702661158612753,-0.016264193980264796,-3.280000000000001,4207543.05,1251484.8488016329,0.7344835128900227,18866414.0,0.34968713006016844,1.1500000000000057,4.050714285714284,58.067360253923454,6.240293493652672,NVDA
2026-05-04,198.56,4068999.0,0.0008568980291345785,0.000856531101616428,-0.08303315784612542,-0.017613299030279084,-3.5600000000000023,4239460.25,1238703.4279792141,0.9597917565095698,22935413.0,0.3498184199528154,0.17000000000001592,3.5442857142857145,52.0757758968158,5.499190240523774,NVDA
2026-05-05,196.5,4024517.0,-0.0103746978243352,-0.010428890146981139,-0.07811400422237869,-0.016614953458112258,-3.319999999999993,4244636.1,1237518.4283303616,0.9481418206851703,18910896.0,0.3544368037934128,2.0600000000000023,3.5235714285714295,47.61808230285831,4.691554469661838,NVDA
2026-05-06,207.67,6398711.0,0.05684478371501256,0.055287850045571574,-0.00802483878672089,0.02593617231498868,5.25,4340271.55,1327769.0774948872,1.4742651297935494,25309607.0,0.39532048527604124,11.169999999999987,4.279285714285714,57.853446836922046,4.896380524175584,NVDA
2026-05-07,211.56,4455651.0,0.01873164154668472,0.01855836484289159,0.060238548661922575,0.05949519230769229,11.879999999999995,4412633.05,1290271.4226121663,1.0097488165257702,29765258.0,0.3974725577219077,3.890000000000015,4.3135714285714295,58.18844179499918,5.31137095977266,NVDA
2026-05-08,215.21,4181656.0,0.017252788806957797,0.017105649411714406,0.08478249911789915,0.03376885387645312,7.030000000000001,4362510.35,1278138.7485081672,0.958543513827996,33946914.0,0.393390325449713,3.6500000000000057,4.542142857142857,60.29249882056928,5.867145563619147,NVDA
2026-05-11,219.45,4141456.0,0.01970168672459449,0.019510120524749302,0.10520749395648665,0.013438625658076964,2.9099999999999966,4405923.7,1253703.6540470188,0.9399745165809384,38088370.0,0.3957026640732579,4.239999999999981,4.680714285714283,64.9778727300473,6.573953067332241,NVDA
2026-05-12,220.88,4058854.0,0.006516290726817031,0.006495151487655972,0.12407124681933834,0.0362655406990382,7.72999999999999,4384445.05,1255893.6454568044,0.9257395072154001,42147224.0,0.3787839626413418,1.4300000000000068,4.597142857142856,64.34120571783717,7.166876860072335,NVDA
2026-05-13,225.91,3138586.0,0.02277254617892077,0.02251712224723202,0.08783165599268083,0.07910198232624799,16.560000000000002,4302387.2,1282048.9894067212,0.7294987303792647,45285810.0,0.3829120379153456,5.030000000000001,4.760714285714286,69.6774193548387,7.950998044013176,NVDA
2026-05-14,235.78,4515441.0,0.04368996503032174,0.042762476994850404,0.11448288901493675,0.18161772075774296,36.24000000000001,4359201.9,1264032.8915110452,1.0358412167144633,49801251.0,0.40263881873155927,9.870000000000005,4.858571428571429,70.28815054395766,9.262078765972376,NVDA
2026-05-15,225.305,3774303.0,-0.04442700822800916,-0.04544412703998929,0.0469076715765997,0.13566712031856465,26.91500000000002,4346740.45,1268736.0173426408,0.86830650309475,46026948.0,0.44337121053129946,10.474999999999994,5.009642857142858,56.248663292222155,9.348115471029018,NVDA
2026-05-18,222.35,4041240.0,-0.013115554470606527,-0.013202322867286658,0.013214855320118568,0.11981265108783234,23.789999999999992,4428305.85,1187504.5887060913,0.9125927921171029,41985708.0,0.44838555096937827,2.9550000000000125,4.978571428571432,56.599713055954076,9.073265419765391,NVDA
2026-05-19,220.645,4057698.0,-0.007668090847762432,-0.007697641819674673,-0.001063926113726854,0.12287531806615792,24.14500000000001,4469712.9,1157566.3289640239,0.9078207237874271,37928010.0,0.44676064272170446,1.704999999999984,4.828928571428572,58.353672065675624,8.618516628379183,NVDA
2026-05-20,223.48,4890857.0,0.012848693602846017,0.012766849453917166,-0.010756495949714506,0.07613039919102427,15.810000000000002,4567937.55,1101714.2432437022,1.0706926148760507,42818867.0,0.44672390690504044,2.8349999999999795,4.3307142857142855,69.74270163285502,8.390169095203333,NVDA
2026-05-21,219.47,6222899.0,-0.017943440128870503,-0.01810637567618072,-0.06917465433879044,0.03738892040083197,7.909999999999997,4700849.15,1134175.9572425121,1.323781895873004,36595968.0,0.4494588456039671,4.009999999999991,4.534999999999998,66.60103953378487,7.795763830234165,NVDA
2026-05-22,215.34,4838641.0,-0.01881806169408118,-0.018997374527196294,-0.04422893411153772,0.0006040611495747861,0.12999999999999545,4587911.65,985719.6973932676,1.0546499952761732,31757327.0,0.4341741006898311,4.1299999999999955,4.81785714285714,62.438843587842854,6.911762396651682,NVDA
2026-05-26,214.785,4935639.0,-0.002577319587628857,-0.0025806465934916254,-0.034022936811333504,-0.02125768967874231,-4.664999999999992,4535223.2,933652.2498784596,1.0882902080761978,26821688.0,0.4102620486934088,0.5550000000000068,4.7103571428571405,63.86382591553568,6.09612865356965,NVDA
2026-05-27,212.575,3280775.0,-0.010289359126568476,-0.010342660522223109,-0.03657458813931891,-0.03759960159362552,-8.305000000000007,4448438.05,966649.7980439245,0.7375116755868951,23540913.0,0.4079979191178135,2.210000000000008,4.070357142857142,54.30376414846012,5.211331519775257,NVDA
2026-05-28,214.27,4856752.0,0.007973656356580205,0.007942034740778413,-0.04121174154286733,-0.051524943561595316,-11.639999999999986,4469488.85,970933.3823206149,1.086645959526222,28397665.0,0.4031465141738194,1.6950000000000216,3.913571428571428,52.47307902901989,4.593939673984465,NVDA
2026-05-29,211.155,5876800.0,-0.0145377327670696,-0.014644441064596092,-0.03788672711532326,-0.10444058020188307,-24.625,4442492.3,920117.7680094198,1.322861043563317,22520865.0,0.36640949762549047,3.115000000000009,3.8753571428571427,46.2630172334347,3.8093854965246408,NVDA
2026-06-01,224.42,6738901.0,0.06282115033979774,0.06092683528868179,0.0421658772174236,-0.003928008699318752,-0.8850000000000193,4624918.8,996451.3293262002,1.4570852573671131,29259766.0,0.4212230169671388,13.264999999999986,4.5200000000000005,53.926991150442475,4.209471135306529,NVDA
2026-06-02,222.82,7100206.0,-0.007129489350325313,-0.007155025605549764,0.03740950252578168,0.0021137845738701255,0.46999999999999886,4776479.15,1129135.1811106172,1.4864936655276721,22159560.0,0.42359263181387147,1.5999999999999943,4.532142857142857,51.52876280535855,4.347322035944131,NVDA
2026-06-03,214.86,4741903.0,-0.0357239027017322,-0.03637761739277399,0.010749147359755407,-0.02621858641709529,-5.784999999999997,4812348.45,1115300.1764613304,0.9853615234366497,17417657.0,0.4456616949280253,7.9599999999999795,4.741428571428569,41.67670985236518,3.770796991874505,NVDA
2026-06-04,218.64,5374242.0,0.017592851158894085,0.017439888381416163,0.020394828954123145,-0.02165741900841245,-4.840000000000003,4761125.0,1060801.4987082041,1.128775657013836,22791899.0,0.40482824065149475,3.7799999999999727,4.306428571428567,35.78537070824346,3.5776699973256427,NVDA
2026-06-05,205.17,8060300.0,-0.06160812294182216,-0.06358763784169819,-0.028344107409249197,-0.06515696906183077,-14.300000000000011,4941357.45,1288047.5467045135,1.631191445176669,14731599.0,0.45982410202325696,13.469999999999999,4.520357142857138,34.09180690526978,2.3110585913705677,NVDA
2026-06-08,208.66,3893430.0,0.017010284154603594,0.016867229261709027,-0.07022547010070401,-0.031020711433082604,-6.680000000000007,4926946.15,1298564.2903006463,0.7902318964862239,18625029.0,0.45969628212030095,3.490000000000009,4.558571428571424,39.274522093387645,1.5707669360909904,NVDA
2026-06-09,208.2,5608889.0,-0.002204543276143056,-0.002206976858954842,-0.06561349968584507,-0.03065856554228652,-6.585000000000008,5000317.8,1293292.3795142106,1.1217065043345846,13016140.0,0.4530486112021718,0.46000000000000796,4.469642857142854,40.05593288054333,0.9361707168709188,NVDA
2026-06-10,200.41,4910869.0,-0.03741594620557154,-0.03813388801553149,-0.06725309503862986,-0.05722686110784425,-12.164999999999992,5042918.55,1274545.3043171454,0.9738148556851072,8105271.0,0.46836559482525253,7.789999999999992,4.823571428571427,32.918702798756115,-0.19311316675586454,NVDA
2026-06-11,204.86,5648208.0,0.022204480814330685,0.021961550843051618,-0.06302597877789962,-0.04391655388061788,-9.409999999999997,5168399.65,1198460.2325380591,1.0928349939037705,13753479.0,0.4679320221303457,4.450000000000017,4.8549999999999995,39.25261144622628,-0.7206932674121163,NVDA
2026-06-12,205.17,3923011.0,0.0015132285463241857,0.0015120847697256924,0.0,-0.028344107409249197,-5.985000000000014,5138778.15,1222528.029518781,0.7634131860703113,17676490.0,0.4330101521670937,0.30999999999997385,4.5821428571428555,42.07326578332032,-1.1010971267022,NVDA
2026-06-15,212.46,4594335.0,0.0355315104547449,0.034914831573753045,0.018211444455094483,-0.05329293289368142,-11.95999999999998,5179779.75,1187609.8101203018,0.8869749722466481,22270825.0,0.43332352736969265,7.2900000000000205,5.0632142857142854,48.36001975029979,-0.8050477614542331,NVDA
2026-06-16,207.37,4089180.0,-0.02395745081427092,-0.02424909804211833,-0.003986551392891391,-0.06933847949017136,-15.449999999999989,5182176.75,1185236.9139360327,0.7890853973670428,18181645.0,0.4384988839896375,5.090000000000003,5.26892857142857,46.471904019521475,-0.9699658056451028,NVDA
2026-06-17,204.7,3697942.0,-0.012875536480686733,-0.012959144642505228,0.021406117459208618,-0.04728660523131356,-10.160000000000025,5164188.95,1205753.1696413876,0.7160741087910812,14483703.0,0.4396036326942059,2.670000000000016,5.338571428571427,43.59780572651857,-1.3011128111434118,NVDA
2026-06-18,210.38,4026083.0,0.02774792379091351,0.027369926643884192,0.026945230889387828,-0.03777899743871205,-8.259999999999991,5120950.25,1231305.6081139753,0.7861984208887793,18509786.0,0.4499578058352976,5.680000000000007,5.521785714285713,49.49873876204644,-1.0926255611931595,NVDA
2026-06-22,208.59,5739735.0,-0.008508413347276367,-0.00854481653209192,0.016669103670127194,0.016669103670127194,3.420000000000016,5096792.05,1213153.516938544,1.126146592541479,12770051.0,0.4469364108771135,1.789999999999992,4.702142857142856,37.97660641045117,-1.0596212991387688,NVDA
2026-06-23,200.07,3965353.0,-0.040845678124550644,-0.04170329746671165,-0.05831685964416833,-0.04116744943927919,-8.590000000000003,5053127.65,1238387.5003671932,0.7847324023172064,8804698.0,0.464325197209133,8.52000000000001,5.196428571428571,34.36426116838487,-1.7013459223253165,NVDA
2026-06-24,198.94,3243387.0,-0.005648023191882845,-0.005664033588056713,-0.04065197473115689,-0.04447646493755997,-9.259999999999991,4968515.05,1302965.044085317,0.652787999505003,5561311.0,0.46439290503271174,1.1299999999999955,4.70857142857143,37.9247572815534,-2.27487551687517,NVDA
2026-06-25,195.89,3897568.0,-0.015331255654971399,-0.015449994528958918,-0.04303859306301905,-0.022553764782196506,-4.52000000000001,4999354.7,1267738.9662275873,0.7796142170108474,1663743.0,0.46572539108051436,3.0500000000000114,4.656428571428576,32.55100475533058,-2.941602401301708,NVDA
2026-06-26,191.97,4202530.0,-0.020011230792791768,-0.020214167375830327,-0.08750831828120542,-0.0629210192326467,-12.890000000000015,4966643.6,1279993.2852324417,0.8461509096404664,-2538787.0,0.46703822981409493,3.9199999999999875,3.9742857142857173,38.13803019410498,-3.7431507876609373,NVDA
2026-06-29,194.92,3680689.0,0.015366984424649566,0.015250108155826732,-0.06553526055899139,-0.04995857094117073,-10.25,4856838.05,1291947.1795286122,0.7578364693465536,1141902.0,0.4710429283096181,2.9499999999999886,3.9357142857142873,37.531760435571684,-4.093159913296688,NVDA
2026-06-30,199.93,5774896.0,0.025702852452288205,0.02537808730843591,-0.0006997550857199553,-0.058975807210769116,-12.530000000000001,4808637.8,1234751.7745203313,1.2009421878270807,6916798.0,0.4169751917933261,5.010000000000019,4.260714285714288,43.067896060352076,-3.9210797705520974,NVDA
2026-07-01,197.54,6075573.0,-0.011954183964387632,-0.012026209803760107,-0.0070372976776917895,-0.047403192361479496,-9.830000000000013,4757406.15,1153232.8311831274,1.2770767953036761,841225.0,0.4175873317433754,2.390000000000015,3.875000000000004,47.354838709677416,-3.932229746800033,NVDA
2026-07-02,194.51,5880254.0,-0.015338665586716593,-0.01545751986138049,-0.007044770023993063,-0.04978016609672686,-10.189999999999998,4814323.7,1180203.552739594,1.2214081076434473,-5039029.0,0.4041832350490881,3.030000000000001,3.7735714285714317,40.2044293015332,-4.137863149879763,NVDA
2026-07-06,195.59,4538784.0,0.005552413757647479,0.005537055930825713,0.01885711309058702,-0.07030135944481408,-14.789999999999992,4772550.8,1174112.032047983,0.9510184784203869,-500245.0,0.39760050887942866,1.0800000000000125,3.828571428571434,41.06343283582092,-4.16566295970145,NVDA
2026-07-07,196.97,4767383.0,0.007055575438417172,0.007030801328176954,0.010517135234968222,-0.05570736852198099,-11.620000000000005,4607904.95,883795.9099311265,1.03460966572238,4267138.0,0.3388913481009531,1.3799999999999955,3.406428571428575,33.75969804990565,-4.029886024835804,NVDA
2026-07-08,204.07,5480997.0,0.0360460983906179,0.03541163936339115,0.020707247536637663,0.019993002449142816,4.0,4687283.3,887533.7153693766,1.1693334175043357,9748135.0,0.35905654907718926,7.099999999999994,3.5500000000000034,46.68008048289738,-3.311201690968545,NVDA
2026-07-09,202.695,4867367.0,-0.0067378840593913525,-0.0067606860828352865,0.026095980560899124,0.018875037699809027,3.7549999999999955,4650207.2,862132.7944891277,1.0466989513929617,4880768.0,0.3596403955560995,1.375,3.4575000000000022,47.92893296147093,-2.8200820369019937,NVDA
2026-07-10,210.99,7548841.0,0.04092355509509371,0.040108352829877604,0.08472572104262,0.0770840777987647,15.100000000000023,4782105.8,1078702.30687333,1.5785600142932847,12429609.0,0.362203916481905,8.295000000000016,3.6442857142857172,50.59780478243827,-1.7414545924121967,NVDA
2026-07-13,203.485,3818565.0,-0.03557040618038765,-0.03621844689581791,0.04036504933790086,0.05998333072875983,11.515000000000015,4690623.65,1078968.1437000323,0.8140847113155197,8611044.0,0.37887292214822665,7.5049999999999955,4.052500000000003,45.50101348374021,-1.475219932570809,NVDA
2026-07-14,211.79,3673407.0,0.040813819200432366,0.04000292560729135,0.07523988424633199,0.08654832751898223,16.870000000000005,4678143.45,1089704.4087860363,0.7852275243932505,12284451.0,0.40577477060111955,8.304999999999978,4.037142857142858,60.36801132342533,-0.5873127781927963,NVDA
2026-07-15,212.5,4218423.0,0.003352377354927105,0.0033467706649615092,0.04130935463321417,0.06287200520182057,12.569999999999993,4659347.85,1094457.6117948098,0.9053676900298397,16502874.0,0.38599371719188263,0.710000000000008,4.007142857142859,62.0855614973262,0.17167217498874265,NVDA
2026-07-16,207.46,4036020.0,-0.02371764705882351,-0.024003438360789518,0.023508226645945873,0.050217677432418784,9.920000000000016,4656689.85,1095978.6962112274,0.866714367932406,12466854.0,0.3857948146717372,5.039999999999992,4.149285714285715,59.95868479944915,0.36231084571514316,NVDA
2026-07-17,202.8,4558491.0,-0.02246216138050705,-0.022718278286653844,-0.03881700554528644,0.042619916713793726,8.29000000000002,4699717.3,1073009.4200209454,0.9699500435909199,7908363.0,0.39159471441030635,4.659999999999997,4.202142857142858,59.20448750637431,0.13580483735873372,NVDA
2025-08-20,637.92,1484005.0,-0.0028604923798359883,-0.002864591406853415,-0.010854059418222373,0.008250355618776517,5.219999999999914,1151235.5,445840.7562138254,1.289054237816676,-4684108.0,0.10527136693121734,1.830000000000041,3.5650000000000057,56.03085553997192,3.5853348134563703,SPY
2025-08-21,635.63,748921.0,-0.003589791823426114,-0.0035962505878064386,-0.014374321600248097,0.005171105066734016,3.269999999999982,1130508.95,454788.64580240654,0.6624635744812104,-5433029.0,0.10617292894185734,2.2899999999999636,3.0028571428571484,66.51998097050424,3.063359024485976,SPY
2025-08-22,645.31,1552404.0,0.015228985416043894,0.015114188444699807,0.0027815763301839436,0.012632206634654475,8.049999999999955,1148837.6,464420.2753205106,1.351282374462674,-3880625.0,0.11840998453227851,9.67999999999995,3.0278571428571417,66.79641424864343,3.3916872921075765,SPY
2025-08-25,642.55,930938.0,-0.004277014148238778,-0.00428618673678804,-0.001026103449884297,0.010521183908407394,6.689999999999941,1135165.15,466718.29847556184,0.8200903630630311,-4811563.0,0.11969239706273711,2.759999999999991,3.007499999999993,67.24854530340815,3.390101891616041,SPY
2025-08-26,645.16,841072.0,0.004061940705003542,0.004053713295831662,0.008456428292301643,0.003936946610024306,2.5299999999999727,1130399.3,469334.2423078057,0.7440485853096335,-3970491.0,0.11974576788505616,2.6100000000000136,2.859999999999989,65.55944055944052,3.5584312571385226,SPY
2025-08-27,646.61,983313.0,0.0022475044950089895,0.0022449826346695586,0.013622397792826701,0.002620480059542407,1.6900000000000546,1110575.7,466611.50520445633,0.8854083517224446,-2987178.0,0.1196301820925698,1.4500000000000455,2.9392857142857047,67.31470230862703,3.7654308311842897,SPY
2025-08-28,648.94,1274610.0,0.003603408546109854,0.003596931823722849,0.02093985494706052,0.0062645371375407155,4.040000000000077,1102195.3,461822.2290322612,1.1564284478440436,-1712568.0,0.11836421786034339,2.330000000000041,2.7557142857142805,65.13737687921214,4.070568037844964,SPY
2025-08-29,645.03,1567462.0,-0.006025210343021059,-0.006043435165326956,-0.0004338999860531434,0.002346469418199826,1.509999999999991,1040013.1,258648.3545539449,1.507156015630957,-3280030.0,0.1031199499103513,3.910000000000082,2.9350000000000023,61.15843270868818,3.9513385782447585,SPY
2025-09-02,640.4,1128392.0,-0.007177960715005538,-0.007203846219487654,-0.003346043109485608,-0.004368713172991812,-2.810000000000059,1038820.85,258158.3206594612,1.0862238662229393,-4408422.0,0.09538751161079434,4.6299999999999955,2.7821428571428606,47.137355584082144,3.4435509551591394,SPY
2025-09-03,643.605,1261642.0,0.005004684572142537,0.004992202765988878,-0.0024102548205096053,0.0060257913247363515,3.855000000000018,1053319.8,262297.8769740918,1.1977767815624467,-3146780.0,0.09413948453877195,3.205000000000041,2.8475000000000086,48.35068355700497,3.2621384190646268,SPY
2025-09-04,649.02,1525098.0,0.008413545575314041,0.008378348981704817,0.0037271307279502786,0.01740030097817913,11.100000000000023,1086643.6,278119.7463398587,1.403494209140881,-1621682.0,0.0950451503761823,5.414999999999964,3.23285714285715,54.551480335837375,3.514796535582491,SPY
2025-09-05,647.22,1502714.0,-0.0027734122215030688,-0.002777265254860392,-0.002650476161124349,0.018233878199581666,11.590000000000032,1104496.1,293160.4740890127,1.36054260399833,-3124396.0,0.09594287111660173,1.7999999999999545,3.2628571428571473,54.04991243432578,3.5291036464089984,SPY
2025-09-08,648.78,1164606.0,0.002410308704922537,0.0024074085701079858,0.0058136830845076926,0.005377260541445272,3.4700000000000273,1120741.65,286644.2346051019,1.0391386810689154,-1959790.0,0.09291841219340069,1.5599999999999454,3.3521428571428618,55.93437033880239,3.624539660345249,SPY
2025-09-09,650.26,1066471.0,0.002281204722710317,0.0022786067255090004,0.015396627108057448,0.011999066220527599,7.710000000000036,1128051.4,283105.2998383612,0.9454099343345526,-893319.0,0.09228844152691495,1.4800000000000182,3.210714285714289,61.69076751946605,3.776068848923728,SPY
2025-09-10,652.28,1367239.0,0.0031064497278010528,0.0031016346820665766,0.013478764148817879,0.011036022072044238,7.1200000000000045,1142718.85,287713.1405894044,1.1964789064256707,473920.0,0.08562263660373032,2.019999999999982,3.2242857142857133,65.90607000443069,4.012895776170012,SPY
2025-09-11,657.55,1799918.0,0.00807935242533886,0.008046889194897508,0.013142892360790137,0.016919008366712562,10.93999999999994,1182736.65,320541.1975172901,1.5218248288830825,2273838.0,0.08901742280714538,5.269999999999982,3.4371428571428573,72.77639235245215,4.573111792944928,SPY
2025-09-12,657.535,1822008.0,-2.2811953463541812e-05,-2.2812213660109293e-05,0.015937393776459308,0.013244675933060002,8.594999999999914,1239041.95,329308.73956620326,1.4704974274680531,451830.0,0.08901618618912552,0.014999999999986358,2.7467857142857173,65.89520218437136,4.958715660299163,SPY
2025-09-15,660.85,1240180.0,0.005041556723216267,0.0050288906295020116,0.018604149326428177,0.02452599103917663,15.82000000000005,1254518.9,321226.2772490017,0.9885702000982209,1692010.0,0.08932149117785132,3.3150000000000546,2.786428571428579,73.45552422455783,5.468761816655956,SPY
2025-09-16,659.93,1249852.0,-0.0013921464780208836,-0.0013931164142290454,0.014870974687048122,0.030496564647095603,19.529999999999973,1279819.45,297972.76531421,0.9765846268393562,442158.0,0.08962632185616153,0.9200000000000728,2.6657142857142975,69.7883172561628,5.732658243241417,SPY
2025-09-17,659.36,1554851.0,-0.0008637279711483092,-0.0008641011990794597,0.010854234377874583,0.02447930019188793,15.754999999999995,1303284.8,300337.92884202226,1.1930247325833923,-1112693.0,0.08654397931417458,0.5699999999999363,2.6028571428571468,67.4945115257958,5.8286151786775235,SPY
2025-09-18,662.26,1602411.0,0.0043982043193400155,0.004388560485417588,0.007162953387575222,0.02039998767372353,13.240000000000009,1309205.1,305215.2176241508,1.2239571935673026,489718.0,0.08549480383963148,2.8999999999999773,2.643571428571428,67.99513644960814,6.068711180188075,SPY
2025-09-19,663.54,1981962.0,0.0019327756470268742,0.0019309102393988897,0.009132593702236402,0.025215537220728557,16.319999999999936,1370857.15,310571.14793965494,1.4457830270644905,2471680.0,0.08301338255618851,1.2799999999999727,2.455714285714277,76.91972076788839,6.289769743420607,SPY
2025-09-22,666.77,1670891.0,0.004867830123278294,0.004856020547390315,0.008958159945524624,0.027728968217269445,17.99000000000001,1376781.5,315310.4914759248,1.2136210429904817,4142571.0,0.06821305156319986,3.230000000000018,2.3557142857142788,89.97877501516082,6.648949304432676,SPY
2025-09-23,663.26,1612174.0,-0.005264184051471998,-0.005278088687511721,0.005045989726183198,0.01999200319872041,13.0,1410843.3,301087.7204613994,1.1427023823269387,2530397.0,0.06942906082642161,3.509999999999991,2.3774999999999897,79.52531170196794,6.5745862903604575,SPY
2025-09-24,661.07,1262284.0,-0.003301872568826636,-0.0033073357792549555,0.0025934239262315195,0.013475807935242612,8.790000000000077,1431903.9,272510.9410363471,0.8815423995981854,1268113.0,0.07086639341259647,2.189999999999941,2.1471428571428453,70.04324683965424,6.266699754658589,SPY
2025-09-25,657.79,1323167.0,-0.004961653077586448,-0.004974002945660244,-0.006749614954851602,0.0003649912554177792,0.2400000000000091,1448896.6,252961.08786455813,0.9132238974126932,-55054.0,0.07404041208962632,3.2800000000000864,2.2528571428571404,66.7564996829422,5.692410306406032,SPY
2025-09-26,661.775,1232100.0,0.006058164459781912,0.006039887560632265,-0.00265997528408235,0.006448325944626632,4.240000000000009,1446771.1,254675.38877701937,0.8516205500648997,1177046.0,0.07573663446712918,3.9850000000000136,2.4260714285714307,69.12998675106726,5.495489396163634,SPY
2025-09-29,663.65,1550736.0,0.002833289259944749,0.002829283061291936,-0.004679274712419579,0.004236967541802139,2.7999999999999545,1445934.8,254285.36999342762,1.0724798932842614,2727782.0,0.07124752431918953,1.875,2.454285714285715,69.48486612339927,5.428152621516119,SPY
2025-09-30,666.06,1435659.0,0.003631432230844611,0.0036248545003995155,0.004221572234116344,0.009288863970421168,6.1299999999999955,1461298.15,243127.80375658858,0.982454538794838,4163441.0,0.06386895829578076,2.409999999999968,2.482142857142857,69.82733812949637,5.505787312358962,SPY
2025-10-01,668.535,1375663.0,0.003715881452121428,0.0037089946198008723,0.011292298848835758,0.013915008493084136,9.174999999999955,1466999.2,239509.60990402568,0.9377394343500665,5539104.0,0.06321835384034696,2.4750000000000227,2.282500000000003,67.18823345329369,5.70130409507226,SPY
2025-10-02,669.15,1276773.0,0.0009199219188225083,0.0009194990499718219,0.01726994937594073,0.010403768912511602,6.889999999999986,1454582.95,242753.88043025055,0.8777588105236624,6815877.0,0.05840586317785353,0.6150000000000091,2.3253571428571473,67.83904162187066,5.838574462211568,SPY
2025-10-03,669.21,1396816.0,8.966599417181698e-05,8.966197441684999e-05,0.01123493634543471,0.008545076408355223,5.670000000000073,1449288.05,242803.70954776395,0.9637946024601527,8212693.0,0.056456462971200286,0.06000000000005912,2.092857142857148,64.26621160409556,5.884372334332511,SPY
2025-10-06,671.585,1210989.0,0.003548960714872651,0.0035426780141123645,0.01195660363143225,0.007221380685993761,4.815000000000055,1451607.2,240148.4392420209,0.8342401443035004,9423682.0,0.056796019580804796,2.375,2.196785714285714,68.94813851406289,6.042654173352162,SPY
2025-10-07,669.14,1359694.0,-0.0036406411697701424,-0.0036472844325589372,0.004624208029306631,0.008865301691644234,5.8799999999999955,1466268.35,223791.8842814437,0.9273159309481105,8063988.0,0.05984842574241307,2.44500000000005,2.3307142857142935,64.9862090101133,5.902759270323713,SPY
2025-10-08,673.06,1039092.0,0.005858265833756704,0.0058411729185396674,0.006768531191336136,0.018137262317152292,11.989999999999895,1449861.0,242667.42902603326,0.7166838752128653,9103080.0,0.06163584042498703,3.919999999999959,2.403571428571435,66.04754829123317,6.038593642363253,SPY
2025-10-09,671.19,1059480.0,-0.002778355570082769,-0.0027822223637989744,0.0030486438018382245,0.02037124310190186,13.400000000000091,1412839.1,242932.4295713992,0.749894308559269,8043600.0,0.05840757321183887,1.8699999999998909,2.445714285714286,61.17114485981322,5.927026912281804,SPY
2025-10-10,653.275,2226230.0,-0.026691398858743498,-0.02705408249713371,-0.023811658522735812,-0.01284424464508327,-8.5,1433050.2,290853.81910064584,1.5534905895131936,5817370.0,0.11454261320426003,17.915000000000077,3.494642857142862,36.20848237097599,4.342955805667884,SPY
2025-10-13,663.065,1395785.0,0.014986031916115028,0.014874850740058185,-0.012686406039443932,-0.0008814887365327095,-0.5849999999999227,1440830.45,287484.7431105045,0.9687364672227742,7213155.0,0.12559889194714005,9.790000000000077,3.943214285714297,49.82338556290197,3.833350741446907,SPY
2025-10-14,662.255,1403065.0,-0.0012215996923379269,-0.001222346453466148,-0.01028932659832027,-0.005712698555685569,-3.80499999999995,1448491.1,284149.8698876123,0.9686390202880777,5810090.0,0.1255717222281981,0.8100000000000591,3.8446428571428766,51.10078959591263,3.325787221143287,SPY
2025-10-15,665.08,1369827.0,0.004265728458071383,0.004256656029625889,-0.01185629810120925,-0.005168016633384842,-3.4549999999999272,1439239.9,283516.05736181705,0.9517711397523096,7179917.0,0.1263101239415105,2.8250000000000455,3.8121428571428737,56.829679595278286,3.115578910693216,SPY
2025-10-16,660.79,1654772.0,-0.006450351837373081,-0.006471245251830936,-0.015494867325198669,-0.012493461854591659,-8.360000000000014,1441857.95,285338.0207289651,1.1476664535504348,5525145.0,0.12768914851382848,4.290000000000077,3.8339285714285927,49.082440614811354,2.573158394976417,SPY
2025-10-17,664.3,1179391.0,0.0053118237261460255,0.0052977657508476595,0.016876506830967086,-0.0073370093094844435,-4.910000000000082,1401729.4,260758.85612560992,0.8413827947105911,6704536.0,0.12895273161566667,3.509999999999991,3.950714285714306,50.58759717953352,2.3988613140589905,SPY
2025-10-20,671.27,995461.0,0.010492247478548933,0.010437585866298907,0.012374352439051828,-0.00046903965990907626,-0.31500000000005457,1367957.9,267709.9964307209,0.7276985644075743,7699997.0,0.1331930816969593,6.970000000000027,4.276428571428596,54.351094037080344,2.7909777171685164,SPY
2025-10-21,671.26,1009506.0,-1.48971352809113e-05,-1.4897246244333114e-05,0.013597481332719319,0.0031682458080521947,2.1200000000000045,1337824.5,272646.872711996,0.7545877654356009,6690491.0,0.1315410697936566,0.009999999999990905,4.100357142857165,52.37348663008449,3.06558768863988,SPY
2025-10-22,667.82,1017536.0,-0.005124690879837801,-0.005137867143607817,0.0041198051362241195,-0.007785338602798952,-5.239999999999895,1325587.1,281562.6791684501,0.7676115737698412,5672955.0,0.13242038194130065,3.439999999999941,4.302142857142875,48.89589905362782,2.971386524537479,SPY
2025-10-23,671.525,1075599.0,0.005547902129316107,0.005532569204533903,0.016245705897486307,0.0004991135148020298,0.3349999999999227,1313208.7,287062.8943772093,0.8190617378639055,6748554.0,0.13188138428269602,3.7049999999999272,4.562500000000008,51.81213307240699,3.15927579454808,SPY
2025-10-24,677.1,1158020.0,0.008301999180968744,0.008267727139423607,0.019268402830046716,0.03647009299299686,23.825000000000045,1309504.7,288638.1380778759,0.8843190864454324,7906574.0,0.13324122173180833,5.5750000000000455,4.79107142857144,54.11106969809912,3.7152086893479463,SPY
2025-10-27,685.215,1414474.0,0.011984935755427584,0.011913685137315484,0.020774055149194837,0.033405473068251146,22.149999999999977,1302691.6,284218.704477157,1.0858087977231141,9321048.0,0.13860045446461577,8.115000000000009,5.196071428571437,61.048869338098854,4.755780516449136,SPY
2025-10-28,686.97,1318898.0,0.0025612399028043242,0.0025579655176833234,0.023403748175073735,0.03731946153671939,24.715000000000032,1296853.55,282537.91817261087,1.0169984112701083,10639946.0,0.13844814304245115,1.7549999999999955,5.0414285714285825,59.85406630773594,5.656846414987626,SPY
2025-10-29,687.315,1820620.0,0.0005022053364776013,0.000502079273582148,0.029191997843730277,0.03343206832260792,22.235000000000014,1319101.4,305644.0014689257,1.380197155427172,12460566.0,0.13826137265926736,0.3450000000000273,4.9325000000000205,61.67547606979939,6.325865607119226,SPY
2025-10-30,680.1,1168362.0,-0.01049737020143604,-0.010552856238587526,0.01276944268642266,0.029222597194267452,19.31000000000006,1313680.85,307390.5353356272,0.8893804001177302,11292204.0,0.14460591106210832,7.215000000000032,4.168214285714304,72.98432010967349,6.202380750730981,SPY
2025-10-31,682.03,1444709.0,0.0028378179679457993,0.0028337989642081597,0.007281051543346573,0.026689748607556796,17.730000000000018,1316075.5,308257.5921307746,1.0977402132324476,12736913.0,0.1447428283157031,1.92999999999995,3.606785714285723,68.7790870383205,6.18891106836702,SPY
2025-11-03,683.37,968746.0,0.0019647229594006443,0.0019627954155605385,-0.002692585538845549,0.018025533689871365,12.100000000000023,1303963.35,317232.493569866,0.7429242547346134,13705659.0,0.14448020580968834,1.3400000000000318,3.6446428571428635,70.69083782459576,6.214723584254443,SPY
2025-11-04,675.31,1579563.0,-0.011794489076195958,-0.011864595856828603,-0.016973084705300234,0.00603342966957654,4.0499999999999545,1314956.8,323022.30552175385,1.2012280555528516,12126096.0,0.15065344877775963,8.06000000000006,4.018571428571436,59.0917170280838,5.521161041610526,SPY
2025-11-05,677.49,1164923.0,0.003228147073196075,0.0032229477927892976,-0.01429475567971028,0.01447994968704136,9.669999999999959,1321248.35,318561.0631923482,0.8816835986966416,13291019.0,0.14969948588457602,2.1800000000000637,3.8678571428571495,65.4201292705448,5.088755504876872,SPY
2025-11-06,670.24,1603634.0,-0.010701264963320467,-0.010758935298597672,-0.014497867960594046,-0.001913554968169473,-1.2849999999999682,1348456.05,318264.6760283306,1.1892371278989775,11687385.0,0.1544754605841705,7.25,4.135000000000007,55.1304197616169,4.113637144132554,SPY
2025-11-07,670.92,1894028.0,0.001014561947958903,0.0010140476278294726,-0.016289606029060377,-0.00912715994683222,-6.180000000000064,1331845.95,275890.84540896036,1.4221074141495118,13581413.0,0.11805495382143437,0.67999999999995,3.6857142857142873,49.660852713178265,3.3570214809381014,SPY
2025-11-10,681.31,1437682.0,0.015486198056400058,0.015367510667161187,-0.0030144723941643026,-0.0056989412082339985,-3.9050000000000864,1333940.8,276560.1402629697,1.0777704677748818,15019095.0,0.11883144363044994,10.389999999999986,4.427142857142859,58.10745401742494,3.5548066852053353,SPY
2025-11-11,682.9,943641.0,0.002333739413776348,0.002331020473327974,0.011239282699797126,-0.005924567302793449,-4.07000000000005,1310969.6,289302.8799617231,0.7198038764590727,15962736.0,0.11846677659858246,1.5900000000000318,4.295000000000008,62.53949775486438,3.7960935924209025,SPY
2025-11-12,683.32,1286225.0,0.000615024161663591,0.0006148351118133883,0.008605293067056374,-0.005812473174599764,-3.9950000000000045,1306789.5,289011.52842631657,0.9842633415710793,17248961.0,0.11807000682450434,0.42000000000007276,4.060357142857161,60.37470314011788,3.975379988758732,SPY
2025-11-13,672.07,1686978.0,-0.016463735877773278,-0.0166007693140112,0.0027303652423014135,-0.011807087193059784,-8.029999999999973,1308399.8,291134.3713645856,1.2893444343235148,15561983.0,0.13146778609062684,11.25,4.4657142857143,45.97728726807425,3.1731071655048027,SPY
2025-11-14,671.935,1363032.0,-0.0002008719329833486,-0.0002008921104521822,0.001512848029571412,-0.014801401697872585,-10.095000000000027,1317581.85,289744.0274633117,1.0344951245343885,14198951.0,0.13045503694564525,0.1350000000001046,3.8957142857143077,37.82544921158782,2.4976158405564775,SPY
2025-11-17,665.72,1439197.0,-0.00924940656462292,-0.009292447935867853,-0.02288238834010936,-0.025827882406309843,-17.649999999999977,1339768.65,280625.5932716782,1.0742130740258775,12759754.0,0.12942475547015367,6.214999999999918,4.21428571428573,31.991525423728888,1.4441384111461275,SPY
2025-11-18,660.16,2245731.0,-0.008351859640689852,-0.008386931835638784,-0.033299165324352065,-0.022434141357302595,-15.149999999999977,1401579.9,334942.68932270503,1.6022853923632896,10514023.0,0.1324576651001687,5.560000000000059,4.586785714285733,28.85618624931871,0.15877417544129457,SPY
2025-11-19,662.68,1471719.0,0.003817256422685489,0.003809989187449748,-0.03020546742375474,-0.021860101256107156,-14.81000000000006,1424289.05,322707.39262412366,1.0333007896114907,11985742.0,0.13238869824380192,2.519999999999982,4.251428571428586,35.36626344086021,-0.6490613274664838,SPY
2025-11-20,652.42,3199694.0,-0.015482585863463516,-0.015603692754124907,-0.02923802580088397,-0.02658749104798286,-17.82000000000005,1530493.8,501762.69138724153,2.090628527864667,8786048.0,0.14073925345967267,10.259999999999991,4.846428571428589,28.17980840088437,-2.0930457092035795,SPY
2025-11-21,659.15,1680117.0,0.010315440973605927,0.010262599887767142,-0.019027138041626035,-0.017543075180349366,-11.769999999999982,1556598.65,494898.781640541,1.0793514436107214,10466165.0,0.1427481820210832,6.730000000000018,5.231428571428588,33.46531949754237,-2.6636540343913566,SPY
2025-11-24,668.82,1284399.0,0.014670408859895456,0.014563839425608306,0.004656612389593251,-0.018332330363564187,-12.489999999999895,1550094.9,497711.52791434445,0.8285937848063367,11750564.0,0.14633714329930078,9.670000000000073,5.346428571428589,45.66466265865072,-2.308960795898656,SPY
2025-11-25,675.0,895760.0,0.00924015430160563,0.00919772524294253,0.022479398933591854,-0.011568311612241922,-7.899999999999977,1528938.0,516688.2599683852,0.5858707154900984,12646324.0,0.15045805293458395,6.17999999999995,5.632142857142867,48.421052631578945,-1.5117628364425855,SPY
2025-11-26,679.64,780390.0,0.0068740740740740325,0.00685055534502807,0.025593046417577092,-0.005385470936018377,-3.6800000000000637,1476926.5,537710.066580054,0.528387837851105,13426714.0,0.15288998160055972,4.639999999999986,5.445714285714295,56.16474291710386,-0.4998070239178105,SPY
2025-11-28,683.36,698369.0,0.00547348596315711,0.005458560875598575,0.04742343888905931,0.016798845358370285,11.289999999999964,1453426.85,561642.5749284319,0.48049821014384037,14125083.0,0.14953637784108628,3.7200000000000273,5.662857142857157,57.84561049445007,0.5954837924354024,SPY
2025-12-01,680.255,1011551.0,-0.004543725122922004,-0.004554079217930772,0.032018508685428326,0.01238215005915766,8.32000000000005,1431768.95,570281.6585147777,0.706504356027556,13113532.0,0.15015690257273673,3.105000000000018,5.142500000000017,49.26731022987711,1.199139175134519,SPY
2025-12-02,681.44,770220.0,0.0017419938111444822,0.0017404782996779233,0.01886905295894259,0.023613531214324412,15.720000000000027,1421842.65,580403.1431556656,0.5417055115064948,13883752.0,0.15011860027472188,1.1850000000000591,5.113571428571447,48.98030451180339,1.752953059868787,SPY
2025-12-03,683.81,808176.0,0.0034779290913358185,0.003471895082476259,0.01305185185185187,0.03582464857004353,23.649999999999977,1383273.3,594821.8449092748,0.5842489694552768,14691928.0,0.14400126259966742,2.369999999999891,5.252857142857148,50.33315202610817,2.3559359831235724,SPY
2025-12-04,684.495,728020.0,0.0010017402494846284,0.0010012388425459794,0.007143487728797693,0.03291935775940136,21.815000000000055,1361428.15,611063.9271633036,0.5347472799060311,15419948.0,0.14369213705363745,0.6850000000000591,4.498214285714296,59.865025803890376,2.8561541026750774,SPY
2025-12-05,685.62,901415.0,0.0016435474327789468,0.0016421982867517544,0.0033071880121751107,0.05088746512982434,33.200000000000045,1326317.2,616564.1720443172,0.679637570861631,16321363.0,0.13741219366732943,1.125,4.5689285714285734,60.697256312045695,3.3052577108402375,SPY
2025-12-08,683.68,946326.0,-0.002829555730579747,-0.0028335664909626725,0.005034876627147078,0.03721459455359177,24.529999999999973,1278932.1,606979.8831456136,0.7399345125515263,15375037.0,0.13814565656987468,1.9400000000000546,4.26357142857144,65.04439604623879,3.464694922811873,SPY
2025-12-09,683.03,1073483.0,-0.0009507371869880155,-0.0009511894242492855,0.0023332942005165336,0.02124637421129738,14.209999999999923,1260722.15,607429.5605117537,0.8514826204965147,14301554.0,0.12713324944681076,0.6499999999999773,3.912857142857149,70.87440671778018,3.498274562700658,SPY
2025-12-10,687.59,1579236.0,0.00667613428399938,0.0066539475923227944,0.005527851303724907,0.01865185185185192,12.590000000000032,1292501.9,606593.3483697379,1.2218442386815835,15880790.0,0.12903965130182263,4.560000000000059,4.05857142857144,71.92009855684618,3.8484777043490794,SPY
2025-12-11,689.15,1239671.0,0.0022687939033434468,0.0022662240766595973,0.00680063404407627,0.01399270201871583,9.509999999999991,1290174.2,606708.0133681402,0.9608555185803592,17120461.0,0.12921407423821912,1.5599999999999454,3.4371428571428657,88.1650041562759,4.203440533796197,SPY
2025-12-12,681.8,1269024.0,-0.010665312341289979,-0.010722594436645114,-0.005571599428254803,-0.0022828377429174873,-1.5600000000000591,1269276.5,599475.9752956608,0.999801067773649,15851437.0,0.12048820284544061,7.350000000000023,3.48142857142858,73.23553549446032,3.8473180721516655,SPY
2025-12-15,680.715,1203309.0,-0.0015913757700204423,-0.0015926433534206447,-0.0043368242452608285,0.0006762170068577156,0.4600000000000364,1261290.35,599225.0916860321,0.9540301327128998,14648128.0,0.1207340349244563,1.0849999999999227,2.868214285714284,64.81135599551735,3.437907960354437,SPY
2025-12-16,678.86,1592313.0,-0.0027250758393747576,-0.0027287956178624435,-0.006105149114972952,-0.003786100023479788,-2.580000000000041,1268946.15,602586.3769855362,1.2548310265175555,13055815.0,0.11573743191715122,1.8550000000000182,2.5592857142857173,55.38654758582196,2.9299894059793132,SPY
2025-12-17,671.43,1053974.0,-0.010944819255811256,-0.011005154432371914,-0.023502377870533442,-0.01810444421696089,-12.379999999999995,1209358.3,558201.3708320204,0.8715150836604834,12001841.0,0.11884154925625452,7.430000000000064,2.758571428571437,39.370792335577406,1.9059507732810061,SPY
2025-12-18,676.515,1343555.0,0.007573388141727477,0.007544854013881212,-0.018334179786693716,-0.011658229789845098,-7.980000000000018,1202950.1,555761.2585888879,1.1168834018967204,13345396.0,0.12080727400874594,5.085000000000036,2.8560714285714375,41.44054020257596,1.4875620921268364,SPY
2025-12-19,680.52,1591366.0,0.00592004611871122,0.005902591499908086,-0.0018773833968905862,-0.007438522796884617,-5.100000000000023,1122533.7,316484.44842679054,1.4176554343090102,14936762.0,0.10475525228382132,4.0049999999999955,2.92035714285715,50.32407973584443,1.4622995972951003,SPY
2025-12-22,684.71,1100367.0,0.006157056368659264,0.006138179142897761,0.005868829098815143,0.0015065527732274209,1.0300000000000864,1093546.2,287994.19208774494,1.0062373222091576,16037129.0,0.10143363411702441,4.190000000000055,3.1350000000000073,53.72522214627476,1.760087675734212,SPY
2025-12-23,687.91,910769.0,0.004673511413590958,0.004662624466128923,0.013331172848598971,0.0071446349355079874,4.8799999999999955,1074864.7,287079.22834317887,0.8473336225480287,16947898.0,0.0903755479153356,3.199999999999932,3.194285714285724,54.5840787119857,2.2286100998589973,SPY
2025-12-24,690.27,508573.0,0.003430681339128716,0.0034248099765872594,0.02805951476698998,0.0038976715775389525,2.67999999999995,1055505.35,311784.9537957157,0.481828917304872,17456471.0,0.08595593054755796,2.3600000000000136,3.3139285714285784,56.22373100549625,2.758550915342994,SPY
2025-12-26,690.26,475363.0,-1.4487084763925573e-05,-1.4487189702751558e-05,0.02031736177320531,0.0016106798229702513,1.1100000000000136,1040254.0,332709.1275681464,0.45696820199682003,16981108.0,0.0832903421410387,0.009999999999990905,3.2342857142857206,55.12367491166075,3.1415125124847236,SPY
2025-12-29,687.975,994838.0,-0.0033103468258336433,-0.0033158381460192234,0.010954858049726734,0.009056908184218448,6.175000000000068,1055077.45,323142.0149105812,0.942905186723496,15986270.0,0.08257037104029961,2.284999999999968,3.2589285714285716,54.706849315068574,3.2234737351742524,SPY
2025-12-30,686.93,1056176.0,-0.0015189505432611217,-0.0015201053181496584,0.003242248543178672,0.009130105844589842,6.214999999999918,1057308.7,322979.6766981008,0.9989286950916039,14930094.0,0.08087357973300224,1.0450000000000728,3.287142857142864,54.23728813559318,3.167591801553044,SPY
2025-12-31,681.82,1205920.0,-0.007438894792773487,-0.007466701356536855,-0.008852902269192109,0.00436025100904458,2.9600000000000364,1079093.7,317239.34447371913,1.1175303868422177,13724174.0,0.08544165850110443,5.1099999999999,3.326428571428567,43.80502469400903,2.680076419923239,SPY
2026-01-02,683.33,1049269.0,0.0022146607609045965,0.0022122120145235415,-0.010054036826169344,0.017723366546028796,11.900000000000091,1091148.35,310920.7085233465,0.9616190135832583,14773443.0,0.08488366110436997,1.509999999999991,3.3228571428571416,43.74462596732595,2.3880335833765685,SPY
2026-01-05,687.73,1228667.0,0.006439055800272264,0.006418413643753056,-0.003665285544577346,0.016577607296216712,11.215000000000032,1116180.7,300112.15994394553,1.1007778579221088,16002110.0,0.08789386366446172,4.399999999999977,3.1121428571428527,56.80514115216901,2.4830081862716042,SPY
2026-01-06,691.81,1513700.0,0.005932560743314941,0.0059150323959868524,0.005574330462589261,0.016590254511255953,11.289999999999964,1146794.95,308172.1583357467,1.319939541066169,17515810.0,0.09008674109981149,4.079999999999927,3.3260714285714243,61.913454311177844,2.8545921835681156,SPY
2026-01-07,689.64,1472466.0,-0.003136699382778496,-0.003141629135755347,0.003945089019259607,0.007200128521563709,4.92999999999995,1173101.95,312583.8137883509,1.2551901392713567,16043344.0,0.09024217476423624,2.169999999999959,3.3485714285714203,61.49744027303754,2.9400828688164893,SPY
2026-01-08,689.44,1531855.0,-0.00029000638014031743,-0.0002900484401225505,0.011175970197412788,0.0022241281562995763,1.5300000000000864,1196020.55,321570.0581254204,1.280793210451108,14511489.0,0.09013661811320733,0.1999999999999318,2.832142857142839,72.71122320302676,2.9576031165888708,SPY
2026-01-09,694.005,1619127.0,0.006621315850545262,0.006599491224274445,0.01562202742452401,0.0054109261593289215,3.7350000000000136,1198015.1,324185.1457433244,1.3515080068690286,16130616.0,0.09008685490564294,4.564999999999941,2.7949999999999755,72.34858165090745,3.301784471776955,SPY
2026-01-12,695.185,1379119.0,0.0017002759346114171,0.001698832101862212,0.010840009887601143,0.007134992611479651,4.9249999999999545,1204987.5,326618.66442357755,1.144508967935352,17509735.0,0.08995962412220192,1.17999999999995,2.5932142857142577,70.19694256989413,3.627946109354184,SPY
2026-01-13,693.71,1516329.0,-0.0021217373792585814,-0.0021239914529444953,0.0027464188144143975,0.008336058723064088,5.735000000000014,1217352.75,333773.4935697797,1.245595411847552,15993406.0,0.08057966236698384,1.474999999999909,2.399285714285676,63.39684429889869,3.724477921024686,SPY
2026-01-14,690.62,1623287.0,-0.004454310879185908,-0.004464260879814555,0.0014210312626878885,0.005371726376777852,3.6900000000000546,1238351.65,345836.62613638374,1.3108449445680475,14370119.0,0.08236459963737987,3.090000000000032,2.3914285714285404,54.04719235364407,3.5111683384756134,SPY
2026-01-15,692.18,1763355.0,0.0022588398830036827,0.0022562925395013455,0.003974239962868165,0.015194626147663426,10.3599999999999,1246903.75,356985.4471086388,1.4141869410529881,16133474.0,0.08148261841286424,1.5599999999999454,2.334285714285678,52.92227662178701,3.428476576210983,SPY
2026-01-16,691.58,1267886.0,-0.0008668265480076265,-0.0008672024593888011,-0.003494211136807257,0.012073229625510384,8.25,1257599.35,354093.6561131919,1.0081795923320094,14865588.0,0.06877531312184272,0.599999999999909,2.3764285714285296,51.983769161406784,3.276755376987012,SPY
2026-01-20,677.66,1121802.0,-0.020127823245322363,-0.02033314770747923,-0.02520911699763373,-0.014642374187544549,-10.07000000000005,1246511.7,354731.76341554866,0.8999530449654023,13743786.0,0.09963668102604654,13.920000000000073,3.2074999999999654,38.51464202204635,2.0101161995097527,SPY
2026-01-21,685.34,2214904.0,0.011333116902281448,0.011269378252553447,-0.012065560536823727,-0.009352278804873992,-6.469999999999914,1277688.6,409767.394360623,1.7335241153439107,15958690.0,0.10550768208266569,7.680000000000064,3.6814285714285364,48.45750873108272,1.6074773430872256,SPY
2026-01-22,688.96,979114.0,0.005282049785507947,0.005268148689906106,-0.002403637311401252,-0.0009860216924771903,-0.67999999999995,1271625.95,413409.81066828396,0.769970131546938,16937804.0,0.10491563447782415,3.6200000000000045,3.574999999999972,57.132867132867176,1.5624756482480961,SPY
2026-01-23,689.2,1105712.0,0.00034835113794695616,0.0003482904777762525,-0.0043052385217716704,-0.00034810860988632175,-0.2400000000000091,1281373.1,406697.56779505097,0.8629118248229184,18043516.0,0.10365664237367736,0.2400000000000091,3.484285714285688,56.016810168101735,1.5285572189781078,SPY
2026-01-26,692.755,1235263.0,0.005158154381891933,0.005144896674237064,0.0016990080684808895,-0.0018011397612409663,-1.25,1317707.6,364269.82121519075,0.9374333122158511,19278779.0,0.1045671076642822,3.55499999999995,3.4239285714285432,55.24147282778765,1.7681532391343353,SPY
2026-01-27,695.53,1298406.0,0.004005745176866249,0.003997743540880614,0.026370156125490762,0.0004962707768436658,0.3450000000000273,1358859.75,305916.7144945573,0.9555114131535649,20577185.0,0.10542773357862516,2.7749999999999773,3.330714285714261,53.98884838087075,2.157088545648321,SPY
2026-01-28,695.39,915857.0,-0.00020128535073971054,-0.00020130561135474402,0.014664254238771823,0.0024217612547028367,1.67999999999995,1354910.7,311325.129596916,0.6759537731896279,19661328.0,0.1045499151211645,0.13999999999998636,3.185714285714263,56.446188340807225,2.4260596428242707,SPY
2026-01-29,693.965,1448351.0,-0.0020492097959418087,-0.0020513122991401684,0.007264572689270832,0.0048434739799021465,3.3450000000000273,1374519.45,303778.1390215863,1.0537144454376401,18212977.0,0.10470637906746187,1.4249999999999545,3.2732142857142645,54.937261320240054,2.495469366904331,SPY
2026-01-30,691.8,1391309.0,-0.0031197538780775025,-0.003124630455329154,0.003772489843296478,-0.0005489901470715486,-0.37999999999999545,1383788.9,301180.10502406204,1.0054344271731044,16821668.0,0.10141712440622895,2.1650000000000773,3.101785714285703,47.461139896373,2.3487052548085785,SPY
2026-02-02,695.39,1805145.0,0.005189361087019506,0.005175942754469417,0.0038036535283036965,0.005509124034818846,3.8099999999999454,1421582.7,304401.88383176306,1.2698135676524482,18626813.0,0.10253190645119595,3.590000000000032,3.273928571428566,50.223628231700715,2.493335021630287,SPY
2026-02-03,689.435,1826631.0,-0.008563539884093863,-0.008600417679013544,-0.008763101519704386,0.01737597025056803,11.774999999999977,1451480.9,313680.9677873195,1.2584602387809583,16800182.0,0.10555787084658902,5.955000000000041,3.593928571428575,45.75176388750861,2.103192132141544,SPY
2026-02-04,686.1,1834820.0,-0.004837294306207163,-0.004849031881678883,-0.013359409827578772,0.0011089386290017433,0.7599999999999909,1467536.9,325045.8257531826,1.250271798957832,14965362.0,0.1046446279107257,3.3349999999999227,3.6114285714285677,45.53006329113926,1.507516738586105,SPY
2026-02-05,677.44,1556860.0,-0.012622066754117478,-0.012702401750344814,-0.023812440108651023,-0.016720854621458447,-11.519999999999982,1471756.6,325660.3971169319,1.0578243712309494,13408502.0,0.11302368426766654,8.659999999999968,4.1185714285714266,37.218175511619926,0.3328136041641301,SPY
2026-02-06,690.72,1801352.0,0.019603212092583755,0.019413543860666953,-0.0015611448395489447,0.0022054556006965154,1.5199999999999818,1485231.45,333752.90805947327,1.2128426178963556,15209854.0,0.1344083110949229,13.279999999999973,5.024285714285717,49.38868353710548,0.46804261731881525,SPY
2026-02-09,694.0,1039359.0,0.004748668056520744,0.004737428699637136,-0.0019988783272695265,0.001797172160431959,1.2450000000000045,1456243.05,346447.89581612166,0.7137263247367944,16249213.0,0.1333685489116119,3.2799999999999727,4.26428571428571,63.68509212730323,0.830309877000559,SPY
2026-02-10,692.11,1087464.0,-0.002723342939481288,-0.0027270579842912836,0.0038799886863882804,-0.0049171135680703415,-3.419999999999959,1441660.3,355875.013724304,0.754313620205814,15161749.0,0.13355939784854062,1.8899999999999864,3.8507142857142753,56.27898349100352,0.9539060505176167,SPY
2026-02-11,691.81,1054954.0,-0.00043345710941911086,-0.00043355107910749796,0.00832240198221812,-0.005148190224190774,-3.580000000000041,1418591.55,365600.9102286943,0.7436629662710171,14106795.0,0.13336950741039758,0.3000000000000682,3.6135714285714227,52.81676220596947,1.0159383112444402,SPY
2026-02-12,681.19,1558444.0,-0.015351035688989545,-0.01547008273913635,0.00553554558337277,-0.018408709372951026,-12.774999999999977,1415349.4,363974.02563693706,1.1011019611129238,12548351.0,0.14332171269023344,10.61999999999989,4.354999999999985,43.43119567000163,0.2057819535660883,SPY
2026-02-13,681.61,1893959.0,0.0006165680647103322,0.0006163780647157297,-0.013189135974056132,-0.014729690662040995,-10.18999999999994,1421879.6,371637.2819075353,1.332010811604583,14442310.0,0.14299806512753924,0.4199999999999591,4.131071428571415,40.36483098469783,-0.39779675348745513,SPY
2026-02-17,682.76,962881.0,0.0016871818195154376,0.0016857601271471011,-0.016195965417867497,-0.018162469980874008,-12.629999999999995,1406629.35,384330.27191045665,0.6845307187710821,15405191.0,0.14325292801634665,1.1499999999999773,4.014999999999986,38.64081124355095,-0.7744148658116501,SPY
2026-02-18,686.19,1657083.0,0.005023727224793495,0.005011150411245796,-0.008553553625868626,-0.0047067526307772445,-3.244999999999891,1433393.4,382082.90119118587,1.1560559717939263,17062274.0,0.12436042598366415,3.4300000000000637,4.249999999999992,42.26890756302525,-0.7870425621816821,SPY
2026-02-19,684.505,1404841.0,-0.002455588102420747,-0.002458608003653794,-0.010559257599629834,-0.0023247340037896302,-1.5950000000000273,1392890.25,334900.28702237754,1.0085798217052635,15657433.0,0.1181328855134411,1.6850000000000591,4.268571428571428,42.08500669344039,-0.9223828648969175,SPY
2026-02-20,689.44,1325238.0,0.007209589411326434,0.007183724563803572,0.012111158413952161,0.01771374586679264,12.0,1410196.45,321049.41359326,0.9397541739663293,16982671.0,0.11947401333498998,4.935000000000059,4.46642857142857,48.11290580521358,-0.6242320152874754,SPY
2026-02-23,682.39,1548756.0,-0.01022569041540966,-0.010278331959213788,0.0011443494080192185,-0.01205987954598109,-8.330000000000041,1432348.65,314145.0689620747,1.08127026195752,15433915.0,0.12490975636315851,7.050000000000068,4.713571428571429,40.15002273071678,-0.9459174520289935,SPY
2026-02-24,687.37,1287317.0,0.007297879511716232,0.0072713788433814265,0.006752006561602908,-0.009553314121037437,-6.6299999999999955,1434951.35,312638.29006078903,0.8971154318228279,16721232.0,0.1264097061515508,4.980000000000018,4.64392857142857,48.41190494501273,-0.7899055582849996,SPY
2026-02-25,693.1,711288.0,0.008336121739383584,0.008301568172243638,0.010070097203398465,0.0014304084610827772,0.9900000000000091,1405595.45,351307.3284971996,0.5060403404123143,17432520.0,0.1292949397686685,5.730000000000018,4.815000000000006,55.19210799584631,-0.20157822776423018,SPY
2026-02-26,689.32,1078975.0,-0.005453758476410275,-0.005468684510562641,0.007034280246309477,-0.0035992541304692427,-2.4899999999998954,1413751.35,341083.93294216,0.763199978553513,16353545.0,0.130663107626686,3.7799999999999727,4.466428571428578,59.499440268671016,-0.039879285301822165,SPY
2026-02-27,686.16,2640484.0,-0.004584227934776419,-0.004594767731210377,-0.004757484335112694,0.007296055432404858,4.969999999999914,1473358.0,437880.273303944,1.7921537060239263,13713061.0,0.13139371468929367,3.160000000000082,3.7435714285714425,45.64968517458497,-0.1648173869590437,SPY
2026-03-02,686.35,2232660.0,0.0002769033461584858,0.0002768650155026902,0.005803133105702019,0.00695412332565537,4.740000000000009,1515425.55,468898.9036348289,1.4732891365069039,15945721.0,0.13105952040395505,0.19000000000005457,3.5228571428571627,42.24452554744532,-0.24566840806414803,SPY
2026-03-03,680.29,3334744.0,-0.00882931448969193,-0.00886852385201549,-0.010300129479028808,-0.0036176694592536807,-2.4700000000000273,1591905.5,619271.9011077698,2.0948127888244623,12610977.0,0.13261996144631596,6.060000000000059,3.8207142857143106,38.95120583286599,-0.78963238861013,SPY
2026-03-04,685.13,2450782.0,0.00711461288568116,0.007089423432329947,-0.011499062184389008,-0.0015447616549353338,-1.0600000000000591,1623113.05,646836.4562233863,1.5099268655378009,15061759.0,0.13253770611017077,4.840000000000032,4.145000000000023,44.24435636739625,-0.8207194686548291,SPY
2026-03-05,681.405,1852096.0,-0.005436924379314867,-0.005451758244167208,-0.011482330412580621,-0.004528820096273978,-3.1000000000000227,1623976.85,647145.5159144962,1.1404694592783142,13209663.0,0.13282793803576487,3.7250000000000227,3.652500000000032,50.21022782829756,-1.1328735117821225,SPY
2026-03-06,672.44,1731167.0,-0.013156639590258257,-0.013243954868957845,-0.019995336364696192,-0.02465769320027844,-17.0,1632692.2,647367.7457612156,1.0603143691137864,11478496.0,0.1334970010577485,8.964999999999918,4.262857142857172,42.317359249329854,-2.079685100992606,SPY
2026-03-09,678.3,2019689.0,0.008714532151567367,0.008676779787175888,-0.01172870984191754,-0.00599364000058622,-4.090000000000032,1643609.05,652184.6610303811,1.2288135064722356,13498185.0,0.11643002175103934,5.8599999999999,4.599285714285737,46.53672930579282,-2.330324550077762,SPY
2026-03-10,677.13,1327363.0,-0.0017249004865103057,-0.0017263898402588983,-0.004645077834452893,-0.01489736241034667,-10.240000000000009,1658009.25,641228.177451503,0.8005763538412105,12170822.0,0.11453042001867579,1.169999999999959,4.437857142857159,42.70883631096086,-2.593471417024034,SPY
2026-03-11,676.34,855049.0,-0.0011666888189859614,-0.0011673699302008986,-0.01282968195816847,-0.0241812148319146,-16.75999999999999,1646388.5,654089.1770751061,0.5193482583242047,11315773.0,0.11438989723571025,0.7899999999999636,4.37392857142858,43.333061157834614,-2.833105327970202,SPY
2026-03-12,666.05,1851720.0,-0.015214241357897063,-0.015331165384102261,-0.022534322466081114,-0.033757906342482547,-23.270000000000095,1686226.8,640289.6069227785,1.0981440930721775,9464053.0,0.12476315427400231,10.290000000000077,4.756428571428581,32.437302898333044,-3.809421294347203,SPY
2026-03-13,662.3,1905066.0,-0.005630207942346699,-0.005646117306538074,-0.015079412289572436,-0.0347732307333567,-23.860000000000014,1703557.9,641339.0451100112,1.1182866164983298,7558987.0,0.1152357529744367,3.75,4.520714285714291,34.128614315057675,-4.830074301687205,SPY
2026-03-16,668.97,2121754.0,0.010070964819568262,0.010020590582487833,-0.013754975674480252,-0.025322357397829065,-17.379999999999995,1714947.65,646897.0680321215,1.2372121096524433,9680741.0,0.12209123984618471,6.670000000000073,4.641428571428581,35.84179747614655,-5.0426078624043384,SPY
2026-03-17,670.75,1035443.0,0.002660806912118563,0.002657273232311953,-0.00942211982927943,-0.014023431183759816,-9.539999999999964,1718575.75,642646.6483092748,0.6025006462473359,10716184.0,0.12241414418910009,1.7799999999999727,4.35928571428572,31.689333114861554,-5.00966284174217,SPY
2026-03-18,661.54,1836272.0,-0.013730898248229595,-0.013826038946979967,-0.021882485140609864,-0.03443142177396996,-23.590000000000032,1727535.2,642993.2139756179,1.062943319476211,8879912.0,0.12841598221369943,9.210000000000036,4.747142857142868,29.100210653024362,-5.66146189573351,SPY
2026-03-19,659.87,1086895.0,-0.0025244127339237865,-0.0025276044363303535,-0.009278582688987291,-0.031603818580726584,-21.534999999999968,1711637.9,655205.8345665847,0.6350028823269221,7793017.0,0.12842090039423604,1.669999999999959,4.640714285714288,29.767585039248914,-6.240831959165575,SPY
2026-03-20,648.48,2140888.0,-0.017260975646718246,-0.017411683042424644,-0.020866676732598455,-0.035631431800606794,-23.960000000000036,1752420.4,655273.5686982716,1.2216748903402403,5652129.0,0.13486578209935338,11.389999999999986,5.440714285714283,25.141131679138752,-7.532237770012216,SPY
2026-03-23,655.37,2318783.0,0.010624845793239635,0.010568798763683586,-0.02032976067686143,-0.03380510098776346,-22.92999999999995,1790921.75,665223.582306286,1.2947427770085431,7970912.0,0.1402962532056057,6.889999999999986,5.499999999999992,33.81818181818181,-7.908555852356244,SPY
2026-03-24,653.2,1746221.0,-0.003311106703083655,-0.0033166005473717983,-0.026164740961610033,-0.03534033346624721,-23.92999999999995,1813866.95,654771.0183696182,0.9627062227469331,6224691.0,0.13597789383803544,2.169999999999959,5.309285714285701,28.521458361361482,-8.286371377242858,SPY
2026-03-25,656.74,1379333.0,0.005419473361910621,0.0054048408593152545,-0.007255797079541604,-0.028979507348375066,-19.600000000000023,1847269.2,611150.8492420889,0.7466875970215927,7604024.0,0.1332588947772053,3.5399999999999636,5.296071428571411,33.36705104862092,-8.205555946572872,SPY
2026-03-26,645.11,901469.0,-0.017708682279136356,-0.017867357064935988,-0.022368042190128334,-0.031439081150063775,-20.93999999999994,1838393.9,624048.2636371292,0.4903568272283758,6702555.0,0.14338539097419983,11.629999999999995,5.48642857142856,32.20934774117947,-8.976477692383241,SPY
2026-03-27,634.04,1640085.0,-0.017159864209204678,-0.01730880096099747,-0.022267456205280145,-0.04266948512758573,-28.25999999999999,1788373.95,595828.7662426685,0.9170816875296132,5062470.0,0.15162609819450282,11.07000000000005,5.858571428571428,23.01877590831505,-10.36125709217913,SPY
2026-03-30,632.02,1812294.0,-0.0031859188694719487,-0.003191004713924673,-0.035628728809680044,-0.055234165956619896,-36.950000000000045,1767355.65,586675.430344696,1.0254268856412687,3250176.0,0.15085759513461466,2.019999999999982,5.9192857142857145,22.782671654398456,-11.489260814615477,SPY
2026-03-31,650.12,2822238.0,0.028638334229929452,0.028235922019207993,-0.0047152480097979454,-0.03075661572866195,-20.629999999999995,1741730.35,522267.85643588507,1.6203644840890554,6072414.0,0.18899150811521523,18.100000000000023,7.15571428571429,36.91355559992014,-10.798218023765116,SPY
2026-04-01,655.18,1543102.0,0.007783178490124776,0.007753045807461113,-0.002375369248104331,-0.009613931130392772,-6.360000000000014,1696346.35,496196.8727172157,0.9096621099812546,7615516.0,0.1894428261630429,5.059999999999945,6.782142857142852,44.275934702474984,-9.730099392486068,SPY
2026-04-02,655.76,1505269.0,0.0008852529075979998,0.0008848613023388826,0.016508812450589883,-0.006228499552942246,-4.110000000000014,1679005.0,496527.6027311017,0.8965244296473209,9120785.0,0.1893237564411685,0.5800000000000409,6.555714285714283,46.43713227282634,-8.736102181170736,SPY
2026-04-06,658.885,1239157.0,0.004765462974258838,0.0047541441011156715,0.03918522490694598,0.01604521342215648,10.404999999999973,1654404.5,505906.9626376084,0.7490048534079785,10359942.0,0.1857816571883852,3.125,6.302499999999993,44.2851476171587,-7.608484967961772,SPY
2026-04-07,659.23,1811115.0,0.0005236118594291739,0.0005234748225735016,0.04305243504952383,0.005889802706867897,3.8600000000000136,1643975.8,500097.1222122864,1.1016676766166509,12171057.0,0.18237246043968977,0.3450000000000273,6.199999999999997,43.364055299539174,-6.610796439459364,SPY
2026-04-08,676.0,2148131.0,0.025438769473476563,0.025120588774499592,0.03980803543961109,0.03490508266993264,22.799999999999955,1685014.2,506385.088348217,1.2748444493820883,14319188.0,0.20565879298079057,16.769999999999982,6.739999999999993,57.66214497668506,-4.416017148587457,SPY
2026-04-09,679.87,1394539.0,0.005724852071005815,0.0057085273800491,0.03768430049757332,0.035219417120930574,23.129999999999995,1711988.7,473123.5752631653,0.8145725494566641,15713727.0,0.20659484086558097,3.8700000000000045,6.897142857142853,60.35625517812759,-2.3374177936470915,SPY
2026-04-10,679.35,959465.0,-0.0007648521040787282,-0.0007651447526807326,0.03597352690008537,0.05307621955945496,34.24000000000001,1667375.95,500527.8038198094,0.5754341125047414,14754262.0,0.1983687717896059,0.5199999999999818,6.120714285714281,68.0126035710118,-0.7237297771706608,SPY
2026-04-13,686.0,1331996.0,0.00978876867594014,0.009741169055552562,0.04115285672006497,0.08195066557315012,51.960000000000036,1638722.45,502603.55074902094,0.8128258693227765,16086258.0,0.19901809626140796,6.649999999999977,6.103571428571423,67.92276184903454,1.0792876690962885,SPY
2026-04-14,694.36,1574586.0,0.012186588921282882,0.012112930274463253,0.05328944374497513,0.0986361191101548,62.34000000000003,1611364.05,489651.89676990506,0.9771758281438635,17660844.0,0.20031690230409294,8.360000000000014,6.5457142857142845,72.45744216499344,3.1465031877488627,SPY
2026-04-15,699.75,1665266.0,0.007762543925341259,0.0077325703952144395,0.0351331360946745,0.0763397526610472,49.629999999999995,1642855.2,470543.1986439323,1.0136413726541451,19326110.0,0.20137627320595897,5.389999999999986,6.677857142857143,73.00246015616642,5.1602304096247735,SPY
2026-04-16,701.53,1394612.0,0.0025437656305822287,0.002540535735029233,0.03185903187374062,0.0707439177020055,46.35000000000002,1620772.2,471351.28167826944,0.8604614516463203,20720722.0,0.19239149468662006,1.7799999999999727,5.974285714285713,83.727881396461,6.821125179930505,SPY
2026-04-17,710.06,1314488.0,0.012159137884338422,0.012085809376503338,0.04520497534407886,0.08280468464072221,54.299999999999955,1632151.85,460403.9303105452,0.8053711423970753,22035210.0,0.19384546923215584,8.529999999999973,5.7928571428571365,96.86806411837242,8.725118231538545,SPY
2026-04-20,708.79,981019.0,-0.001788581246655152,-0.0017901826678926396,0.033221574344023175,0.07574159375308276,49.90499999999997,1574158.4,465965.9189613718,0.6232022139576298,21054191.0,0.17880719475454876,1.2699999999999818,5.739285714285708,97.77224642190421,10.016108591270722,SPY
2026-04-21,703.91,1279763.0,-0.0068849729821244265,-0.006908783762596988,0.013753672446569443,0.06777604174567298,44.67999999999995,1522207.4,435502.4468861587,0.8407284053408228,19774428.0,0.18165308197313443,4.8799999999999955,4.794999999999992,90.06405481900794,10.524136837884157,SPY
2026-04-22,711.2,1108252.0,0.01035643761276317,0.010303177123089036,0.01636298678099335,0.05207100591715985,35.200000000000045,1490308.95,441553.00102615973,0.7436390957727256,20882680.0,0.18119364725571344,7.290000000000077,4.9542857142857155,90.38350634371402,11.38376994462817,SPY
2026-04-23,708.41,1469729.0,-0.003922947131608678,-0.003930662072186619,0.009807135831682245,0.04197861355847432,28.539999999999964,1494828.75,440819.29121339676,0.9832089461752725,19412951.0,0.18346508362799896,2.7900000000000773,5.112142857142861,86.78217130082433,11.704977991853411,SPY
2026-04-24,713.97,1063040.0,0.007848562273260029,0.007817922522622806,0.005506576908993699,0.05096047692647376,34.620000000000005,1502907.3,430738.1531447345,0.7073224010556073,20475991.0,0.16513374823028482,5.560000000000059,5.286071428571437,87.21707992703193,12.266779419259478,SPY
2026-04-27,715.165,1329665.0,0.00167373979298846,0.0016723406515227492,0.00899420138545981,0.04251457725947527,29.164999999999964,1487386.3,431127.58639276674,0.893960768631525,21805656.0,0.1435279592954575,1.1949999999999363,5.346785714285716,87.36223365172663,12.66247251002767,SPY
2026-04-28,711.68,1225364.0,-0.004873001335356175,-0.004884913119545561,0.011038342969981851,0.024943833170113283,17.319999999999936,1458039.8,427810.53665336716,0.8404187594879097,20580292.0,0.14508843588242695,3.4850000000000136,4.397857142857147,78.97515023550423,12.550181085301574,SPY
2026-04-29,711.59,889917.0,-0.0001264613309351903,-0.00012646932784350813,0.0005483689538807734,0.016920328688817543,11.840000000000032,1361423.75,303700.75427576876,0.6536664282520412,19690375.0,0.11914924955054762,0.08999999999991815,4.12785714285714,77.44419449731791,12.31200197948715,SPY
2026-04-30,718.41,1976926.0,0.009584170660071,0.009538533858671596,0.014116119196510457,0.024061693726568967,16.879999999999995,1383114.95,331573.178783948,1.429328777047779,21667301.0,0.11996533995851856,6.819999999999936,4.577857142857137,80.47277266344203,12.529132287131233,SPY
2026-05-01,720.49,1437357.0,0.002895282638047947,0.002891099379802347,0.009132036360071094,0.014688899529617272,10.430000000000064,1379719.35,330602.6929363486,1.0417749087885155,23104658.0,0.11934058760137183,2.080000000000041,4.25142857142857,78.9734543010753,12.722392416628622,SPY
2026-05-04,718.09,1078626.0,-0.003331066357617707,-0.0033366267105272274,0.004089965252773942,0.013120952609376735,9.300000000000068,1371692.8,336098.0113971453,0.7863466222174528,22026032.0,0.12273410592981024,2.3999999999999773,3.8257142857142816,72.15272591486188,12.537369527583905,SPY
2026-05-05,723.71,1288729.0,0.0078263170354691,0.007795850274741776,0.016903664568345356,0.02812859598528239,19.800000000000068,1345573.5,320067.620951129,0.9577544444803647,23314761.0,0.12245970740426054,5.6200000000000045,3.8421428571428544,72.27179773192049,12.697851656935313,SPY
2026-05-06,733.77,1751660.0,0.013900595542413408,0.013804868354085688,0.03116963419946872,0.031735095613048214,22.569999999999936,1325749.95,277144.3286950669,1.3212597141715903,25066421.0,0.10162617665646677,10.059999999999945,4.433571428571424,75.97067826647337,13.481387779282613,SPY
2026-05-07,731.53,1252417.0,-0.00305272769396403,-0.0030573967718542983,0.0182625520246098,0.032636467582332296,23.120000000000005,1318643.85,277109.7497421085,0.9497765450466401,23814004.0,0.10453152231173402,2.240000000000009,3.984285714285712,69.24524919325927,13.762945849164112,SPY
2026-05-08,737.54,1427610.0,0.008215657594357051,0.008182092792137476,0.023664450582242536,0.03301259156547176,23.569999999999936,1342051.1,264665.89098311105,1.0637523414719454,25241614.0,0.1043168832686356,6.009999999999991,4.322857142857141,73.7524785194977,14.306127290248924,SPY
2026-05-11,739.2,1334809.0,0.0022507253843859765,0.0022481962961524962,0.029397429291593058,0.03360762900869041,24.035000000000082,1342191.75,264661.01361988025,0.9944994819108373,26576423.0,0.10231363852590115,1.6600000000000819,4.092857142857148,80.79406631762656,14.701085658161446,SPY
2026-05-12,738.19,1517551.0,-0.0013663419913420016,-0.0013672762877031933,0.020008014259855544,0.03724988758992831,26.510000000000105,1339340.0,262322.0920971208,1.1330588200158287,25058872.0,0.09875962205448488,1.009999999999991,3.644285714285713,76.45041160329285,14.762422434638097,SPY
2026-05-13,742.3,1094090.0,0.005567672279494396,0.005552230083730005,0.011624896084604153,0.043156874042636906,30.709999999999923,1310781.2,255986.47414074503,0.8346854532243826,26152962.0,0.09768184459929298,4.1099999999999,3.7385714285714147,82.37485670615219,14.970108827209401,SPY
2026-05-14,748.1,1020227.0,0.007813552472046403,0.007783184754858024,0.022651155796754807,0.041327375732520544,29.690000000000055,1292061.95,263122.7807872357,0.789611519788196,27173189.0,0.09915412038391444,5.800000000000068,3.7557142857142725,82.4553062000762,15.42490461823013,SPY
2026-05-15,739.1,1323694.0,-0.012030477208929247,-0.012103429087518122,0.00211513951785669,0.025829643714694095,18.610000000000014,1292522.25,263172.1248798514,1.0241169929569878,25849495.0,0.10714226580574567,9.0,4.313214285714277,69.81866357539133,14.887495000161039,SPY
2026-05-18,738.4,1368140.0,-0.0009470978216751247,-0.0009475466021987819,-0.0010822510822511289,0.028283362809675694,20.309999999999945,1311878.3,253098.9420515014,1.0428863713958834,24481355.0,0.10678576579565015,0.7000000000000455,4.114285714285708,73.19444444444451,14.240949060076673,SPY
2026-05-19,733.8,1787567.0,-0.0062296858071506644,-0.006249171267460799,-0.005946978420190097,0.013942048610631197,10.089999999999918,1337268.5,274291.1933825261,1.3367300583241137,22693788.0,0.10607994054706975,4.600000000000023,4.436428571428572,67.87956850748665,13.205154388385722,SPY
2026-05-20,741.31,1251063.0,0.010234396293267833,0.010182379465695114,-0.001333692577125123,0.010275699469861177,7.539999999999964,1344409.05,269838.21648584236,0.9305672258008081,23944851.0,0.10595480827152542,7.509999999999991,4.48571428571429,68.23248407643308,12.842236575654852,SPY
2026-05-21,742.71,1344374.0,0.001888548650362365,0.001886767584427196,-0.0072049191284587755,0.015283036922614235,11.180000000000064,1338141.3,268225.14266624243,1.0046577293444272,25289225.0,0.10355683105628326,1.400000000000091,4.437142857142866,67.88473921442369,12.52322989530262,SPY
2026-05-22,745.67,1145182.0,0.003985404801335468,0.00397748411341083,0.008889189554863952,0.011023130948829785,8.129999999999995,1342248.4,264392.5527252389,0.8531818700622031,26434407.0,0.10174672550698517,2.9599999999999227,4.477142857142861,72.00063816209308,12.36670637200325,SPY
2026-05-26,750.46,1273804.0,0.0064237531347648424,0.0064032087669578875,0.016332611050920987,0.015232683982683959,11.259999999999991,1339455.35,264827.18179821846,0.9509865334443585,27708211.0,0.10281603617894519,4.790000000000077,4.4178571428571525,71.62489894907029,12.485251117315784,SPY
2026-05-27,750.59,1326701.0,0.00017322708738642945,0.00017321208530701325,0.022880893976560568,0.016797843373657084,12.399999999999977,1344522.2,263495.49742335017,0.9867453285635597,29034912.0,0.09957022351244314,0.12999999999999545,3.708571428571442,66.19799691833589,12.446216360881749,SPY
2026-05-28,754.68,1218138.0,0.005449046749889996,0.005434254406432561,0.018035639610958887,0.016677893035160984,12.379999999999995,1360933.25,243125.2972381618,0.8950754932323095,30253050.0,0.09944993522723458,4.089999999999918,3.8407142857142924,71.52687372140592,12.600064157283782,SPY
2026-05-29,756.34,1674069.0,0.002199607780781321,0.0021971921851800694,0.018351711973717766,0.011014570244619826,8.240000000000009,1345790.4,209900.86691965052,1.2439299611588848,31927119.0,0.09633437419310537,1.6600000000000819,3.530000000000013,69.02063941723998,12.709431357800668,SPY
2026-06-01,758.44,1446621.0,0.0027765290742258752,0.0027726816374106233,0.01712553810666928,0.026166959815992374,19.340000000000032,1346253.6,210123.6705164486,1.0745531154011398,33373740.0,0.09633035933280543,2.1000000000000227,3.5614285714285807,69.29402326514236,12.817802453843228,SPY
2026-06-02,759.47,1164371.0,0.0013580507357207061,0.00135712941885601,0.012005969671934569,0.02853466955579642,21.07000000000005,1350540.85,205192.63336583914,0.8621516335474043,34538111.0,0.09391708292451247,1.0299999999999727,3.5628571428571507,71.33119486768237,12.838802002550779,SPY
2026-06-03,754.18,1906675.0,-0.00696538375446043,-0.006989755277158011,0.004782904115429032,0.027773235213954806,20.379999999999995,1381438.15,239115.46913512924,1.3802101816863825,32631436.0,0.0980490891156401,5.290000000000077,3.6471428571428777,61.633372502937654,12.286949204500502,SPY
2026-06-04,756.97,1546700.0,0.003699382110371685,0.003692556225563664,0.0030343986855356775,0.021124765617622998,15.660000000000082,1371190.15,226471.18729049305,1.1279981846427354,34178136.0,0.08790215592549379,2.7900000000000773,3.4321428571428783,59.229968782518156,11.937127790592172,SPY
2026-06-05,737.45,2829329.0,-0.025787019300632763,-0.02612533322775314,-0.024975540101012772,-0.007082172045616675,-5.259999999999991,1450035.75,394850.0079453053,1.9512132718107122,31348807.0,0.1304920081391085,19.519999999999982,4.183571428571448,48.59142905924537,9.96986454276555,SPY
2026-06-08,739.235,1709067.0,0.0024205030849548947,0.002417578385907399,-0.02532171298982122,-0.008629822843885249,-6.434999999999945,1464108.6,399002.5338783014,1.1673089004463193,33057874.0,0.1274963492892341,1.7849999999999682,4.261071428571443,50.69985751403908,8.457337900818516,SPY
2026-06-09,737.07,3427455.0,-0.002928703321677051,-0.002933000365144721,-0.029494252570871793,-0.017842390000799457,-13.389999999999986,1568740.9,591337.0111585136,2.184844546349241,29630419.0,0.12768760148978608,2.1649999999999636,4.087142857142867,52.85739252009794,7.003223433186804,SPY
2026-06-10,725.58,2288273.0,-0.01558875005087712,-0.015711532301034843,-0.03792198148982995,-0.03332045457573374,-25.00999999999999,1607277.0,612557.8456704484,1.4236954799950474,27342146.0,0.13901641399729547,11.490000000000009,4.3714285714285825,37.148692810457625,4.867569950761094,SPY
2026-06-11,737.67,3118813.0,0.01666253204333068,0.016525235100315377,-0.02549638691097411,-0.022539354428366964,-17.00999999999999,1708513.15,686168.622537552,1.825454489478176,30460959.0,0.1508568437977443,12.089999999999918,5.134999999999999,46.49464459591036,4.103310727199528,SPY
2026-06-12,741.67,2238880.0,0.005422478886222937,0.005407830178599108,0.005722421859108984,-0.01939603881852081,-14.670000000000073,1769445.8,675862.630356012,1.2653001295659918,32699839.0,0.1493892150109513,4.0,5.209285714285719,47.25764431646785,3.77685907652085,SPY
2026-06-15,754.75,1938716.0,0.017635875793816647,0.01748216828279451,0.020987913180517737,-0.004865249723115972,-3.6900000000000546,1800196.9,668464.884622883,1.076946638448272,34638555.0,0.1557090683292079,13.080000000000041,5.801428571428573,52.64097512927848,4.521469788080026,SPY
2026-06-16,750.58,1800287.0,-0.005525008280887644,-0.005540327591407671,0.01832933099976941,-0.011705531489064724,-8.889999999999986,1821804.25,660703.3743751608,0.9881890439107275,32838268.0,0.15734437636606097,4.169999999999959,6.089999999999999,49.994135585268594,4.720677954822008,SPY
2026-06-17,741.02,2559843.0,-0.012736816861627087,-0.012818625510385723,0.021279528101656453,-0.017449415258956713,-13.159999999999968,1860418.05,680856.9880559953,1.375950421465756,30278425.0,0.16283558583618693,9.56000000000006,6.480714285714295,42.47217017524527,4.060334746943909,SPY
2026-06-18,746.75,1493489.0,0.007732584815524524,0.007702841611064356,0.012309027071725875,-0.013501195555966627,-10.220000000000027,1872539.35,671531.7666197167,0.7975741604575626,31771914.0,0.1610929142439526,5.730000000000018,6.771428571428577,44.941983122362856,3.9537942308348875,SPY
2026-06-22,744.27,1673730.0,-0.0033210579176431443,-0.0033265848707695706,0.0035056022220125715,0.009248084615905983,6.819999999999936,1889007.15,661866.8219505124,0.8860368792145652,30098184.0,0.1615216089502934,2.480000000000018,6.798571428571433,42.556209287665446,3.627430074557651,SPY
2026-06-23,733.62,1905566.0,-0.014309323229473092,-0.014412688841295845,-0.027996025173898653,-0.007595690139130307,-5.615000000000009,1927026.35,638310.8985252676,0.9888634890747602,28192618.0,0.1686630236287275,10.649999999999977,7.48571428571429,37.66698473282442,2.48082077747938,SPY
2026-06-24,733.32,1421736.0,-0.0004089310542242375,-0.0004090146893292302,-0.02299555010791654,-0.0050877121575969575,-3.75,1934422.95,631160.1667513795,0.7349664663562847,26770882.0,0.16653333219418184,0.2999999999999545,7.12928571428571,39.550145276024494,1.5302770743270457,SPY
2026-06-25,733.33,1997200.0,1.3636611574829871e-05,1.3636518597087516e-05,-0.010377587649456066,0.01068111028418639,7.75,1967947.9,614775.8046562393,1.0148642654614992,28768082.0,0.166518085848203,0.009999999999990905,6.930714285714275,37.818200556528886,0.7689077675914859,SPY
2026-06-26,729.35,2065474.0,-0.005427297396806363,-0.00544207868119924,-0.023300970873786353,-0.011278756083343389,-8.319999999999936,2010314.7,589041.7753491105,1.0274381418988778,26702608.0,0.1653070805477369,3.980000000000018,5.820714285714279,45.03006503865503,-0.15386200569241737,SPY
2026-06-29,740.86,1615239.0,0.015781175018852345,0.0156579470404676,-0.004581670630282031,-0.0010921299230115533,-0.8099999999999454,2007373.2,590953.0499891994,0.8046530660068592,28317847.0,0.17617859411817266,11.509999999999991,6.515357142857137,50.890752617442296,0.04310027456313037,SPY
2026-06-30,746.65,1509022.0,0.007815241746078838,0.007784860930587683,0.017761238788473577,-0.010732030473666776,-8.100000000000023,2010493.25,587993.9506059992,0.7505730248037391,29826869.0,0.17849422289367808,5.789999999999964,6.774285714285709,55.05061155630533,0.6588046220617798,SPY
2026-07-01,745.665,1546434.0,-0.0013192258755776454,-0.0013200968200990093,0.016834396989036104,-0.006548269338378376,-4.915000000000077,2029596.4,564806.9233120291,0.7619416352926129,28280435.0,0.1783331730621523,0.9850000000000136,6.0239285714285655,61.907867433449894,1.0551108245514342,SPY
2026-07-02,744.86,1955793.0,-0.0010795732668155145,-0.0010801564257810594,0.01572279873999416,0.005182046368519044,3.840000000000032,2032052.3,564350.9077357067,0.9624717828374791,26324642.0,0.17687701493367328,0.80499999999995,5.21785714285714,54.92128678986999,1.289366557846165,SPY
2026-07-06,751.27,1521390.0,0.008605644013640168,0.008568826533825756,0.030054157811750137,0.006052895882155962,4.519999999999982,2030786.8,565523.702044174,0.7491628367881847,27846032.0,0.17928588876892176,6.409999999999968,5.389999999999994,56.36098595282271,1.9695456473751847,SPY
2026-07-07,747.77,1436097.0,-0.004658777802920344,-0.004669663731469212,0.009326998353265115,0.004702594488559253,3.5,1961125.2,547504.1762231112,0.7322821612816969,26409935.0,0.15327548729229207,3.5,4.7057142857142775,44.7024893746205,2.2008022486031678,SPY
2026-07-08,745.28,1223246.0,-0.0033299009053585626,-0.003335457363777875,-0.0018348623853211565,0.015893786974182866,11.659999999999968,1936834.15,569606.8317180006,0.6315698223309415,25186689.0,0.15379719403915307,2.490000000000009,4.585714285714281,45.87227414330212,2.1582733492961097,SPY
2026-07-09,751.55,1464597.0,0.008412945470158917,0.008377753883259028,0.00789228406858311,0.024859542900779852,18.229999999999905,1838691.25,457280.50489789224,0.7965431934263025,26651286.0,0.1557476288966312,6.269999999999982,4.350714285714275,58.64390083730093,2.600528219077887,SPY
2026-07-10,754.94,1273329.0,0.004510677932273444,0.004500535313190648,0.013532744408345287,0.029468315765071695,21.610000000000014,1787944.05,461063.35337422095,0.7121749699046791,27924615.0,0.14315368459113428,3.3900000000001,4.183571428571424,56.99163394229133,3.1878159008832654,SPY
2026-07-13,749.13,1512093.0,-0.007695975839139613,-0.007725742682821361,-0.002848509856642756,0.0271200383903476,19.779999999999973,1707608.05,341422.18674715335,0.8855035556900777,26412522.0,0.13605278011994287,5.810000000000059,4.42142857142857,53.92568659127626,3.1481374077006876,SPY
2026-07-14,751.94,1105761.0,0.003751017847369642,0.0037440003230222434,0.005576581034275385,0.014955592149664021,11.080000000000041,1650952.1,342635.69235143537,0.6697717032492947,27518283.0,0.1354284790982091,2.810000000000059,3.8614285714285757,66.94413614502407,3.3053336035524126,SPY
2026-07-15,754.77,1446040.0,0.003763598159427506,0.003756533543909125,0.012733469300128863,0.010875242750954195,8.120000000000005,1626318.3,338544.0623055238,0.8891494364909993,28964323.0,0.1205892620613147,2.8299999999999272,4.042142857142859,68.95211168050885,3.6165803825981584,SPY
2026-07-16,750.87,1656558.0,-0.0051671370086251445,-0.005180532826333277,-0.0009047967533762913,0.006980346402204907,5.205000000000041,1619131.85,336173.9829884889,1.0231149489153708,27307765.0,0.12037716619478406,3.8999999999999773,4.320000000000001,64.50066137566134,3.5081089942996186,SPY
2026-07-17,743.28,2010179.0,-0.01010827440169404,-0.01015970991714551,-0.01544493602140573,-0.00212120398464144,-1.580000000000041,1591648.65,271459.97767166834,1.2629539817094684,25297586.0,0.1169888285754998,7.590000000000032,4.5778571428571455,60.86753003588699,2.7776757528199596,SPY
2025-08-20,323.91,604008.0,-0.01642779059880961,-0.0165642230030665,-0.04537215779313597,0.012376933895921427,3.9600000000000364,732796.8,337739.4668693918,0.8242503242372237,-871896.0,0.44856630197956426,5.409999999999968,5.076785714285718,60.72458670418571,2.8916885416389846,TSLA
2025-08-21,320.08,336152.0,-0.011824272174369543,-0.011894734878179247,-0.0464444245836686,-0.0069188048772921285,-2.230000000000018,650618.1,182773.78814488545,0.5166656138216874,-1208048.0,0.32954597007989755,3.830000000000041,4.922857142857148,62.623331398723124,1.9882710416557074,TSLA
2025-08-22,340.0,718642.0,0.06223444138965273,0.06037465306122762,0.028370939447099452,0.031271800782553205,10.310000000000002,635291.65,161303.61527330798,1.1312001346153377,-489406.0,0.3751412202132706,19.920000000000016,5.878571428571433,68.6998784933171,2.8468667776613756,TSLA
2025-08-25,346.6,533774.0,0.01941176470588246,0.019225759671298737,0.03434898087081106,0.021861226174506587,7.4150000000000205,622303.7,158321.79774985896,0.85773875360214,44368.0,0.36742368350041593,6.600000000000023,6.30821428571429,71.49408367774444,4.013608544871886,TSLA
2025-08-26,351.7,532173.0,0.014714368147720647,0.014607162198430999,0.06795821693185955,0.032028991886379865,10.914999999999964,615425.55,159138.73164184822,0.864723604666722,576541.0,0.3641935457924241,5.099999999999966,5.864285714285716,69.3361753958587,5.288820943172254,TSLA
2025-08-27,349.47,400321.0,-0.00634063121978945,-0.006360818400141301,0.07891080855793287,0.02995829710732245,10.16500000000002,598856.15,163584.0052376997,0.6684760605698046,176220.0,0.36411325249843607,2.2299999999999613,5.854999999999998,66.56703672075152,6.049755774397056,TSLA
2025-08-28,345.9,431588.0,-0.01021546913898208,-0.01026800513667249,0.08066733316670827,0.03047636071141291,10.229999999999961,573207.25,145772.14029106978,0.7529353475553563,-255368.0,0.34121623281297264,3.57000000000005,5.5828571428571445,60.36975435005115,6.292200376930452,TSLA
2025-08-29,333.86,733145.0,-0.034807747904018416,-0.03542797251588095,-0.018058823529411683,0.009799770128848806,3.240000000000009,568626.25,138719.68931811018,1.289326688664127,-988513.0,0.36024642902981346,12.039999999999964,5.764642857142856,46.700947896660686,5.4499880241924075,TSLA
2025-09-02,329.31,687492.0,-0.013628467022105073,-0.013722187059907165,-0.04988459319099836,-0.01724909725745316,-5.779999999999973,561978.75,128852.0165754717,1.2233416299103836,-1676005.0,0.360616541101151,4.550000000000011,5.975357142857141,43.14147391070466,4.365063952683272,TSLA
2025-09-03,334.07,929099.0,0.014454465397345961,0.014350995488693114,-0.05012794995735004,0.014423660876958566,4.75,582445.95,152189.3399536365,1.5951677576262657,-746906.0,0.3621037536637183,4.759999999999991,6.209642857142853,46.989129809627876,3.8450229969118936,TSLA
2025-09-04,338.62,684226.0,0.013619900020953812,0.013527982844057925,-0.031047014049847,0.045413849526102945,14.70999999999998,581630.15,151565.42788591114,1.1763936240237889,-62680.0,0.34347456656588005,4.550000000000011,6.274999999999998,51.6789982925441,3.7567285387216884,TSLA
2025-09-05,350.82,1589263.0,0.036028586616265956,0.035394736715548325,0.014223764093668656,0.09603849037740564,30.74000000000001,635385.8,270423.30280420865,2.501256716785298,1526583.0,0.36276725075479727,12.199999999999989,6.785714285714282,60.63157894736842,4.617959620894908,TSLA
2025-09-08,346.34,930870.0,-0.012770081523288401,-0.012852319891629448,0.037380938117773876,0.01864705882352924,6.339999999999975,644655.65,277481.1145547659,1.4439802086586846,595713.0,0.36085366237216415,4.480000000000018,6.786428571428571,55.920429428481214,4.882708079909264,TSLA
2025-09-09,347.07,581463.0,0.0021077553848820596,0.0021055371849025783,0.053930946524551215,0.0013560300057702257,0.46999999999997044,636158.65,276640.9361817273,0.9140219975001519,1177176.0,0.34744580088774124,0.7300000000000182,6.426428571428573,59.864399244192505,5.092722307571137,TSLA
2025-09-10,347.84,743850.0,0.002218572622237458,0.002216115223937271,0.041218906217259876,-0.010975263008245695,-3.8600000000000136,648387.65,275675.4288541574,1.1472303644278234,1921026.0,0.3472400392858539,0.7699999999999818,6.095000000000003,64.02203211062928,5.26065114910034,TSLA
2025-09-11,368.85,866624.0,0.060401333946642266,0.05864745339746676,0.08927411257456752,0.05545540389733028,19.379999999999995,672493.7,272446.2151100652,1.288672295368715,2787650.0,0.40470880734645975,21.010000000000048,7.32214285714286,73.78792312945079,7.008280285351361,TSLA
2025-09-12,396.0,1935885.0,0.07360715738104906,0.07102415392416915,0.1287839917906619,0.14483954900260199,50.10000000000002,742950.5,389733.01984827075,2.6056715756971696,4723535.0,0.46837820131804764,27.149999999999977,7.838571428571429,75.51485328959359,10.46345091591445,TSLA
2025-09-15,410.21,1935848.0,0.03588383838383824,0.03525501243867576,0.18441415949644857,0.22868867189840048,76.34999999999997,810108.85,469947.5531668429,2.389614679558185,6659383.0,0.4690187027149404,14.20999999999998,8.382142857142854,77.10268427780144,14.184813080419246,TSLA
2025-09-16,421.545,767075.0,0.027632188391311763,0.02725730961597962,0.21458207278070707,0.28008563359752214,92.23500000000001,826832.75,461684.91708168644,0.9277269193800076,7426458.0,0.47258674421316305,11.335000000000036,8.827500000000002,78.25787919245863,17.84297645055352,TSLA
2025-09-17,425.62,688227.0,0.009666820861355285,0.009620396095389545,0.22360855565777382,0.2740443619600683,91.55000000000001,831486.25,459691.60658353905,0.8277070125934133,8114685.0,0.4600437220099929,4.074999999999989,8.959285714285718,80.35557681575378,20.83079132515394,TSLA
2025-09-18,416.685,670941.0,-0.020992904468774998,-0.021216388744260104,0.12968686457909717,0.23053865690154152,78.065,834832.9,458189.5443139455,0.8036829885357896,7443744.0,0.4642224878911723,8.935000000000002,9.342500000000001,77.05952062387706,22.221520456819178,TSLA
2025-09-19,425.995,578586.0,0.02234301690725604,0.022097068451022824,0.07574494949494959,0.2142836782395532,75.17500000000001,846954.6,447381.6593522571,0.6831369709781374,8022330.0,0.45568547026584316,9.310000000000002,9.147500000000004,85.97196736032481,23.800564415168594,TSLA
2025-09-22,434.13,834776.0,0.01909646826840694,0.018916419306722675,0.058311596499354135,0.25347924005312716,87.79000000000002,852761.3,446381.1489754492,0.9789093384045453,8857106.0,0.4204674811194852,8.134999999999991,9.40357142857143,89.81010254462589,25.41542148321821,TSLA
2025-09-23,425.695,628335.0,-0.019429663925552232,-0.019620901013464184,0.009844737809723725,0.22653931483562384,78.625,857489.35,443314.8845546619,0.7327612873559305,8228771.0,0.43451798377899037,8.435000000000002,9.666071428571431,83.85368557177165,25.71811096407515,TSLA
2025-09-24,442.88,787202.0,0.04036927847402483,0.03957572558470324,0.04055260561063867,0.2732290708371665,95.04000000000002,870240.8,437089.1300733453,0.9045795140839179,9015973.0,0.44703997872616,17.185000000000002,10.568571428571431,85.23249526899161,27.033060147492108,TSLA
2025-09-25,423.34,911111.0,-0.044120303468208166,-0.045123214297225746,0.01597129726292046,0.14772942930730637,54.48999999999995,895780.3,422878.08860039845,1.0171143527045639,8104862.0,0.4859743538241687,19.54000000000002,11.092857142857147,73.34835801674177,26.196475488944202,TSLA
2025-09-26,440.4,748437.0,0.04029857797514991,0.03950776615650043,0.033814950879704986,0.11212121212121207,44.39999999999998,911622.75,410321.28430906386,0.8209942105986275,8853299.0,0.49105622643015523,17.060000000000002,11.991428571428575,78.01405766023349,26.603408015848913,TSLA
2025-09-29,443.385,839454.0,0.006777929155313389,0.006755062262132403,0.021318499067099816,0.08087321128202629,33.17500000000001,916938.2,408572.3869280244,0.915496813198534,9692753.0,0.4589457945756757,2.9850000000000136,12.152500000000003,78.30546330854908,26.857176713385684,TSLA
2025-09-30,444.66,997215.0,0.0028756047227580517,0.0028714780806654164,0.044550675953440866,0.054834003487172156,23.11500000000001,932424.35,405274.3645670017,1.0694862269523528,10689968.0,0.44907776248537495,1.275000000000034,12.188571428571436,78.36966713548992,26.851643052328825,TSLA
2025-10-01,459.44,892133.0,0.03323887914361534,0.03269841136471857,0.037391618497109924,0.07946055166580512,33.81999999999999,930576.05,405374.60983008327,0.9586889755007126,11582101.0,0.45342487989382424,14.779999999999973,11.74357142857143,77.55002737059789,27.720337271702192,TSLA
2025-10-02,435.975,1419287.0,-0.051073045446630605,-0.05242345430051704,0.029845986677375258,0.046293963065625165,19.29000000000002,967329.1,415069.8878015227,1.4672224788854176,10162814.0,0.5130023141527538,23.464999999999975,11.480357142857144,62.43583761082595,26.213185024525217,TSLA
2025-10-03,429.86,1085119.0,-0.014026033602844268,-0.01412532797639429,-0.023932788374205205,0.009072876442211886,3.865000000000009,942121.9,389854.3486029381,1.1517819509343747,9077695.0,0.5142371685580889,6.115000000000009,10.902142857142861,56.43713555657473,24.245835713779456,TSLA
2025-10-06,453.27,1000479.0,0.05445959149490531,0.05302840014072953,0.022294394262322825,0.044088176352705455,19.139999999999986,945602.35,390059.2751574366,1.0580335380934702,10078174.0,0.5287010619825456,23.409999999999968,11.764642857142857,59.63085516529552,24.295623738536733,TSLA
2025-10-07,433.09,989977.0,-0.0445209257175635,-0.04554241582164855,-0.026019880358026493,0.01737159233723662,7.394999999999982,966028.05,380567.8571158294,1.024791153838649,9088197.0,0.5671966945867464,20.180000000000007,12.915000000000001,52.06570433051268,22.44795767544298,TSLA
2025-10-08,438.61,689240.0,0.012745618693574157,0.012665076943266726,-0.0453378025422253,-0.009641437861271585,-4.269999999999982,963297.55,382437.15752367344,0.7155006259488566,9777437.0,0.5660838400897608,5.520000000000039,12.671071428571432,56.17971194227571,21.1848807579143,TSLA
2025-10-09,435.35,1180158.0,-0.007432571076810834,-0.007460330266852787,-0.0014335684385572423,0.028369631974299647,12.010000000000048,978974.25,384685.30615691526,1.2055046391669648,8597279.0,0.5401919312344328,3.259999999999991,12.238928571428573,52.72987247950042,19.693810457766062,TSLA
2025-10-10,413.48,1795427.0,-0.05023544274721492,-0.05154115957434063,-0.03810542967477781,-0.06112624886466844,-26.91999999999996,971951.35,367180.10765667295,1.847239576342993,6801852.0,0.52190617881776,21.870000000000005,13.220000000000002,44.4213313161876,16.556546713116973,TSLA
2025-10-13,435.89,1264924.0,0.05419851020605582,0.0527807722393898,-0.038343592119487235,-0.01690404501731002,-7.4950000000000045,938405.15,298754.66689105786,1.3479508291274829,8066776.0,0.541058779563069,22.409999999999968,14.218214285714286,52.56085001632715,15.697590255478929,TSLA
2025-10-14,429.18,1329560.0,-0.015393792011746066,-0.015513506591326434,-0.009028146574614926,-0.034813115638915204,-15.480000000000018,966529.4,308106.3808434731,1.3756022320686778,6737216.0,0.5372470577515049,6.7099999999999795,13.469999999999999,46.36758935199916,14.310458099147354,TSLA
2025-10-15,435.19,1035790.0,0.014003448436553434,0.013906305988212015,-0.007797359841316909,-0.05278164722270595,-24.25,983907.55,301309.95575730846,1.052731021324107,7773006.0,0.5383469781431812,6.009999999999991,12.503571428571425,53.38474721508141,13.540021702031197,TSLA
2025-10-16,428.65,832425.0,-0.01502791884004695,-0.015141982211794596,-0.015389916159412098,-0.016801422099891106,-7.3250000000000455,991981.75,294570.26208161114,0.8391535428953204,6940581.0,0.5354265422391938,6.5400000000000205,11.752142857142855,46.42922263417006,12.260391798854357,TSLA
2025-10-17,439.31,842285.0,0.024868774058089516,0.02456457908525111,0.06246976879171906,0.02198390173544862,9.449999999999989,1005166.7,280666.25239786727,0.8379555351366097,7782866.0,0.5367753556003704,10.660000000000025,12.300357142857141,48.81681716558753,11.968483563614939,TSLA
2025-10-20,447.46,1314990.0,0.0185518198993877,0.018381834034914224,0.02654339397554417,-0.012817967216008141,-5.810000000000002,1029177.4,285815.9668989087,1.2777097514966806,9097856.0,0.5365498365619071,8.149999999999977,12.791428571428566,50.781773509046225,12.253530005366201,TSLA
2025-10-21,442.53,1077251.0,-0.011017744602869528,-0.011078889484862702,0.031105829721794986,0.021796855157126593,9.439999999999998,1051623.2,269862.02462693333,1.02436975525074,8020605.0,0.53290051932061,4.930000000000007,12.08785714285714,45.00384092654966,11.943939268785357,TSLA
2025-10-22,438.92,850751.0,-0.008157639030122121,-0.008191094637468881,0.008570969002045015,0.0007067782312304427,0.3100000000000023,1054800.65,266943.1124428213,0.8065514559552083,7169854.0,0.514662771375937,3.609999999999957,10.669642857142852,50.985774058577405,11.277291947888273,TSLA
2025-10-23,449.01,1632595.0,0.02298824387132048,0.02272799508656697,0.04749795870757034,0.031377052945905426,13.659999999999968,1090874.85,293892.7944170114,1.4965923909603378,8802449.0,0.492942152429865,10.089999999999975,10.953571428571422,56.24388653407238,11.431374053192428,TSLA
2025-10-24,433.67,1074976.0,-0.03416404979844545,-0.03476128299922925,-0.012838314629760261,0.04882944761536234,20.189999999999998,1107201.8,282725.8504729314,0.9708943753523521,7727473.0,0.48988185225860914,15.339999999999975,10.377142857142852,43.25440528634362,10.198117878679227,TSLA
2025-10-27,452.33,2293267.0,0.04302810893075382,0.04212812573291314,0.010883654404862941,0.03771593750716917,16.439999999999998,1179892.45,380313.4016685211,1.943623759945239,10020740.0,0.5131900086446302,18.659999999999968,10.26857142857142,56.691708402893724,10.604220672109875,TSLA
2025-10-28,460.6,1515692.0,0.018283111887339,0.018117985443735697,0.04083338982667861,0.07320937601938593,31.420000000000016,1205816.3,384849.71457428107,1.2569841691474894,11536432.0,0.5166422180292801,8.270000000000039,10.464999999999991,57.5046071940482,11.46126165645461,TSLA
2025-10-29,461.36,622518.0,0.0016500217108119664,0.001648661920572343,0.051125489838695026,0.060134653829361895,26.170000000000016,1192335.55,400807.20099522825,0.5220996723615261,12158950.0,0.5035263123432254,0.7599999999999909,10.286428571428562,59.03062287341157,12.062746625312059,TSLA
2025-10-30,440.06,800002.0,-0.0461678515692735,-0.047267568055162267,-0.019932740918910508,0.026618453283564714,11.410000000000025,1161371.3,406235.9175379568,0.6888425777354753,11358948.0,0.49709872759506124,21.30000000000001,10.245714285714277,59.26519799219186,10.697383035382018,TSLA
2025-10-31,456.51,1720150.0,0.03738126619097404,0.03669952434813796,0.05266677427537059,0.03915230702692862,17.19999999999999,1193122.85,424374.51167512755,1.4417207750232928,13079098.0,0.5099100787341767,16.44999999999999,9.819999999999993,57.49927262147222,10.81799694030434,TSLA
2025-11-03,468.23,977541.0,0.025673041116295536,0.02534902258549729,0.03515132757057904,0.046417556876592325,20.77000000000004,1191975.95,424953.14729638485,0.820101278050115,14056639.0,0.4811841865495745,11.720000000000027,10.177857142857139,63.70271598006879,11.7241417724764,TSLA
2025-11-04,443.97,941339.0,-0.051812143604638705,-0.05320263560376367,-0.03610508033000437,0.0032540166768355583,1.4400000000000546,1189544.05,426306.99296071636,0.7913443810676872,13115300.0,0.49113924751981297,24.25999999999999,11.481428571428568,52.73111857658331,10.365205196286752,TSLA
2025-11-05,462.2,1001334.0,0.04106133297294856,0.04024070525841403,0.001820704005548679,0.05303927822837862,23.279999999999973,1205148.75,412518.84422218613,0.8308800054765024,14116634.0,0.5095273035708114,18.22999999999996,12.316428571428563,59.72858551296179,10.636634315268793,TSLA
2025-11-06,445.895,1539961.0,-0.035276936391172686,-0.035914199546238076,0.013259555515156896,-0.0069374846885370545,-3.115000000000009,1223138.9,419163.6996608345,1.2590238116047165,12576673.0,0.5264757300103722,16.305000000000007,12.719642857142848,51.8489400533483,9.427393490365603,TSLA
2025-11-07,429.39,1449932.0,-0.03701544085490982,-0.03771790142980733,-0.05940724190050606,-0.009869255424631684,-4.28000000000003,1205864.15,401065.6224169068,1.2024007845328184,11126741.0,0.5110367402641034,16.504999999999995,13.316428571428563,45.153676983318135,7.055909727374569,TSLA
2025-11-10,445.21,1206094.0,0.03684296327348102,0.036180484099806634,-0.049163872455844415,-0.015740720270598918,-7.1200000000000045,1202922.65,400825.3310826338,1.0026363706760364,12332835.0,0.4910182954352015,15.819999999999993,14.094285714285705,50.67909993918508,6.379494702497027,TSLA
2025-11-11,439.47,904385.0,-0.012892792165494882,-0.012976625554253296,-0.01013581998783697,-0.04587494572297002,-21.129999999999995,1181663.9,405008.57663003204,0.7653487594907487,11428450.0,0.4899551160022375,5.739999999999952,14.246428571428563,50.137879167711205,5.318947378704081,TSLA
2025-11-12,430.625,577958.0,-0.02012651603067339,-0.02033181364186534,-0.06831458243184763,-0.06661825906016994,-30.735000000000014,1158772.3,426078.08202847454,0.4987675318093123,10850492.0,0.4934977334025746,8.845000000000027,14.157499999999995,45.36212507252592,3.721835402755687,TSLA
2025-11-13,401.94,1645067.0,-0.06661248185776492,-0.06893481801969185,-0.09857701925341167,-0.08662455119756396,-38.120000000000005,1199404.4,432025.14130903897,1.3715699225382199,9205425.0,0.5454728303421167,28.685000000000002,15.110714285714282,42.50059087686125,0.1398606591750422,TSLA
2025-11-14,404.32,1192698.0,0.005921281783350718,0.005903819891652864,-0.05838515102820274,-0.11432389213817884,-52.19,1216925.05,423807.3034165507,0.9800915841119385,10398123.0,0.5368753188602882,2.3799999999999955,13.947857142857142,37.706764992062276,-2.478266113250527,TSLA
2025-11-17,409.02,1069142.0,0.01162445587653349,0.011557410962864854,-0.08128748231171812,-0.12645494735493246,-59.210000000000036,1204632.65,424378.2456134198,0.8875253381186373,11467265.0,0.5336388890092061,4.699999999999989,13.692857142857138,36.54668753260301,-4.126333913717872,TSLA
2025-11-18,401.12,1158968.0,-0.019314458950662527,-0.019503420192765606,-0.08726420461009854,-0.09651553032862581,-42.85000000000002,1208718.5,423479.7145298267,0.9588402924254076,10308297.0,0.5359063186290286,7.899999999999977,14.202857142857138,34.8521424260712,-6.000730806805166,TSLA
2025-11-19,404.07,867808.0,0.007354407658556106,0.007327495868849981,-0.06166618287373005,-0.12576806577239286,-58.129999999999995,1209571.35,422737.38237191766,0.7174508556274914,11176105.0,0.5372731719522265,2.9499999999999886,12.892142857142849,40.0299185550446,-7.165563349174988,TSLA
2025-11-20,395.05,1772755.0,-0.02232286485014967,-0.02257579111009084,-0.017141861969448113,-0.11402908756545815,-50.84499999999997,1216579.35,431196.35095898615,1.4571634805407472,9403350.0,0.5316010393051069,9.019999999999982,12.361428571428563,32.243152663816005,-8.716066755884356,TSLA
2025-11-21,390.98,1677467.0,-0.010302493355271447,-0.01035593138676879,-0.03299366838147999,-0.0894524790982556,-38.40999999999997,1246703.9,441700.7629286816,1.3455215789410782,7725883.0,0.5213909433096121,4.069999999999993,11.814999999999989,26.648932954476734,-10.156192595831726,TSLA
2025-11-24,417.67,1690721.0,0.06826436134840663,0.06603523926010811,0.021148110116864682,-0.061858448821904166,-27.539999999999964,1216576.6,383240.7168628044,1.3897365772118253,9416604.0,0.5583822790504044,26.689999999999998,11.988571428571419,42.16515729265966,-9.039639420909225,TSLA
2025-11-25,419.42,1327993.0,0.004189910695046262,0.00418115746089165,0.045622257678500144,-0.04562313696042963,-20.05000000000001,1207191.65,377789.80093436793,1.1000680794967395,10744597.0,0.5533455504438267,1.75,10.811428571428564,35.868128964059196,-7.922230073936873,TSLA
2025-11-26,426.51,1164472.0,0.016904296409327113,0.016763008812743042,0.05553493206622617,-0.009555878084180014,-4.115000000000009,1234289.35,352216.5545510587,0.9434351839785379,11909069.0,0.558074821970065,7.089999999999975,10.153214285714276,43.181258573991336,-6.390901040566064,TSLA
2025-11-28,430.14,676850.0,0.008510937609903735,0.00847492377711965,0.08882419946842157,0.0701597253321391,28.19999999999999,1228131.75,361171.21836280293,0.5511216528682692,12585919.0,0.535712024436369,3.6299999999999955,9.23357142857142,50.29009050823857,-4.8287383957248835,TSLA
2025-12-01,430.3,834863.0,0.0003719719161203727,0.0003719027517181269,0.1005678039797433,0.06425603482390185,25.980000000000018,1183867.4,351825.3176218657,0.705199754634683,13420782.0,0.5166827088519131,0.160000000000025,8.114999999999993,43.4380776340111,-3.5370299030918204,TSLA
2025-12-02,429.06,1088387.0,-0.00288171043458052,-0.0028858705561943645,0.02727033303804438,0.04899515916092123,20.04000000000002,1189409.7,349267.7761694123,0.9150648426694351,12332395.0,0.5058996840945289,1.240000000000009,7.7935714285714255,45.22958482265602,-2.5836169256375,TSLA
2025-12-03,446.82,1360994.0,0.04139281219409874,0.0405590596622496,0.06532831052405697,0.1139309932189867,45.69999999999999,1210392.45,346172.16539514874,1.1244237354586937,13693389.0,0.496865370372111,17.75999999999999,8.430357142857137,56.860834568947254,-0.39044588147083914,TSLA
2025-12-04,454.595,974383.0,0.017400743028512577,0.01725108372718933,0.06584839745844184,0.12504021580419233,50.525000000000034,1209044.9,347080.0681888689,0.8059113437391779,14667772.0,0.47817380569790646,7.775000000000034,6.936785714285711,77.10961231529633,1.9525279665966764,TSLA
2025-12-05,454.94,743605.0,0.0007589172780166908,0.0007586294459172175,0.057655646998651555,0.15160106315656252,59.889999999999986,1169227.1,352752.0817411666,0.6359799563318366,15411377.0,0.460078223152552,0.34499999999997044,6.7914285714285665,76.61968868321416,3.7934615744376288,TSLA
2025-12-08,439.59,704557.0,-0.03374071306106308,-0.03432306780567239,0.0215895886590749,0.12432861015908725,48.60999999999996,1131958.35,360817.0887174768,0.6224230776688912,14706820.0,0.45658491180110233,15.350000000000023,7.552142857142854,64.4566348245531,3.968056719333731,TSLA
2025-12-09,445.195,580973.0,0.012750517527696292,0.01266991411282192,0.037605463105393255,0.06590130964637142,27.524999999999977,1100702.3,380590.98136161896,0.5278202834681094,15287793.0,0.43958980859307833,5.605000000000018,7.388214285714286,71.30565089186445,4.50675027480122,TSLA
2025-12-10,451.435,800180.0,0.014016329922842852,0.01391900949971328,0.010328543932679901,0.07633160078203227,32.014999999999986,1095492.05,384116.93965023296,0.7304297644149951,16087973.0,0.4392052184669673,6.240000000000009,7.623214285714288,72.19020847973763,5.375222430511599,TSLA
2025-12-11,446.91,757599.0,-0.010023591436197798,-0.010074165870967182,-0.01690515733785014,0.047830062601111445,20.400000000000034,1104474.1,373326.9569611662,0.6859364108221279,15330374.0,0.4339767192685798,4.524999999999977,7.302142857142859,75.36437444977012,5.633424576090874,TSLA
2025-12-12,459.16,1584754.0,0.027410440580877493,0.027041501137684644,0.009275948476722196,0.0674664062863255,29.02000000000004,1101458.45,368948.2587457541,1.4387778313380772,16915128.0,0.35786449009933485,12.25,7.886428571428573,80.8758264649941,6.748729110933937,TSLA
2025-12-15,475.155,1516848.0,0.03483535151145567,0.03424233339740105,0.0809049341431789,0.10424122705089456,44.85499999999996,1117665.95,380117.96622121864,1.3571568499514548,18431976.0,0.3712671232821822,15.994999999999948,7.122499999999998,78.82465025322166,8.821589027281846,TSLA
2025-12-16,489.79,1234579.0,0.0308004756342668,0.03033566121842167,0.10016958860723957,0.14154197548128478,60.73000000000002,1125937.8,380805.8846658868,1.0964895218901078,19666555.0,0.37964863112787794,14.635000000000048,8.042857142857144,81.24777975133215,11.51255803265667,TSLA
2025-12-17,467.2,1021071.0,-0.04612180730517168,-0.047219296299101446,0.03492197104788053,0.045611208092744215,20.379999999999995,1119042.95,381424.24140022154,0.9124502325849067,18645484.0,0.4165920950366795,22.590000000000032,9.150000000000006,65.88212334113973,11.687618557863061,TSLA
2025-12-18,483.31,1071806.0,0.03448202054794525,0.03390083820510723,0.08144816629746465,0.06316611489347657,28.714999999999975,1129242.85,377054.802436669,0.9491368486415477,19717290.0,0.4270507861501772,16.110000000000014,10.041428571428579,68.91094038981362,12.976710210855458,TSLA
2025-12-19,481.07,824599.0,-0.0046347065030726275,-0.00464548005631758,0.04771757121700482,0.05743614542577036,26.129999999999995,1081835.05,350562.4169139876,0.7622224848418435,18892691.0,0.4140781577602354,2.240000000000009,10.190000000000007,67.79405579699984,13.660110107520495,TSLA
2025-12-22,488.775,644684.0,0.01601638015257656,0.015889471223746794,0.028664330586861242,0.11188835050842827,49.185,1030195.9,333874.9954619639,0.6257877749270794,19537375.0,0.40726091656215196,7.704999999999984,10.651785714285719,70.02179379715002,14.654510481175294,TSLA
2025-12-23,485.66,419370.0,-0.006373075546007745,-0.006393470289636675,-0.008432185222238098,0.09089275486022985,40.46500000000003,966628.35,322325.1009560762,0.4338482313290315,19118005.0,0.3517629571477189,3.1149999999999523,9.605714285714287,64.44080904223678,15.018106096076679,TSLA
2025-12-24,485.4,381347.0,-0.0005353539513240912,-0.0005354973044160697,0.0389554794520548,0.07523785262551641,33.964999999999975,919296.05,335695.57475901686,0.4148250174685293,18736658.0,0.3528050813844314,0.26000000000004775,9.068928571428573,62.13129602646396,15.111087206371678,TSLA
2025-12-26,475.16,487400.0,-0.021096003296250387,-0.021321703871162005,-0.01686288303573269,0.06321183235998307,28.25,885442.45,343713.5041855695,0.5504592647438578,18249258.0,0.36503979965930233,10.239999999999952,9.775714285714287,57.3871109162648,14.19486343573243,TSLA
2025-12-29,459.68,599547.0,-0.03257849987372674,-0.033120994190359444,-0.04446338370715275,0.0011325028312569874,0.5199999999999818,881577.3,346605.1216460505,0.6800844350234517,17649711.0,0.3891367442181745,15.480000000000018,9.785,57.332652018395514,12.08038767884159,TSLA
2025-12-30,454.11,492570.0,-0.01211712495649142,-0.01219113578839586,-0.07092220346785327,-0.04429081036714322,-21.04499999999996,864462.65,357318.4725298726,0.5697990537821385,17157141.0,0.3930219900251787,5.569999999999993,9.782499999999999,53.2547187032237,9.841748408584124,TSLA
2025-12-31,449.81,453366.0,-0.009469071370372895,-0.009514188061340864,-0.07381707367293999,-0.08162681965740426,-39.98000000000002,832711.6,364514.7519220294,0.5444453998239006,16703775.0,0.39501736250746966,4.300000000000011,9.643928571428571,49.39821501314669,7.632652132358714,TSLA
2026-01-02,438.1,830734.0,-0.026033214023698847,-0.0263780765613899,-0.0974454058508446,-0.062285958904109484,-29.099999999999966,806198.6,342699.18651929876,1.0304334440670078,15873041.0,0.37953032656742,11.70999999999998,10.157142857142857,46.90225035161744,4.88076585175628,TSLA
2026-01-05,451.49,874845.0,0.030563798219584548,0.03010602939766659,-0.04981479922552412,-0.06583766112846823,-31.819999999999993,801221.7,340845.91838666965,1.0918887993173425,16747886.0,0.39057778808466526,13.389999999999986,10.238571428571428,47.32454304450955,3.7372564769053724,TSLA
2026-01-06,432.95,1123520.0,-0.041064032425967345,-0.041930976323709165,-0.05814914723285769,-0.10002702309435219,-48.120000000000005,820217.45,347977.8124535305,1.3697830983722672,15624366.0,0.4167589957937727,18.54000000000002,10.420357142857146,35.53483908558111,1.3197803971571034,TSLA
2026-01-07,431.39,622137.0,-0.003603187435038735,-0.0036096945504916346,-0.050031930589504836,-0.11740575929619967,-57.38499999999999,816096.45,349902.3527994289,0.7623326875150603,15002229.0,0.39984239964842827,1.5600000000000023,9.486428571428572,28.0137037873654,-0.7137382453482815,TSLA
2026-01-08,435.71,534506.0,0.010014140337049948,0.009964331088877145,-0.03134656855116613,-0.10284973026397082,-49.950000000000045,813773.1,351695.4168987252,0.6568243654158635,15536735.0,0.398743550709681,4.319999999999993,8.181428571428569,36.2537104941505,-1.9542017032046601,TSLA
2026-01-09,445.02,652766.0,0.021367423286130727,0.021142340544325924,0.015795480483907776,-0.08318912237330034,-40.379999999999995,806402.4,353535.2010015406,0.809479237660999,16189501.0,0.4031893861699996,9.310000000000002,7.695714285714282,32.23036940783366,-2.16112661516388,TSLA
2026-01-12,448.86,880841.0,0.008628825670756513,0.008591810135846985,-0.005825156703359924,-0.05534977691724896,-26.30000000000001,812564.5,353713.7954236443,1.0840259450172878,17070342.0,0.40272542792280025,3.840000000000032,7.809999999999998,35.27071520029267,-1.9922942628223268,TSLA
2026-01-13,447.18,676484.0,-0.0037428151316668545,-0.003749836990711055,0.03286753666705167,-0.027192829794639772,-12.5,767151.0,304194.28446410893,0.8818133587781284,16393858.0,0.3901262248456301,1.6800000000000068,7.379642857142857,29.869815612447383,-1.9713310891892775,TSLA
2026-01-14,439.21,1079785.0,-0.017822800661925875,-0.017983539515229196,0.01812744848049319,-0.0328114333531524,-14.900000000000034,745297.85,259989.1003950725,1.448796611985396,15314073.0,0.370182204871239,7.970000000000027,7.726428571428577,28.5291670518628,-2.5682251145287864,TSLA
2026-01-15,438.52,746050.0,-0.0015710024817285895,-0.0015722378000890495,0.006449243763053447,-0.025099486449834396,-11.29000000000002,720871.4,233166.28434533603,1.034928005189275,14568023.0,0.3473361424661502,0.6899999999999977,7.757142857142859,28.416206261510126,-3.061652341053673,TSLA
2026-01-16,437.53,808442.0,-0.00225759372434553,-0.002260145931011667,-0.016830704238011807,-0.0013010728144260408,-0.57000000000005,710239.95,223400.99214251505,1.138266018406878,13759581.0,0.31204035193395496,0.9900000000000091,7.096428571428577,31.06190236537492,-3.4923243579486893,TSLA
2026-01-20,419.23,1018661.0,-0.04182570338033953,-0.04272557954364316,-0.06601167401862496,-0.0714523023765753,-32.25999999999999,707582.7,219149.59785188214,1.4396352539427548,12740920.0,0.3077057376885497,18.299999999999955,7.297857142857144,30.204561025741413,-5.249775945453905,TSLA
2026-01-21,431.37,731611.0,0.02895785129880979,0.02854649517607502,-0.03535489064806119,-0.0036493821457442843,-1.579999999999984,702933.3,217516.6762950168,1.040797185166786,13472531.0,0.3330554647396962,12.139999999999986,7.767142857142858,39.543866102630126,-5.598437149961342,TSLA
2026-01-22,449.33,835129.0,0.04163479147831328,0.0407913938712408,0.023041369732018868,0.04158649945524928,17.939999999999998,712455.55,218996.01559809037,1.1721840050231904,14307660.0,0.3655565506692768,17.95999999999998,8.742857142857142,49.80392156862744,-4.375098354063027,TSLA
2026-01-23,449.11,537586.0,-0.0004896178755035008,-0.0004897377774745365,0.02414941165739304,0.03075440086295944,13.400000000000034,718366.35,212157.75050339333,0.7483451862688167,13770074.0,0.3656350328612365,0.21999999999997044,7.9221428571428545,54.963483905869616,-3.3843332193386004,TSLA
2026-01-26,435.34,368047.0,-0.030660639932310607,-0.031140511614834533,-0.005005371060270103,-0.021751831378365005,-9.680000000000007,717701.35,213287.55868231063,0.5128135818610345,13402027.0,0.37766833555682894,13.770000000000039,7.949285714285716,42.7441818671938,-3.66798636769596,TSLA
2026-01-27,430.92,293562.0,-0.010152983874672561,-0.010204876960699142,0.02788445483386215,-0.039967918727442875,-17.939999999999998,708009.45,228187.00652372843,0.41463005896319605,13108465.0,0.37351818028082745,4.419999999999959,6.940714285714283,48.955438921477835,-4.201013918486467,TSLA
2026-01-28,430.35,531674.0,-0.001322751322751281,-0.001323626930508253,-0.0023645594269420256,-0.03763585133503289,-16.829999999999984,704615.8,230379.16568346642,0.7545587254784806,12576791.0,0.35866036325221257,0.5699999999999932,6.8699999999999966,49.45934705760035,-4.616223379436519,TSLA
2026-01-29,416.42,993826.0,-0.03236900197513648,-0.03290446476843528,-0.0732423831037321,-0.05188861820086055,-22.789999999999964,729678.6,233343.30697029037,1.3620051348634865,11582965.0,0.3723934100543611,13.930000000000007,7.556428571428569,40.88288117969564,-6.000148474147352,TSLA
2026-01-30,430.29,1381987.0,0.03330771816915612,0.032765033647183195,-0.04190510120015134,-0.01876767308218541,-8.229999999999961,776109.65,265624.7478719342,1.78065947253716,12964952.0,0.3944569377105022,13.870000000000005,7.8821428571428545,43.32578160398733,-5.909603765169834,TSLA
2026-02-02,421.83,1048440.0,-0.01966115875339891,-0.019857010703397286,-0.031033215417834326,-0.03588325371974488,-15.699999999999989,786994.95,272356.5611623024,1.3322067695605926,11916512.0,0.3899133641585954,8.460000000000036,8.212142857142855,38.24475950247889,-6.446190061382083,TSLA
2026-02-03,422.08,775974.0,0.0005926558092121947,0.0005924802581155919,-0.020514248584424077,0.0067981776113350545,2.849999999999966,782051.4,271574.24962001346,0.9922288995326906,12692486.0,0.371183111216055,0.25,8.109999999999998,38.94662673947506,-6.773188554865953,TSLA
2026-02-04,405.85,865495.0,-0.03845242608036381,-0.03921123632176497,-0.056930405483908486,-0.05916034958388383,-25.519999999999982,769150.15,260397.67892899422,1.1252614330244881,11826991.0,0.3677403579267007,16.22999999999996,8.699999999999992,36.30541871921183,-8.24689747648597,TSLA
2026-02-05,397.215,935959.0,-0.02127633362079595,-0.021505937398769225,-0.046119302627155356,-0.11598379809939241,-52.11500000000001,784841.25,260527.82318550165,1.1925456262651841,10891032.0,0.3734496401247922,8.635000000000048,9.267499999999997,34.0822382365409,-9.996362899675546,TSLA
2026-02-06,411.09,735835.0,0.034930705033797915,0.03433447281780382,-0.04462106951125999,-0.08465632027788306,-38.02000000000004,794907.7,254157.78286810595,0.9256860890893371,11626867.0,0.39554258746007076,13.875,10.187857142857139,40.731262707705255,-10.146270420411838,TSLA
2026-02-09,417.2,572994.0,0.014862925393466231,0.014753554500398162,-0.010975985586610726,-0.04166858087931269,-18.139999999999986,790919.1,257114.62138056906,0.7244660041716025,12199861.0,0.3909604618946046,6.110000000000014,9.317142857142857,49.22186445875497,-9.660684911924136,TSLA
2026-02-10,425.25,610820.0,0.019295302013422777,0.019111508149353723,0.007510424564063811,-0.013157894736842146,-5.670000000000016,777418.05,259225.04069315034,0.7857033934316292,12810681.0,0.39693245859354037,8.050000000000011,9.025000000000002,47.578155916106056,-8.527981907702497,TSLA
2026-02-11,428.24,777651.0,0.007031158142269289,0.007006554809154738,0.05516816557841553,-0.004902985941675375,-2.1100000000000136,782476.4,258136.58628991395,0.9938331686425302,13588332.0,0.398289498313278,2.990000000000009,7.955714285714289,40.53241156401509,-7.304833036500895,TSLA
2026-02-12,417.07,947598.0,-0.026083504576872807,-0.026429712666761678,0.04998552421232838,0.0015609240670475533,0.6499999999999773,775867.05,251736.54936637977,1.2213406923260886,12640734.0,0.40372226620400276,11.170000000000016,8.73785714285715,36.90427532085342,-7.154333686852851,TSLA
2026-02-13,417.45,861610.0,0.0009111180377394668,0.000910703221645282,0.015471064730351092,-0.029840340235655072,-12.840000000000032,781645.05,252341.62378295438,1.1023034048510894,13502344.0,0.4038758221889478,0.37999999999999545,7.781428571428576,41.789058197172764,-6.92457683243515,TSLA
2026-02-17,410.72,778198.0,-0.01612169122050533,-0.016253059517179078,-0.015532118887823465,-0.02633762416139196,-11.109999999999957,780132.85,252263.1956198613,0.9975198454981098,12724146.0,0.40691108317653224,6.729999999999961,7.946428571428576,40.921348314606746,-7.2025214412824425,TSLA
2026-02-18,411.36,409212.0,0.0015582391897155379,0.0015570263947489885,-0.03266313932980591,-0.02539802880970421,-10.71999999999997,749660.4,258661.82676317505,0.545863166841946,13133358.0,0.3800418656988137,0.6399999999999864,7.951428571428575,41.470535393460295,-7.287150163982915,TSLA
2026-02-19,411.69,786644.0,0.0008022170361725589,0.0008018954320720284,-0.03864655333457878,0.014389552790439852,5.839999999999975,752412.05,258752.41632626584,1.045496280927452,13920002.0,0.3637145971418839,0.3299999999999841,6.980000000000002,47.579819893573465,-7.244085486167251,TSLA
2026-02-20,411.985,730145.0,0.0007165585756272463,0.0007163019701057016,-0.012192197952382022,0.03718389285399604,14.770000000000039,747162.85,258049.9841243066,0.9772233723879608,14650147.0,0.3254728960653193,0.2950000000000159,6.010357142857146,39.12294253966368,-7.104258909688724,TSLA
2026-02-23,399.575,1228346.0,-0.03012245591465712,-0.03058545866504015,-0.04281949934123852,-0.028010897856916905,-11.514999999999986,781700.85,274241.8631650521,1.5713760577335947,13421801.0,0.33784010182543855,12.410000000000025,6.292500000000002,37.36874964526932,-7.903719467607914,TSLA
2026-02-24,409.42,834263.0,0.024638678596008434,0.02434004175775827,-0.003165173354109929,-0.018648130393096762,-7.779999999999973,805011.65,256468.81361581248,1.0363365548809138,14256064.0,0.3404724783212954,9.845000000000027,6.977857142857147,43.52031937762311,-7.654650452101748,TSLA
2026-02-25,417.37,805974.0,0.01941771286209759,0.019231594544965803,0.014610073901205833,-0.01853027630805404,-7.8799999999999955,830632.25,226534.6114530783,0.9703138783739735,15062038.0,0.3481486355271504,7.949999999999989,6.386428571428577,56.442232412481815,-6.738090392065885,TSLA
2026-02-26,408.47,876161.0,-0.02132400507942589,-0.021554646366673827,-0.007821419028880894,-0.046165701475807897,-19.769999999999982,847856.6,215431.50587072017,1.033383475460355,14185877.0,0.3552808927946095,8.899999999999977,6.405357142857143,56.27543908558686,-6.653171936002877,TSLA
2026-02-27,402.43,866564.0,-0.014786887653928105,-0.014897303500254368,-0.023192591963299702,-0.03510202124343631,-14.639999999999986,841493.5,212755.98339770874,1.0297928623334582,13319313.0,0.34077425852945664,6.0400000000000205,5.845714285714288,44.70918866080159,-6.992644120728357,TSLA
2026-03-02,403.365,586950.0,0.0023233854334916426,0.0023206905469216454,0.00948507789526376,-0.03374056773266254,-14.08499999999998,801741.65,177866.3068653628,0.7320936862890932,13906263.0,0.31563382074721397,0.9350000000000023,5.47607142857143,40.97697776038611,-7.104337209949392,TSLA
2026-03-03,392.625,753540.0,-0.02662600870179621,-0.026986901378623845,-0.04102144497093452,-0.04405677834047528,-18.095000000000027,786996.65,168305.33998948458,0.9574881926117474,13152723.0,0.3214143668033751,10.740000000000009,5.668214285714287,29.443639342196462,-7.967637069482123,TSLA
2026-03-04,405.96,866797.0,0.03396370582616992,0.033399674721806716,-0.0273378537029495,-0.013127187864644174,-5.400000000000034,791537.8,169215.09483668758,1.0950797296098809,14019520.0,0.34764999646165035,13.33499999999998,6.407142857142857,37.58082497212931,-7.489451636700323,TSLA
2026-03-05,405.59,565979.0,-0.0009114198443196386,-0.000911835439926526,-0.00705070139789965,-0.014816973936700006,-6.100000000000023,776562.0,175463.72112715818,0.7288265457233293,13453541.0,0.3194308714487814,0.37000000000000455,5.635714285714284,42.72496831432191,-7.058970723418781,TSLA
2026-03-06,396.63,597655.0,-0.022091274439705044,-0.022338940950575804,-0.014412444400268343,-0.03727077442139892,-15.355000000000018,759646.8,175595.32759986783,0.7867537913672511,12855886.0,0.3201684655324995,8.95999999999998,6.248571428571426,38.10013717421125,-7.356013076563897,TSLA
2026-03-09,398.63,731724.0,0.0050424829185891085,0.005029812178407008,-0.011738747784264869,-0.002365012826127777,-0.9449999999999932,759441.25,175627.0717574365,0.9635031017870046,13587610.0,0.2935372320964741,2.0,5.910714285714286,42.69486404833835,-7.345365198525826,TSLA
2026-03-10,399.19,616294.0,0.0014048114793165922,0.0014038256548274182,0.0167207895574657,-0.024986566362170892,-10.230000000000018,761606.25,173461.25185360003,0.8092029181745817,14203904.0,0.2874879424536102,0.5600000000000023,5.905000000000001,42.639409701221716,-7.208642613754932,TSLA
2026-03-11,407.84,695596.0,0.021668879480948755,0.02143744660445564,0.00463099812789447,-0.022833457124374124,-9.53000000000003,765845.05,170594.75271206835,0.9082725023815196,14899500.0,0.2899381526725983,8.649999999999977,6.4992857142857146,47.88438289921968,-6.3293455161281145,TSLA
2026-03-12,395.03,618764.0,-0.03140937622597095,-0.03191322924360197,-0.026036144875366762,-0.0329032731901977,-13.440000000000055,757900.7,173687.56345506586,0.8164182985976923,14280736.0,0.30585268447999847,12.810000000000002,7.3932142857142855,41.80957441669482,-6.590188581906261,TSLA
2026-03-13,391.13,478102.0,-0.009872667898640608,-0.00992172583992239,-0.013866828026120048,-0.028079417538453888,-11.300000000000011,734425.9,178364.0491380941,0.6509873902867532,13802634.0,0.2954605571234126,3.8999999999999773,6.785357142857139,45.55502921206379,-7.030562054160782,TSLA
2026-03-16,395.64,504263.0,0.011530693119934599,0.011464721327359116,-0.0075006898627800744,-0.019151388940537806,-7.725000000000023,716558.55,182796.30132687703,0.7037289555752283,14306897.0,0.299718512743807,4.509999999999991,6.404285714285708,42.31541378541153,-6.935691560295709,TSLA
2026-03-17,399.275,293658.0,0.00918764533414218,0.00914569567073314,0.00021293118565091085,0.016937281120662062,6.649999999999977,692331.55,204962.35477340728,0.42415804970898696,14600555.0,0.2979325923889051,3.634999999999991,6.096071428571422,39.39891030523168,-6.4923520957542,TSLA
2026-03-18,392.8,549999.0,-0.01621689311877772,-0.016349826062062214,-0.036877206747744085,-0.03241698689526051,-13.159999999999968,699370.9,196989.52641672036,0.7864196236932363,14050556.0,0.30236298083931573,6.474999999999966,5.9228571428571355,40.55113362276892,-6.587543659480957,TSLA
2026-03-19,380.25,941264.0,-0.03195010183299396,-0.03247164534090866,-0.03741487988254055,-0.062476885524791026,-25.339999999999975,707101.9,203520.70985577747,1.3311575036073302,13109292.0,0.3199832472902519,12.550000000000011,6.387857142857135,37.599239628759904,-7.588191822976455,TSLA
2026-03-20,368.025,1170045.0,-0.03214990138067064,-0.032678060495325484,-0.05907243116099514,-0.07212011194312085,-28.605000000000018,729096.9,228392.85595147952,1.6047866888475317,11939247.0,0.33479490979113097,12.225000000000023,7.194285714285708,32.456314535345484,-9.260913981578597,TSLA
2026-03-23,380.79,1463752.0,0.03468514367230502,0.03409717142411885,-0.037534121929026276,-0.04475327998394496,-17.839999999999975,740867.2,259432.60855051727,1.975727903732275,13402999.0,0.3500453226550584,12.765000000000043,7.338928571428568,44.240595649423334,-9.4476232057645,TSLA
2026-03-24,383.14,907200.0,0.006171380550959782,0.006152415568759423,-0.04041074447435977,-0.04020641799644287,-16.05000000000001,744514.05,261320.3442245333,1.218512934712246,14310199.0,0.3371857770366276,2.349999999999966,6.55428571428571,37.56538796861376,-9.29877575228329,TSLA
2026-03-25,385.97,746406.0,0.0073863339771365055,0.007359188600250402,-0.0173879837067209,-0.053623970184385916,-21.869999999999948,741535.65,260922.1461316063,1.0065679242798373,15056605.0,0.32913914613444717,2.830000000000041,6.729999999999998,39.58819783485461,-8.850433436851745,TSLA
2026-03-26,372.035,788700.0,-0.036103842267533715,-0.036771710368365323,-0.02160420775805383,-0.058210768802369306,-22.994999999999948,737162.6,259274.79632913688,1.069913205037803,14267905.0,0.34350407231413077,13.935000000000002,7.085357142857142,37.602701749080104,-9.509932381321562,TSLA
2026-03-27,361.79,1101710.0,-0.027537731665031484,-0.027924002869503636,-0.016941783846206038,-0.07501342264720168,-29.339999999999975,748919.9,270538.4866752149,1.4710651966919293,13166195.0,0.351488326673625,10.245000000000005,7.674285714285714,32.85554728220403,-10.735523493013659,TSLA
2026-03-30,355.33,1414581.0,-0.0178556621244369,-0.018016997848696033,-0.06686099950103741,-0.1018855525224952,-40.31,790301.45,305498.0558657189,1.7899258567727543,11751614.0,0.35314923731903847,6.460000000000036,8.095714285714289,30.65113816834304,-12.088729936726622,TSLA
2026-03-31,371.7,1003998.0,0.046069850561449854,0.0450401421525662,-0.029858537349271796,-0.06906267610043204,-27.57499999999999,802824.35,309024.82709020964,1.2505823970087604,12755612.0,0.3894734497527083,16.370000000000005,8.647142857142862,35.07351726416654,-11.705302165427952,TSLA
2026-04-01,381.32,1134147.0,0.025881086898036143,0.025551840322171032,-0.01204756846387034,-0.029226069246435893,-11.480000000000018,816191.85,317601.1176513665,1.389559329709063,13889759.0,0.3804019771414451,9.620000000000005,8.419285714285719,44.18427080682109,-10.504094627624966,TSLA
2026-04-02,360.47,1827177.0,-0.054678485261722365,-0.05623018211628355,-0.031085784939589023,-0.052018408941485794,-19.779999999999973,879251.75,383645.42375464545,2.0781044791778918,12062582.0,0.4223281351823817,20.849999999999966,9.630000000000004,38.629283489096586,-11.106520691994433,TSLA
2026-04-06,352.75,1342107.0,-0.021416484034732508,-0.021649144776170463,-0.02498687083667328,-0.041505332518171234,-15.274999999999977,916474.35,390931.42661681795,1.464423963420253,10720475.0,0.4219840777218246,7.720000000000027,9.85928571428572,34.463522422661754,-12.06777734422701,TSLA
2026-04-07,346.67,1288237.0,-0.017236002834868813,-0.017386271927226783,-0.024371710804041213,-0.08960319336117017,-34.120000000000005,944300.0,396850.0755069788,1.3642242931271842,9432238.0,0.42200624335414283,6.079999999999984,10.033928571428577,31.276027762947166,-13.16838836983112,TSLA
2026-04-08,343.41,1147689.0,-0.009403755733117913,-0.009448250207201848,-0.0761097659402743,-0.10369577700057409,-39.72999999999996,970869.75,391486.35676649417,1.1821245846829609,8284549.0,0.4210224081181715,3.259999999999991,9.804285714285722,32.00859682354657,-14.140680331545639,TSLA
2026-04-09,345.725,728498.0,0.006741213127165802,0.006718592752227435,-0.09334679534249446,-0.10426976189859316,-40.245000000000005,972514.85,390336.16307179123,0.749086762017053,9013047.0,0.4106714745691751,2.3149999999999977,9.073214285714291,36.410155481204505,-14.556627819139123,TSLA
2026-04-10,348.87,565597.0,0.009096825511605955,0.009055698622339394,-0.032180209171359664,-0.06226564704933679,-23.16500000000002,969856.5,393043.80498529156,0.5831759646916838,9578644.0,0.4050601405902983,3.144999999999982,8.42464285714286,41.879689685870545,-14.46574191546864,TSLA
2026-04-13,352.465,652730.0,0.010304698025052295,0.01025196656946412,-0.0008079376328845589,-0.025774620636280887,-9.325000000000045,978587.9,383365.10026494,0.6670121304381548,10231374.0,0.4087400341655649,3.5949999999999704,7.7696428571428555,36.98000459664442,-13.942902624382441,TSLA
2026-04-14,364.16,773552.0,0.033180599492148355,0.032642004955385925,0.050451437966942736,0.024850139307122987,8.830000000000041,992052.35,370336.7587803348,0.7797491735189176,11004926.0,0.42707816360276063,11.69500000000005,8.437142857142861,41.96579749407384,-12.441442751031332,TSLA
2026-04-15,392.0,1727161.0,0.07644991212653762,0.07366850829255098,0.14149267639265006,0.0546139359698683,20.30000000000001,1063727.5,366758.23815359164,1.6236874575490434,12732087.0,0.5124058396369687,27.839999999999975,10.223571428571429,52.10647662963738,-8.902447776171869,TSLA
2026-04-16,388.77,690302.0,-0.008239795918367432,-0.008273930675029817,0.12450647190686226,0.019537396412461883,7.449999999999989,1070742.65,357643.30109647964,0.6446945958489653,12041785.0,0.5099223348483779,3.230000000000018,9.458928571428572,56.31867094581837,-6.285942336881135,TSLA
2026-04-17,400.65,1096523.0,0.030557913419245297,0.030100319108646745,0.1484220483274572,0.11146558659527828,40.17999999999995,1078505.6,356367.6785030054,1.0167058937848814,13138308.0,0.5062860832811845,11.879999999999995,9.575714285714286,64.49351036849171,-3.216646709666122,TSLA
2026-04-20,392.42,794415.0,-0.020541619867714855,-0.02075553343212393,0.11335877321152465,0.11245924875974489,39.670000000000016,1059724.1,361155.57485745865,0.749643232611205,12343893.0,0.49716259001183527,8.229999999999961,9.702142857142851,63.65309578149159,-1.4317951873789525,TSLA
2026-04-21,386.32,570705.0,-0.01554456959380257,-0.015666653226669082,0.06085237258347975,0.11437390025095895,39.64999999999998,1015071.75,363771.0474820634,0.5622311920314993,11773188.0,0.48748673209456533,6.100000000000023,8.968571428571424,55.82191780821919,-0.5037001749046226,TSLA
2026-04-22,387.26,774622.0,0.0024332159867468395,0.002430260509965808,-0.01209183673469394,0.12768993331586143,43.849999999999966,1008442.85,367033.55979217135,0.7681367367521125,12547810.0,0.48715794513295196,0.9399999999999977,8.348571428571423,52.54106776180698,0.30416572005282205,TSLA
2026-04-23,373.62,1117338.0,-0.03522181480142539,-0.03585706396283655,-0.03896905625434055,0.0806855159447537,27.894999999999982,1026989.45,362438.69621488405,1.0879741753919674,11430472.0,0.5029450561971304,13.639999999999986,7.8335714285714255,55.995258502781056,-0.15444835905520904,TSLA
2026-04-24,376.235,789871.0,0.006999089984476292,0.0069747100463210775,-0.060938474978160406,0.07843896007108664,27.36500000000001,1027048.0,362398.26816072816,0.7690692158496973,12220343.0,0.4862114664704312,2.615000000000009,7.468928571428568,61.229857026729796,-0.3033973001335539,TSLA
2026-04-27,378.56,813295.0,0.0061796483580740524,0.0061606326312853375,-0.03531930074919731,0.07403571985870938,26.095000000000027,1012627.25,364999.9539081265,0.8031533814639098,13033638.0,0.4745526739540193,2.3249999999999886,7.200714285714282,65.81688324570976,-0.23116758388283642,TSLA
2026-04-28,376.11,659693.0,-0.006471893491124203,-0.006492926993978492,-0.026428867260302247,0.03281524604569408,11.949999999999989,974882.85,360246.7965278185,0.676689511975721,12373945.0,0.4697122321230335,2.4499999999999886,7.142857142857139,66.35,-0.36738455737429376,TSLA
2026-04-29,372.795,602167.0,-0.008813910823961102,-0.008852983091716603,-0.03735216650312445,-0.04899234693877552,-19.204999999999984,954791.3,369620.953710562,0.6306791861216163,11771778.0,0.44300556481692466,3.3149999999999977,7.21428571428571,63.40099009900991,-0.7343649832452002,TSLA
2026-04-30,381.62,661652.0,0.02367252779677842,0.023396678397868857,0.021412129971629,-0.018391336780101297,-7.149999999999977,931166.55,372641.56228111923,0.7105624659734608,12433430.0,0.4413945967621832,8.824999999999989,7.6199999999999966,65.34964379452569,-0.3095278242181507,TSLA
2026-05-01,390.71,780374.0,0.02381950631518248,0.023540247717024006,0.03847329461639659,-0.024809684263072507,-9.939999999999998,878826.4,308091.4752602579,0.88797286927202,13213804.0,0.39721124875637304,9.089999999999975,8.012499999999998,67.0470247381324,0.7519773895405137,TSLA
2026-05-04,392.58,463436.0,0.0047861585319035616,0.004774741290482665,0.03703508030431113,0.0004077264155750715,0.15999999999996817,834892.85,301121.05619506066,0.5550844039447697,13677240.0,0.3854013825646863,1.8700000000000045,7.310714285714279,63.88373229115778,1.724245264826834,TSLA
2026-05-05,389.29,607394.0,-0.008380457486372062,-0.008415770953959682,0.03504293956555271,0.007687927107061565,2.9700000000000273,800850.7,285238.7151765856,0.7584359981204987,13069846.0,0.3796699229772283,3.2899999999999636,5.55714285714285,48.258354755784076,2.2038939390274663,TSLA
2026-05-06,398.58,823260.0,0.02386395746101866,0.02358366374946213,0.0691667001971592,0.029231007591798752,11.319999999999993,784629.25,273457.7836805168,1.0492343995587725,13893106.0,0.3800395793537041,9.289999999999964,5.989999999999989,55.849034104459825,3.2956540804777887,TSLA
2026-05-07,411.825,983132.0,0.03323046816197506,0.03269027092784125,0.07914941564907485,0.1022563031957604,38.204999999999984,797360.95,276616.27711049636,1.23298237767977,14876238.0,0.3905981903352189,13.245000000000005,6.08749999999999,56.55617483132885,5.170045597790988,TSLA
2026-05-08,428.31,1136306.0,0.04002913859042079,0.03924873063619256,0.09623505925110698,0.1384108336544978,52.07499999999999,825896.4,280853.8213857689,1.3758456871830413,16012544.0,0.4057663860848727,16.485000000000014,6.67714285714285,69.19661959777494,7.894710796850688,TSLA
2026-05-11,445.04,1308493.0,0.03906049356774299,0.038316933297799304,0.13362881450914466,0.1756128486897719,66.48000000000002,858684.55,297366.52303237794,1.5238343347391075,17321037.0,0.4181253744291486,16.730000000000018,7.436428571428564,78.20094131207381,11.274038678770921,TSLA
2026-05-12,433.455,883288.0,-0.0260313679669244,-0.026376181163054433,0.11345012715456337,0.15246869266969765,57.34499999999997,864171.35,296724.7360402132,1.0221213651667578,16437749.0,0.43106803476545075,11.585000000000036,8.19678571428571,70.12766328264564,12.869021621258128,TSLA
2026-05-13,445.325,873500.0,0.02738461893391464,0.02701636807456514,0.11727883988157961,0.19455733043629864,72.52999999999997,821488.3,216644.8516450973,1.0633139875516182,17311249.0,0.35844795839103777,11.870000000000005,8.070357142857139,81.73208833030934,14.918891201596978,TSLA
2026-05-14,443.21,628733.0,-0.004749340369393118,-0.004760654323123896,0.07620955502944216,0.16139091242597337,61.589999999999975,818409.85,219031.3683884893,0.7682373324319105,16682516.0,0.3567364247012485,2.115000000000009,8.034642857142854,79.77063608481131,16.186180574208947,TSLA
2026-05-15,422.27,751360.0,-0.04724622639380882,-0.04839877848430176,-0.014101935513996966,0.08077602313736532,31.560000000000002,801151.7,209348.85890581846,0.9378498479126988,15931156.0,0.3931015760197373,20.939999999999998,9.364285714285712,66.67048054919908,15.324185859597662,TSLA
2026-05-18,409.97,994938.0,-0.02912828285220348,-0.02956093358158529,-0.0788019054467014,0.044296703856538944,17.390000000000043,811177.85,213764.40832233333,1.2265349701055077,14936218.0,0.4010017777576954,12.299999999999955,10.067857142857138,62.011351543100396,13.493002697328563,TSLA
2026-05-19,404.17,805734.0,-0.014147376637314912,-0.014248404757338398,-0.06756179995616607,0.03822343240257897,14.879999999999995,822929.3,206174.3941700299,0.9791047663511312,14130484.0,0.40019806000840785,5.800000000000011,10.24535714285714,60.9370097953777,11.441870559398808,TSLA
2026-05-20,417.185,678058.0,0.03220179627384523,0.031694186969151474,-0.06318980519845052,0.046678207637111724,18.605000000000018,818101.1,208482.94180400597,0.8288193231863397,14808542.0,0.4137890800696551,13.014999999999986,10.544642857142852,62.045723962743445,10.742700131568938,TSLA
2026-05-21,417.785,808350.0,0.0014382108656831871,0.0014371776309903684,-0.057365582906522716,0.01447216657560868,5.960000000000036,802651.7,196229.7640742657,1.0070993433390847,15616892.0,0.3872510709125616,0.6000000000000227,9.938214285714285,59.72975886728718,10.120356347581833,TSLA
2026-05-22,425.95,788888.0,0.019543545124884654,0.01935502235650847,0.008714803324886944,-0.005510027783614757,-2.3600000000000136,802602.55,196233.25683789628,0.9829124016613203,16405780.0,0.3902780376518255,8.164999999999964,10.38785714285714,61.47287354741113,10.16877239890158,TSLA
2026-05-26,433.53,705080.0,0.017795515905622672,0.017639029489499268,0.05746761958192059,-0.025862843789322465,-11.510000000000048,797191.8,197411.2892915378,0.8844546569595924,17110860.0,0.3923195372472087,7.579999999999984,10.694285714285712,64.77424525781457,10.695494121173112,TSLA
2026-05-27,440.435,681635.0,0.015927386801374732,0.015801876918524325,0.08972709503426768,0.01610317103274861,6.980000000000018,798288.9,196666.49663992316,0.8538700713488563,17792495.0,0.39009821558402963,6.90500000000003,10.523928571428574,64.20402484134796,11.537108073138938,TSLA
2026-05-28,442.04,556293.0,0.0036441245586749105,0.0036375008237082783,0.0595778851109221,-0.007376635041823287,-3.284999999999968,795995.2,199323.79131178776,0.6988647670237208,18348788.0,0.38536400957201516,1.6050000000000182,9.692500000000004,61.13342422344228,12.193049396495098,TSLA
2026-05-29,435.57,633415.0,-0.014636684462944638,-0.014744857556875546,0.04256974281029713,-0.01723787820671918,-7.639999999999986,794583.35,200422.43039620973,0.7971662129592824,17715373.0,0.3897690706810153,6.470000000000027,8.977142857142862,52.888287714831314,12.051886052725763,TSLA
2026-06-01,415.54,621094.0,-0.04598571986133104,-0.04707663894706596,-0.024439488202840587,-0.01593767021100234,-6.729999999999961,786619.35,204146.74862751714,0.7895737627100071,17094279.0,0.4266437672390789,20.029999999999973,9.212857142857144,38.56411846797953,10.20610980273301,TSLA
2026-06-02,423.76,523550.0,0.019781489146652564,0.01958837801963127,-0.022535926002814066,0.03363660755665032,13.789999999999964,789625.05,199528.3023152021,0.6630362094009049,17617829.0,0.4305781933142155,8.21999999999997,8.972499999999997,46.14098634717192,9.299406361254569,TSLA
2026-06-03,423.84,631505.0,0.00018878610534267537,0.00018876828748836376,-0.037678658598885306,0.0486676398545165,19.66999999999996,790830.6,198439.1796897394,0.7985338453013832,18249334.0,0.4283313589942211,0.07999999999998408,8.130357142857138,40.56226663738194,8.489431797574753,TSLA
2026-06-04,418.485,585863.0,-0.012634484711211647,-0.012714978530486606,-0.053287032847706084,0.003116123542313387,1.3000000000000114,778960.75,203434.4892572424,0.7521084984063703,17663471.0,0.42615708921230777,5.354999999999961,8.361785714285705,39.43962755733994,7.330911193010024,TSLA
2026-06-05,390.825,996948.0,-0.0660955589806087,-0.06838115752988491,-0.10272746056890969,-0.06453079933458605,-26.960000000000036,779651.55,204186.34867391762,1.2787097005065917,16666523.0,0.4750751558338253,27.660000000000025,8.841785714285708,37.29854182655409,4.133199480681412,TSLA
2026-06-08,408.95,1105647.0,0.04637625535725709,0.045333009717595095,-0.01585888241805855,-0.03991078765113276,-17.0,778118.6,201464.75109123293,1.4209234941819924,17772170.0,0.48302285497321945,18.125,9.257857142857139,49.60651184322196,3.026636749020099,TSLA
2026-06-09,396.56,990751.0,-0.030297102335248738,-0.03076554546866458,-0.06418727581649986,-0.0852766821211911,-36.96999999999997,762231.5,167023.54185452824,1.2998032749892914,16781419.0,0.4675757842649474,12.389999999999986,9.728571428571424,47.206314243759174,1.136803990607234,TSLA
2026-06-10,381.58,1004464.0,-0.037774863828928806,-0.038506826413153804,-0.09970743676859195,-0.13362925289770344,-58.85500000000002,768290.3,173710.00241694352,1.307401642321919,15776955.0,0.4762482517908883,14.980000000000018,9.868928571428569,37.11504360728114,-1.5517749966462588,TSLA
2026-06-11,399.19,869566.0,0.04615021751664128,0.04511696672418479,-0.0461067899685772,-0.09693692878472537,-42.85000000000002,768093.6,173586.78194778904,1.132109419997771,16646521.0,0.4978235136612926,17.610000000000014,11.083928571428569,44.00837763815046,-2.235741154789025,TSLA
2026-06-12,406.54,1669312.0,0.01841228487687574,0.018244831107466424,0.040209812575961124,-0.06664829992882881,-29.029999999999973,820122.55,262693.34146761,2.0354421421530233,18315833.0,0.504708685887712,7.350000000000023,11.025714285714287,43.71274941694741,-2.159808758407621,TSLA
2026-06-15,411.22,764609.0,0.011511782358439637,0.01144602595963972,0.005550800831397584,-0.010396111084372106,-4.319999999999993,820785.0,262527.46528275736,0.9315582034272069,19080442.0,0.480159960375666,4.680000000000007,10.818571428571431,42.63501914696952,-1.7023710261041174,TSLA
2026-06-16,404.73,739263.0,-0.01578230630805899,-0.015908172971620102,0.020602178737139543,-0.044907494808382076,-19.029999999999973,808001.25,259811.7551655376,0.9149280400246905,18341179.0,0.47201659923670913,6.490000000000009,10.788928571428572,38.18067463338741,-1.8423001985033807,TSLA
2026-06-17,396.52,630285.0,-0.02028512835717644,-0.020493696954138732,0.039152995440012495,-0.06445828614571536,-27.319999999999993,799228.8,262836.7135527701,0.7886164762831369,17710894.0,0.4749126457943105,8.210000000000036,11.260714285714288,35.56295591500158,-2.5858652173516816,TSLA
2026-06-18,400.49,1158811.0,0.010012105316251407,0.009962316242978069,0.0032565946040732374,-0.04300034648792672,-17.995000000000005,823266.45,272960.4217760428,1.4075770973054957,18869705.0,0.46095779972329187,3.9700000000000273,11.082142857142859,38.6948114727683,-2.822266696878444,TSLA
2026-06-22,405.05,1172162.0,0.011386052086194365,0.011321718868825426,-0.003665076007280943,0.03639736454935072,14.225000000000023,841457.05,283820.55960440077,1.3930146523818416,20041867.0,0.4631847091917794,4.560000000000002,9.977142857142862,46.24498854524628,-2.61155826406457,TSLA
2026-06-23,381.535,1800130.0,-0.05805456116528818,-0.059807926640865025,-0.07218763678809392,-0.06703753515099642,-27.414999999999964,892019.15,355089.8990652004,2.0180396351356356,18241737.0,0.4978348985396016,23.514999999999986,11.069642857142863,36.37683497338283,-4.292552417682657,TSLA
2026-06-24,375.36,729987.0,-0.016184622642745783,-0.016317024170524552,-0.07256689644948489,-0.05345975388339719,-21.19999999999999,893264.5,354442.8575312172,0.8172125949256911,17511750.0,0.4917568350394906,6.175000000000011,11.505000000000008,34.95064257776124,-6.053245245529467,TSLA
2026-06-25,375.12,550696.0,-0.0006393861892582953,-0.0006395906837797636,-0.05396953495410062,-0.016929608470045543,-6.4599999999999795,886717.55,359727.5231030279,0.6210500739497036,16961054.0,0.4851100327837032,0.2400000000000091,11.139642857142869,36.09695104357027,-7.382867885631356,TSLA
2026-06-26,379.0,1061621.0,0.010343356792493097,0.010290230301095514,-0.053659267397438204,-0.05057741927402992,-20.189999999999998,911983.95,352981.0596438755,1.1640786002867705,18022675.0,0.4877352430837848,3.8799999999999955,9.441071428571437,45.52676376016645,-8.030944109236714,TSLA
2026-06-29,411.66,1154966.0,0.08617414248021116,0.08266156084842818,0.01631897296630047,0.012594086682737204,5.1200000000000045,938061.5,350575.15038763924,1.2312263108548853,19177641.0,0.5882842203002354,32.660000000000025,10.479285714285725,50.92359075727627,-5.841819280332231,TSLA
2026-06-30,420.37,784989.0,0.021158237380362488,0.020937509916708393,0.10178620572162433,0.0222508632848597,9.149999999999977,946256.25,344641.3468311164,0.8295733845879486,19962630.0,0.5699503634572705,8.70999999999998,10.216428571428581,58.323428651331874,-3.3653047359730976,TSLA
2026-07-01,425.36,1059864.0,0.011870495040083862,0.01180059334852036,0.13320545609548162,0.05097225310700959,20.629999999999995,973071.95,330599.1381453847,1.0891938669077863,21022494.0,0.567212480920733,4.990000000000009,9.502857142857152,66.45369813589897,-0.988601833857274,TSLA
2026-07-02,392.82,1592353.0,-0.07649990596200873,-0.07958437751502813,0.04718490083173377,-0.009331181277110856,-3.6999999999999886,1021114.35,347721.87966129923,1.5594267184669377,19430141.0,0.6301263519439314,32.54000000000002,10.569285714285725,47.84753666283706,-1.7110300235515865,TSLA
2026-07-06,419.79,1254887.0,0.06865740033603185,0.06640309455467676,0.1076253298153036,0.048190966066568475,19.30000000000001,1054565.55,335616.1548783274,1.1899563758744063,20685028.0,0.6779683640683811,26.970000000000027,11.970714285714296,53.95309982695865,-0.10608310637707064,TSLA
2026-07-07,403.0,678865.0,-0.03999618857047571,-0.0408180242890487,-0.021036777923529204,-0.005061103567460812,-2.0500000000000114,1038661.4,345870.2332217742,0.6535960612380511,20006163.0,0.6494283139482456,16.79000000000002,12.835714285714298,47.712854757929875,-0.1868103580907814,TSLA
2026-07-08,393.86,950163.0,-0.022679900744416837,-0.022941045742632685,-0.06306349168589576,0.032303720497464106,12.324999999999989,1030887.2,346032.7242534641,0.9216944395080277,19056000.0,0.6333668730945218,9.139999999999986,13.02500000000001,47.01946805593639,-0.977046121022056,TSLA
2026-07-09,406.51,720533.0,0.032118011476159,0.03161301272723636,-0.0443154034229829,0.08298699914748497,31.149999999999977,1017376.3,352889.74015019747,0.7082266414108526,19776533.0,0.6339886706627113,12.649999999999977,13.342142857142862,52.67412602387708,-0.5759254666688776,TSLA
2026-07-10,407.77,773399.0,0.003099554746500699,0.0030947610297247896,0.038058143679038814,0.08703881424610782,32.64999999999998,1005823.05,357092.1191097064,0.7689215314761378,20549932.0,0.6163379335623611,1.259999999999991,13.148571428571431,51.977401129943495,-0.15458107403696886,TSLA
2026-07-13,394.86,953548.0,-0.031660004414253096,-0.03217201826492865,-0.05938683627528052,0.04184696569920843,15.860000000000014,1010022.15,355897.30167390424,0.9440862262278109,19596384.0,0.6076504578021032,12.909999999999968,13.745000000000001,47.352283947409454,-0.8525638880827273,TSLA
2026-07-14,396.165,626865.0,0.00330496884971887,0.003299519443614005,-0.016960297766749344,-0.03764028567264244,-15.495000000000005,957899.8,329625.4976507991,0.65441604643826,20223249.0,0.6039830809852768,1.3050000000000068,12.158571428571431,54.29737986135589,-1.2855981282829703,TSLA
2026-07-15,394.32,835424.0,-0.004657150429745238,-0.004668028742574503,0.0011679276900420366,-0.061969217594024295,-26.05000000000001,961440.55,327815.30866752844,0.8689294413471534,19387825.0,0.6024049603916106,1.8450000000000273,11.849285714285717,55.71463017662306,-1.7573987651545622,TSLA
2026-07-16,391.025,679567.0,-0.008356157435585376,-0.008391265836817164,-0.03809254384885985,-0.08071986082377292,-34.335000000000036,958455.75,330207.7742385329,0.7090228213456907,18708258.0,0.6006301282644627,3.295000000000016,12.067500000000004,54.707153215543514,-2.369864805265877,TSLA
2026-07-17,380.9,759966.0,-0.02589348507128697,-0.02623462307574684,-0.06589498982269415,-0.03034468713405636,-11.920000000000016,964939.8,324651.0345777125,0.7875786655291863,17948292.0,0.6033367938395576,10.125,12.513571428571433,50.54226839431473,-3.6304024172588356,TSLA
