timestamp,return,log_return,rolling_return_5d,rolling_return_10d,price_momentum,volume_ratio_20d,rolling_volume_mean,rolling_volume_std,obv,volatility_20d,true_range,atr_14d,rsi_14d,macd,symbol,is_pump_and_dump,is_wash_trading,is_spoofing,is_layering,is_manipulation,attribution_confidence,detector_agreement,label_confidence,centroid_distance,evidence_json,used_in_training
2025-09-18,-0.4337859137201231,-0.0046555604691905,0.03426235923301,-0.0076759417629636,-1.840000000000004,0.9599618684791992,1441746.85,493857.73163909576,1826932.0,-0.9829847632037806,1.1099999999999852,2.793214285714285,56.74466180795295,3.7406813658587055,AAPL,0,0,0,0,0,0.0,0.0,0.0,0.0,[],True
2025-09-19,2.011154082200745,0.0308391748053657,0.0481968894206119,0.0235740810280802,5.650000000000006,1.2380870910103077,1495714.65,475504.9671977288,3678757.0,-0.43525504585258,7.449999999999989,3.3021428571428566,64.11421155094092,4.268483750581396,AAPL,0,0,0,0,0,0.0,0.0,0.0,0.0,[],True
2025-09-22,2.607282328953616,0.0430826038928185,0.0818391095904875,0.076586801176965,18.22,2.005072665821662,1591628.6,604262.9672129422,6870088.0,0.5243920084950434,10.800000000000011,3.889285714285713,74.26997245179065,5.494898909545526,AAPL,0,0,0,0,0,0.0,0.0,0.0,0.0,[],True
2025-09-23,-0.6385389864662253,-0.0065417316157598,0.0684891240446796,0.0857691487091956,20.099999999999994,1.105232472327865,1644352.7,573362.1487025912,5052696.0,0.5614346132101883,1.670000000000016,3.380357142857142,66.86740623349179,6.2599261832690445,AAPL,0,0,0,0,0,0.0,0.0,0.0,0.0,[],True
2025-09-24,-0.7492791270727643,-0.0088026305071132,0.0554021257008954,0.1120320973502049,25.41,0.89997409930242,1673507.05,549063.1926902472,3546583.0,0.6609304596255997,2.2299999999999898,3.452142857142856,62.94227188081936,6.610076597915452,AAPL,0,0,0,0,0,0.0,0.0,0.0,0.0,[],True
2025-09-25,0.8629890614746758,0.0184241064825306,0.080043721360407,0.1170485673290144,26.920000000000016,0.9753285419641088,1709226.1,522285.6947374277,5213640.0,0.7529198545058318,4.690000000000026,3.784285714285714,66.27029067572673,7.183213514257602,AAPL,0,0,0,0,0,0.0,0.0,0.0,0.0,[],True
2025-09-26,-0.5838513153314523,-0.0056991332334522,0.0412930050546225,0.0914800888736968,21.41,0.79152639899643,1719302.1,512980.12335945707,3852767.0,0.795385883149377,1.4600000000000364,3.76214285714286,66.66033795329406,7.433925189291983,AAPL,0,0,0,0,0,0.0,0.0,0.0,0.0,[],True
2025-09-29,-0.483502134928514,-0.0042367957927855,-0.0068327346556301,0.0744471900145726,17.625,0.5722497123723008,1707763.2,527476.2591486286,2875500.0,0.7985452854454859,1.079999999999984,3.5857142857142867,69.9402390438247,7.459480772987945,AAPL,0,0,0,0,0,0.0,0.0,0.0,0.0,[],True
2025-09-30,-0.1742781174911182,0.0007466646054553,0.0004323049715071,0.0689510372050055,16.420000000000016,0.6225948747719283,1698287.35,537793.29620455,3932845.0,0.6228204949365758,0.1899999999999977,3.060714285714288,82.38039673278878,7.4096513212057,AAPL,0,0,0,0,0,0.0,0.0,0.0,0.0,[],True
2025-10-01,-0.0080018432703873,0.0034118349141929,0.0127269843787169,0.0688342120679554,16.450000000000017,0.6548306147789533,1652952.65,550064.4806977558,5015249.0,-0.1668107759434042,0.8700000000000045,2.8957142857142872,81.37641835224468,7.355572390935237,AAPL,0,0,0,0,0,0.0,0.0,0.0,0.0,[],True
2025-10-02,0.2666248135515883,0.0077994389834697,0.0020240551165777,0.0822297893807542,19.56,0.6706100081467863,1636657.65,561920.2020586265,6112808.0,-0.1529217356492422,2.0,2.7492857142857168,80.38451545856066,7.388922831424907,AAPL,0,0,0,0,0,0.0,0.0,0.0,0.0,[],True
2025-10-03,-0.0829743820971377,0.0023667731769017,0.010138970444314,0.0518506440567423,12.720000000000027,0.9211788101567132,1610603.7,556004.8486902456,7596462.0,-0.1604067844564229,0.6100000000000136,2.59964285714286,79.25539222420662,7.379508813786629,AAPL,0,0,0,0,0,0.0,0.0,0.0,0.0,[],True
2025-10-06,-0.5799551190879267,-0.0054013226577289,0.0089633211463615,0.002069342495705,0.5299999999999727,0.7809118937546438,1595213.25,561896.745622302,6350741.0,-0.1886538396960105,1.3900000000000432,2.5992857142857213,75.43281121187131,7.177153001519741,AAPL,0,0,0,0,0,0.0,0.0,0.0,0.0,[],True
2025-10-07,-0.261664127380007,-0.0006626001450691,0.0075424261470773,0.0079779917469051,2.0300000000000296,1.0579213220187824,1571681.15,547852.9238888917,4688026.0,-0.4529901980733201,0.169999999999959,2.551428571428576,74.49608062709967,6.923259952005566,AAPL,0,0,0,0,0,0.0,0.0,0.0,0.0,[],True
2025-10-08,0.1814591343992974,0.0059864124357475,0.0101397643189913,0.0229957973198,5.799999999999983,0.5866796909507964,1477240.5,493110.3327509339,5554693.0,-1.683791246339617,1.5399999999999636,2.5821428571428595,77.86998616874129,6.768292349656804,AAPL,0,0,0,0,0,0.0,0.0,0.0,0.0,[],True
2025-10-09,-1.2557138823844125,-0.0155847310166982,-0.0132074738763936,-0.0112101514148924,-2.880000000000024,0.6142412303501675,1455260.5,509384.4225837692,4660812.0,-1.2472107358983195,3.9899999999999807,2.3350000000000017,63.32211685530744,6.251456850954412,AAPL,0,0,0,0,0,0.0,0.0,0.0,0.0,[],True
2025-10-10,-2.4665132230489486,-0.0349908024278287,-0.049391567198884,-0.0397533763945977,-10.155,1.0968381957703368,1446169.55,505113.1496176689,3074598.0,-0.1786019709214895,8.735000000000014,2.187500000000002,32.32653061224488,5.078477963356221,AAPL,0,0,0,0,0,0.0,0.0,0.0,0.0,[],True
2025-10-13,0.4572934199264006,0.0091106172594126,-0.0354958114163256,-0.0268506506270393,-6.8300000000000125,0.6217341400610125,1413678.2,520195.8259206057,3953530.0,-0.205498282656306,2.2450000000000045,2.22857142857143,38.92628205128207,4.280691336738187,AAPL,0,0,0,0,0,0.0,0.0,0.0,0.0,[],True
2025-10-14,-0.0187147452941872,0.0016952577218423,-0.0332189644416719,-0.0259270898805782,-6.599999999999994,0.6242118448381487,1384284.85,534335.6090346684,4817617.0,-0.212833943803309,0.4200000000000159,2.0992857142857173,42.75263695134402,3.6403663006501006,AAPL,0,0,0,0,0,0.0,0.0,0.0,0.0,[],True
2025-10-15,0.2447765825228914,0.0058106383267338,-0.0333888845825903,-0.0235876756841404,-6.025000000000006,0.8069814440352763,1379410.9,536443.316710202,5930776.0,-0.2010446046183986,1.4449999999999932,1.8675000000000008,35.647351310001866,3.212472140744609,AAPL,0,0,0,0,0,0.0,0.0,0.0,0.0,[],True
2025-10-16,-0.6400527629528919,-0.0078695397625574,-0.0259024524662442,-0.0387678203783553,-9.980000000000018,0.8056729931268577,1365205.25,540064.3845067164,4830867.0,-0.1555533370754278,1.9550000000000125,1.902857142857142,34.984984984984976,2.68466364348825,AAPL,0,0,0,0,0,0.0,0.0,0.0,0.0,[],True
2025-10-17,1.1648979680353584,0.0195688431017001,0.0287205201899753,-0.0220895985118586,-5.700000000000017,1.1479213426929038,1350104.7,529868.0235939691,6380681.0,-0.6080011357177043,4.890000000000015,2.175000000000001,46.66666666666666,2.6306294801849504,AAPL,0,0,0,0,0,0.0,0.0,0.0,0.0,[],True
2025-10-20,2.394661633995419,0.0385017968181268,0.0594045406802941,0.0218001168907073,5.595000000000027,2.090433043739425,1329499.65,457581.5026452464,9159911.0,-0.9354465612471324,9.905,2.868928571428573,59.56678700361011,3.348458788364041,AAPL,0,0,0,0,0,0.0,0.0,0.0,0.0,[],True
2025-10-21,-0.0785609319135831,0.0018477075593444,0.059566059041781,0.0243683718028695,6.25,1.258812568198712,1321826.65,450196.7027782967,10823843.0,-0.973196109698904,0.4850000000000136,2.8414285714285734,59.17546505781801,3.911391052169705,AAPL,0,0,0,0,0,0.0,0.0,0.0,0.0,[],True
2025-10-22,-1.2176365351075498,-0.0166181169686196,0.0360658366913253,0.0014727540500736,0.3799999999999954,1.3084137374771576,1333777.65,458443.2830552216,9078710.0,-0.7565030419038841,4.330000000000041,3.007857142857148,51.15174542863924,3.962447486180764,AAPL,0,0,0,0,0,0.0,0.0,0.0,0.0,[],True
2025-10-23,0.1201541211436758,0.0045946913783104,0.0490604162457062,0.0218871786796834,5.559999999999974,0.9896497202627098,1315520.0,451693.2238255239,10380614.0,-1.0124986664631903,1.1899999999999975,3.0492857142857184,51.81541344577179,4.052221644039236,AAPL,0,0,0,0,0,0.0,0.0,0.0,0.0,[],True
2025-10-24,0.5995509776955315,0.012213716926919,0.0413727510501702,0.071281518171997,17.484999999999985,1.1950362697721548,1326752.2,455656.0821965343,11966131.0,-0.9168564427823274,3.1899999999999977,3.1778571428571434,56.88918858170375,4.330851293141592,AAPL,0,0,0,0,0,0.0,0.0,0.0,0.0,[],True
2025-10-27,1.2481617080640834,0.0224643992281965,0.0248050487139888,0.0856831219196898,21.210000000000008,1.3369588251367754,1369432.6,461142.42583465873,13797006.0,-0.5594281389150404,5.970000000000027,3.592142857142863,62.199244382580986,4.976035761319906,AAPL,0,0,0,0,0,0.0,0.0,0.0,0.0,[],True
2025-10-28,-0.1475474225264654,0.0009669741901932,0.0239028660602138,0.0848927246330053,21.049999999999983,1.4737019482605105,1421293.5,482047.1023689108,15891569.0,-0.55264226280847,0.2599999999999909,3.500714285714293,61.211997551520085,5.445555948510048,AAPL,0,0,0,0,0,0.0,0.0,0.0,0.0,[],True
2025-10-29,-0.0166548644588563,0.0030065163786051,0.0441950464396285,0.081854814458411,20.414999999999992,1.3755695133288282,1468150.45,492798.8628296085,17911112.0,-0.5456110638333357,0.8100000000000023,3.273571428571437,67.22670739690153,5.815971411995065,AAPL,0,0,0,0,0,0.0,0.0,0.0,0.0,[],True
2025-10-30,0.1465053219480217,0.0055438660672076,0.0451866404715128,0.0964639321074964,23.870000000000005,2.0187858551009485,1571943.35,614273.2259749835,21084529.0,-0.5544316669394661,1.5,2.7567857142857224,83.71550719005043,6.15956220062867,AAPL,0,0,0,0,0,0.0,0.0,0.0,0.0,[],True
2025-10-31,-0.4307372233488266,-0.0033596103443753,0.0290356952583912,0.0716097329000555,18.07000000000002,1.3378919929846422,1605135.55,627053.8476768689,18937031.0,-0.5155488395447216,0.9099999999999682,2.661428571428577,80.6897477187332,6.285970229323084,AAPL,0,0,0,0,0,0.0,0.0,0.0,0.0,[],True
2025-11-03,-0.5277696224585049,-0.0049305925760983,0.001227906976744,0.0260634139831072,6.83499999999998,0.8992874881626396,1615488.95,622500.0877004779,17484242.0,-0.5158003413310471,1.330000000000041,2.7264285714285785,77.66570605187309,6.20727600417689,AAPL,0,0,0,0,0,0.0,0.0,0.0,0.0,[],True
2025-11-04,0.0765281810648262,0.0041907013063561,0.0044608007137281,0.0284702926959234,7.479999999999961,1.693468592435441,1674105.45,679744.1315208226,20319287.0,-0.517089506515816,1.1299999999999957,2.703928571428579,77.47985735041595,6.165025246536118,AAPL,0,0,0,0,0,0.0,0.0,0.0,0.0,[],True
2025-11-05,-0.2267191887408292,-0.0003701510258429,0.0010747906011416,0.0453173374613005,11.710000000000036,0.6762395055672739,1687841.35,665188.9454859127,19177902.0,-0.5140583137593049,0.0999999999999659,2.571428571428576,81.4722222222222,6.053688895147616,AAPL,0,0,0,0,0,0.0,0.0,0.0,0.0,[],True
2025-11-06,-0.2641575381879541,-0.0009630343732662,-0.0054179566563465,0.0395238645556457,10.260000000000048,0.733620927345001,1705714.7,647294.556115326,17926554.0,-0.8085200493570087,0.2599999999999909,2.240714285714288,77.90883009244502,5.8767309116364,AAPL,0,0,0,0,0,0.0,0.0,0.0,0.0,[],True
2025-11-07,-0.5413496420588799,-0.0051270732017752,-0.007174290891609,0.0216530938427583,5.690000000000055,1.4137131124994415,1750111.8,668762.1782317098,15452398.0,-2.2632122427464645,1.3799999999999957,1.6317857142857162,63.624425476034176,5.561031854336875,AAPL,0,0,0,0,0,0.0,0.0,0.0,0.0,[],True
2025-11-10,0.0463562344867689,0.0034580881133869,0.0011892374015163,0.0024186046511627,0.6499999999999773,1.0909001037600117,1804596.95,637719.60854079,17421033.0,-2.1716622429895205,0.92999999999995,1.663571428571426,64.31945040790032,5.324503739878992,AAPL,0,0,0,0,0,0.0,0.0,0.0,0.0,[],True
2025-11-11,1.333771009922957,0.0220454775637955,0.0192257873505792,0.0237723504702427,6.394999999999982,1.1101501169721923,1864909.05,600015.0546993297,19491362.0,-1.750078730390116,6.004999999999996,1.78321428571428,84.05768075305437,5.5575429238236325,AAPL,0,0,0,0,0,0.0,0.0,0.0,0.0,[],True
2025-11-12,-0.689783541658862,-0.0070508149082188,0.0124393765502943,0.0135275368764362,3.650000000000034,0.795667619885964,1884211.4,580449.1101608896,17992156.0,-1.5434958758917854,1.9349999999999448,1.8364285714285613,76.99338778685362,5.522430684192557,AAPL,0,0,0,0,0,0.0,0.0,0.0,0.0,[],True
2025-11-13,-0.3065154576678258,-0.0015369980336775,0.011858439874004,0.006376234704408,1.7300000000000182,0.6117366653325781,1886931.2,576696.0054856596,16837851.0,-1.6223372913180705,0.4200000000000159,1.6385714285714204,72.3844812554492,5.398483138222957,AAPL,0,0,0,0,0,0.0,0.0,0.0,0.0,[],True
2025-11-14,-0.3726074106960865,-0.0020897116837845,0.0149364919730323,0.0076550423431085,2.069999999999993,0.6922274803560696,1874313.05,587126.8991133613,15540400.0,-1.7711249508079083,0.5699999999999932,1.2528571428571322,60.63283922462956,5.194381976700072,AAPL,0,0,0,0,0,0.0,0.0,0.0,0.0,[],True
2025-11-17,-1.5060914151576776,-0.018445650578317,-0.0070527097253154,-0.0058718596699866,-1.579999999999984,0.9935225137047548,1826063.3,547136.845952599,13726165.0,-2.784228455718447,4.980000000000018,1.5899999999999912,46.60826594788859,4.57801346580095,AAPL,0,0,0,0,0,0.0,0.0,0.0,0.0,[],True
2025-11-18,-0.20720108747711,-0.000224324224218,-0.0289210435540384,-0.0102512860367861,-2.769999999999982,0.7126079970448083,1807260.1,559328.1802718329,12438297.0,-2.621642202338489,0.0600000000000022,1.5364285714285626,44.46768944676893,4.03814624540081,AAPL,0,0,0,0,0,0.0,0.0,0.0,0.0,[],True
2025-11-19,0.0755601647237117,0.0039184271956447,-0.0182104069916262,-0.0059975565510347,-1.6200000000000043,0.8959020903617576,1800664.4,560874.9911589175,14051516.0,-2.886401835407157,1.0500000000000114,1.5042857142857062,43.28110161443495,3.65291527505417,AAPL,0,0,0,0,0,0.0,0.0,0.0,0.0,[],True
2025-11-20,-0.7265708123878526,-0.0078334995861581,-0.0243728254898371,-0.0128034093014639,-3.455000000000041,1.0533378310075336,1832058.0,548933.4666169528,12121740.0,-2.6003916092781902,2.095000000000028,1.5889285714285677,40.97550011238469,3.142344967517033,AAPL,0,0,0,0,0,0.0,0.0,0.0,0.0,[],True
2025-11-21,1.140260311959829,0.0189451365618075,-0.0036332941867293,0.0112489291168471,3.019999999999982,1.2500381758373451,1869638.1,556837.4011651026,14458859.0,-2.2248570103693712,5.095000000000027,1.8578571428571384,54.63283352556715,3.112954043178661,AAPL,0,0,0,0,0,0.0,0.0,0.0,0.0,[],True
2025-11-24,0.9123946677558884,0.0159681843642366,0.0312523364485981,0.0239792130660729,6.460000000000036,0.9261831233300066,1864434.75,557704.2367415372,16185667.0,-2.398651024503982,4.3700000000000045,2.0892857142857104,59.65811965811973,3.4030556945582475,AAPL,0,0,0,0,0,0.0,0.0,0.0,0.0,[],True
2025-11-25,0.0535914676038054,0.0037629395295422,0.0353724199820519,0.0054283691291008,1.4950000000000043,0.9164479035052814,1844212.85,556251.2055866084,17875792.0,-2.2501112442145077,1.0399999999999636,2.156428571428567,61.24544551175883,3.6745250146469743,AAPL,0,0,0,0,0,0.0,0.0,0.0,0.0,[],True
2025-11-26,-0.0487628360465992,0.0025067867661463,0.0339118775373386,0.0150839214539071,4.125,0.6464322294696387,1801461.85,574620.1189659565,19040315.0,-2.1332375327851176,0.69500000000005,2.1875,62.64489795918368,3.900781319392877,AAPL,0,0,0,0,0,0.0,0.0,0.0,0.0,[],True
2025-11-28,0.1151079210951189,0.0042238521363619,0.0464535745791023,0.0209485442226697,5.71999999999997,0.3952769638767155,1675913.5,531800.1523308404,19702765.0,-2.0566673724689792,1.1749999999999543,2.17285714285714,66.92965154503611,4.127326500383049,AAPL,0,0,0,0,0,0.0,0.0,0.0,0.0,[],True
2025-12-01,0.9454205315211972,0.0156603549255383,0.0430218424251354,0.0392322372284204,10.689999999999998,0.9977912974630494,1650901.35,520087.7382657128,21350020.0,-1.7760168480423817,4.400000000000034,2.420714285714289,70.31572735320157,4.608781254715723,AAPL,0,0,0,0,0,0.0,0.0,0.0,0.0,[],True
2025-12-02,0.5298036132795162,0.0102590226265362,0.0370840281302109,0.0694953271028036,18.58999999999997,0.929518987974994,1655188.35,518720.3550862117,22888549.0,-1.7009287951595553,2.919999999999959,2.200357142857144,67.34296380457718,5.166402144808728,AAPL,0,0,0,0,0,0.0,0.0,0.0,0.0,[],True
2025-12-03,-0.7089276804933772,-0.0067689868276938,0.0262188515709644,0.0625186957822316,16.720000000000027,0.9514884661490292,1589033.45,438494.5707372552,21376602.0,-1.5662665408732392,1.92999999999995,2.2000000000000006,67.35389610389609,5.3904481168779625,AAPL,0,0,0,0,0,0.0,0.0,0.0,0.0,[],True
2025-12-04,-1.1229599092294236,-0.0123222294197173,0.011113312559664,0.0454020633915601,12.189999999999998,1.019847143632411,1614280.15,425714.0666907126,19730283.0,-1.336189026822718,3.480000000000018,2.418571428571429,61.26698168930891,5.226946264603157,AAPL,0,0,0,0,0,0.0,0.0,0.0,0.0,[],True
2025-12-05,-0.7786035969917763,-0.006666750936387,0.0001614233956308,0.0466224966684811,12.420000000000016,0.6369048302395728,1602752.8,438973.50507562375,18709482.0,-1.2371122909338776,1.865000000000009,2.5110714285714306,59.010098136822606,4.890505254819743,AAPL,0,0,0,0,0,0.0,0.0,0.0,0.0,[],True
2025-12-08,-0.4819534378684132,-0.0030712610015744,-0.0183988416852068,0.0238314486721424,6.46999999999997,0.8645022864865578,1545865.2,391228.2407351166,17373078.0,-1.2209497166330456,0.8550000000000182,2.2164285714285734,66.8546567837576,4.502974489264943,AAPL,0,0,0,0,0,0.0,0.0,0.0,0.0,[],True
2025-12-09,-0.4233426940820917,-0.0025936613963426,-0.0309343213674017,0.0050025375190314,1.3799999999999957,0.5833597040647235,1490920.6,405628.8123514164,16503335.0,-1.169669099047259,0.7199999999999704,2.2635714285714283,65.46229094351533,4.090601673069443,AAPL,0,0,0,0,0,0.0,0.0,0.0,0.0,[],True
2025-12-10,0.208786965560983,0.0054317657245445,-0.0190385698198198,0.0066811123149153,1.8500000000000227,0.6066471168164356,1430803.8,404332.0705864107,17371328.0,-1.5185211222686044,1.509999999999991,2.29642857142857,65.95645412130636,3.841356854989556,AAPL,0,0,0,0,0,0.0,0.0,0.0,0.0,[],True
2025-12-11,-0.3914683498693863,-0.0024064806973013,-0.0092632178993873,0.0017471496244527,0.4849999999999568,0.7259397739770295,1406910.1,414079.4583566496,16349996.0,-1.508540539250513,0.6700000000000159,2.194642857142855,69.01545972335234,3.5488561359242112,AAPL,0,0,0,0,0,0.0,0.0,0.0,0.0,[],True
2025-12-12,-0.1350815062251886,0.0008447236728361,-0.0017933038035973,-0.0016321698891559,-0.4549999999999841,0.7022880684381978,1398295.15,421340.2156531702,17332002.0,-1.4573514388965456,0.2350000000000136,1.8474999999999968,63.19350473612991,3.297992539665927,AAPL,0,0,0,0,0,0.0,0.0,0.0,0.0,[],True
2025-12-15,-1.3636926011466777,-0.0152058393853741,-0.0138329256008057,-0.0319772574778401,-9.055000000000009,1.3091496462531973,1426818.55,433293.9503115359,15464083.0,-1.1933703353342704,4.199999999999989,1.8353571428571385,46.604397742751495,2.7288202914331805,AAPL,0,0,0,0,0,0.0,0.0,0.0,0.0,[],True
2025-12-16,-0.0241592153741246,0.0016220899351081,-0.0096667147597749,-0.0403020028662308,-11.529999999999973,0.8325868179623612,1394144.1,427137.3501907658,16624829.0,-1.4792366352754538,0.4449999999999932,1.7928571428571405,45.338645418326735,2.287288526676093,AAPL,0,0,0,0,0,0.0,0.0,0.0,0.0,[],True
2025-12-17,-0.9707152962203563,-0.0099193727076676,-0.0247533632286994,-0.0433206644144144,-12.310000000000002,0.8482772082052578,1388648.65,429278.3044800791,15446870.0,-1.3200369272008263,2.7099999999999795,1.9367857142857068,39.4062327125207,1.6991107790552746,AAPL,0,0,0,0,0,0.0,0.0,0.0,0.0,[],True
2025-12-18,0.0232708877033928,0.0014335866007206,-0.0210011507479861,-0.0300698304118569,-8.439999999999998,1.1230600442428833,1385804.8,427898.4667521016,17003212.0,-1.2875776253087057,0.3899999999999863,1.8807142857142805,37.59969616407142,1.2500357827249786,AAPL,0,0,0,0,0,0.0,0.0,0.0,0.0,[],True
2025-12-19,0.4062424850842306,0.0059512540486052,-0.0159890771248405,-0.0177537076556139,-4.949999999999989,1.266289674737757,1376466.25,417308.9228841423,18746217.0,-1.3011713544249368,1.625,1.6824999999999923,30.248354914030884,1.0135806057400032,AAPL,0,0,0,0,0,0.0,0.0,0.0,0.0,[],True
2025-12-22,-1.094215285189534,-0.0111808906865775,-0.0120205023439068,-0.0256871492301049,-7.139999999999986,0.7324072798659967,1307491.1,360279.0150299294,17788601.0,-1.463444974097688,3.045000000000016,1.691428571428568,17.757601351351312,0.5738669416549556,AAPL,0,0,0,0,0,0.0,0.0,0.0,0.0,[],True
2025-12-23,0.3700262526088409,0.0051929036682912,-0.0084863053613053,-0.0180709854277881,-5.009999999999991,0.6018675586376583,1259039.45,366033.3810609235,18546376.0,-1.682628109336603,1.410000000000025,1.654285714285716,24.24438687392056,0.3353007724526833,AAPL,0,0,0,0,0,0.0,0.0,0.0,0.0,[],True
2025-12-24,0.4387776516133352,0.0061157790460631,0.0075409233032921,-0.0173991031390134,-4.850000000000023,0.3608682508173126,1196115.2,395047.90906308417,18978016.0,-1.6091958636128638,1.669999999999959,1.5249999999999977,34.12177985948469,0.277788237921527,AAPL,0,0,0,0,0,0.0,0.0,0.0,0.0,[],True
2025-12-26,-0.2789083103722425,-0.0018637290928872,0.0042242139288861,-0.0168656501726122,-4.689999999999998,0.7224353394247399,1180531.95,402437.62794192426,18125158.0,-1.576902392106167,0.5099999999999909,1.428214285714282,36.43410852713172,0.1888791212612659,AAPL,0,0,0,0,0,0.0,0.0,0.0,0.0,[],True
2025-12-29,0.0237146518172121,0.0014620420017261,-0.0002738575575557,-0.0162585559527872,-4.524999999999977,0.4892981518974018,1176184.7,408748.7695102149,18700663.0,-1.5453506813384266,0.4000000000000341,1.395714285714283,39.32958034800418,0.1489773447181619,AAPL,0,0,0,0,0,0.0,0.0,0.0,0.0,[],True
2025-12-30,-0.3371434538679083,-0.0027064605797084,0.0082342515323832,-0.0038852306513689,-1.0649999999999975,0.5214026320954916,1123101.35,413265.30082862655,18115075.0,-1.8492041217504067,0.7400000000000091,1.3971428571428572,39.28936605316974,0.0569861825294992,AAPL,0,0,0,0,0,0.0,0.0,0.0,0.0,[],True
2025-12-31,-0.4194710397238,-0.0037241941096839,-0.0007163060647246,-0.0091965326340325,-2.5249999999999773,0.6350646180472405,1080483.75,412117.3521649621,17428898.0,-1.9864379383522532,1.0149999999999864,1.3617857142857142,32.38919485969059,-0.0967047414932835,AAPL,0,0,0,0,0,0.0,0.0,0.0,0.0,[],True
2026-01-02,-0.4269715705719599,-0.003775013920576,-0.0105512960934647,-0.0030899393047637,-0.8400000000000318,0.9997753276692084,1057762.65,399408.45255996217,16371373.0,-1.9287230732144276,1.025000000000034,1.3871428571428583,31.79711637487129,-0.2977821920354131,AAPL,0,0,0,0,0,0.0,0.0,0.0,0.0,[],True
2026-01-05,-1.344025127351446,-0.0142518461569422,-0.0227330919199677,-0.0186049074346165,-5.064999999999998,1.381710954880296,1047837.1,386262.9043748487,14923565.0,-1.790603712281251,3.83499999999998,1.644285714285713,25.803649000868816,-0.7578539018101651,AAPL,0,0,0,0,0,0.0,0.0,0.0,0.0,[],True
2026-01-06,-1.6825571014462817,-0.0187200283397046,-0.0422586654004893,-0.0425209501031529,-11.644999999999982,1.6582749683520124,1086917.45,421331.3742691405,13121157.0,-1.4182008586431596,4.954999999999984,1.698214285714284,24.984227129337555,-1.5049430886501227,AAPL,0,0,0,0,0,0.0,0.0,0.0,0.0,[],True
2026-01-07,-0.6725523171587775,-0.0071569664623477,-0.0465116279069767,-0.0386603648179602,-10.46999999999997,1.507579560699141,1103259.85,437544.5184005207,11457905.0,-1.34802781780321,1.8700000000000043,1.7999999999999992,21.805555555555586,-2.22229281522101,AAPL,0,0,0,0,0,0.0,0.0,0.0,0.0,[],True
2026-01-08,-0.5599587533338383,-0.0048899852941919,-0.047622548569118,-0.048304742313485,-13.150000000000034,1.5240151277548415,1147189.4,456557.6771406226,9709571.0,-1.3053583005967873,1.2700000000000389,1.6971428571428606,23.127104377104345,-2.860304221335298,AAPL,0,0,0,0,0,0.0,0.0,0.0,0.0,[],True
2026-01-09,0.0197763492247548,0.001022327330204,-0.0430426921515809,-0.0531398320554945,-14.55499999999995,0.9498884907470272,1158827.6,452010.1141495782,10810328.0,-1.3374627912536503,0.2650000000000432,1.6882142857142932,22.7205415697061,-3.3064350469651345,AAPL,0,0,0,0,0,0.0,0.0,0.0,0.0,[],True
2026-01-12,0.2618447085510093,0.0035603320808882,-0.0258444839524657,-0.0479900508431179,-13.120000000000005,1.205690288714801,1178825.95,454448.0306296935,12231627.0,-1.2420506176016302,0.9249999999999544,1.6382142857142898,20.36189230433837,-3.544498399843633,AAPL,0,0,0,0,0,0.0,0.0,0.0,0.0,[],True
2026-01-13,0.2117176816215461,0.002992406130753,-0.0044619022195103,-0.0465320135870558,-12.740000000000007,1.0722002430969948,1193721.05,452535.5145327462,13511535.0,-1.1821262395394911,0.7800000000000296,1.4764285714285763,26.366715045960447,-3.628399905377023,AAPL,0,0,0,0,0,0.0,0.0,0.0,0.0,[],True
2026-01-14,-0.4373383311441256,-0.0036457874019554,-0.0009602458229306,-0.047427211133492,-12.949999999999989,1.3556677273851765,1180332.0,435166.39132393216,11911397.0,-1.3380639562479353,0.9499999999999886,1.4435714285714312,19.99010390895603,-3.728568892272051,AAPL,0,0,0,0,0,0.0,0.0,0.0,0.0,[],True
2026-01-15,-0.8118443290137896,-0.0077578111532395,-0.00382121352478,-0.0512617861672213,-13.94500000000005,1.0646618363020222,1185397.05,435515.8230141968,10649350.0,-1.293455241306992,2.010000000000048,1.467857142857152,11.532846715328688,-3.924899934514372,AAPL,0,0,0,0,0,0.0,0.0,0.0,0.0,[],True
2026-01-16,-1.1124995718860171,-0.0101838038030935,-0.014922207869826,-0.0573226080218441,-15.534999999999997,1.0325818494628147,1187825.45,435607.5621284858,9422823.0,-1.2483685116774523,2.6149999999999807,1.6182142857142938,10.461266828514894,-4.24259633587792,AAPL,0,0,0,0,0,0.0,0.0,0.0,0.0,[],True
2026-01-20,-3.762354212005298,-0.0348502014402018,-0.0520421101164175,-0.076541592589127,-20.450000000000017,1.808208664504755,1220339.8,485924.922847205,7216194.0,-0.2393307732356051,8.75,2.214642857142863,6.353813900983795,-5.141160794656969,AAPL,0,0,0,0,0,0.0,0.0,0.0,0.0,[],True
2026-01-21,0.432185840408635,0.0034997962146317,-0.0515610036391496,-0.0557928457020823,-14.630000000000024,1.5151584602043726,1226074.4,493042.3894765824,9073891.0,-0.2590026339457728,0.8650000000000091,2.2235714285714345,9.106970767748251,-5.717572711994876,AAPL,0,0,0,0,0,0.0,0.0,0.0,0.0,[],True
2026-01-22,0.3918957828115615,0.0030850219549813,-0.0451557093425606,-0.0460725945842136,-11.995000000000031,1.0681542916848945,1244668.5,489383.9777561916,10403389.0,-0.2169602909623586,0.7649999999999864,2.205714285714292,11.65803108808295,-6.042994325726909,AAPL,0,0,0,0,0,0.0,0.0,0.0,0.0,[],True
2026-01-23,-0.0596454408227422,-0.0014707514563239,-0.0391336355534889,-0.0428053111008182,-11.089999999999977,0.9275561729285524,1265469.45,476265.14066248806,9229595.0,-0.2765057434672401,0.3649999999999807,2.1585714285714306,11.912640635340908,-6.2582050564203655,AAPL,0,0,0,0,0,0.0,0.0,0.0,0.0,[],True
2026-01-26,3.411488367497601,0.0294033657927153,-0.0003327135727566,-0.0152499566214888,-3.955000000000041,1.222894894550373,1324898.0,439477.9297794853,10849806.0,0.7273558286822073,7.399999999999977,2.413214285714288,32.55882788219621,-5.765185485807876,AAPL,0,0,0,0,0,0.0,0.0,0.0,0.0,[],True
2026-01-27,1.2168085878010408,0.0112524791941907,0.0468335191002127,-0.0076459061743574,-1.990000000000009,1.016926142923435,1350945.7,425235.3731382299,12223618.0,0.9466795774158236,2.8899999999999864,2.265714285714288,43.7894073139974,-5.082675161415722,AAPL,0,0,0,0,0,0.0,0.0,0.0,0.0,[],True
2026-01-28,-0.6355007715965312,-0.0071105539229887,0.0357849670826768,-0.0176211453744494,-4.600000000000023,0.8570179701484714,1381363.1,386875.7896353668,11039765.0,0.9939043436883118,1.829999999999984,2.262857142857144,43.84469696969692,-4.636005532203399,AAPL,0,0,0,0,0,0.0,0.0,0.0,0.0,[],True
2026-01-29,0.7553852087741088,0.0067039357221903,0.0395401743472048,-0.0074009996155325,-1.925000000000012,1.4520595084530743,1457934.05,372363.4603634447,13156772.0,1.1299145564935662,1.7250000000000227,2.295357142857142,48.59187801462585,-4.095611885017661,AAPL,0,0,0,0,0,0.0,0.0,0.0,0.0,[],True
2026-01-30,0.409820199217527,0.003422045544642,0.0446388967297068,0.0037583788600876,0.9700000000000272,1.70289666127152,1556120.85,414654.4728221277,15806685.0,1.2213808168673077,0.8849999999999909,2.3396428571428527,49.56495191573802,-3.554954618589932,AAPL,0,0,0,0,0,0.0,0.0,0.0,0.0,[],True
2026-02-02,4.210333383847653,0.041177061562186,0.0570108461568581,0.0566591643017908,14.474999999999994,1.1415065453132525,1594236.15,401229.5578980702,17626516.0,2.8178866865691363,10.889999999999986,3.0514285714285694,61.32958801498129,-2.222132491119851,AAPL,0,0,0,0,0,0.0,0.0,0.0,0.0,[],True
2026-02-03,-0.1619527982416452,-0.0018168003365943,0.0432863558928295,0.0921471273685277,22.734999999999985,1.3752350207506052,1634217.4,425006.0630649122,15379083.0,2.624800435880569,0.4900000000000091,3.030714285714282,59.91044072590145,-1.1916635024624045,AAPL,0,0,0,0,0,0.0,0.0,0.0,0.0,[],True
2026-02-04,2.2384610578701336,0.0254653143614251,0.0778319360499124,0.1164021164021165,28.82000000000002,1.492904970538831,1668654.1,465340.1068158184,17870225.0,2.730000636222204,6.9500000000000455,3.459285714285715,66.83873632046252,0.1836801610436964,AAPL,0,0,0,0,0,0.0,0.0,0.0,0.0,[],True
2026-02-05,-0.1842185558467391,-0.0017380603281824,0.0687711823375616,0.1110305812244569,27.575000000000017,1.2088287215259412,1687485.55,472672.9504487687,15830344.0,2.6060071698948577,0.4800000000000182,3.3499999999999983,69.01918976545846,1.2208447958585111,AAPL,0,0,0,0,0,0.0,0.0,0.0,0.0,[],True
2026-02-06,0.6164104653344358,0.0078695085208765,0.0735350883965104,0.121456510343159,30.120000000000005,1.0020291928067993,1684462.9,472456.5999497669,17518225.0,2.428840127431718,2.180000000000007,3.318928571428572,74.35704293554289,2.1934285434102208,AAPL,0,0,0,0,0,0.0,0.0,0.0,0.0,[],True
2026-02-09,-1.132300188116909,-0.0130654579322356,0.0168549731431746,0.0748267355808762,19.110000000000014,0.7531101044205094,1693182.7,462623.5741705406,16243072.0,2.473727247020609,3.6100000000000136,2.951785714285716,83.60556563823351,2.642450812364814,AAPL,0,0,0,0,0,0.0,0.0,0.0,0.0,[],True
2026-02-10,-0.2841694648575686,-0.0033389012655147,0.0153083945669116,0.0592573950751122,15.305000000000009,0.5223988911061096,1665623.75,494959.4562604804,15372952.0,2.3763430621381123,0.9150000000000204,2.955357142857145,81.41389728096672,2.8911440337694785,AAPL,0,0,0,0,0,0.0,0.0,0.0,0.0,[],True
2026-02-11,0.5785879586005336,0.006848219096126,-0.0034188343402917,0.0741470072138819,19.014999999999983,0.8829449936949509,1675601.55,488747.0600992177,16852416.0,2.2827709086864307,1.879999999999996,3.035000000000003,81.90162391150855,3.2030131498698324,AAPL,0,0,0,0,0,0.0,0.0,0.0,0.0,[],True
2026-02-12,-4.276114644146318,-0.0514528459619799,-0.0517522560069584,0.0134598624963686,3.474999999999966,1.142960146819731,1692306.6,491732.5704299242,14918177.0,3.5297624987615563,13.814999999999998,3.9957142857142895,62.2095101894887,2.308802193539691,AAPL,0,0,0,0,0,0.0,0.0,0.0,0.0,[],True
2026-02-13,-1.631121344596921,-0.0227877778354553,-0.0803818632915034,-0.0127576623176098,-3.305000000000007,0.9724065285194028,1712464.85,481319.5234105236,13252965.0,3.3682105050038693,5.894999999999982,3.88821428571429,50.33526223936807,1.111642017571171,AAPL,0,0,0,0,0,0.0,0.0,0.0,0.0,[],True
2026-02-17,2.4059446097752195,0.0314639614895253,-0.0385063752276866,-0.0223004260048156,-6.019999999999982,0.8706346150197816,1726286.75,470477.6343138589,14755930.0,3.347063168717159,8.175000000000011,4.265714285714291,54.73040857334229,0.8131644777944871,AAPL,0,0,0,0,0,0.0,0.0,0.0,0.0,[],True
2026-02-18,0.0899047827965451,0.0011549422392739,-0.0341758502841894,-0.0193906331180878,-5.224999999999966,0.6680885465514628,1671800.85,474999.7642646804,15872841.0,2.556548384090083,0.3050000000000068,4.156785714285722,56.68871896211016,0.5943782061427214,AAPL,0,0,0,0,0,0.0,0.0,0.0,0.0,[],True
2026-02-19,-0.9790998884747572,-0.0141592250333598,-0.0542537164431052,-0.0574870663145329,-15.890000000000043,0.5633368407974737,1624678.05,501591.41515721503,14957600.0,2.483710014678944,3.715000000000032,4.29892857142858,51.9481598404918,0.1198376433825956,AAPL,0,0,0,0,0,0.0,0.0,0.0,0.0,[],True
2026-02-20,1.1488618990496684,0.0159930299351561,0.0117332314160139,-0.0406262457869749,-11.20999999999998,0.6143763479447417,1607586.3,517743.04544752015,15945263.0,2.3762539007928263,4.2000000000000455,4.535714285714298,54.45669291338583,0.0817236680761084,AAPL,0,0,0,0,0,0.0,0.0,0.0,0.0,[],True
2026-02-23,0.4693997137872683,0.0063262750528771,0.0416218646751773,-0.0421056416525836,-11.710000000000036,0.6874582945469567,1604031.85,521110.96132915554,17047968.0,2.226112669480623,1.67999999999995,3.877857142857152,46.73052127463621,0.1849480615758807,AAPL,0,0,0,0,0,0.0,0.0,0.0,0.0,[],True
2026-02-24,1.5792411586720534,0.0215014131834133,0.0312961770166331,-0.0084153005464481,-2.3100000000000023,0.7125321640622512,1579285.9,531940.7804686229,18173260.0,1.9960621869520083,5.7900000000000205,4.256428571428581,52.29065279409298,0.7255945458098836,AAPL,0,0,0,0,0,0.0,0.0,0.0,0.0,[],True
2026-02-25,0.5172428525006127,0.0072115257167061,0.0375612617556342,0.002101723413199,0.5750000000000455,0.5891754826363107,1556446.3,550703.0213494186,19090280.0,1.8830708077545244,1.9700000000000275,3.900714285714295,47.9399377403406,1.298060087066574,AAPL,0,0,0,0,0,0.0,0.0,0.0,0.0,[],True
2026-02-26,-0.2869416945504462,-0.0042400823813937,0.0479041916167666,-0.0089485052547509,-2.464999999999975,0.5440777408548941,1539123.8,568210.4251016234,18252877.0,1.781160587060343,1.160000000000025,3.949285714285724,47.35033459938506,1.63924465543505,AAPL,0,0,0,0,0,0.0,0.0,0.0,0.0,[],True
2026-02-27,-2.2582792475246207,-0.0332575756699424,-0.002455424599577,0.0092489967513855,2.420000000000016,1.828911525869448,1577531.75,631738.4475257952,15367711.0,2.020460387194555,8.930000000000007,4.431428571428581,38.684719535783366,1.1755089793085176,AAPL,0,0,0,0,0,0.0,0.0,0.0,0.0,[],True
2026-03-02,0.2335152804127244,0.0024017788482887,-0.0063626126126126,0.034994428261422,8.949999999999989,0.6268628582399066,1491793.6,593757.3496780252,16302861.0,1.9180515823678972,0.6349999999999909,4.218928571428579,41.70828747989504,0.8494424640605871,AAPL,0,0,0,0,0,0.0,0.0,0.0,0.0,[],True
2026-03-03,-0.1641639116658213,-0.0036143135730298,-0.0310077519379844,-0.0006819990148902,-0.1800000000000068,0.9039345464501946,1467110.65,589649.5405975231,14976689.0,1.3885512771306896,0.954999999999984,4.22178571428572,41.680060908552605,0.5081146533784704,AAPL,0,0,0,0,0,0.0,0.0,0.0,0.0,[],True
2026-03-04,-0.2446783253738798,-0.0047506027585978,-0.0425299095418734,-0.0065661248509849,-1.7350000000000136,0.6225348197353665,1398262.35,573921.1361891627,14106222.0,1.342651012609312,1.25,4.17678571428572,38.91406584010264,0.1351869993867467,AAPL,0,0,0,0,0,0.0,0.0,0.0,0.0,[],True
2026-03-05,-0.5155181539775843,-0.0086083745366001,-0.0467032967032966,-0.0010363887609395,-0.2699999999999818,0.8712173192789349,1331715.95,514629.9928473357,12946008.0,1.1028673810258822,2.25,3.350714285714292,48.50778085696016,-0.338020558577,AAPL,0,0,0,0,0,0.0,0.0,0.0,0.0,[],True
2026-03-06,-0.6696403885997299,-0.0109337152738464,-0.0251827167039041,-0.0275763070414022,-7.300000000000011,1.0192161386114311,1295754.6,486923.5764115445,11625354.0,1.085126348030325,2.829999999999984,3.13178571428572,51.89873417721521,-0.9306701204166644,AAPL,0,0,0,0,0,0.0,0.0,0.0,0.0,[],True
2026-03-09,0.7306288568516927,0.0095494723489268,-0.0181900606335354,-0.0244369369369369,-6.509999999999991,0.904254908281792,1268723.0,478950.2483626355,12772603.0,1.0627613021119404,2.4699999999999704,2.7242857142857173,44.70372312532772,-1.1873537358703177,AAPL,0,0,0,0,0,0.0,0.0,0.0,0.0,[],True
2026-03-10,0.2890198020208939,0.0033036293107232,-0.0113744075829383,-0.0420294647121496,-11.439999999999998,0.7695650864207481,1253185.75,483746.9771046432,13737011.0,1.0128564365230424,0.8600000000000136,2.763928571428575,45.49683421630701,-1.3063240472841926,AAPL,0,0,0,0,0,0.0,0.0,0.0,0.0,[],True
2026-03-11,0.0834650601759973,0.0002300789948029,-0.0064380952380952,-0.0486941931718705,-13.350000000000025,0.4758669476734145,1239163.6,499251.2128963352,14326688.0,0.9821405354168206,0.0600000000000022,2.5028571428571444,50.41381278538816,-1.3798611967135344,AAPL,0,0,0,0,0,0.0,0.0,0.0,0.0,[],True
2026-03-12,-1.2574884155091184,-0.0197481830131802,-0.0174447646493756,-0.0633333333333333,-17.289999999999992,0.834355539615123,1215915.7,498297.1611767933,13312182.0,0.9985958653062024,5.099999999999994,2.567142857142855,37.46521981079573,-1.8285884653922155,AAPL,0,0,0,0,0,0.0,0.0,0.0,0.0,[],True
2026-03-13,-1.3949160228106368,-0.0224430817993434,-0.028688524590164,-0.053148786306661,-14.034999999999997,1.03508489067124,1180288.7,468837.34002070816,12090483.0,0.4447850246223669,5.675000000000011,2.8525000000000023,29.51045448854392,-2.612023351503467,AAPL,0,0,0,0,0,0.0,0.0,0.0,0.0,[],True
2026-03-16,0.8307013301195048,0.0110768650042505,-0.0272038169994998,-0.0448990385523506,-11.884999999999993,0.8897434378767081,1148104.0,455706.5657086787,13112001.0,0.3362246068749229,2.7849999999999966,2.637857142857144,23.77470890874628,-2.973893722656157,AAPL,0,0,0,0,0,0.0,0.0,0.0,0.0,[],True
2026-03-17,0.4498581240364844,0.0055615960336526,-0.0250047938638543,-0.0360947867298578,-9.52000000000001,0.5182716597569196,1101499.55,465070.8687386378,13682877.0,-0.0364902249423192,1.4099999999999966,2.597857142857141,22.60104481715693,-3.111041235979144,AAPL,0,0,0,0,0,0.0,0.0,0.0,0.0,[],True
2026-03-18,-1.0481191045877252,-0.0170584904461366,-0.0417161918638089,-0.0478857142857143,-12.569999999999991,0.8952216586132686,1094651.8,465839.64002711023,12702921.0,0.024350068338593,4.299999999999983,2.8221428571428526,20.80485952923307,-3.5260594730728485,AAPL,0,0,0,0,0,0.0,0.0,0.0,0.0,[],True
2026-03-19,-0.183662993926497,-0.0041296692813811,-0.0266317312580658,-0.043611911623439,-11.349999999999994,1.09978470590228,1109923.6,464653.4867689756,11482244.0,-0.0365860930595158,1.0300000000000011,2.2578571428571377,26.00442897817144,-3.893198439763637,AAPL,0,0,0,0,0,0.0,0.0,0.0,0.0,[],True
2026-03-20,-0.0926287674756751,-0.0028969200270727,-0.0074189613454116,-0.0358946468805843,-9.240000000000007,0.9859839057557516,1115535.45,463776.11168371886,10382344.0,-0.1823303188927462,0.7199999999999989,2.263928571428567,23.93121943524214,-4.193911892985682,AAPL,0,0,0,0,0,0.0,0.0,0.0,0.0,[],True
2026-03-23,0.9552144932793046,0.0131296418185616,-0.0053793212562296,-0.0324368001846934,-8.429999999999978,0.9792995212224762,1114995.95,463798.0979515999,11474259.0,-0.1298343988656127,3.280000000000001,2.4299999999999966,31.9370958259847,-4.120067311971752,AAPL,0,0,0,0,0,0.0,0.0,0.0,0.0,[],True
2026-03-24,0.1564748949894135,0.0011923215911162,-0.0097156118475396,-0.034477468839885,-8.990000000000009,0.7245371315448574,1098527.55,469229.0190619477,12270183.0,-0.3913148822013343,0.2999999999999829,2.3621428571428527,33.761717568793415,-3.991327913035235,AAPL,0,0,0,0,0,0.0,0.0,0.0,0.0,[],True
2026-03-25,0.3047830736413121,0.0033705446585127,0.0107230024406834,-0.031440512250297,-8.199999999999989,0.7072392121498166,1091265.85,473292.0528383313,13041969.0,-0.4383743331926224,0.8500000000000227,2.2621428571428543,37.93811177770762,-3.777172225400818,AAPL,0,0,0,0,0,0.0,0.0,0.0,0.0,[],True
2026-03-26,0.1456144131442612,0.0010287252628364,0.0159501807955002,-0.0111063313910289,-2.8400000000000034,1.1623610440194738,1114147.8,471431.6760398537,14337011.0,-0.4446473795994176,0.2599999999999909,2.078571428571426,42.182130584192414,-3.545600991779537,AAPL,0,0,0,0,0,0.0,0.0,0.0,0.0,[],True
2026-03-27,-0.9978922294915588,-0.0166281718681415,0.0020952534450802,-0.0053392525046493,-1.335000000000008,1.15274766435049,1029210.5,223269.9081518954,13150591.0,-0.7878136647848193,4.170000000000016,2.2000000000000006,31.834415584415595,-3.656414401429174,AAPL,0,0,0,0,0,0.0,0.0,0.0,0.0,[],True
2026-03-30,-0.4224864158241695,-0.0079932604343942,-0.0188499164877118,-0.0241278379875009,-6.099999999999994,0.8734738260922341,1027319.85,224266.2112934572,12253254.0,-0.8131528497010527,1.979999999999989,2.279999999999999,28.02318295739348,-3.8595142021355286,AAPL,0,0,0,0,0,0.0,0.0,0.0,0.0,[],True
2026-03-31,1.935310685394577,0.0280166191407614,0.007824912615189,-0.0019667230460606,-0.5,1.0063258471924428,1011927.7,212954.3068387354,13271583.0,-0.3822950053488462,7.009999999999991,2.77642857142857,40.89271932081295,-3.4154526305848663,AAPL,0,0,0,0,0,0.0,0.0,0.0,0.0,[],True
2026-04-01,0.4815692601803154,0.0066776899879434,0.0111634535449902,0.0220061617252831,5.5,1.0880401578547874,1024118.45,211403.105165029,14385865.0,-0.3866984737609401,1.700000000000017,2.5335714285714284,49.60530025373556,-2.8930060701895286,AAPL,0,0,0,0,0,0.0,0.0,0.0,0.0,[],True
2026-04-02,0.1528800426826242,0.0017992651337658,0.0119428955589828,0.0280835676978705,6.989999999999981,0.834754696350043,1008187.2,212609.48776313604,15227454.0,-0.4392984815840056,0.4599999999999795,2.161071428571426,59.67608659725664,-2.4140179551197605,AAPL,0,0,0,0,0,0.0,0.0,0.0,0.0,[],True
2026-04-06,0.7602489540827041,0.0115783405508904,0.0408926417370325,0.0430735756305906,10.689999999999998,0.4993167342187958,966278.45,229697.72303306355,15709933.0,-0.4539044087832873,2.980000000000018,2.1749999999999994,59.93431855500823,-1.7735113925423605,AAPL,0,0,0,0,0,0.0,0.0,0.0,0.0,[],True
2026-04-07,-1.297359951636025,-0.0206072155793797,0.0278453307392996,0.0084705320925793,2.1299999999999955,1.3603667855950308,975250.95,240394.6703515203,14383234.0,-0.3454187227389462,5.280000000000001,2.451428571428571,49.06759906759909,-1.672675636761852,AAPL,0,0,0,0,0,0.0,0.0,0.0,0.0,[],True
2026-04-08,1.3445900651349327,0.0209934352659358,0.0206518740393333,0.02863838576422,7.210000000000036,1.2531758085767637,989000.1,247500.5547117396,15622625.0,-0.1713018819078151,5.380000000000024,2.528571428571431,62.76836158192092,-1.145437644207192,AAPL,0,0,0,0,0,0.0,0.0,0.0,0.0,[],True
2026-04-09,0.344146042799019,0.0056602834937795,0.019613984261833,0.0309963976089624,7.829999999999984,0.7684329043634073,997855.5,235330.25141176413,16389410.0,-0.1877631888311547,1.4699999999999704,2.56,66.09933035714285,-0.6020410672005028,AAPL,0,0,0,0,0,0.0,0.0,0.0,0.0,[],True
2026-04-10,-0.0110288050540933,-3.8397296834963786e-05,0.0177419985149869,0.0298967849092419,7.560000000000002,0.8180979353632435,987524.8,239066.23639454064,15581518.0,-0.4036478041407864,0.0099999999999909,2.509285714285714,67.43524053515515,-0.170239862227163,AAPL,0,0,0,0,0,0.0,0.0,0.0,0.0,[],True
2026-04-13,-0.3137797626368045,-0.0050042447953371,0.0010043651253524,0.0419380780056293,10.430000000000009,1.1732585200346606,984174.4,236062.3380165276,14426827.0,-0.699306009022001,1.3000000000000114,2.367857142857144,61.568627450980365,0.0663022768514451,AAPL,0,0,0,0,0,0.0,0.0,0.0,0.0,[],True
2026-04-14,-0.088707078483011,-0.0013709080066753,0.0204463898418705,0.0488610570687417,12.054999999999978,1.0527055347418472,984941.15,236214.8724642245,13389974.0,-0.789941323569263,0.3550000000000182,2.3717857142857173,60.56316819756057,0.2225526447693937,AAPL,0,0,0,0,0,0.0,0.0,0.0,0.0,[],True
2026-04-15,1.7901100652980997,0.0287020854785239,0.0283430513186855,0.0495802624837427,12.580000000000013,1.731630916798083,1047052.8,280732.7584345505,15203083.0,-0.4472814167972428,7.535000000000025,2.8492857142857173,67.17222361494106,0.9435174327989556,AAPL,0,0,0,0,0,0.0,0.0,0.0,0.0,[],True
2026-04-16,-0.7279024928437431,-0.0112720330257321,0.0110774074642912,0.0309086638217905,7.894999999999982,1.1142472095851077,1056939.6,281725.5472253245,14025391.0,-0.5975730449187389,2.9850000000000136,3.043928571428576,62.266807462161175,1.259503891422696,AAPL,0,0,0,0,0,0.0,0.0,0.0,0.0,[],True
2026-04-17,1.5607280683772995,0.0257919194435319,0.0375340782551931,0.0559420063308453,14.314999999999998,1.3051112035828127,1065431.05,289375.999060857,15415897.0,-0.3801443792231916,6.879999999999996,3.237500000000004,73.72311086596798,2.041550217792576,AAPL,0,0,0,0,0,0.0,0.0,0.0,0.0,[],True
2026-04-20,0.5513413859326034,0.0105106210904682,0.0537568016053717,0.0548151581875071,14.189999999999998,1.146380981586564,1071874.9,291610.251302349,16644674.0,-0.4197396376291244,2.855000000000018,3.300000000000005,78.50649350649346,2.8587483342613496,AAPL,0,0,0,0,0,0.0,0.0,0.0,0.0,[],True
2026-04-21,-1.6529373275053154,-0.0255939195463841,0.0285383054777317,0.0495682006388265,12.570000000000022,1.17297386357122,1080658.35,294873.0057574754,15377090.0,-0.05481981425506,6.899999999999977,3.2921428571428613,63.48448687350838,2.915997589793733,AAPL,0,0,0,0,0,0.0,0.0,0.0,0.0,[],True
2026-04-22,1.4926523155155635,0.0258868525400569,0.0256468025984752,0.0547167625593696,14.16999999999996,1.3249931776063295,1114711.4,299548.84147126524,16854075.0,0.1645992924066728,6.979999999999961,3.6692857142857145,67.237687366167,3.48442937017046,AAPL,0,0,0,0,0,0.0,0.0,0.0,0.0,[],True
2026-04-23,0.0015311788236854,0.0012805738720142,0.0386024874204879,0.0501075103670711,13.050000000000011,0.6873101758700066,1114419.7,299902.98847725365,17620027.0,0.1486305198044065,0.3500000000000227,3.661428571428575,67.16738197424894,3.917993535762832,AAPL,0,0,0,0,0,0.0,0.0,0.0,0.0,[],True
2026-04-24,-0.6075732663288154,-0.0089986466586029,0.0030902462944801,0.0407403140959183,10.610000000000014,1.0461033864320346,1107600.85,297117.51568967814,16461362.0,0.2065504871193211,2.4499999999999886,3.62357142857143,61.994874827518245,4.017589465662638,AAPL,0,0,0,0,0,0.0,0.0,0.0,0.0,[],True
2026-04-27,-0.8417331303232097,-0.012959946706376,-0.0201787153006665,0.0324933431096361,8.420000000000016,1.0217923635007635,1104719.55,296591.8866999884,15332568.0,0.1222970219029247,3.490000000000009,3.495714285714288,64.26236207601144,3.7714314111321983,AAPL,0,0,0,0,0,0.0,0.0,0.0,0.0,[],True
2026-04-28,0.6818685041017046,0.0120002183096511,0.0173579801623082,0.0463916529803882,12.004999999999995,0.9457403990714252,1112457.5,292892.32765956904,16384664.0,0.0596388251141396,3.2299999999999613,3.3421428571428544,62.62021799529808,3.793257078823388,AAPL,0,0,0,0,0,0.0,0.0,0.0,0.0,[],True
2026-04-29,-0.1917722044433987,-0.00232932277689,-0.0109467672255986,0.0144192857947504,3.839999999999975,0.6404569441445438,1096659.2,306444.6369845419,15682301.0,-0.2477716931416255,0.6299999999999955,3.282142857142856,60.56583242655058,3.716872549762968,AAPL,0,0,0,0,0,0.0,0.0,0.0,0.0,[],True
2026-04-30,0.2245505767506528,0.0036763728491044,-0.0085743537240851,0.0296971423146301,7.819999999999993,1.6790423987534402,1136343.55,356198.79657831223,17590270.0,-0.2496995196984114,0.9950000000000044,3.3525,61.41472248854796,3.694042818450498,AAPL,0,0,0,0,0,0.0,0.0,0.0,0.0,[],True
2026-05-01,2.077824263469244,0.032528650024765,0.0334636953955136,0.0366573527506894,9.90500000000003,2.3525408889019874,1240137.85,527195.0569898718,20507745.0,0.1896027385460903,8.965000000000032,3.9000000000000017,69.21245421245422,4.349215617924131,AAPL,0,0,0,0,0,0.0,0.0,0.0,0.0,[],True
2026-05-04,-0.7433599461328505,-0.0116343012183492,0.0348346103532049,0.0139529773676114,3.8100000000000014,1.0810993513699496,1285501.65,496722.8818523587,19117990.0,0.2783464340086942,3.240000000000009,4.10607142857143,65.73888840567106,4.554502391096719,AAPL,0,0,0,0,0,0.0,0.0,0.0,0.0,[],True
2026-05-05,1.6283711647563022,0.0260597582643342,0.0494866681438808,0.0677036369101291,18.019999999999985,1.1775739149125757,1295440.55,499571.0854035814,20643467.0,0.1969350922636128,7.310000000000002,4.089999999999999,65.60426126440797,5.246570348527087,AAPL,0,0,0,0,0,0.0,0.0,0.0,0.0,[],True
2026-05-06,0.6727090714978574,0.0114758799131564,0.0640755136035535,0.0524273266456762,14.319999999999991,1.0588846822125155,1302427.0,499723.00783744646,22022587.0,0.0892063354748737,3.2799999999999727,4.111071428571425,70.9669012249153,5.9906512798639255,AAPL,0,0,0,0,0,0.0,0.0,0.0,0.0,[],True
2026-05-07,-0.0677463575447392,-0.0002087464781611,0.0599494735289236,0.0508610918132288,13.909999999999968,0.9227186800403614,1325228.4,484157.79108363925,20799774.0,0.1034942303008081,0.0600000000000022,3.623928571428568,66.94589533852371,6.500564815471364,AAPL,0,0,0,0,0,0.0,0.0,0.0,0.0,[],True
2026-05-08,1.1631912524243662,0.0198094497652994,0.0465531398379206,0.0815746753246751,22.10999999999996,1.1664799867048932,1364411.75,471635.1682157313,22391333.0,0.1910337051838904,5.75,3.8307142857142815,68.73018832742868,7.284678670258074,AAPL,0,0,0,0,0,0.0,0.0,0.0,0.0,[],True
2026-05-11,-0.1718719517843776,-0.0016728977459434,0.0570303752663705,0.0938516165202767,25.110000000000014,0.8321615741871149,1363405.9,472127.1723035622,21256759.0,0.158437896265345,0.4899999999999522,3.372857142857137,78.06014400677685,7.776908286740479,AAPL,0,0,0,0,0,0.0,0.0,0.0,0.0,[],True
2026-05-12,0.3345202613614855,0.0070142274026616,0.0370891688366528,0.0884112563704855,23.94000000000005,0.7792167919553874,1364734.45,471196.3671921743,22320183.0,0.1492575900520018,2.0600000000000023,3.021428571428568,75.50827423167857,8.23826302003306,AAPL,0,0,0,0,0,0.0,0.0,0.0,0.0,[],True
2026-05-13,0.8033616022139582,0.0142505822599711,0.0399707785431016,0.1066074403109385,28.80000000000001,0.9448367037120042,1337253.3,459553.64798099647,23583669.0,-0.0647312353377036,4.229999999999961,3.298571428571421,77.56604590731922,8.843275839336002,AAPL,0,0,0,0,0,0.0,0.0,0.0,0.0,[],True
2026-05-14,-0.3148548859112569,-0.0023442743488879,0.0377522616562282,0.0999649633959689,27.10500000000001,0.7175483053531834,1325940.0,466422.2524432233,22632243.0,-0.1619855936380266,0.6999999999999886,3.173571428571421,80.6212018906145,9.160670203868676,AAPL,0,0,0,0,0,0.0,0.0,0.0,0.0,[],True
2026-05-15,0.3049808031839288,0.0064835465405921,0.024015009380863,0.0716861233087,20.079999999999984,0.941435646470498,1318477.8,466528.7569779927,23873505.0,-0.3816885204008305,1.9399999999999973,3.0628571428571343,88.0597014925374,9.459703735011146,AAPL,0,0,0,0,0,0.0,0.0,0.0,0.0,[],True
2026-05-18,-0.7212943332203661,-0.007825603443921,0.0177338891546503,0.0757756347744429,20.98000000000001,0.8259408592412173,1311187.1,469136.4094089764,22790542.0,-0.2761263848357611,2.339999999999975,2.999285714285707,82.23386520600157,9.399519706874742,AAPL,0,0,0,0,0,0.0,0.0,0.0,0.0,[],True
2026-05-19,0.1598766105759691,0.0043216871564839,0.0149972855591746,0.0526426912520232,14.95999999999998,0.8050520635438283,1300142.0,472803.0787896232,23837224.0,-0.8690081439652345,1.2899999999999636,3.046428571428561,83.98593200468946,9.348155927487255,AAPL,0,0,0,0,0,0.0,0.0,0.0,0.0,[],True
2026-05-20,0.578841932031089,0.0101773586074586,0.0108713831744438,0.0512766993668685,14.740000000000007,1.2327154743932487,1306840.9,476376.179146922,25448187.0,-1.1499556101933428,3.0600000000000023,3.193928571428561,84.72548361847267,9.445484522810602,AAPL,0,0,0,0,0,0.0,0.0,0.0,0.0,[],True
2026-05-21,0.5482098066233713,0.0094522086325165,0.0228667225481977,0.0614822546972859,17.670000000000016,0.8966794110655577,1328086.7,460183.7303645366,26639055.0,-1.11889676894115,2.8700000000000045,2.758571428571417,82.31486276540664,9.64304413996922,AAPL,0,0,0,0,0,0.0,0.0,0.0,0.0,[],True
2026-05-22,0.7423551093442272,0.0121849425748229,0.02871514707352,0.0534197509807266,15.660000000000023,0.955997626234487,1333914.4,458660.76718149247,27914274.0,-1.2445165159615512,3.740000000000009,2.7942857142857025,90.82310838445824,9.986282653241972,AAPL,0,0,0,0,0,0.0,0.0,0.0,0.0,[],True
2026-05-26,-0.2643400333489396,-0.0015555630709111,0.035185496055061,0.0535433608966033,15.66999999999996,1.0152452828730605,1345790.05,456138.1697675515,26547967.0,-1.4948209226958138,0.4800000000000182,2.306428571428561,87.3954784763086,10.103107327136684,AAPL,0,0,0,0,0,0.0,0.0,0.0,0.0,[],True
2026-05-27,0.4341552254232668,0.0083971684839229,0.0394129838871433,0.0550013572204124,16.20999999999998,1.2212396127163223,1377285.0,456538.3193894539,28229962.0,-1.5061260761546569,2.6000000000000227,2.257857142857136,87.12432774438486,10.286908911217893,AAPL,0,0,0,0,0,0.0,0.0,0.0,0.0,[],True
2026-05-28,0.159229461479404,0.0048766499161001,0.0339179351422898,0.0451580531861515,13.5,1.0680115546943023,1417882.6,428609.23907869856,29744277.0,-1.5902498724697978,1.5199999999999818,2.3621428571428487,87.87420622921093,10.434936831381547,AAPL,0,0,0,0,0,0.0,0.0,0.0,0.0,[],True
2026-05-29,-0.3258538922232462,-0.0014092177971884,0.0227488773068476,0.0461357921207041,13.759999999999993,1.1542433938329748,1403482.15,415927.299667834,28124317.0,-1.4881932181942403,0.4399999999999977,1.982857142857134,83.96974063400594,10.396896747961309,AAPL,0,0,0,0,0,0.0,0.0,0.0,0.0,[],True
2026-06-01,-1.6150869056576878,-0.0185844983265898,-0.0082413134289692,0.0202371831173588,6.074999999999989,1.3288732363523044,1347115.7,238493.7274805964,26334171.0,-1.6203367483982434,5.7450000000000045,2.3582142857142805,70.60427078600634,9.79031951168662,AAPL,0,0,0,0,0,0.0,0.0,0.0,0.0,[],True
2026-06-02,1.9601257242970185,0.0287407546624314,0.0222651055687088,0.0582340104079233,17.34499999999997,0.9620297584710948,1342189.25,238584.207066972,27625397.0,-1.2956944628213511,8.930000000000007,2.8489285714285666,75.66754418954494,9.915875015896688,AAPL,0,0,0,0,0,0.0,0.0,0.0,0.0,[],True
2026-06-03,-1.4011373992419782,-0.0159097717171389,-0.0022834721641525,0.0370395132713781,11.08000000000004,1.4417022702668945,1364258.1,274187.50990400254,25658543.0,-1.245971171806339,4.974999999999966,2.9021428571428527,63.86906226925924,9.504377191378694,AAPL,0,0,0,0,0,0.0,0.0,0.0,0.0,[],True
2026-06-04,0.0101410781764939,0.0031862022674486,-0.003968634981597,0.0298146922567834,9.009999999999993,0.9069993429559758,1356834.5,275769.3169424297,26889191.0,-1.272209283129185,0.9899999999999524,2.922857142857136,65.83577712609971,9.152640979105229,AAPL,0,0,0,0,0,0.0,0.0,0.0,0.0,[],True
2026-06-05,-1.0529951310096184,-0.0117001981139439,-0.0141662126213903,0.0082603992526304,2.519999999999982,1.5575870883993157,1405124.0,330244.3406500227,24700588.0,-1.011159493920612,3.620000000000005,3.0428571428571365,58.68544600938967,8.483985644941072,AAPL,0,0,0,0,0,0.0,0.0,0.0,0.0,[],True
2026-06-08,-1.594113453429276,-0.0197655656597481,-0.0153298613945439,-0.0234448366309381,-7.240000000000009,1.887451261446344,1463677.0,447897.4715687558,21937969.0,-0.8021480266384629,6.019999999999982,3.30571428571428,54.019014693171975,7.383198865810243,AAPL,0,0,0,0,0,0.0,0.0,0.0,0.0,[],True
2026-06-09,-2.845347463619633,-0.0378806292737213,-0.0787924935357476,-0.058281711153634,-17.96999999999997,1.6267373051205238,1531517.1,495635.7757757527,19446593.0,0.5860685496955004,11.20999999999998,4.01428571428571,42.18861209964414,5.542375048932172,AAPL,0,0,0,0,0,0.0,0.0,0.0,0.0,[],True
2026-06-10,0.0858644710553432,0.0038498603854414,-0.0604087421829669,-0.0625542726658733,-19.44999999999999,1.1740642997870003,1570541.75,487499.8355437113,21290510.0,0.5659072239306,1.1200000000000043,3.875714285714281,40.12163656468855,4.1263179268888734,AAPL,0,0,0,0,0,0.0,0.0,0.0,0.0,[],True
2026-06-11,0.7702923612417157,0.0136297598584556,-0.0505446483082161,-0.0543126900304047,-16.96999999999997,0.8709313921786765,1575996.7,484484.2192378796,22663095.0,0.5563846197743461,4.0,3.956428571428568,41.34320274417766,3.288936216719435,AAPL,0,0,0,0,0,0.0,0.0,0.0,0.0,[],True
2026-06-12,-1.1926171879726526,-0.0149858319209087,-0.0536590916479728,-0.0670651581680075,-20.92500000000001,0.9097852461471418,1601265.8,462892.5676048965,21206287.0,0.71560511633109,4.395000000000039,4.003214285714283,34.18681416718705,2.2447888800713827,AAPL,0,0,0,0,0,0.0,0.0,0.0,0.0,[],True
2026-06-15,1.098263739396342,0.018533073018205,-0.0167125377192691,-0.0317861982270256,-9.735000000000014,0.9724745731199405,1617869.55,455191.37937603967,22779624.0,0.9789609651716692,5.444999999999993,4.357857142857138,40.32945418783803,1.835502062126864,AAPL,0,0,0,0,0,0.0,0.0,0.0,0.0,[],True
2026-06-16,0.4191461365437041,0.0091643669974398,0.0306516049042566,-0.0505560050127699,-15.935000000000002,0.7564410646537567,1625189.4,447244.64601748605,24008984.0,0.9760048565087774,2.730000000000018,4.367142857142852,40.45632973503432,1.7116961271319724,AAPL,0,0,0,0,0,0.0,0.0,0.0,0.0,[],True
2026-06-17,-0.9424758606669162,-0.0107168479032478,0.0157472210786331,-0.0456127909225712,-14.150000000000034,0.7320934546363516,1632616.7,438275.3515869257,22813756.0,1.0234601809604222,3.1899999999999977,4.486428571428568,36.960675051743344,1.3407177321685708,AAPL,0,0,0,0,0,0.0,0.0,0.0,0.0,[],True
2026-06-18,0.2172940962359091,0.006027664605696,0.0080546906728036,-0.0428970791427009,-13.349999999999966,0.7913758324349284,1616012.2,445372.2231858852,24092629.0,0.9358740478568248,1.7900000000000205,4.582857142857141,38.97288029925189,1.1775783317594346,AAPL,0,0,0,0,0,0.0,0.0,0.0,0.0,[],True
2026-06-22,-0.426262499405131,-0.003396616741037,0.0198052115361493,-0.0349166097727492,-10.739999999999952,0.9888836788279586,1637430.2,434005.8247621025,22473401.0,0.821831336127262,1.009999999999991,4.244642857142854,42.07824989482544,0.95577306554992,AAPL,0,0,0,0,0,0.0,0.0,0.0,0.0,[],True
2026-06-23,-0.7735644977035849,-0.0086952656526209,-0.0075877651502377,-0.0241734920582287,-7.29000000000002,1.0712166239030627,1662726.25,426461.4385553811,20692261.0,0.6704440131133146,2.57000000000005,3.790357142857143,30.293036841609336,0.5660877650661291,AAPL,0,0,0,0,0,0.0,0.0,0.0,0.0,[],True
2026-06-24,-0.3964909151192647,-0.0032675318384648,-0.019848960769899,0.0101942416310785,2.9599999999999795,1.3125138376583794,1706394.2,439040.5279898927,18452595.0,0.646041674564234,0.9599999999999796,3.503571428571429,32.77268093781852,0.1777464297575761,AAPL,0,0,0,0,0,0.0,0.0,0.0,0.0,[],True
2026-06-25,-4.396600785831052,-0.0637297206172883,-0.070456311007532,-0.0558185810347194,-16.27000000000004,3.058906008117457,1915218.05,1026731.7040224236,12594123.0,2.977916729847242,18.110000000000014,4.726428571428577,22.79734018437361,-1.5732075671908774,AAPL,0,0,1,0,1,0.37654106399309306,0.5,0.18827053199654653,9.006084627785828,"[{""name"": ""volume_spike"", ""value"": 3.058906008117457, ""threshold"": 1.5, ""triggered"": true, ""z_score"": null}, {""name"": ""high_volatility"", ""value"": 2.977916729847242, ""threshold"": 0.8, ""triggered"": true, ""z_score"": null}, {""name"": ""large_return"", ""value"": -4.396600785831052, ""threshold"": 0.05, ""triggered"": true, ""z_score"": null}]",False
2026-06-26,1.199076674152618,0.021922821491333,-0.055563016182099,-0.0479558684174902,-14.170000000000016,2.4423986478707187,2095391.35,1245535.5998928123,17711904.0,3.194403855770735,6.100000000000023,4.903571428571435,30.85943190094688,-2.4404996438063904,AAPL,0,0,0,0,0,0.0,0.0,0.0,0.0,[],True
2026-06-29,-0.0304629362794449,0.001349911395044,-0.0510695637527371,-0.0322757957297695,-9.394999999999982,1.1182664854192983,2133695.35,1241919.512229496,20097944.0,2.924097861891955,0.3799999999999954,4.500714285714293,34.22472623393115,-3.061876630968925,AAPL,0,0,0,0,0,0.0,0.0,0.0,0.0,[],True
2026-06-30,1.5000327681026564,0.0264496178120636,-0.0171265461465269,-0.0245843590867701,-7.289999999999964,0.742495504365724,2123004.1,1245946.5092829263,21674265.0,3.066378869631622,7.550000000000011,4.239285714285724,49.05644481887109,-2.911538069561004,AAPL,0,0,0,0,0,0.0,0.0,0.0,0.0,[],True
2026-07-01,0.9249406882782326,0.0177505260231159,0.0037501704622937,-0.0161732272939917,-4.839999999999975,1.1140536195495392,2179867.25,1231859.2972418356,24102754.0,2.5195204732956635,5.180000000000007,4.529285714285725,52.31824633338589,-2.3473521531353185,AAPL,0,0,0,1,1,0.28784616262863316,0.5,0.14392308131431658,3.5718785774553403,"[{""name"": ""high_volatility"", ""value"": 2.5195204732956635, ""threshold"": 0.8, ""triggered"": true, ""z_score"": null}, {""name"": ""large_return"", ""value"": 0.9249406882782326, ""threshold"": 0.05, ""triggered"": true, ""z_score"": null}]",False
2026-07-02,2.6137030239537857,0.0458551597300761,0.119999273282221,0.0410882561556389,12.16500000000002,1.6781430350214006,2272176.4,1283160.5396541876,27915791.0,3.3166042825670483,13.814999999999998,5.2303571428571525,58.70945715261179,-0.7765244162988552,AAPL,1,0,0,0,1,0.3800485259039062,0.5,0.1900242629519531,4.558139861751561,"[{""name"": ""volume_spike"", ""value"": 1.6781430350214006, ""threshold"": 1.5, ""triggered"": true, ""z_score"": null}, {""name"": ""high_volatility"", ""value"": 3.3166042825670483, ""threshold"": 0.8, ""triggered"": true, ""z_score"": null}, {""name"": ""large_return"", ""value"": 2.6137030239537857, ""threshold"": 0.05, ""triggered"": true, ""z_score"": null}]",False
2026-07-06,0.6289914015580517,0.0144777194013356,0.1116917279869185,0.0499227825152757,14.870000000000005,0.6286634212481045,2282386.65,1275224.696899513,29350644.0,3.074949202760273,4.4950000000000045,5.237500000000007,64.75963177633822,0.8216058551975607,AAPL,0,0,0,0,0,0.0,0.0,0.0,0.0,[],True
2026-07-07,-0.5562285957151399,-0.0065445679680719,0.1029500514750256,0.0466228735051372,13.839999999999977,0.69878460309538,2251626.6,1284988.2811563709,27777242.0,2.77258047724481,2.0400000000000205,4.994285714285724,60.12585812356979,1.9016041493306373,AAPL,0,0,0,0,0,0.0,0.0,0.0,0.0,[],True
2026-07-08,0.3048126516294299,0.0084613177482733,0.0832872355137601,0.0647342666847901,19.05000000000001,0.7071644368455579,2190964.25,1288229.1527047146,29326614.0,2.429758522811837,2.6399999999999864,4.98785714285715,60.0744665616497,2.936684247020935,AAPL,0,0,0,0,0,0.0,0.0,0.0,0.0,[],True
2026-07-09,0.3268201639640181,0.0089914663180227,0.0738400923850282,0.0778671757807174,22.840000000000032,0.6738684504720377,2138447.05,1296719.396700828,30767646.0,1.723187942774679,2.830000000000041,4.962142857142867,64.45947891176047,3.939932936128457,AAPL,0,0,0,0,0,0.0,0.0,0.0,0.0,[],True
2026-07-10,-0.3464931620285348,-0.0026604183677955,0.0229857089558291,0.1457432506086262,40.110000000000014,0.6278063925408602,2112565.3,1308024.011936572,29441364.0,1.6686897526295883,0.8400000000000318,4.894285714285725,62.74080560420311,4.614045921199818,AAPL,0,0,0,0,0,0.0,0.0,0.0,0.0,[],True
2026-07-13,0.1900171224799824,0.0067953294877725,0.0151568445624021,0.1285414667093243,36.160000000000025,0.6506722681756838,2112668.8,1307962.458266639,30816019.0,1.571718505382385,2.150000000000034,4.975714285714299,64.80045937410276,5.261125371940068,AAPL,0,0,0,0,0,0.0,0.0,0.0,0.0,[],True
2026-07-14,-0.6373781351501269,-0.0080329337710856,0.0136470436769771,0.1180020590010295,33.24000000000001,0.5777394600200195,2100505.65,1315491.9317373375,29602474.0,1.436238428866996,2.5400000000000205,4.97357142857144,64.8283785724544,5.505519524264287,AAPL,0,0,0,0,0,0.0,0.0,0.0,0.0,[],True
2026-07-15,2.134516822537408,0.0393819081458392,0.0454792072256087,0.1325542801825472,38.339999999999975,0.8165809570551995,2107902.45,1312784.8621423692,31323747.0,1.7385426129613355,12.649999999999975,5.80857142857144,71.06492867683221,6.643372270110717,AAPL,0,0,0,0,0,0.0,0.0,0.0,0.0,[],True
2026-07-16,0.7816550621065113,0.0171006421998613,0.0539916497975707,0.1318184905916717,38.81,1.092698704582017,2164702.85,1297256.289966892,33689115.0,1.7034062968508437,5.650000000000034,4.9185714285714415,92.12895730467606,7.909856646256912,AAPL,0,0,0,0,0,0.0,0.0,0.0,0.0,[],True
2026-07-17,-0.1077841946964606,0.0015592674603646,0.0584485601928199,0.0827777507421285,25.514999999999983,1.014144810453208,2217378.6,1277050.2674148588,35937858.0,1.551619386997546,0.5199999999999818,4.52000000000001,91.43489254108714,8.85345715011789,AAPL,0,0,0,0,0,0.0,0.0,0.0,0.0,[],True
2025-09-18,-0.1437541027582675,-0.0015989286265536,0.0060917239578801,-0.0188823354690881,-4.449999999999989,0.8279563923167136,1091605.8,394727.2771465591,2978439.0,-0.6691156647625781,0.3700000000000045,3.192857142857136,49.63087248322146,1.4556245000977128,AMZN,0,0,0,0,0,0.0,0.0,0.0,0.0,[],True
2025-09-19,0.0236772587490558,0.0012102352791131,0.015128261346196,-0.0037225916123341,-0.8650000000000091,1.0660137970773944,1097493.3,394986.53795329016,4148382.0,-0.6877006973439119,0.2800000000000011,3.0321428571428504,52.92108362779741,1.3659435322624631,AMZN,0,0,0,0,0,0.0,0.0,0.0,0.0,[],True
2025-09-22,-1.0525696053877835,-0.0169023016725449,-0.0166328249881193,-0.0349768940518081,-8.25,1.037012451176352,1090660.0,393064.5692348639,3017354.0,-0.9107900771106722,3.879999999999996,3.046428571428564,52.67291910902696,0.970598688149238,AMZN,0,0,0,0,0,0.0,0.0,0.0,0.0,[],True
2025-09-23,-1.8103759494550336,-0.0306920335090056,-0.0568278926679199,-0.0734164462913989,-17.48999999999998,2.3046822246263403,1201410.75,524073.6177561189,248484.0,-0.5112892783487442,6.879999999999996,3.492857142857136,44.6523517382413,0.1009627141214934,AMZN,0,0,0,0,0,0.0,0.0,0.0,0.0,[],True
2025-09-24,-0.0633537488847289,-0.0023130835539384,-0.0490522043266117,-0.0439746483764543,-10.130000000000024,1.3389465243561305,1255578.15,514297.59936720575,-1432668.0,-0.5079139058490367,0.5100000000000193,2.836428571428566,30.559053135230386,-0.6222103448930625,AMZN,0,0,0,0,0,0.0,0.0,0.0,0.0,[],True
2025-09-25,-0.4774394814992524,-0.0094666354746724,-0.0565046276273678,-0.0507571142633365,-11.664999999999992,1.7131097229134784,1343668.75,535725.4521970897,-3734520.0,-0.477834651468121,2.0749999999999886,2.748571428571424,31.535862785862747,-1.347235273239022,AMZN,0,0,0,1,1,0.31507870524040027,0.5,0.15753935262020013,4.3475244124726204,"[{""name"": ""volume_spike"", ""value"": 1.7131097229134784, ""threshold"": 1.5, ""triggered"": true, ""z_score"": null}, {""name"": ""large_return"", ""value"": -0.4774394814992524, ""threshold"": 0.05, ""triggered"": true, ""z_score"": null}]",False
2025-09-26,0.5318780078188381,0.0073757256219924,-0.050669546436285,-0.0363078272308704,-8.280000000000001,0.9616516607652732,1374703.6,514095.45512640063,-2412534.0,-0.5016475530562943,1.615000000000009,2.613571428571425,27.99945340256897,-1.771089729655472,AMZN,0,1,0,0,1,0.31298863666909005,0.5,0.15649431833454502,3.5694495961460735,"[{""name"": ""large_return"", ""value"": 0.5318780078188381, ""threshold"": 0.05, ""triggered"": true, ""z_score"": null}]",False
2025-09-29,0.7257143781213807,0.010771284443798,-0.0240312802038484,-0.0402643971140967,-9.319999999999991,0.9758353401004088,1407944.5,489708.1428002752,-1038612.0,-0.4546501772433463,2.3799999999999955,2.614999999999997,28.038787216607474,-1.893128523375992,AMZN,0,0,0,1,1,0.29407623774590186,0.5,0.14703811887295093,3.195266315994092,"[{""name"": ""large_return"", ""value"": 0.7257143781213807, ""threshold"": 0.05, ""triggered"": true, ""z_score"": null}]",False
2025-09-30,-0.6705763651417055,-0.011909484844397,-0.0055268641841079,-0.0620406768073832,-14.519999999999982,1.0200281452262303,1428235.1,482495.4022335507,-2495452.0,-0.4926305304488236,2.6299999999999955,2.240714285714284,32.722346190627974,-2.176969418474698,AMZN,0,0,1,0,1,0.37331758218847433,0.5,0.18665879109423716,3.389709784071776,"[{""name"": ""large_return"", ""value"": -0.6705763651417055, ""threshold"": 0.05, ""triggered"": true, ""z_score"": null}]",False
2025-10-01,0.3854231962233364,0.0050890695074712,0.0018616900513099,-0.0472818342760914,-10.950000000000015,0.9748609934677482,1438079.9,479702.1273267183,-1093524.0,-0.4717483307084565,1.119999999999976,2.282142857142852,35.633802816901365,-2.285198388498202,AMZN,0,0,0,1,1,0.3294696891500127,0.5,0.16473484457500634,2.824640258395236,"[{""name"": ""large_return"", ""value"": 0.3854231962233364, ""threshold"": 0.05, ""triggered"": true, ""z_score"": null}]",False
2025-10-02,0.5685573401414636,0.0081249882743715,0.0196419976622126,-0.0379724937289162,-8.780000000000001,0.9472355431344004,1421803.7,476850.5770662668,253259.0,-1.42626926527373,1.8000000000000114,2.284285714285712,41.22889305816132,-2.200361275114915,AMZN,0,0,0,1,1,0.3325166442708669,0.5,0.16625832213543346,2.6567459972022713,"[{""name"": ""large_return"", ""value"": 0.5685573401414636, ""threshold"": 0.05, ""triggered"": true, ""z_score"": null}]",False
2025-10-03,-0.7917208584182788,-0.0133279491068637,-0.0012513081858306,-0.0518574514038876,-12.004999999999995,1.142623931199327,1431195.3,479226.7739686835,-1382059.0,-1.367960738203569,2.944999999999993,2.2503571428571405,30.99508014600856,-2.3437468840013764,AMZN,0,0,1,0,1,0.37968042950546305,0.5,0.18984021475273152,3.51974167459192,"[{""name"": ""large_return"", ""value"": -0.7917208584182788, ""threshold"": 0.05, ""triggered"": true, ""z_score"": null}]",False
2025-10-06,0.4563273632738612,0.0061090042033443,-0.0058969164978618,-0.0297864862490114,-6.780000000000001,1.1814107165104912,1451188.8,482436.0886449216,332391.0,-1.443955470141976,1.3449999999999989,2.162857142857141,28.20343461030383,-2.322083222769919,AMZN,0,0,0,1,1,0.3163931302751253,0.5,0.15819656513756264,3.2209643354384183,"[{""name"": ""large_return"", ""value"": 0.4563273632738612, ""threshold"": 0.05, ""triggered"": true, ""z_score"": null}]",False
2025-10-07,0.3337631122343528,0.0043376175004229,0.0103862973760933,0.0048020295370119,1.0600000000000025,0.6157172542053214,1441064.05,492441.1138522556,1219679.0,-1.445494039771724,0.960000000000008,2.056428571428571,32.997568600208425,-2.2020665853632977,AMZN,0,0,0,1,1,0.33082199858875977,0.5,0.16541099929437988,3.024541825465372,"[{""name"": ""large_return"", ""value"": 0.3337631122343528, ""threshold"": 0.05, ""triggered"": true, ""z_score"": null}]",False
2025-10-08,1.0405101754602917,0.0151684153899816,0.0206218274111675,0.0225219089134087,4.960000000000008,0.8752896542079199,1394335.0,464685.6345509295,2440126.0,-1.7582003267618307,3.3899999999999864,2.2721428571428555,40.52184847532221,-1.8125143300120783,AMZN,0,0,0,0,0,0.0,0.0,0.0,0.0,[],True
2025-10-09,0.7465826044440148,0.0111723137766328,0.0237367379967632,0.0438449726112168,9.564999999999998,1.144314256929672,1418714.3,463199.7600260832,4063581.0,-1.575696228804793,2.530000000000001,2.432857142857141,44.45096887844979,-1.2848307757624298,AMZN,0,0,0,0,0,0.0,0.0,0.0,0.0,[],True
2025-10-10,-3.3210079852835093,-0.051959153416508,-0.0150572905988747,-0.0162897574737226,-3.5800000000000125,1.4822893111435755,1476383.85,484239.0506636243,1875153.0,-0.3339317634408867,11.53,2.9792857142857128,36.29824982018698,-1.776533623278965,AMZN,0,0,0,0,0,0.0,0.0,0.0,0.0,[],True
2025-10-13,1.0991004684498016,0.0174698956859885,-0.0038036587574714,-0.009678145397254,-2.1500000000000057,0.9746390723614664,1503365.75,466648.9555633958,3340392.0,-0.2866449642023483,3.8100000000000014,2.759999999999999,49.04244306418218,-1.83759387562634,AMZN,0,0,0,0,0,0.0,0.0,0.0,0.0,[],True
2025-10-14,-0.8946012151793832,-0.0163603768259234,-0.0242110009017132,-0.014076166180758,-3.0900000000000034,1.147891692023595,1534902.65,461455.30863428814,1578490.0,-0.2950662713793903,3.569999999999993,2.978571428571425,45.44364508393287,-2.149278188711861,AMZN,0,0,0,0,0,0.0,0.0,0.0,0.0,[],True
2025-10-15,-0.1645018476380189,-0.004027876461142,-0.0427638882721257,-0.0230239303843363,-5.079999999999984,1.0968114227044077,1552893.2,460610.2740041398,-124741.0,-0.3116675832730007,0.8700000000000045,2.8924999999999983,46.795900728485,-2.438383810773587,AMZN,0,0,0,0,0,0.0,0.0,0.0,0.0,[],True
2025-10-16,-0.2234732359064024,-0.0050694246184258,-0.0581854909538028,-0.0358298867110231,-7.969999999999999,0.9559470923269626,1583384.7,434844.3212236213,-1638373.0,-0.3081048063709632,1.0900000000000034,2.8549999999999978,43.370027520640456,-2.724054781781774,AMZN,0,0,0,1,1,0.31261989070890606,0.5,0.15630994535445303,3.71055141079649,"[{""name"": ""large_return"", ""value"": -0.2234732359064024, ""threshold"": 0.05, ""triggered"": true, ""z_score"": null}]",False
2025-10-17,-0.3194381049568332,-0.0067368675847581,-0.0146167722836393,-0.0294539738946217,-6.465000000000003,0.8385992850197123,1591624.3,428107.0269623441,-2973108.0,-0.3117046917376719,1.4399999999999975,2.787857142857141,38.31667947732512,-3.031699505143962,AMZN,0,0,1,0,1,0.3491902695064321,0.5,0.17459513475321606,3.1407450658031353,"[{""name"": ""large_return"", ""value"": -0.3194381049568332, ""threshold"": 0.05, ""triggered"": true, ""z_score"": null}]",False
2025-10-20,1.0537358087377198,0.0158803719124224,-0.0161818181818181,-0.0199239268248505,-4.400000000000006,0.6783277805043957,1588964.85,431272.403451178,-1895269.0,-0.2238552988976642,3.4099999999999966,2.843571428571426,46.131625219794,-2.966159621679651,AMZN,0,0,0,0,0,0.0,0.0,0.0,0.0,[],True
2025-10-21,1.6220684889892794,0.0255441730474259,0.0259206209860001,0.0010820559062216,0.2399999999999806,1.0596737826555456,1531675.15,330650.6382262065,-272193.0,-0.282795734095609,5.599999999999994,3.163571428571428,51.58049221043125,-2.434284674558853,AMZN,0,0,0,0,0,0.0,0.0,0.0,0.0,[],True
2025-10-22,-1.0604024737109348,-0.0185689263591772,0.0111105956578214,-0.032128424885652,-7.234999999999985,1.004477133773587,1524167.1,328777.3818660989,-1803184.0,-0.1263221587302013,4.08499999999998,3.326785714285712,45.18518518518519,-2.315701343628774,AMZN,0,0,0,0,0,0.0,0.0,0.0,0.0,[],True
2025-10-23,0.900265714824016,0.0142812389743448,0.0308667878957429,-0.0291147022659405,-6.629999999999996,0.7331430837503696,1462692.65,288147.2349101149,-730821.0,-0.0759533296549243,3.134999999999991,3.34035714285714,51.70533518657115,-1.9463189465339497,AMZN,0,0,0,1,1,0.3339167234194108,0.5,0.1669583617097054,2.110498368605317,"[{""name"": ""large_return"", ""value"": 0.900265714824016, ""threshold"": 0.05, ""triggered"": true, ""z_score"": null}]",False
2025-10-24,0.8800265451141955,0.0142362345956065,0.0527155799652629,0.0373282760534714,8.069999999999993,0.6798281525751643,1445735.95,306271.7958113738,252031.0,-0.0128190389588302,3.1699999999999875,3.470714285714282,53.51924264251903,-1.381859017795449,AMZN,0,0,1,0,1,0.3529233722413296,0.5,0.1764616861206648,1.8978358390034098,"[{""name"": ""large_return"", ""value"": 0.8800265451141955, ""threshold"": 0.05, ""triggered"": true, ""z_score"": null}]",False
2025-10-27,0.7509847442002536,0.0123641645112255,0.04902051376825,0.0320454545454544,7.050000000000011,0.7935011384612156,1433931.15,313646.6393482483,1389857.0,0.0026574271655095,2.7900000000000205,3.6014285714285683,55.20626735422452,-0.7013065492077715,AMZN,0,0,1,0,1,0.3672085300533216,0.5,0.1836042650266608,1.7185746816678116,"[{""name"": ""large_return"", ""value"": 0.7509847442002536, ""threshold"": 0.05, ""triggered"": true, ""z_score"": null}]",False
2025-10-28,0.5695373975541704,0.0095556087836249,0.0323815528733562,0.0591415238183246,12.799999999999985,1.2599103591211378,1452596.2,325947.9956190302,3219998.0,-0.0548236304256841,2.1799999999999784,3.514999999999997,54.10485673643568,0.0137850606453469,AMZN,0,0,0,0,0,0.0,0.0,0.0,0.0,[],True
2025-10-29,0.2813209258035021,0.0049174363108867,0.0569154183202955,0.0686583781777696,14.800000000000011,1.4844590973562015,1493339.9,367555.3719532255,5436800.0,-0.0547108636769934,1.130000000000024,3.4149999999999983,52.76092867600922,0.6640273753662029,AMZN,0,0,0,0,0,0.0,0.0,0.0,0.0,[],True
2025-10-30,-2.018417923335453,-0.0335034535616891,0.0075987154552445,0.0387000512892246,8.300000000000011,2.537076699604752,1633175.3,695004.1735434025,1293309.0,0.4560017352612495,7.590000000000003,3.1335714285714267,57.49943013448828,0.5604391333342278,AMZN,0,0,0,0,0,0.0,0.0,0.0,0.0,[],True
2025-10-31,5.7080662010051855,0.092216195070367,0.0893159725318826,0.1467398957893253,31.25999999999999,3.0941846210862973,1835355.9,1140825.4588741716,6972239.0,3.4320619922780384,21.519999999999985,4.398571428571425,69.7223124391036,2.1895886401942164,AMZN,1,0,0,0,1,0.5848641603149608,0.5,0.2924320801574804,7.690020039416032,"[{""name"": ""volume_spike"", ""value"": 3.0941846210862973, ""threshold"": 1.5, ""triggered"": true, ""z_score"": null}, {""name"": ""high_volatility"", ""value"": 3.4320619922780384, ""threshold"": 0.8, ""triggered"": true, ""z_score"": null}, {""name"": ""large_return"", ""value"": 5.7080662010051855, ""threshold"": 0.05, ""triggered"": true, ""z_score"": null}]",False
2025-11-03,1.7728074667299665,0.038938852017625,0.1186522792336488,0.1734891886897063,37.55000000000001,2.240061448051928,1970314.7,1277265.845110773,11385865.0,3.351123419896718,9.700000000000015,4.83642857142857,77.73593265396545,4.214824423173496,AMZN,1,0,0,0,1,0.27434131316980254,1.0,0.27434131316980254,5.884334467266274,"[{""name"": ""volume_spike"", ""value"": 2.240061448051928, ""threshold"": 1.5, ""triggered"": true, ""z_score"": null}, {""name"": ""high_volatility"", ""value"": 3.351123419896718, ""threshold"": 0.8, ""triggered"": true, ""z_score"": null}, {""name"": ""large_return"", ""value"": 1.7728074667299665, ""threshold"": 0.05, ""triggered"": true, ""z_score"": null}]",False
2025-11-04,-0.9276299506616532,-0.0182569112352817,0.087968416001396,0.1231985227886867,27.35500000000001,0.8282885802262137,2009158.45,1254200.479963294,9721702.0,3.1544650614808485,4.594999999999999,5.102499999999998,73.68236858682721,5.386962721255031,AMZN,0,0,0,0,0,0.0,0.0,0.0,0.0,[],True
2025-11-05,0.0691193939459189,0.0034024530462537,0.0863214099670082,0.1481498474455735,32.28999999999999,0.6130891217621431,2009743.7,1253815.7435455774,10953854.0,2.850890561061461,0.8499999999999943,5.0853571428571405,75.1246576304516,6.311721071931373,AMZN,0,0,1,0,1,0.3723222199033563,0.5,0.18616110995167814,4.407350125055869,"[{""name"": ""high_volatility"", ""value"": 2.850890561061461, ""threshold"": 0.8, ""triggered"": true, ""z_score"": null}, {""name"": ""large_return"", ""value"": 0.0691193939459189, ""threshold"": 0.05, ""triggered"": true, ""z_score"": null}]",False
2025-11-06,-1.429071484604999,-0.0295436172382533,0.0906315931229519,0.0989189922655933,21.870000000000005,0.8787329188660747,2017199.95,1251839.492907621,9181274.0,2.8528092693425187,7.284999999999997,5.50285714285714,69.42497403946004,6.383178798849514,AMZN,0,0,0,0,0,0.0,0.0,0.0,0.0,[],True
2025-11-07,0.2118651745925273,0.0059912362723611,0.0005321544066478,0.0898956568268973,20.16,0.8559593683790389,1993078.25,1253013.9070520657,10887268.0,2.039305722073696,1.4599999999999795,5.363571428571425,68.630976161939,6.482888655564892,AMZN,0,0,0,0,0,0.0,0.0,0.0,0.0,[],True
2025-11-10,0.677223432228916,0.0160315128089697,-0.0221268553880074,0.0939000220215811,21.32,0.9411453159561828,2014618.75,1247151.5695831752,12783317.0,1.944496397560952,3.950000000000017,5.245714285714284,67.92619825708061,6.802229555777046,AMZN,0,1,0,0,1,0.2966999017116692,0.5,0.1483499508558346,3.8684495702683903,"[{""name"": ""high_volatility"", ""value"": 1.944496397560952, ""threshold"": 0.8, ""triggered"": true, ""z_score"": null}, {""name"": ""large_return"", ""value"": 0.677223432228916, ""threshold"": 0.05, ""triggered"": true, ""z_score"": null}]",False
2025-11-11,0.0479210487333316,0.0027341097004681,-0.0013833477014374,0.0864633773938838,19.82000000000002,0.3445392145477395,1960293.55,1281918.2917380822,13458715.0,1.766114060274152,0.6800000000000068,5.0025,72.19961447847504,7.029152146475667,AMZN,0,0,0,1,1,0.3161313276790324,0.5,0.1580656638395162,4.219113130563254,"[{""name"": ""high_volatility"", ""value"": 1.766114060274152, ""threshold"": 0.8, ""triggered"": true, ""z_score"": null}]",False
2025-11-12,-0.9850657457769174,-0.0195842211144167,-0.0240764051229794,0.060166695606876,13.859999999999983,0.5551865621843356,1928670.6,1296313.4538319532,12387943.0,1.8160364672953613,4.8300000000000125,5.12357142857143,66.12296110414053,6.741537057746996,AMZN,0,0,1,0,1,0.36123470214128567,0.5,0.18061735107064283,4.446650555839048,"[{""name"": ""high_volatility"", ""value"": 1.8160364672953613, ""threshold"": 0.8, ""triggered"": true, ""z_score"": null}, {""name"": ""large_return"", ""value"": -0.9850657457769174, ""threshold"": 0.05, ""triggered"": true, ""z_score"": null}]",False
2025-11-13,-1.3232942771737402,-0.0273546162605778,-0.0219377675337504,0.0667055707680566,14.859999999999983,0.7487687723020617,1925060.25,1297630.0945593447,10946518.0,1.92996070131008,6.590000000000003,5.3678571428571455,58.89554224883566,5.913672961931127,AMZN,0,0,1,0,1,0.38292115714864644,0.5,0.19146057857432322,4.5308318001855605,"[{""name"": ""high_volatility"", ""value"": 1.92996070131008, ""threshold"": 0.8, ""triggered"": true, ""z_score"": null}, {""name"": ""large_return"", ""value"": -1.3232942771737402, ""threshold"": 0.05, ""triggered"": true, ""z_score"": null}]",False
2025-11-14,-0.6415966822805131,-0.0127050368626682,-0.04005400540054,-0.03954316590937,-9.659999999999997,0.6695216807327846,1922687.55,1298809.1562061356,9659237.0,1.90135329291593,3.0,5.382857142857144,55.02919320594479,4.958352967067611,AMZN,0,0,0,0,0,0.0,0.0,0.0,0.0,[],True
2025-11-17,-0.3871350958811494,-0.0072503605923675,-0.0621451866167411,-0.0828969644474192,-21.055000000000007,0.8715272273411496,1953941.25,1284855.0023818945,7956324.0,1.841923752163999,1.6949999999999932,5.348214285714287,52.47412353923206,4.01816376348998,AMZN,0,0,0,0,0,0.0,0.0,0.0,0.0,[],True
2025-11-18,-2.0852400387854684,-0.044888967976504,-0.1057618952017667,-0.1069989374285771,-26.685,1.15155482347253,1987206.3,1284450.3094598835,5667947.0,2.052273041980432,10.224999999999994,5.997857142857143,45.444801714898176,2.4200877348922347,AMZN,0,0,0,0,0,0.0,0.0,0.0,0.0,[],True
2025-11-19,-0.0013194776308577,-0.0001796218963921,-0.0882401113749897,-0.1101920118284082,-27.575000000000017,0.9897261904412484,2010130.7,1279963.0248537865,3678468.0,1.922440146109304,0.0400000000000204,5.45857142857143,49.93457210154408,1.137263635735735,AMZN,0,0,0,0,0,0.0,0.0,0.0,0.0,[],True
2025-11-20,-1.105868306240692,-0.0248952872793827,-0.0859950342970163,-0.1060462627593019,-25.76500000000001,1.1857991149545108,2079825.3,1264063.9542316685,1212213.0,1.929419730466818,5.474999999999994,4.312500000000002,27.561076604554884,-0.3175103865177959,AMZN,0,0,0,0,0,0.0,0.0,0.0,0.0,[],True
2025-11-21,0.7433516787067485,0.0157821681785729,-0.059583173507224,-0.0972506341543244,-23.769999999999985,1.054416048735917,2143700.3,1237717.2341678946,3472565.0,1.874282231584795,3.4550000000000125,3.866428571428573,19.20376870496952,-1.1780597157874697,AMZN,0,0,0,0,0,0.0,0.0,0.0,0.0,[],True
2025-11-24,1.1358273327288402,0.0244880960915339,-0.0292570888874578,-0.0895840882554254,-22.25,0.7926950704155511,2172932.65,1219479.9108960684,5195038.0,1.8806084155432596,5.469999999999999,3.928928571428573,28.842832469775487,-1.4025008174569962,AMZN,0,0,0,0,0,0.0,0.0,0.0,0.0,[],True
2025-11-25,0.6761753222921077,0.0151421620803898,0.030802388756679,-0.0782172254567357,-19.48000000000001,0.7287385031740504,2160134.25,1224599.2863577388,6769211.0,1.812674032039884,3.4499999999999886,4.114642857142859,32.054509157191205,-1.2871483949193705,AMZN,0,0,0,0,0,0.0,0.0,0.0,0.0,[],True
2025-11-26,-0.1060070207224128,-0.0018311829323467,0.0291013607580725,-0.0617066579313733,-15.069999999999991,0.5891107565219845,2111489.2,1241437.4127882062,5525310.0,1.7297786317841055,0.4199999999999875,3.624285714285715,36.39140717382736,-1.2156084810232812,AMZN,0,0,0,0,0,0.0,0.0,0.0,0.0,[],True
2025-11-28,0.7701204169068707,0.0176482801871191,0.0738276663827435,-0.0185161806169255,-4.400000000000006,0.4421631080545742,1947367.35,1173792.9385404838,6386364.0,1.5324270923981615,4.079999999999984,3.811428571428572,39.51461769115443,-0.8202355173608282,AMZN,0,0,0,0,0,0.0,0.0,0.0,0.0,[],True
2025-12-01,0.132233068494779,0.0029540854191613,0.0601404939950147,-0.0030260410007245,-0.710000000000008,0.8629957112548254,1738433.9,780697.661526293,7886625.0,-0.0073747499891323,0.6899999999999977,3.5785714285714283,35.57884231536924,-0.446080226544268,AMZN,0,0,0,0,0,0.0,0.0,0.0,0.0,[],True
2025-12-02,0.070412699654901,0.0018792181151742,0.0364408278790022,0.006117586451156,1.4250000000000114,1.1056467347712895,1606567.4,463243.32731916127,9662921.0,-0.3944134956437545,0.4400000000000261,3.5614285714285723,35.268752507019656,-0.1127553664852314,AMZN,0,0,0,0,0,0.0,0.0,0.0,0.0,[],True
2025-12-03,-0.3860296282719467,-0.0083123148818602,0.0124145140915623,0.0435992995375149,9.70999999999998,0.90621210520753,1595659.55,464382.7998994712,8216915.0,-0.4426072741768727,1.940000000000026,3.3550000000000018,37.43879071747924,-0.0050762839149172,AMZN,0,0,0,0,0,0.0,0.0,0.0,0.0,[],True
2025-12-04,-0.6405142838096034,-0.0142129093292477,-4.363953742103632e-05,0.0290564512507298,6.469999999999999,0.969586577338814,1612210.85,456578.5061656442,6653737.0,-0.4356331606031114,3.280000000000001,3.1185714285714305,40.27714154832799,-0.1823069025972756,AMZN,0,0,0,0,0,0.0,0.0,0.0,0.0,[],True
2025-12-05,0.0631096676924053,0.0014827092681904,-0.0160785490717317,0.0565620755542255,12.284999999999997,0.6675705958189062,1576192.85,471433.4397897864,7705957.0,-0.5820218707675264,0.3400000000000034,2.9285714285714306,43.71951219512195,-0.2919627217632126,AMZN,0,0,0,0,0,0.0,0.0,0.0,0.0,[],True
2025-12-08,-0.5183649271709372,-0.0109539718606774,-0.0296682626538987,0.0286879673691364,6.329999999999984,0.7279825091644785,1547210.25,480759.1530473759,6579615.0,-0.5842724301965151,2.5,2.986071428571431,42.87764621456762,-0.573978389522722,AMZN,0,0,0,0,0,0.0,0.0,0.0,0.0,[],True
2025-12-09,0.1824998692518203,0.0040450283786456,-0.0275644307902372,0.0078719264107554,1.7800000000000011,0.4137756468980346,1483091.15,516009.34548659466,7193282.0,-0.6664479530607964,0.920000000000016,2.321428571428576,57.984615384615374,-0.7149994581146757,AMZN,0,0,0,0,0,0.0,0.0,0.0,0.0,[],True
2025-12-10,0.7801193636873393,0.0164717542045485,-0.0031623784528008,0.0092128762468963,2.115000000000009,0.7714134959798741,1507465.2,486520.02491070906,8356161.0,-0.573015233250464,3.7849999999999966,2.588928571428574,62.436198096289154,-0.5154005864062299,AMZN,0,0,0,0,0,0.0,0.0,0.0,0.0,[],True
2025-12-11,-0.2858810283051008,-0.0060827306485784,0.0049751243781095,0.004931267728562,1.1299999999999957,0.5547557540984609,1495405.85,500696.6207364218,7526576.0,-0.6331524716265424,1.4050000000000011,2.2982142857142884,70.33411033411032,-0.4652259651371366,AMZN,0,0,0,0,0,0.0,0.0,0.0,0.0,[],True
2025-12-12,-0.835020823115854,-0.0178763961255888,-0.0142931845912498,-0.0301419199931398,-7.030000000000001,0.8412619086790587,1485833.35,503604.6240099873,6276601.0,-0.7216465183518997,4.0800000000000125,2.3428571428571456,58.46036585365851,-0.7460837294973715,AMZN,0,0,0,0,0,0.0,0.0,0.0,0.0,[],True
2025-12-15,-0.7318218131496145,-0.0159982022197822,-0.019252797603313,-0.0483498632010942,-11.309999999999974,0.967838768740523,1493755.0,501558.9488857412,4830887.0,-0.7001209662131754,3.589999999999975,2.208571428571429,44.32406209573093,-1.2440083741728074,AMZN,0,0,0,0,0,0.0,0.0,0.0,0.0,[],True
2025-12-16,-4.456691632817756e-06,-0.000426846397944,-0.0236287845546293,-0.0505419013483531,-11.845000000000027,0.8199505231263859,1468827.65,503003.4882026466,3626521.0,-0.7040138104527738,0.0950000000000272,1.968928571428576,37.20297478686742,-1.6275218892413363,AMZN,0,0,0,0,0,0.0,0.0,0.0,0.0,[],True
2025-12-17,-0.2490971391373682,-0.005520456556519,-0.0448669529749444,-0.0478874451424146,-11.129999999999995,0.8619472022648998,1415409.2,466815.4790915064,2406513.0,-1.2059946653938225,1.2249999999999943,2.026428571428576,36.14733873810364,-2.007168980656928,AMZN,0,0,0,0,0,0.0,0.0,0.0,0.0,[],True
2025-12-18,1.1662885547372672,0.0245945133458224,-0.0151120375195413,-0.0102120974076982,-2.339999999999975,0.8356637011940726,1373316.8,449978.40680574055,3554144.0,-1.0077051831303774,5.510000000000019,2.128571428571436,39.21140939597323,-1.8421954029266487,AMZN,0,0,0,0,0,0.0,0.0,0.0,0.0,[],True
2025-12-19,0.1070613142138051,0.0029937505850017,0.005658709106985,-0.008715356458079,-2.0,0.7604818190797761,1299413.05,376389.49071204406,4542324.0,-1.198109856466096,0.6799999999999784,2.1278571428571484,39.19100369251429,-1.637703905811179,AMZN,0,0,0,0,0,0.0,0.0,0.0,0.0,[],True
2025-12-22,0.1424873601399621,0.0039485858349029,0.0259197700013475,0.0061679443122741,1.4000000000000057,0.7835651231545525,1234771.65,307356.16145087965,5509848.0,-1.2345316604552896,0.9000000000000057,2.1607142857142896,40.11570247933883,-1.3870316057256955,AMZN,0,0,0,0,0,0.0,0.0,0.0,0.0,[],True
2025-12-23,0.7280798822612651,0.0162435710489055,0.0431656292834192,0.0185168933742869,4.219999999999999,0.6911273882247947,1189761.85,297946.4785229726,6332125.0,-1.313649163669838,3.740000000000009,2.2892857142857173,49.5319812792512,-0.8764817226875152,AMZN,0,0,0,0,0,0.0,0.0,0.0,0.0,[],True
2025-12-24,0.0199155057400868,0.0013776478844973,0.0503863708256133,0.0032587349202581,0.7549999999999955,0.265645265848861,1126009.15,344188.9471975777,6631244.0,-1.35210985324873,0.3199999999999932,2.077857142857145,55.67205225163288,-0.4409627918434751,AMZN,0,0,0,0,0,0.0,0.0,0.0,0.0,[],True
2025-12-26,-0.0409488803012069,0.0003011076482583,0.0251763668430333,0.0096838631231543,2.2299999999999898,0.4417894477516997,1087844.0,371652.0788703221,7111842.0,-1.3233690585203686,0.0699999999999931,2.05857142857143,55.25676613462873,-0.0891349936967742,AMZN,0,0,0,0,0,0.0,0.0,0.0,0.0,[],True
2025-12-29,-0.1351651254468996,-0.0017864642454176,0.0202874978020046,0.0260610079575598,5.89500000000001,0.6486784435725453,1079813.9,378482.3776950179,6411390.0,-1.3965909817537077,0.414999999999992,1.909642857142858,59.56611183841408,0.1544239364032762,AMZN,0,0,0,0,0,0.0,0.0,0.0,0.0,[],True
2025-12-30,0.0363892686771255,0.0017004427399882,0.0179963219196077,0.0443825524459817,9.879999999999995,0.8704335647454269,1050521.3,366717.38602435705,7325799.0,-1.3793431470717117,0.3950000000000102,1.8721428571428576,58.75619992369325,0.3749966145568351,AMZN,0,0,0,0,0,0.0,0.0,0.0,0.0,[],True
2025-12-31,-0.3883232425399892,-0.0070790643967359,-0.0054713079441668,0.037458148888839,8.335000000000008,0.5735157522482489,990098.35,339377.7389041796,6757962.0,-1.3473643621883702,1.6400000000000148,1.7189285714285734,48.265115312694775,0.4127102898674195,AMZN,0,0,0,0,0,0.0,0.0,0.0,0.0,[],True
2026-01-02,-0.9355075563632468,-0.0190673551149292,-0.0255980037859232,0.0234985765285373,5.200000000000017,1.3433772634581227,983884.45,331640.4149691235,5436234.0,-1.2431739867367702,4.359999999999985,1.9300000000000008,42.98667653589934,0.0897485222062641,AMZN,0,0,0,0,0,0.0,0.0,0.0,0.0,[],True
2026-01-05,1.319987764052298,0.0283591187248536,0.002128940690723,0.027358906525573,6.204999999999984,1.599074920959722,984434.8,332659.90191763866,7010419.0,-1.038994927812689,6.514999999999986,2.1039285714285705,61.551519266678,0.3554081227884751,AMZN,0,0,0,0,0,0.0,0.0,0.0,0.0,[],True
2026-01-06,1.5268274086756466,0.0331974563017799,0.0378077942221934,0.0588623175663796,13.390000000000017,1.8421026222370105,1026356.5,389607.0505566108,8901073.0,-0.7693044157194914,7.865000000000009,2.409285714285716,77.06789208419802,1.1869031588823589,AMZN,0,0,0,0,0,0.0,0.0,0.0,0.0,[],True
2026-01-07,0.0809443626920348,0.0029433123124301,0.0390984558475633,0.0577984061651632,13.200000000000015,1.249321463218389,1034671.25,393607.1328878553,10193710.0,-0.8292145428180826,0.710000000000008,2.4532142857142856,77.75513175134667,1.881471598455846,AMZN,0,0,0,0,0,0.0,0.0,0.0,0.0,[],True
2026-01-08,0.8228509070115598,0.0190653773025716,0.0666233484946934,0.0607875236946406,14.109999999999983,1.150037139474274,1065241.25,382782.0866432162,11418777.0,-0.7597614650452869,4.649999999999977,2.6978571428571416,83.0156208631189,2.7751480499911167,AMZN,0,0,0,0,0,0.0,0.0,0.0,0.0,[],True
2026-01-09,0.1117776228981562,0.004416986210664,0.0919687403417368,0.0640165203923592,14.879999999999995,1.2963679783712558,1076900.25,389406.36325415823,12814836.0,-0.7957881668536095,1.0900000000000034,2.382142857142855,80.76461769115443,3.530647856179826,AMZN,0,0,0,0,0,0.0,0.0,0.0,0.0,[],True
2026-01-12,-0.2885057911509124,-0.003564488543998,0.0576597068732431,0.0599114016601436,13.930000000000009,1.2497620389718709,1104435.05,390466.70735368656,11434555.0,-0.7993015514952905,0.8799999999999955,2.39642857142857,78.25633383010435,4.012128925345593,AMZN,0,0,0,0,0,0.0,0.0,0.0,0.0,[],True
2026-01-13,-0.8717872092656204,-0.0157870032656354,0.0070992651637813,0.0451754669424158,10.485000000000014,1.2301269475834562,1110222.0,393582.45162675495,10068841.0,-0.8135498797699153,3.859999999999985,2.60785714285714,69.44672692413042,4.03571518836327,AMZN,0,0,0,0,0,0.0,0.0,0.0,0.0,[],True
2026-01-14,-1.2616395108645204,-0.024369060354987,-0.020034771090322,0.0182803561443503,4.25,1.6423792052342592,1130796.1,421787.2487614811,8211645.0,-0.7100770585737033,5.840000000000003,2.75785714285714,55.982905982906,3.542334452113721,AMZN,0,0,0,0,0,0.0,0.0,0.0,0.0,[],True
2026-01-15,0.1864359262616419,0.0058962434972814,-0.0328554603419567,0.0315789473684209,7.289999999999992,1.2957291538863074,1144741.55,428898.4982599375,9694920.0,-0.707302121478951,1.3999999999999773,2.834999999999996,57.180650037792894,3.227095021124853,AMZN,0,0,0,0,0,0.0,0.0,0.0,0.0,[],True
2026-01-16,0.1036545702843458,0.0039813140618132,-0.0332767265081674,0.0556315952139168,12.599999999999994,0.9518309394620516,1137895.35,428726.6163806341,10778004.0,-0.7226479956578401,0.950000000000017,2.8978571428571405,58.10944047325612,3.019120025095134,AMZN,0,0,0,0,0,0.0,0.0,0.0,0.0,[],True
2026-01-20,-1.6890128467353054,-0.0342924778655738,-0.062530433371206,-0.0084762129568034,-1.9749999999999943,1.5438851086078529,1170900.6,454169.48512936704,8970268.0,-0.5266473552922571,8.060000000000002,3.443928571428569,48.89557191745308,2.178807762962492,AMZN,0,0,0,0,0,0.0,0.0,0.0,0.0,[],True
2026-01-21,-0.0070270803600085,0.0010382869200121,-0.0466237942122186,-0.0398555237264914,-9.599999999999994,1.5262450358103614,1214145.8,476484.5460762999,10823352.0,-0.5252739632956428,0.2400000000000091,3.432857142857141,48.73075322513525,1.514759036072718,AMZN,0,0,0,0,0,0.0,0.0,0.0,0.0,[],True
2026-01-22,0.5818697074798899,0.0131445191510352,-0.010179944242629,-0.0300107624803377,-7.25,0.9658957691526484,1224927.2,473037.5784574688,12006504.0,-0.491854042590516,3.0600000000000023,3.534285714285712,53.51657235246567,1.2213332923718667,AMZN,0,0,0,0,0,0.0,0.0,0.0,0.0,[],True
2026-01-23,0.9313392777174132,0.0203605918359903,0.0042412026539011,-0.028753604353653,-7.079999999999984,1.0686777225002977,1250639.9,463887.0000682344,13343035.0,-0.4579399336205363,4.819999999999993,3.567142857142855,62.67521025230277,1.3620244243171271,AMZN,0,0,0,0,0,0.0,0.0,0.0,0.0,[],True
2026-01-26,-0.2031996186266853,-0.0032249310717434,-0.0029695930402777,-0.0361475012130033,-8.939999999999998,1.0553192017803354,1304518.1,406594.9399735512,11966352.0,-0.4509551213417502,0.7700000000000102,3.156785714285714,56.08100463853377,1.395306371860357,AMZN,0,0,0,0,0,0.0,0.0,0.0,0.0,[],True
2026-01-27,1.209639185699365,0.0261056299646992,0.0591048781543521,-0.0071214088621976,-1.7549999999999957,1.3203763676148796,1371000.0,372020.0094840699,13776588.0,-0.3238397984889323,6.305000000000007,3.045357142857142,54.47402368945703,1.908444007435719,AMZN,0,0,0,0,0,0.0,0.0,0.0,0.0,[],True
2026-01-28,-0.3753375757475757,-0.006827924538796,0.0508064167423358,0.0018138346112621,0.4399999999999977,1.116027717504,1414932.6,339089.3415366037,12197484.0,-0.3105507149013918,1.664999999999992,3.1135714285714267,51.65175498967653,2.155905756021127,AMZN,0,0,0,0,0,0.0,0.0,0.0,0.0,[],True
2026-01-29,-0.3533255751968397,-0.0057568069519708,0.0311313105449579,0.0206344512967813,4.884999999999991,1.2578227311970676,1461102.55,330096.9947916405,10359676.0,-0.2945862840510541,1.3950000000000102,2.881071428571429,44.29155820007439,2.213935265527965,AMZN,0,0,0,0,0,0.0,0.0,0.0,0.0,[],True
2026-01-30,-0.5142188881492098,-0.0087500168571767,0.0015471461425884,0.0057949105568153,1.380000000000024,1.4117523956743694,1541523.15,295089.47238017386,8183427.0,-0.2664874415416811,2.1049999999999898,2.9535714285714283,40.568319226118525,2.06624972151738,AMZN,0,0,0,0,0,0.0,0.0,0.0,0.0,[],True
2026-02-02,0.9274928177930856,0.0139511596218121,0.0188983975165701,0.0158726839265548,3.794999999999988,0.9432636424893416,1548467.4,291254.1149228922,9644040.0,-0.3166297042320051,3.3649999999999807,3.131071428571427,45.94502110185923,2.195427717275237,AMZN,0,0,0,0,0,0.0,0.0,0.0,0.0,[],True
2026-02-03,-1.074286239515495,-0.0176738450880053,-0.0247461021313116,0.0328961606717741,7.599999999999994,1.3559416419790449,1576650.45,319750.7485504575,7506194.0,-0.3566298183514295,4.254999999999996,3.1592857142857134,45.53470495139044,1.9321862299940449,AMZN,0,0,0,0,0,0.0,0.0,0.0,0.0,[],True
2026-02-04,-1.4267629222089593,-0.0240045452939149,-0.0413546210188462,0.0073507156137846,1.6999999999999886,1.225306731883908,1578846.3,322162.3273680056,5571623.0,-0.4707663483257938,5.659999999999997,3.14642857142857,45.72077185017024,1.2524137116969314,AMZN,0,0,0,0,0,0.0,0.0,0.0,0.0,[],True
2026-02-05,-2.782849694253098,-0.0461848559506475,-0.0793378168649766,-0.0506763965348013,-11.875,1.9205063881481703,1675062.9,480589.5651705657,2354654.0,-0.0393495147430666,10.514999999999986,3.7975,35.24875387943199,-0.1332475343956787,AMZN,0,0,0,0,0,0.0,0.0,0.0,0.0,[],True
2026-02-06,-3.1457032024690705,-0.0564275351075051,-0.1222027388109553,-0.1208446581643319,-28.90000000000001,3.656948331911967,1974918.25,1321045.0587980433,-4867520.0,0.347706143158595,12.205000000000013,4.6014285714285705,27.6156473144986,-2.190979308007911,AMZN,0,0,1,0,1,0.3346717630400517,0.5,0.16733588152002585,9.82009801194694,"[{""name"": ""volume_spike"", ""value"": 3.656948331911967, ""threshold"": 1.5, ""triggered"": true, ""z_score"": null}, {""name"": ""large_return"", ""value"": -3.1457032024690705, ""threshold"": 0.05, ""triggered"": true, ""z_score"": null}]",False
2026-02-09,-0.2738327569825429,-0.0076151285272523,-0.1409308932210716,-0.1246958637469586,-29.724999999999994,1.6018893184982073,2070990.15,1346357.354012526,-8185017.0,0.3415681316688779,1.5949999999999989,4.139642857142856,30.6962298334915,-3.9054303635957126,AMZN,0,0,0,0,0,0.0,0.0,0.0,0.0,[],True
2026-02-10,-0.293967552495388,-0.0081566324480314,-0.132715920043582,-0.1541778204630443,-37.725,1.0773000340248762,2115951.85,1337059.9475440723,-10464532.0,0.360059852520381,1.6949999999999932,4.2435714285714266,29.540481400437628,-5.339368593887059,AMZN,0,0,0,0,0,0.0,0.0,0.0,0.0,[],True
2026-02-11,-0.6083400982371051,-0.0136705201121889,-0.1237069150534403,-0.1599456834828408,-38.870000000000005,1.049816960481339,2161104.35,1325589.769830268,-12733296.0,0.3812289200113706,2.8100000000000023,4.225714285714283,24.49290060851925,-6.626136511136593,AMZN,0,0,0,0,0,0.0,0.0,0.0,0.0,[],True
2026-02-12,-1.130795210150516,-0.0227901862708418,-0.1029646445348497,-0.174133471288153,-42.07499999999999,1.3521198128895668,2218208.75,1336364.7294094411,-15732580.0,0.4035519234419453,4.599999999999994,4.209999999999998,16.406515100101785,-7.925728053014268,AMZN,0,0,0,0,0,0.0,0.0,0.0,0.0,[],True
2026-02-13,-0.0638808242241759,-0.0036900874023844,-0.0543876337693222,-0.1699440547762191,-40.70500000000001,0.8619015229821959,2240604.0,1327121.3416177384,-17663760.0,0.3981016069712657,0.7350000000000136,4.207499999999998,16.416263475086993,-8.912237345904003,AMZN,0,0,0,0,0,0.0,0.0,0.0,0.0,[],True
2026-02-17,0.8183034195241877,0.0121483271771821,-0.0355131676691188,-0.1714391584494718,-41.63999999999999,1.1062858471144568,2314473.25,1300143.6721839996,-15103291.0,0.4969964638372761,2.430000000000007,3.930714285714284,10.530619662002536,-9.38973337485291,AMZN,0,0,0,0,0,0.0,0.0,0.0,0.0,[],True
2026-02-18,1.0810455968242718,0.0169247126673504,-0.0110166215693854,-0.1422704605456145,-33.94999999999999,0.790805078190325,2315647.75,1299672.3367058777,-13272065.0,0.518608598659114,3.4350000000000023,4.057142857142856,16.249999999999986,-9.382817347677816,AMZN,0,0,0,0,0,0.0,0.0,0.0,0.0,[],True
2026-02-19,0.1423886967526084,0.0012206734749764,0.0038207200587803,-0.1203588444864145,-28.039999999999992,0.5462013306856954,2285408.2,1317909.1855347652,-12023772.0,0.5726694357434077,0.25,3.975357142857141,17.033510017069446,-9.2505290945044,AMZN,0,0,0,0,0,0.0,0.0,0.0,0.0,[],True
2026-02-20,1.542474409323344,0.0252482696274531,0.053219744424956,-0.0552246521768449,-12.285000000000023,0.8899360185358772,2329924.8,1293528.7596261073,-9950288.0,0.7914703364694732,5.239999999999981,4.199285714285712,25.038271814934475,-8.623459618718925,AMZN,0,0,0,0,0,0.0,0.0,0.0,0.0,[],True
2026-02-23,-1.299987162647308,-0.0234444030144327,0.0326182632095164,-0.0235434007134363,-4.949999999999989,0.7469681885536082,2350900.65,1279901.7232348784,-11706336.0,0.7549660465755816,4.869999999999976,4.306785714285711,18.83240733062442,-8.422382854286212,AMZN,0,0,0,0,0,0.0,0.0,0.0,0.0,[],True
2026-02-24,1.0179093445495035,0.0159462185417839,0.0365474918631518,-0.0002635930123888,-0.0550000000000068,0.5988531042715797,2352506.8,1278634.3600494706,-10297530.0,0.9975173379342754,3.299999999999983,4.238571428571425,24.69666329625882,-7.905614644496637,AMZN,0,0,0,0,0,0.0,0.0,0.0,0.0,[],True
2026-02-25,0.6595541402918742,0.0098743855717068,0.0292651944498729,0.0179261693080787,3.70999999999998,0.4951795092008934,2319421.5,1301756.31320004,-9149000.0,0.8679409394311649,2.069999999999993,3.982142857142853,29.99999999999997,-7.245518586747011,AMZN,0,0,0,0,0,0.0,0.0,0.0,0.0,[],True
2026-02-26,-0.6820455947058026,-0.013139537805144,0.014590347923681,0.0184668136174379,3.769999999999982,0.7871149877807043,2332253.9,1295323.4356267906,-10984752.0,1.0312706600307824,2.75,3.427499999999997,34.8546420756486,-6.865152517720986,AMZN,0,0,0,0,0,0.0,0.0,0.0,0.0,[],True
2026-02-27,0.6891018279901888,0.0100255664047634,-0.0007374982157301,0.0524429967426709,10.464999999999977,0.7375268370736341,2326143.15,1298064.152721814,-9269159.0,1.3428750041071853,2.094999999999999,2.705357142857139,49.68976897689768,-6.321787050333427,AMZN,0,0,0,0,0,0.0,0.0,0.0,0.0,[],True
2026-03-02,-0.389074391210248,-0.0083916576362484,0.0144179249878226,0.0475064758695269,9.444999999999991,0.8084816110335206,2310740.25,1301758.8764510683,-11137350.0,1.3405814511118912,1.7549999999999957,2.71678571428571,49.48074142237412,-5.964030207789506,AMZN,0,0,0,0,0,0.0,0.0,0.0,0.0,[],True
2026-03-03,0.2083104435168326,0.0017750490400327,0.0001438159156279,0.036696563889786,7.384999999999991,0.8535066598207788,2337461.55,1288810.5012915677,-9142311.0,1.1638539523137583,0.3700000000000045,2.6221428571428538,52.27458458185779,-5.586254559553765,AMZN,0,0,0,0,0,0.0,0.0,0.0,0.0,[],True
2026-03-04,2.368201683192209,0.0384359838883951,0.0291213746617933,0.0592388118037912,12.125,1.0046406466141482,2348541.25,1287956.340097913,-6782871.0,1.8614137068442107,8.175000000000011,3.00535714285714,65.03862150920976,-4.574478714815768,AMZN,0,0,0,0,0,0.0,0.0,0.0,0.0,[],True
2026-03-05,0.5731509194798811,0.0094796142258159,0.0526644863409004,0.0680232274435173,13.939999999999998,1.3249503140781385,2411573.45,1297443.2966473356,-3587656.0,1.709868245900525,2.0649999999999977,2.824285714285712,74.43095599393021,-3.5649166858635795,AMZN,0,0,0,0,0,0.0,0.0,0.0,0.0,[],True
2026-03-06,-1.4351033099917996,-0.0268102642071953,0.0145941956526916,0.0138459342437076,2.910000000000025,0.9255974143611146,2359942.85,1284184.6481092607,-5772013.0,1.1976560239957497,5.789999999999992,3.185357142857139,65.99394550958631,-3.1952037949652947,AMZN,0,0,0,0,0,0.0,0.0,0.0,0.0,[],True
2026-03-09,0.1553162459263643,0.0019457311418998,0.025136848170556,0.039917194349732,8.194999999999993,1.18989436153002,2125276.9,590243.0986667072,-3243158.0,-0.0298771141473274,0.414999999999992,3.041428571428566,64.38468764678255,-2.83602470614224,AMZN,0,0,0,0,0,0.0,0.0,0.0,0.0,[],True
2026-03-10,0.2571998032323511,0.003763489288833,0.0271772995254757,0.0273250239693194,5.700000000000017,0.58554669082456,2018498.3,555349.2048384959,-2061233.0,-0.0628937125662816,0.8050000000000068,2.853571428571424,62.04005006257825,-2.4580806940313664,AMZN,0,0,0,0,0,0.0,0.0,0.0,0.0,[],True
2026-03-11,-0.3674375470659153,-0.0078233364609213,-0.019256935956274,0.0093036502586985,1.960000000000008,0.678165042938199,1971368.2,571786.0256736294,-3398146.0,-0.0633878858520445,1.670000000000016,2.954999999999996,59.30626057529611,-2.2671777706507044,AMZN,0,0,0,0,0,0.0,0.0,0.0,0.0,[],True
2026-03-12,-0.7310309676663863,-0.0145196122480501,-0.0425138209896285,0.007911696806464,1.6450000000000102,0.8364799701953748,1939027.9,572371.394421206,-5020104.0,-0.0510671053474746,3.0649999999999977,2.7996428571428544,49.22821788493431,-2.336274593977521,AMZN,0,0,0,0,0,0.0,0.0,0.0,0.0,[],True
2026-03-13,-0.4308501527634997,-0.0089392228884932,-0.0252487328702836,-0.0110230221650834,-2.3149999999999977,0.775695111446226,1861251.9,524390.9981270923,-6463868.0,-0.276456391000614,1.865000000000009,2.585,53.31583310306711,-2.5125609986469613,AMZN,0,0,0,0,0,0.0,0.0,0.0,0.0,[],True
2026-03-16,1.1450198058448613,0.019429659435548,-0.0080563947633434,0.0168779410352444,3.515000000000015,1.0342124162246749,1860922.35,524346.8085161608,-4539279.0,-0.1588794834193872,4.075000000000017,2.640357142857145,54.29460300284053,-2.2969727288164847,AMZN,0,1,0,0,1,0.28896508554640893,0.5,0.14448254277320446,2.548338795313519,"[{""name"": ""large_return"", ""value"": 1.1450198058448613, ""threshold"": 0.05, ""triggered"": true, ""z_score"": null}]",False
2026-03-17,0.9625767498676514,0.0167170028957813,0.0048763415772281,0.0321861668983367,6.715000000000003,0.9850416352303982,1822669.15,497864.53440990206,-2743874.0,-0.1113009359304576,3.569999999999993,2.7475000000000023,56.076953074223326,-1.8171018880226484,AMZN,0,0,0,1,1,0.30670222641406625,0.5,0.15335111320703312,2.31938942912902,"[{""name"": ""large_return"", ""value"": 0.9625767498676514, ""threshold"": 0.05, ""triggered"": true, ""z_score"": null}]",False
2026-03-18,-1.3842627019528762,-0.0259913729100564,-0.0132154446691435,-0.0322178916537903,-6.985000000000014,0.8880940381882546,1811549.15,500141.84214189,-4352700.0,0.132877080854481,5.525000000000006,2.9457142857142884,52.3035887487876,-1.861167731981624,AMZN,0,0,1,0,1,0.4083164462727558,0.5,0.2041582231363779,3.5983680438366084,"[{""name"": ""large_return"", ""value"": -1.3842627019528762, ""threshold"": 0.05, ""triggered"": true, ""z_score"": null}]",False
2026-03-19,-0.2141689505134091,-0.005064753528127,-0.0038412902917949,-0.0461918033535889,-10.110000000000014,0.8494284119856936,1826717.8,486576.4063571448,-5904366.0,0.135466671443943,1.0600000000000025,2.8717857142857173,48.43924884964558,-1.959040769476757,AMZN,0,0,0,0,0,0.0,0.0,0.0,0.0,[],True
2026-03-20,-0.8335236279311853,-0.0166642347305394,-0.0115069812229176,-0.0364651773981603,-7.77000000000001,0.6822199076850979,1783894.0,501185.4531781324,-7121374.0,-0.058928786908428,3.4499999999999886,2.992857142857145,46.47971360381864,-2.2886103484888736,AMZN,0,0,0,0,0,0.0,0.0,0.0,0.0,[],True
2026-03-23,1.3842364151801985,0.0235859990058792,-0.0073899185456262,-0.0153867772078971,-3.2849999999999966,0.94769483910644,1780458.15,501621.7500855327,-5434043.0,-0.0731295470165243,4.900000000000006,3.316428571428574,51.70148610811976,-2.129855912119581,AMZN,0,0,0,0,0,0.0,0.0,0.0,0.0,[],True
2026-03-24,-0.6715446358450272,-0.0140364947966976,-0.0374515312637859,-0.0327578161455903,-7.02000000000001,0.8980706275295305,1790413.75,495799.4992860564,-7041961.0,-0.1157391577052393,2.930000000000007,2.9417857142857167,38.4363239043341,-2.2149359871906995,AMZN,0,0,0,0,0,0.0,0.0,0.0,0.0,[],True
2026-03-25,1.2426295253665116,0.0211704943603362,0.0090315508531122,-0.0043032497766072,-0.914999999999992,0.7740488131964882,1802758.4,481853.9231995321,-5646538.0,0.02660650095468,4.435000000000002,3.111071428571431,41.78624727356217,-1.9025635561245904,AMZN,0,0,0,0,0,0.0,0.0,0.0,0.0,[],True
2026-03-26,-0.9625378644068764,-0.0197242230770478,-0.0056524238359838,-0.0094720015269724,-1.9849999999999848,1.1958660642537011,1819781.55,489041.294375078,-7822753.0,0.0999782185007385,4.134999999999991,2.992857142857145,43.436754176610975,-1.966003234849154,AMZN,0,0,0,0,0,0.0,0.0,0.0,0.0,[],True
2026-03-27,-1.9934415187733208,-0.0403544126824074,-0.0289318591398373,-0.0401059220028887,-8.329999999999984,1.2571488793078989,1850307.5,501101.1539155824,-10148865.0,0.7208655286826184,8.210000000000008,3.5496428571428607,35.78830868296612,-2.648230866501166,AMZN,0,0,0,0,0,0.0,0.0,0.0,0.0,[],True
2026-03-30,0.5236115286804404,0.0078688439195212,-0.0440749726464012,-0.0511391807342699,-10.830000000000013,1.2052428864679114,1869561.75,509157.9339413877,-7895589.0,0.7299545872219502,1.5749999999999886,3.60464285714286,36.76805706925592,-3.0269193999436084,AMZN,0,0,0,0,0,0.0,0.0,0.0,0.0,[],True
2026-03-31,1.9939104486051145,0.0363800853087414,0.0053550752605171,-0.0322970117718081,-6.9550000000000125,0.9440333676763422,1857486.25,508889.2412331301,-6142060.0,1.410888147985365,7.444999999999993,4.017142857142858,46.230440967283066,-2.695214753496004,AMZN,0,0,0,0,0,0.0,0.0,0.0,0.0,[],True
2026-04-01,0.5850294845211915,0.0105492756168768,-0.0052665139456344,0.003717472118959,0.7800000000000011,0.9126582411474125,1822688.85,496400.515181281,-4478568.0,0.6562802424380948,2.210000000000008,3.95607142857143,50.93436851132978,-2.2283212013961133,AMZN,0,0,0,1,1,0.3221080021352181,0.5,0.16105400106760906,2.4084164681845666,"[{""name"": ""large_return"", ""value"": 0.5850294845211915, ""threshold"": 0.05, ""triggered"": true, ""z_score"": null}]",False
2026-04-02,-0.1547631349483313,-0.0045688257659096,0.0099238847673184,0.0042153669285303,0.8799999999999955,0.5323918626679391,1708405.15,421192.0202038479,-5388109.0,0.5684921875708473,0.960000000000008,3.891428571428573,51.780469897209976,-1.913708632640976,AMZN,0,0,0,0,0,0.0,0.0,0.0,0.0,[],True
2026-04-06,0.8831856187360602,0.0147964963220337,0.0671866379094145,0.0363109444255027,7.454999999999984,0.4697029770200269,1637647.7,454572.1197035746,-4618901.0,0.3126240207575413,3.125,3.823571428571429,50.92471511302072,-1.3961209091702074,AMZN,0,0,1,0,1,0.36123145797926776,0.5,0.18061572898963388,2.135125522559261,"[{""name"": ""large_return"", ""value"": 0.8831856187360602, ""threshold"": 0.05, ""triggered"": true, ""z_score"": null}]",False
2026-04-07,0.3525359714633157,0.0048994999258901,0.0640224937171862,0.0171257314114456,3.5999999999999943,0.6985907124469511,1565901.15,418299.44511297054,-3524977.0,0.2982013312227661,1.045000000000016,3.6432142857142873,48.49524556416038,-0.8913314288535901,AMZN,0,0,1,0,1,0.4281409112943673,0.5,0.21407045564718366,1.8016264631867718,"[{""name"": ""large_return"", ""value"": 0.3525359714633157, ""threshold"": 0.05, ""triggered"": true, ""z_score"": null}]",False
2026-04-08,1.942271356804332,0.0345670302720647,0.0620951101300446,0.0677827093786183,14.050000000000011,0.8403101372523851,1572890.7,412675.84560576384,-2203261.0,0.9516640275226828,7.52000000000001,3.785714285714288,60.85849056603775,0.1142025677346509,AMZN,1,0,0,0,1,0.3634801260640058,0.5,0.1817400630320029,2.1283102263752904,"[{""name"": ""high_volatility"", ""value"": 0.9516640275226828, ""threshold"": 0.8, ""triggered"": true, ""z_score"": null}, {""name"": ""large_return"", ""value"": 1.942271356804332, ""threshold"": 0.05, ""triggered"": true, ""z_score"": null}]",False
2026-04-09,2.86690622398397,0.0536557480595814,0.1088793922127255,0.1030394634296105,21.815,1.79253149806896,1654315.7,512299.1511947425,762152.0,2.290104559469133,12.199999999999989,4.581428571428573,69.30932335516059,1.873932022979204,AMZN,0,0,0,0,0,0.0,0.0,0.0,0.0,[],True
2026-04-10,1.0237959420085578,0.0207232757763202,0.1372829612669337,0.1485692263223816,30.83999999999997,1.4216965015981269,1693607.6,539120.4562017667,3169948.0,2.100208691278173,4.889999999999986,4.684285714285715,75.24397682220187,3.621367556028588,AMZN,0,0,0,0,0,0.0,0.0,0.0,0.0,[],True
2026-04-13,0.3058229564840286,0.0063967440143989,0.1277700749653374,0.2035411546371068,40.579999999999984,0.8291998982472358,1691551.1,540201.0194655037,4572582.0,1.8977464409825824,1.5300000000000011,4.443571428571429,73.90290950008036,5.0712231154715255,AMZN,0,0,0,0,0,0.0,0.0,0.0,0.0,[],True
2026-04-14,1.7904767593771342,0.0373034131503577,0.1649127730227773,0.2394933937146981,48.125,1.7796051985382766,1751138.4,626150.1106232571,7688917.0,2.20659360447652,9.120000000000005,4.885714285714286,80.54824561403508,6.87687948693852,AMZN,0,0,1,0,1,0.2871011988697265,0.5,0.14355059943486326,5.759772607058774,"[{""name"": ""volume_spike"", ""value"": 1.7796051985382766, ""threshold"": 1.5, ""triggered"": true, ""z_score"": null}, {""name"": ""high_volatility"", ""value"": 2.20659360447652, ""threshold"": 0.8, ""triggered"": true, ""z_score"": null}, {""name"": ""large_return"", ""value"": 1.7904767593771342, ""threshold"": 0.05, ""triggered"": true, ""z_score"": null}]",False
2026-04-15,-0.1591300783940706,-0.0024521146690812,0.1225771472461934,0.1922836988339173,40.07000000000002,0.8774868433804611,1737604.4,628065.3407317302,6164192.0,2.126138569872132,0.6099999999999852,4.612499999999999,78.45141308555944,8.164537561598564,AMZN,0,0,0,0,0,0.0,0.0,0.0,0.0,[],True
2026-04-16,0.1924162648941828,0.004998354328553,0.06926304971524,0.1856837606837607,39.10500000000002,1.1808384031190629,1761144.45,631796.4477276795,8243819.0,1.4932821990851095,1.2450000000000043,4.406071428571429,84.1452541136419,9.179659556712863,AMZN,0,0,0,0,0,0.0,0.0,0.0,0.0,[],True
2026-04-17,0.0774195323527757,0.0031387784543241,0.0506249475715125,0.1948578515550467,40.85000000000002,0.7194482423741302,1746382.75,640339.6942371075,9500251.0,1.358841995777011,0.7849999999999966,3.875714285714285,97.10652414301512,9.9329926348598,AMZN,0,0,0,0,0,0.0,0.0,0.0,0.0,[],True
2026-04-20,-0.4814051009703938,-0.008620224579712,0.0349656178370494,0.1672032524146358,35.57500000000002,0.8266359610556694,1758202.0,632183.9768259514,8046858.0,1.1365735448900394,2.1500000000000057,3.916785714285715,93.21601167137776,10.238504389705897,AMZN,0,0,0,0,0,0.0,0.0,0.0,0.0,[],True
2026-04-21,0.2336896436405754,0.0060819746084845,0.0031517244148231,0.1685842570506524,36.04499999999999,0.8352737761070285,1746787.75,635582.6561091208,9505904.0,0.9972456675383188,1.5149999999999864,3.4932142857142856,92.3934158061548,10.48204203934648,AMZN,0,0,0,0,0,0.0,0.0,0.0,0.0,[],True
2026-04-22,1.0105665332888212,0.0218131446730748,0.0277911937535217,0.153774906248588,34.035,0.7081299381644728,1727558.65,645741.6260053475,10729240.0,0.7466584232858343,5.510000000000019,3.728928571428572,92.8742457619002,10.99293857921478,AMZN,0,0,0,0,0,0.0,0.0,0.0,0.0,[],True
2026-04-23,-0.1215893799242758,-0.0011950826715018,0.0214453054604433,0.0921937224339486,21.53,0.7913879233544181,1726087.75,646570.9707638554,9363235.0,0.7208373293424886,0.3050000000000068,3.682142857142858,94.05431619786616,11.243607508408331,AMZN,0,0,0,0,0,0.0,0.0,0.0,0.0,[],True
2026-04-24,1.6341558040866713,0.0342987649164669,0.05377460178051,0.1071218857478399,25.539999999999992,1.3001716632348088,1729723.9,649433.753173195,11612173.0,0.5018578441141325,8.899999999999977,4.094642857142857,94.6532926297427,12.021839774774662,AMZN,0,0,0,0,0,0.0,0.0,0.0,0.0,[],True
2026-04-27,-0.5955698224035073,-0.0111047702609737,0.0511597004107273,0.0879141487809962,21.095000000000027,1.0791260939862115,1705437.4,634876.2649060807,9771791.0,-0.8243415721033355,2.914999999999964,4.228214285714281,89.89779542191069,12.26202927378219,AMZN,0,0,0,0,0,0.0,0.0,0.0,0.0,[],True
2026-04-28,-0.3114897816431903,-0.0051271823584551,0.0394428768685837,0.0427189143614243,10.639999999999986,1.1929341976760703,1693803.4,626383.9572231792,7751195.0,-0.6271875468915081,1.3350000000000364,3.786428571428569,86.20071684587813,12.203977977861795,AMZN,0,0,0,0,0,0.0,0.0,0.0,0.0,[],True
2026-04-29,0.5621236391730958,0.0134245605103856,0.0307598927026022,0.0594059405940594,14.76000000000002,1.6424392115307915,1749826.1,679832.2648433922,10625178.0,-1.0245497127488228,3.510000000000048,3.165714285714288,83.49503610108304,12.299419521196398,AMZN,0,0,0,0,0,0.0,0.0,0.0,0.0,[],True
2026-04-30,0.2519379960157995,0.0068905735854627,0.0391280483023603,0.0614124667107187,15.335000000000008,1.9232764084896588,1843975.2,788885.7997953165,14171652.0,-1.013219835669812,1.8199999999999927,2.9464285714285734,82.26666666666668,12.37921651929392,AMZN,0,0,0,0,0,0.0,0.0,0.0,0.0,[],True
2026-05-01,0.4877069112747054,0.0121877270345589,0.0164040006061525,0.0710607209868658,17.80000000000001,1.1025196456243331,1903426.4,758996.3971123431,16270217.0,-1.2133842953361256,3.25,3.069285714285716,82.97649522922971,12.559921101629072,AMZN,0,0,0,0,0,0.0,0.0,0.0,0.0,[],True
2026-05-04,0.5572966643090128,0.0141011607630011,0.0423490202838592,0.0956752838849963,23.76000000000002,0.8494118415995684,1947685.35,713841.6172746543,17924604.0,-1.2419404247505992,3.8100000000000014,2.6900000000000017,80.57620817843868,12.86229738577623,AMZN,0,0,0,0,0,0.0,0.0,0.0,0.0,[],True
2026-05-05,0.0896226604828569,0.0053330527477045,0.0533094605521544,0.0948550159092274,23.700000000000017,0.8025322751036218,1972123.8,691078.2365850763,19507297.0,-1.2230313234178627,1.454999999999984,2.7503571428571445,82.5866770549279,13.06869137038413,AMZN,0,0,0,0,0,0.0,0.0,0.0,0.0,[],True
2026-05-06,0.0351171892802985,0.0051956692121825,0.0446774561203555,0.076811622579445,19.61500000000001,0.93698310818844,1999723.35,674560.8438698854,21381004.0,-1.5335783450188762,1.4250000000000114,2.763214285714288,82.66770065917021,13.19514031706683,AMZN,0,0,0,0,0,0.0,0.0,0.0,0.0,[],True
2026-05-07,-1.0327727334313568,-0.0142843874811756,0.0227890129791727,0.0628087508821453,16.019999999999982,0.8670877082753122,1935359.0,637991.3905522894,19702878.0,-2.656791376351358,3.900000000000034,2.9857142857142907,74.62918660287075,12.832726924102417,AMZN,0,0,0,0,0,0.0,0.0,0.0,0.0,[],True
2026-05-08,0.0375717922285745,0.0053530659546015,0.0158224309515822,0.0324859827246555,8.575000000000045,0.9643004042742532,1906910.95,628430.024015109,21541713.0,-2.618347089623468,1.455000000000041,2.936071428571436,79.43072618902805,12.518611280906924,AMZN,0,0,0,0,0,0.0,0.0,0.0,0.0,[],True
2026-05-11,-0.9860750971657362,-0.0131300188271104,-0.0114663726571113,0.0303970579785095,7.935000000000002,0.7506548655501682,1908407.0,627200.7639745965,20109158.0,-2.154216150646718,3.555000000000007,3.081785714285723,72.16363425657663,11.84625730084312,AMZN,0,0,0,0,0,0.0,0.0,0.0,0.0,[],True
2026-05-12,-0.930065736214469,-0.0117424033490644,-0.0282027380234323,0.0236032497785991,6.129999999999996,0.9032285937987014,1835483.3,560618.1312563663,18451297.0,-2.681355182892444,3.140000000000043,2.9125000000000107,62.84488044144688,10.933999825854755,AMZN,0,0,0,0,0,0.0,0.0,0.0,0.0,[],True
2026-05-13,0.6148232256322067,0.0160642278362913,-0.0175830969525058,0.0263087911252941,6.9249999999999545,1.2551155613275204,1877042.3,567138.9928944936,20807202.0,-2.40261863164278,4.305000000000007,3.1982142857142963,66.8453378001116,10.438083002705923,AMZN,0,0,0,0,0,0.0,0.0,0.0,0.0,[],True
2026-05-14,-0.8753713206067506,-0.0109239857707423,-0.0142762284196547,0.0081874434047688,2.169999999999959,0.8884583460591021,1855487.1,567226.5900541089,19158679.0,-2.101888497692067,2.9350000000000023,2.7721428571428697,54.18706518938416,9.696460614168188,AMZN,0,0,0,0,0,0.0,0.0,0.0,0.0,[],True
2026-05-15,-0.8655104512368929,-0.0112527766616796,-0.0305098427724879,-0.015170151701517,-4.069999999999993,0.981808246110131,1885211.3,549480.9706790884,17307763.0,-1.8562060558267477,2.9899999999999523,2.7775000000000114,54.08255111225408,8.766397938086868,AMZN,0,0,0,0,0,0.0,0.0,0.0,0.0,[],True
2026-05-18,-0.1246265179465709,0.0021172030593025,-0.0156145438322553,-0.0269018743109152,-7.32000000000005,0.9850149624823296,1906435.0,540040.7095436627,19185630.0,-1.8566936624098072,0.5599999999999454,2.7221428571428623,56.65179742849645,7.982486748130384,AMZN,0,0,0,0,0,0.0,0.0,0.0,0.0,[],True
2026-05-19,-1.342145170481718,-0.0205665718714134,-0.0242627144146855,-0.051781177459743,-14.16500000000002,1.0006990482332918,1930052.8,529674.4688239746,17254228.0,-1.457757721992572,5.389999999999986,2.856428571428572,45.211302825706376,6.847371294482116,AMZN,0,0,0,0,0,0.0,0.0,0.0,0.0,[],True
2026-05-20,0.9706904580118584,0.0213971053481249,-0.0190453275093005,-0.0362935486217179,-9.980000000000018,0.8538343111765951,1952230.05,507341.8845272197,18921109.0,-1.413215357924415,5.610000000000014,3.1271428571428594,49.95431703974416,6.327524471316337,AMZN,0,0,0,0,0,0.0,0.0,0.0,0.0,[],True
2026-05-21,0.498087795718477,0.0131210879626972,0.004827663635343,-0.009517485613103,-2.579999999999984,0.8340290455140865,1965911.15,494221.20424566034,20560736.0,-1.301047678734064,3.5,3.1450000000000022,50.23847376788552,6.127330812467676,AMZN,0,0,0,0,0,0.0,0.0,0.0,0.0,[],True
2026-05-22,-0.6880829587125106,-0.0083400823755609,0.0077586859435316,-0.0229878731172145,-6.265000000000043,0.7418689974009074,1924864.1,503481.9603975704,19132739.0,-1.8671687594064856,2.230000000000018,3.0321428571428606,43.133097762072985,5.722765059096616,AMZN,0,0,0,0,0,0.0,0.0,0.0,0.0,[],True
2026-05-26,-0.4439495649807158,-0.0037626563562414,0.0018505929450864,-0.0137928470518255,-3.710000000000037,0.8731807863984188,1916518.35,506331.3794384372,17459272.0,-1.8569563317311957,1.0,2.9996428571428617,40.13573044410048,5.260808812904486,AMZN,0,0,0,0,0,0.0,0.0,0.0,0.0,[],True
2026-05-27,1.1436107711489336,0.0245022683748127,0.0480357762442655,0.0226075835088777,6.010000000000048,0.9570688280958168,1906732.25,506105.3055010432,19284146.0,-1.4724642774992556,6.580000000000041,3.367857142857149,46.68080593849418,5.363825328703797,AMZN,0,0,0,0,0,0.0,0.0,0.0,0.0,[],True
2026-05-28,0.1764394045756547,0.0078046674313137,0.0338867924528303,0.0141960798830258,3.835000000000037,0.821075882088165,1838510.95,458590.53374861646,20793703.0,-1.4734306573193328,2.1299999999999955,3.241428571428575,53.19524019391807,5.553324589472993,AMZN,0,0,0,0,0,0.0,0.0,0.0,0.0,[],True
2026-05-29,-0.9318076653816268,-0.0123764410543681,0.0078584729981379,0.0127240746978034,3.400000000000034,0.8744326694874945,1737137.75,226554.6104206007,19274693.0,-1.3234244894945633,3.3700000000000045,3.3782142857142867,47.96490115234168,5.369675012132916,AMZN,0,0,0,0,0,0.0,0.0,0.0,0.0,[],True
2026-06-01,-2.168146306758917,-0.0353922725665993,-0.0190408232245464,-0.0114298690485202,-3.0200000000000387,1.3289341468122118,1748383.85,249827.2170481635,16951206.0,-0.723733701689305,9.410000000000023,3.796428571428574,42.68109125117589,4.413941867354993,AMZN,0,0,0,0,0,0.0,0.0,0.0,0.0,[],True
2026-06-02,-1.1360005817417889,-0.0180407805663024,-0.0329475628604818,-0.0311579424427826,-8.25,0.9535072773600703,1749051.15,249580.63512858545,15283473.0,-0.7034279349804764,4.670000000000016,3.905714285714286,41.48683247988295,3.242311148599015,AMZN,0,0,0,0,0,0.0,0.0,0.0,0.0,[],True
2026-06-03,-1.5727853561241132,-0.0258246997737484,-0.0804119919073018,-0.0362388681136511,-9.399999999999975,1.522948635626969,1807557.35,332053.4765094779,12530656.0,-0.4811480037217081,6.539999999999964,4.06535714285714,32.29377141351138,1.7657080367691265,AMZN,0,0,0,0,0,0.0,0.0,0.0,0.0,[],True
2026-06-04,0.6784413810543461,0.0153423208084639,-0.0734542667347982,-0.042056603773585,-11.14500000000001,1.0168537847982266,1805677.5,331765.57313902327,14366766.0,-0.3344636859247092,3.8649999999999807,4.13178571428571,38.45621920650013,0.8970223162554589,AMZN,0,0,0,0,0,0.0,0.0,0.0,0.0,[],True
2026-06-05,-1.780880269228191,-0.0308221316664793,-0.0903883818040722,-0.083240223463687,-22.349999999999994,1.3939968917253909,1850769.55,372324.7380049741,11786799.0,-0.066851144570321,7.704999999999984,4.468571428571427,35.55786445012785,-0.4084382604006009,AMZN,0,0,0,0,0,0.0,0.0,0.0,0.0,[],True
2026-06-08,-0.3360390301707775,-0.0038261199395007,-0.0612174578866767,-0.0790926503173469,-21.05999999999997,0.7320051667163796,1825646.95,389717.62306363217,10450416.0,-0.1157196529159826,0.9399999999999976,4.495714285714287,34.45344772799494,-1.5015661964085891,AMZN,0,0,0,0,0,0.0,0.0,0.0,0.0,[],True
2026-06-09,-0.3737124849336062,-0.0043321957570394,-0.0482594628308579,-0.0796169940061068,-21.119999999999976,1.241952555546112,1870151.15,393271.3024348044,8127777.0,-0.1467257307484606,1.0600000000000025,4.186428571428574,36.9988056645624,-2.4254520015840058,AMZN,0,0,0,0,0,0.0,0.0,0.0,0.0,[],True
2026-06-10,-1.4820880322367271,-0.0256381752013844,-0.0480819232769311,-0.1246275519588009,-33.880000000000024,1.1288706460292923,1894171.85,394292.66712608165,5989502.0,0.011545777599509,6.180000000000007,4.22714285714286,27.162892869212584,-3.61464513097684,AMZN,0,0,0,0,0,0.0,0.0,0.0,0.0,[],True
2026-06-11,0.6432564701421023,0.0143935399666962,-0.0489846565953004,-0.118840791298635,-32.56000000000003,1.1853835809752638,1888294.25,387871.36216790805,8227855.0,-0.0247662126035231,3.4499999999999886,4.223571428571431,27.101302215457466,-4.229942937413142,AMZN,0,0,0,0,0,0.0,0.0,0.0,0.0,[],True
2026-06-12,-0.7255831085921358,-0.0119173042565526,-0.0308348567946373,-0.1184361257898821,-32.05000000000001,1.1101549564216526,1911998.85,386932.4351832924,6105240.0,-0.0238019452644668,2.859999999999985,4.268571428571428,26.81559571619813,-4.891957538610654,AMZN,0,0,0,0,0,0.0,0.0,0.0,0.0,[],True
2026-06-15,1.5458713367672858,0.0311171063805817,0.0036295420252028,-0.0578101071975497,-15.099999999999994,0.9763732378185656,1912835.1,386811.52737897343,7972881.0,0.5012075345876013,7.539999999999992,4.735714285714285,35.542986425339365,-4.753399661615987,AMZN,0,0,0,0,0,0.0,0.0,0.0,0.0,[],True
2026-06-16,-0.1412566161386044,0.0002031488071994,0.0081916854392791,-0.0404631037305577,-10.379999999999969,0.9334277013882092,1907990.3,387877.8923200493,9753852.0,0.4848735626467564,0.0500000000000113,4.269285714285711,28.500920194077267,-4.58668451967867,AMZN,0,0,0,0,0,0.0,0.0,0.0,0.0,[],True
2026-06-17,-1.9900675558682708,-0.0354787893137788,-0.0016808841450602,-0.0496819872794912,-12.420000000000016,1.067634895385844,1913569.9,389033.2944928894,7710858.0,0.7414306492869024,8.580000000000013,4.729999999999998,22.5083056478405,-5.088241778620329,AMZN,0,0,0,0,0,0.0,0.0,0.0,0.0,[],True
2026-06-18,1.4018046395362898,0.0292027886013583,0.0132134868693565,-0.036418427842666,-9.244999999999976,1.2268392914180728,1949832.4,398514.1558062132,10102989.0,0.8999661311893038,7.0400000000000205,4.9921428571428565,31.3993418228645,-4.861618642137358,AMZN,0,0,0,0,0,0.0,0.0,0.0,0.0,[],True
2026-06-22,-2.555235694607753,-0.0486695713020473,-0.0233484238765928,-0.053463335364615,-13.159999999999997,1.3091455924779123,1998679.15,417891.8258918077,7486427.0,1.380220193265377,11.620000000000005,5.149999999999998,30.4368932038835,-5.5556134082303,AMZN,0,0,0,0,0,0.0,0.0,0.0,0.0,[],True
2026-06-23,0.1495435932993199,0.0048809824596597,-0.0486387647297846,-0.0451857591452224,-11.080000000000013,1.2090680358626638,2051286.55,408386.97221920296,9966572.0,1.3770075253827174,1.1399999999999864,4.897857142857139,33.66632638179962,-5.9450894966708745,AMZN,0,0,0,0,0,0.0,0.0,0.0,0.0,[],True
2026-06-24,-0.0601931255547587,0.0009818780271865,-0.0478976234003656,-0.0400983002252712,-9.789999999999992,1.6452477242932464,2143982.3,514683.2744143799,13493954.0,1.347530395081524,0.2300000000000182,4.447142857142857,37.447799550273054,-6.164136694204984,AMZN,0,0,0,0,0,0.0,0.0,0.0,0.0,[],True
2026-06-25,-1.7122246661499858,-0.031335853893263,-0.0439449425432504,-0.0455519603311341,-10.840000000000003,2.198205770371666,2306215.4,826015.2080930426,8424418.0,1.161591922244005,7.230000000000018,4.687500000000002,29.638095238095246,-6.842260433649614,AMZN,0,0,0,0,0,0.0,0.0,0.0,0.0,[],True
2026-06-26,0.6463152344439833,0.0151620670516336,-0.0572748456727035,-0.0448181592245878,-10.819999999999991,2.136248352979132,2497501.75,1045604.9364465836,13759702.0,1.2366345057564163,3.469999999999999,4.385000000000003,37.335070858446,-7.018770367019101,AMZN,0,1,0,0,1,0.3233048692149161,0.5,0.16165243460745804,4.528870008215988,"[{""name"": ""volume_spike"", ""value"": 2.136248352979132, ""threshold"": 1.5, ""triggered"": true, ""z_score"": null}, {""name"": ""high_volatility"", ""value"": 1.2366345057564163, ""threshold"": 0.8, ""triggered"": true, ""z_score"": null}, {""name"": ""large_return"", ""value"": 0.6463152344439833, ""threshold"": 0.05, ""triggered"": true, ""z_score"": null}]",False
2026-06-29,1.998001893753503,0.0404541905486837,0.0306021717670286,0.0065392354124749,1.5600000000000025,1.331715141185023,2594294.3,1039843.5776429442,17214563.0,1.9207669095884972,9.52000000000001,4.997857142857147,46.36272688294984,-6.317645438838241,AMZN,1,0,0,0,1,0.3758580805011181,0.5,0.18792904025055904,2.8328629927411004,"[{""name"": ""high_volatility"", ""value"": 1.9207669095884972, ""threshold"": 0.8, ""triggered"": true, ""z_score"": null}, {""name"": ""large_return"", ""value"": 1.998001893753503, ""threshold"": 0.05, ""triggered"": true, ""z_score"": null}]",False
2026-06-30,-0.5045694058032056,-0.0079022048084131,0.0175116388331268,-0.0319788703778951,-7.870000000000003,1.1886083407517896,2634701.35,1044457.929690366,14082935.0,1.5947186372995286,1.8900000000000148,5.057142857142862,45.819209039548014,-5.847104307769598,AMZN,0,0,1,0,1,0.385899034006838,0.5,0.192949517003419,3.1772322736118905,"[{""name"": ""high_volatility"", ""value"": 1.5947186372995286, ""threshold"": 0.8, ""triggered"": true, ""z_score"": null}, {""name"": ""large_return"", ""value"": -0.5045694058032056, ""threshold"": 0.05, ""triggered"": true, ""z_score"": null}]",False
2026-07-01,0.6077811447472782,0.0146054912633408,0.031468680662229,-0.0179362177534023,-4.414999999999992,1.0816421467114536,2697184.1,1020674.623193789,17000323.0,1.5794419129420585,3.505000000000024,4.866071428571435,52.76330275229359,-5.132211919521865,AMZN,0,0,0,1,1,0.32912782623852577,0.5,0.16456391311926288,2.6488925885414,"[{""name"": ""high_volatility"", ""value"": 1.5794419129420585, ""threshold"": 0.8, ""triggered"": true, ""z_score"": null}, {""name"": ""large_return"", ""value"": 0.6077811447472782, ""threshold"": 0.05, ""triggered"": true, ""z_score"": null}]",False
2026-07-02,0.0002027346297742,0.0023345429839098,0.0667899440848853,0.0199099212863578,4.730000000000018,0.7217981035073947,2655375.5,1035296.6553904676,18916968.0,1.3768384719094031,0.5649999999999977,4.660000000000006,50.67443286327408,-4.46855307494576,AMZN,0,0,1,0,1,0.4102321276265205,0.5,0.20511606381326025,2.649543826216929,"[{""name"": ""high_volatility"", ""value"": 1.3768384719094031, ""threshold"": 0.8, ""triggered"": true, ""z_score"": null}]",False
2026-07-06,0.2645705505028448,0.007647120273612,0.0588031222896792,-0.0018396631372389,-0.450000000000017,0.5921926116453128,2641792.5,1048311.3403010296,20481418.0,1.2798937395948224,1.8599999999999848,4.588571428571435,54.35865504358654,-3.7492926915890337,AMZN,0,0,0,0,0,0.0,0.0,0.0,0.0,[],True
2026-07-07,0.2247779593401267,0.0062875314310411,0.023238380809595,0.0545516974977466,12.70999999999998,0.6652484250706708,2599251.55,1068030.14939366,22210566.0,1.0198946346199975,1.539999999999992,4.160000000000006,49.6565934065934,-3.020193614126157,AMZN,0,0,1,0,1,0.3367216304865219,0.5,0.16836081524326094,3.0740203023768458,"[{""name"": ""high_volatility"", ""value"": 1.0198946346199975, ""threshold"": 0.8, ""triggered"": true, ""z_score"": null}, {""name"": ""large_return"", ""value"": 0.2247779593401267, ""threshold"": 0.05, ""triggered"": true, ""z_score"": null}]",False
2026-07-08,-0.5127999981341316,-0.0085837436913914,0.0225412416572219,0.0404476145731003,9.47,0.4497665730527095,2590692.75,1079309.2658567338,21045359.0,1.0475714600510264,2.0999999999999943,4.306428571428577,47.88522142975617,-2.582065349856151,AMZN,0,0,0,0,0,0.0,0.0,0.0,0.0,[],True
2026-07-09,0.7167988792093221,0.0136988443581619,0.0216145779469252,0.053763440860215,12.599999999999994,0.6465039006855697,2557223.55,1098271.2327055554,22698614.0,1.1017645816031534,3.3600000000000136,3.933571428571434,58.52551298347558,-1.9413430305578745,AMZN,0,0,0,1,1,0.31421215631517685,0.5,0.15710607815758842,3.1007094921815086,"[{""name"": ""high_volatility"", ""value"": 1.1017645816031534, ""threshold"": 0.8, ""triggered"": true, ""z_score"": null}, {""name"": ""large_return"", ""value"": 0.7167988792093221, ""threshold"": 0.05, ""triggered"": true, ""z_score"": null}]",False
2026-07-10,-0.3860289466948422,-0.0065406176579915,0.0125877011968633,0.0802183771408444,18.22,0.4680740416696426,2509030.4,1138049.8696942497,21524202.0,0.9147967720751417,1.6100000000000136,3.5457142857142907,50.74536663980659,-1.5456620905885077,AMZN,0,0,0,0,0,0.0,0.0,0.0,0.0,[],True
2026-07-13,0.454041240456931,0.0080174986733738,0.0129628112712973,0.0725281873373806,16.724999999999994,0.6879289523230998,2482502.0,1150803.9621872152,23231987.0,0.894727839092664,1.9749999999999943,2.8567857142857185,67.92099012376542,-1.0604914157909775,AMZN,0,0,0,1,1,0.3172700725564961,0.5,0.15863503627824804,3.5193543789019097,"[{""name"": ""high_volatility"", ""value"": 0.894727839092664, ""threshold"": 0.8, ""triggered"": true, ""z_score"": null}, {""name"": ""large_return"", ""value"": 0.454041240456931, ""threshold"": 0.05, ""triggered"": true, ""z_score"": null}]",False
2026-07-14,0.033662803708956,0.0006871185751931,0.0073056573056573,0.0307138097617858,7.375,0.6086998989459831,2450966.4,1169672.0924442403,24723890.0,0.8572381827012227,0.1700000000000159,2.7875000000000063,67.12363869314538,-0.6547253154135149,AMZN,0,0,1,0,1,0.33318874374971624,0.5,0.16659437187485812,3.6156801760520554,"[{""name"": ""high_volatility"", ""value"": 0.8572381827012227, ""threshold"": 0.8, ""triggered"": true, ""z_score"": null}]",False
2026-07-15,1.6753861020467389,0.0296378435702958,0.0465517241379309,0.0701422994585065,16.710000000000008,0.8011602931954925,2455965.45,1167258.974325457,26691512.0,0.838855416675333,7.444999999999993,3.302857142857148,72.2534602076124,0.2645469890464653,AMZN,0,0,0,0,0,0.0,0.0,0.0,0.0,[],True
2026-07-16,-1.091093269330143,-0.0197673254951959,0.0121072238419175,0.0339834943222949,8.214999999999975,0.8663769414852327,2474091.7,1159011.038969142,24548016.0,0.9854691208449308,4.990000000000009,3.142857142857147,75.93181818181814,0.5836971194461853,AMZN,0,0,1,0,1,0.4005241480502479,0.5,0.20026207402512394,3.956121328637055,"[{""name"": ""high_volatility"", ""value"": 0.9854691208449308, ""threshold"": 0.8, ""triggered"": true, ""z_score"": null}, {""name"": ""large_return"", ""value"": -1.091093269330143, ""threshold"": 0.05, ""triggered"": true, ""z_score"": null}]",False
2026-07-17,-0.6202589230749067,-0.011265458106611,0.0073364581210515,0.0200165084605861,4.849999999999994,0.8470896634899943,2476847.6,1157997.109094766,22449904.0,0.6144496123885927,2.799999999999983,3.095000000000003,69.09762289406876,0.6037298755206848,AMZN,0,0,1,0,1,0.3790536377909441,0.5,0.18952681889547204,3.532851851730171,"[{""name"": ""large_return"", ""value"": -0.6202589230749067, ""threshold"": 0.05, ""triggered"": true, ""z_score"": null}]",False
2025-09-18,-0.0249378706983736,0.0103090613004519,0.0487018390613296,0.0852080687175733,19.789999999999992,0.9396724218749178,1284173.05,521216.0042493217,19175132.0,0.9239002382855286,2.5849999999999795,3.629642857142857,89.7372822985339,13.271325128359166,GOOGL,0,0,0,0,0,0.0,0.0,0.0,0.0,[],True
2025-09-19,-0.0255350224953873,0.0102824103325986,0.0577362409138111,0.0833865135077642,19.599999999999994,0.7372015846629167,1296919.35,509186.4729526146,20131223.0,0.8614059658431799,2.605000000000018,3.718571428571429,89.98271225509028,13.450320714084768,GOOGL,0,0,0,0,0,0.0,0.0,0.0,0.0,[],True
2025-09-22,-0.8544298966689824,-0.0083599997915835,0.0036963434022256,0.0786809619409678,18.419999999999987,0.73562433601147,1260752.2,508417.600477113,19203783.0,0.8260780543116509,2.1200000000000045,3.751071428571428,89.2030848329049,13.2681626035953,GOOGL,0,0,0,0,0,0.0,0.0,0.0,0.0,[],True
2025-09-23,-0.6027535839280136,-0.0034113480127172,0.0021502807310953,0.0503756260434056,12.069999999999991,1.0525633423313123,1271118.75,507737.4563572124,17865850.0,0.8396269736310832,0.8600000000000136,2.434642857142856,80.84201261552,12.905638014424396,GOOGL,0,0,0,0,0,0.0,0.0,0.0,0.0,[],True
2025-09-24,-1.257680212158669,-0.0183660627962271,-0.0095005211256313,0.0332873332496967,7.960000000000008,0.6925462067216965,1274749.6,504517.410481218,16983027.0,0.9332290250985492,4.579999999999984,2.6467857142857127,70.01754149237622,12.109179854653206,GOOGL,0,0,0,0,0,0.0,0.0,0.0,0.0,[],True
2025-09-25,-0.6260905807347054,-0.005559966434359,-0.0250947251482869,0.0223849546475825,5.379999999999996,1.07561103222096,1306070.65,491354.61365476006,15578203.0,0.9343600802554428,1.3700000000000043,2.5449999999999977,64.97333707549816,11.237890073013062,GOOGL,0,0,0,0,0,0.0,0.0,0.0,0.0,[],True
2025-09-26,-0.2222620375297392,0.0029664568556601,-0.032201060278814,0.0236760124610591,5.699999999999989,0.3807768093798475,1288038.0,514980.4348427639,16068658.0,0.8734271526475188,0.7299999999999898,2.529999999999997,67.41953698475436,10.485422123602548,GOOGL,0,0,0,0,0,0.0,0.0,0.0,0.0,[],True
2025-09-29,-0.793026743733781,-0.0094787439545437,-0.0332831742763236,-0.0297098569157392,-7.474999999999994,0.8483378815671507,1297756.5,509204.19872173306,14967722.0,0.9130360145895786,2.3249999999999886,2.303928571428569,57.01441636955512,9.590919631915083,GOOGL,0,0,0,0,0,0.0,0.0,0.0,0.0,[],True
2025-09-30,-0.5278073128384729,-0.0042486440560993,-0.0340922636786267,-0.0320152908851988,-8.039999999999992,0.9052940721470244,1307044.9,505116.69287412666,13784462.0,0.8612637581878586,1.0349999999999966,2.344285714285712,56.0329067641682,8.698236259431553,GOOGL,0,0,0,0,0,0.0,0.0,0.0,0.0,[],True
2025-10-01,0.028699763472205,0.0072548735050256,-0.0090250516006312,-0.0184398300328709,-4.599999999999994,0.9403434646803788,1236316.35,407522.39627899777,14947024.0,-1.418060743825003,1.7700000000000102,2.384285714285712,56.770521270221714,8.040911836438113,GOOGL,0,0,0,0,0,0.0,0.0,0.0,0.0,[],True
2025-10-02,-0.1748772125236548,0.0030582934106971,-0.0004476640078137,-0.0255311551508657,-6.434999999999974,0.6969877896408123,1201725.5,410684.1767850714,15784612.0,-1.3556325448784807,0.75,2.4085714285714266,57.20640569395021,7.494108806042277,GOOGL,0,0,0,0,0,0.0,0.0,0.0,0.0,[],True
2025-10-03,-0.3598346832419137,-0.0007738835080648,-0.0041793467234733,-0.0362458276065188,-9.230000000000018,1.0361546878859011,1149095.8,329637.0802851304,14593971.0,-1.3275459798296212,0.1900000000000261,1.6471428571428572,36.60017346053771,6.965142228882627,GOOGL,0,0,0,0,0,0.0,0.0,0.0,0.0,[],True
2025-10-06,0.7024759649059301,0.0202882712552241,0.0259088581669226,-0.0082366451510712,-2.0800000000000125,0.7524399442298463,1133150.9,336143.51063698693,15446599.0,-1.1654779597767155,5.030000000000001,1.972857142857143,48.769007965242565,6.872588446448361,GOOGL,0,0,0,0,0,0.0,0.0,0.0,0.0,[],True
2025-10-07,-1.2727689042499608,-0.0188224729471746,0.0110658603809288,-0.0234036635276353,-5.889999999999986,0.7588252108238218,1117058.3,341965.3240077055,14598947.0,-1.1241005385600171,4.669999999999988,2.1871428571428573,43.99085564990202,6.349219090450589,GOOGL,0,0,0,0,0,0.0,0.0,0.0,0.0,[],True
2025-10-08,-0.5425947166569585,-0.0049148165129587,-0.0011639304092134,-0.0101784774778421,-2.515000000000015,0.6134626489529403,1100171.3,355465.0980301579,13924033.0,-1.0764642446292407,1.2050000000000125,2.088571428571431,37.22640218878252,5.7706907449771165,GOOGL,0,0,0,0,0,0.0,0.0,0.0,0.0,[],True
2025-10-09,-0.9092752286348732,-0.0124869194962633,-0.01657098652335,-0.0170112322969233,-4.180000000000007,1.1044861994625856,1119117.65,351909.4189559637,12687983.0,-0.9838367251351348,3.0349999999999966,2.1192857142857155,27.90697674418604,5.009556676643484,GOOGL,0,0,0,0,0,0.0,0.0,0.0,0.0,[],True
2025-10-10,-1.297352169693366,-0.0207909436229131,-0.0360606307554396,-0.0400892675999188,-9.879999999999995,1.0214518461424789,1113179.25,350480.24928358215,11550924.0,-0.8044994458081816,4.969999999999999,2.3228571428571434,25.46125461254612,3.959670364682438,GOOGL,0,0,0,0,0,0.0,0.0,0.0,0.0,[],True
2025-10-13,1.3704571222107769,0.0314976840173376,-0.0251946496306648,6.144393241158674e-05,0.0149999999999863,0.9562481453331272,1056962.05,255150.95419512325,12561642.0,-1.19056908832191,7.569999999999993,2.8021428571428566,40.40275299515676,3.6958600591325137,GOOGL,0,0,0,0,0,0.0,0.0,0.0,0.0,[],True
2025-10-14,0.0011843291538075,0.0052495703369316,-0.0014443811538774,0.0096054959068658,2.335000000000008,0.7321369941151272,1015595.45,233601.03099458813,13305197.0,-1.135895846644131,1.285000000000025,2.5667857142857167,47.68331710032004,3.549560132457998,GOOGL,0,0,0,0,0,0.0,0.0,0.0,0.0,[],True
2025-10-15,0.8958134238693094,0.0228996885629767,0.0267198200960852,0.0255247896757331,6.25,1.159999017922907,1018250.0,235242.3985733155,14486366.0,-0.8996313400146378,5.685000000000002,2.875000000000002,56.69565217391305,3.847991128568168,GOOGL,0,0,0,0,0,0.0,0.0,0.0,0.0,[],True
2025-10-16,-0.2222081320802079,0.0012536441889824,0.0409248985675252,0.0236757461015431,5.814999999999998,0.950274008316998,1005699.4,231322.2839213048,15442056.0,-0.9191299482710632,0.3149999999999977,2.8453571428571456,56.24450859796664,4.063081041434344,GOOGL,0,0,0,0,0,0.0,0.0,0.0,0.0,[],True
2025-10-17,0.0791003488804949,0.007113941761563,0.0703808597878006,0.0317822508353027,7.800000000000011,0.7135268336656572,993333.35,240540.80221938447,16150826.0,-0.9208892447775486,1.7949999999999875,2.8075000000000023,61.56977483780688,4.328486744774665,GOOGL,0,0,0,0,0,0.0,0.0,0.0,0.0,[],True
2025-10-20,0.3686118940685143,0.0127140309388626,0.0504628491848939,0.0239968057496506,6.009999999999991,1.068613433746414,1000414.15,240583.38139773105,17219882.0,-0.869370384144986,3.2399999999999807,2.965000000000001,66.10455311973016,4.745559740328787,GOOGL,0,0,0,0,0,0.0,0.0,0.0,0.0,[],True
2025-10-21,-1.5191978625375375,-0.0237733012150036,0.0204135682998878,0.0189397021726747,4.655000000000001,1.6477703024124375,1017334.15,275007.0328641908,15543549.0,-0.6419963513527177,6.024999999999977,3.2689285714285705,56.09089915874576,4.537619098779146,GOOGL,0,0,0,0,0,0.0,0.0,0.0,0.0,[],True
2025-10-22,-0.0054898927985759,0.0049987656989456,0.0023097447333837,0.0290912807932126,7.115000000000009,1.235982498937985,1037297.05,279188.2775356327,16825630.0,-0.7543481921087021,1.2549999999999957,3.304999999999999,56.5701318348822,4.423105842878101,GOOGL,0,0,0,0,0,0.0,0.0,0.0,0.0,[],True
2025-10-23,0.0169180193019989,0.0054284432462061,0.0065029332803021,0.0476939637327151,11.52000000000001,0.656883888949923,999896.65,277459.3155555524,17482446.0,-0.7527384326462593,1.3700000000000043,3.389285714285712,58.0505795574289,4.392269464689178,GOOGL,0,0,0,0,0,0.0,0.0,0.0,0.0,[],True
2025-10-24,1.156562279542681,0.0268626900686071,0.026577679488192,0.0988290992095362,23.379999999999995,0.9130541794441068,1022032.45,251083.0653874652,18415617.0,-0.5057184121996727,6.889999999999986,3.522142857142853,59.63293449604544,4.867685185883744,GOOGL,0,0,0,0,0,0.0,0.0,0.0,0.0,[],True
2025-10-27,1.5920752945483343,0.0354852171921709,0.0502222568821648,0.1032194642418284,25.19999999999999,1.2418360402538329,1031002.45,257180.78266822308,19695953.0,-0.2005885703264139,9.389999999999986,3.8592857142857104,71.8027022024801,5.933749523732672,GOOGL,0,0,0,0,0,0.0,0.0,0.0,0.0,[],True
2025-10-28,-0.6763687157784979,-0.0069671115077736,0.0680216423423245,0.089823775084038,22.045000000000016,1.1389977893854208,1030527.9,256893.64651910824,18522184.0,-0.1792320346354881,1.869999999999948,3.906785714285706,70.92970106956768,6.552190249697162,GOOGL,0,0,0,0,0,0.0,0.0,0.0,0.0,[],True
2025-10-29,1.1094055761131734,0.0270725392738608,0.0918590329373436,0.094380948588268,23.69999999999999,1.5246463813930125,1052645.4,286227.08885197085,20127096.0,-0.0180289802913469,7.339999999999975,4.214285714285704,78.19491525423737,7.547581812778162,GOOGL,0,0,0,0,0,0.0,0.0,0.0,0.0,[],True
2025-10-30,0.93370467168293,0.0242123429199344,0.1125622382043785,0.1197971562096051,30.120000000000005,2.2586157893538195,1139444.35,439668.81406053546,22700663.0,0.0836415419776778,6.735000000000014,4.340357142857134,87.00732329465986,8.77869962644246,GOOGL,0,0,0,0,0,0.0,0.0,0.0,0.0,[],True
2025-10-31,-0.3985654826217373,-0.0009772306064514,0.0820157722638967,0.1107732406602952,28.049999999999983,1.3902788794090797,1160589.45,452249.9764610251,21087120.0,0.0838604742693312,0.2750000000000341,3.819285714285708,84.72040396484014,9.621271137131655,GOOGL,0,0,0,0,0,0.0,0.0,0.0,0.0,[],True
2025-11-03,0.1414408228784549,0.0092717770867851,0.0540209400757407,0.1069562504874055,27.430000000000007,1.2210535846183908,1190650.45,450681.2288672711,22540968.0,0.0229807328265977,2.6200000000000045,3.914642857142849,85.09260104005114,10.380764245083242,GOOGL,0,0,0,0,0,0.0,0.0,0.0,0.0,[],True
2025-11-04,-1.5449186629656186,-0.0230181900749647,0.0372378210640444,0.1077924411523949,26.995000000000005,0.7806387340140333,1194907.4,447662.8758457234,21608177.0,0.0962555794070364,6.45999999999998,3.969999999999991,73.6775818639799,10.342181759916173,GOOGL,0,0,0,0,0,0.0,0.0,0.0,0.0,[],True
2025-11-05,0.9756716589322189,0.0246020560942656,0.0346785051490119,0.1297230720330564,32.64999999999998,0.94953506973308,1219037.65,430849.7317058196,22765696.0,0.1546441168280108,6.909999999999968,4.4410714285714175,76.46964213912348,10.745318767150875,GOOGL,0,0,0,0,0,0.0,0.0,0.0,0.0,[],True
2025-11-06,-0.2524969482491147,0.001581361354265,0.0115256886110568,0.1253852841223426,31.73000000000001,1.0513821963969,1221445.45,431084.3047772832,24049902.0,0.0270964447950898,0.4500000000000455,4.344999999999993,75.94936708860766,10.97461051051539,GOOGL,0,0,0,0,0,0.0,0.0,0.0,0.0,[],True
2025-11-07,-1.4225148373947825,-0.0210242728115266,-0.0085505030753367,0.0727639930755914,18.91500000000002,1.0487800561778895,1229042.25,430857.62210770167,22760907.0,0.0314104720566872,5.925000000000011,4.536785714285709,67.63756592930808,10.556538679698235,GOOGL,0,0,0,0,0,0.0,0.0,0.0,0.0,[],True
2025-11-10,1.7842217559769422,0.0394634259108208,0.0218394448554017,0.0770401722729634,20.75,0.7908542791625575,1227026.3,432025.6505288234,23731306.0,0.1850713619834892,11.224999999999966,4.90821428571428,78.85468966019066,11.004128684844945,GOOGL,0,0,0,0,0,0.0,0.0,0.0,0.0,[],True
2025-11-11,-0.1112773688210667,0.0042825881337494,0.0501207511804777,0.0892249598085763,23.864999999999952,0.5614192754302477,1224213.4,435508.297268763,24418603.0,0.1860656357281838,1.2450000000000043,4.907499999999994,78.85161196419476,11.328717678223711,GOOGL,0,0,0,0,0,0.0,0.0,0.0,0.0,[],True
2025-11-12,-1.1329784992304508,-0.0157235671807674,0.0086164451009356,0.0435937556857466,11.980000000000018,0.6768560997830539,1205968.3,444947.769509033,23602336.0,0.2888195710820308,4.544999999999959,5.1342857142857055,73.46271563717312,11.091358995791438,GOOGL,0,0,0,0,0,0.0,0.0,0.0,0.0,[],True
2025-11-13,-1.7753563650750082,-0.0289552325521876,-0.0217177569437129,-0.0104423804365199,-2.9399999999999977,0.8766720452810811,1211278.5,442430.2529759565,22540442.0,0.662775823698632,8.185000000000002,5.226785714285707,62.74683976768026,10.126062489660285,GOOGL,0,0,0,0,0,0.0,0.0,0.0,0.0,[],True
2025-11-14,-0.7110149055440094,-0.0083801638411334,-0.0092697183224859,-0.0177409606427987,-4.990000000000009,0.8190029940129528,1226046.8,429514.8557724418,21536306.0,0.6908243781092711,2.325000000000045,4.722142857142854,55.248827711390106,9.068909244233794,GOOGL,0,0,0,0,0,0.0,0.0,0.0,0.0,[],True
2025-11-17,1.3024046557830078,0.031109423151617,-0.0175118066806853,0.0039451900383951,1.1200000000000043,1.268827013793105,1252024.1,435193.90564568783,23124908.0,0.861401891548082,8.730000000000018,5.212142857142859,62.01863779635463,8.833716140332854,GOOGL,0,0,0,0,0,0.0,0.0,0.0,0.0,[],True
2025-11-18,-0.4024846552333679,-0.0024239029660479,-0.0240788096177938,0.0248350935371084,6.889999999999986,1.24901667112619,1246022.6,429829.1105368326,21568605.0,0.5878751367445361,0.6899999999999977,4.737142857142861,57.16978287092882,8.49373617413886,GOOGL,0,0,0,0,0,0.0,0.0,0.0,0.0,[],True
2025-11-19,1.2209548816193605,0.0293211093369245,0.0208863628438926,0.0296827741436309,8.439999999999998,1.656002836841677,1288616.15,473572.2265913205,23702557.0,0.7219223381904676,8.45999999999998,4.860357142857144,58.25556616944666,8.805447184395518,GOOGL,0,0,0,0,0,0.0,0.0,0.0,0.0,[],True
2025-11-20,-0.8372343017722361,-0.0109553442146322,0.0394285816837456,0.0168545243863897,4.7999999999999545,1.5890488903328366,1364161.3,487779.6860178735,21534838.0,0.7969550214437442,3.1899999999999977,5.068571428571427,55.86245772266066,8.694845301441148,GOOGL,0,0,0,0,0,0.0,0.0,0.0,0.0,[],True
2025-11-21,1.439771726407976,0.0343492109373614,0.0848052700159258,0.07474943072813,20.84499999999997,1.8478417628347288,1451621.05,558172.6885561002,24217204.0,0.8800948980581441,10.120000000000005,5.604285714285713,60.08157022686719,9.316398295691217,GOOGL,0,0,0,0,0,0.0,0.0,0.0,0.0,[],True
2025-11-24,2.742044227153074,0.060430297460995,0.1170836111013648,0.0975214588575958,28.29000000000002,1.4412529550076485,1495364.15,577972.4558641255,26372402.0,1.4602076764243133,18.670000000000016,6.476428571428572,72.5818903716775,11.186544963030258,GOOGL,0,0,0,0,0,0.0,0.0,0.0,0.0,[],True
2025-11-25,0.4144686654428652,0.0158452785070394,0.1376793753517162,0.1102854102665316,32.129999999999995,1.7490358517716404,1574355.95,636683.16262259,29126007.0,1.3557304308180629,5.08499999999998,6.34607142857143,72.01868422533624,12.929918620198691,GOOGL,0,0,0,0,0,0.0,0.0,0.0,0.0,[],True
2025-11-26,-0.8315080475654198,-0.010769920640257,0.0929708313409387,0.1157990167021163,33.20999999999998,1.224957188304452,1591591.95,642196.0837366437,27176375.0,1.3333857331782502,3.464999999999975,6.561428571428569,69.1650337470063,13.872049905784252,GOOGL,0,0,0,0,0,0.0,0.0,0.0,0.0,[],True
2025-11-28,-0.3005097056814895,-1.5625122071547664e-05,0.1049932663420698,0.148561583604027,41.38999999999999,0.7143189544355139,1517098.2,607782.9154512156,26092683.0,1.2475412312759664,0.0049999999999954,6.138571428571424,73.9294856876891,14.451702053684189,GOOGL,0,0,0,0,0,0.0,0.0,0.0,0.0,[],True
2025-12-01,-1.1065366332204258,-0.015447058368907,0.05131627239665,0.1404734327493846,38.81,0.816981743747398,1497596.5,610775.5237067143,24869174.0,1.3453696067774563,4.90500000000003,5.687142857142858,65.69957297161517,14.349871661825944,GOOGL,0,0,0,0,0,0.0,0.0,0.0,0.0,[],True
2025-12-02,-0.1582111734101229,0.0020607778007872,-0.0082919781393303,0.1078207782183082,30.73000000000001,0.6649952408940755,1473911.3,621649.3956593138,25849318.0,1.3246325935633478,0.6500000000000341,5.64464285714286,65.4413160392281,14.1584105666455,GOOGL,0,0,0,0,0,0.0,0.0,0.0,0.0,[],True
2025-12-03,0.3798043309004321,0.0123075571091549,-0.0117941662931074,0.1242613956105795,35.329999999999984,0.8861576609834569,1493443.05,609776.331410951,27172744.0,1.081922705580107,3.909999999999968,5.599285714285718,70.95930603393286,14.158964858835816,GOOGL,0,0,0,0,0,0.0,0.0,0.0,0.0,[],True
2025-12-04,-0.5946470672482188,-0.0062450188057266,-0.0073124999999999,0.084978482136758,24.88000000000005,0.6462306436805954,1483501.3,617118.1674337159,26214060.0,1.025345071378817,1.9899999999999525,5.156785714285713,77.04827204100008,13.83929696971046,GOOGL,0,0,0,0,0,0.0,0.0,0.0,0.0,[],True
2025-12-05,0.3554043665320011,0.011564802648195,0.0042500664072877,0.1096895611036294,31.765000000000043,0.6145478613055188,1464284.65,629510.2357837007,27113933.0,1.021631171088946,3.694999999999993,5.254642857142853,80.63617209270718,13.725889968604122,GOOGL,0,0,0,0,0,0.0,0.0,0.0,0.0,[],True
2025-12-08,-1.5088638493548212,-0.0237905907562718,-0.0040940683614204,0.0470121117079844,14.090000000000032,0.7965521355706571,1457899.55,632024.3870505132,25952640.0,1.0547126300950107,7.555000000000007,5.170714285714281,69.88534327945852,12.877939868379997,GOOGL,0,0,0,0,0,0.0,0.0,0.0,0.0,[],True
2025-12-09,0.3150320453991809,0.0106190077809738,0.0044656996262746,-0.0038633079967335,-1.2300000000000182,0.5037422317825141,1445795.0,644056.1569039576,26680948.0,0.7153509916810551,3.349999999999966,5.360714285714279,71.87208527648237,12.334070816997835,GOOGL,0,0,0,0,0,0.0,0.0,0.0,0.0,[],True
2025-12-10,0.3045880003367454,0.0096334114940025,0.0017832003754107,-0.0100319972794582,-3.244999999999948,0.9875179875702862,1484740.55,618832.5463892287,28147156.0,0.7320665290740866,3.07000000000005,4.975714285714283,69.69566465690502,12.012303659168538,GOOGL,0,0,0,0,0,0.0,0.0,0.0,0.0,[],True
2025-12-11,-1.5277704854374248,-0.024387790525451,-0.0162280425612291,-0.023421875,-7.495000000000003,0.8945847243842046,1511537.1,599669.6558858057,26794958.0,0.8616529295377288,7.715000000000032,5.298928571428571,65.44449686594325,11.007872938257606,GOOGL,0,0,0,0,0,0.0,0.0,0.0,0.0,[],True
2025-12-12,-0.7666769593578605,-0.0105674713740089,-0.0377619766302064,-0.0336724011312675,-10.774999999999975,0.6707488538417974,1509052.15,601730.4145256308,25782763.0,0.6110824613447821,3.284999999999968,4.810714285714283,57.06013363028958,9.833428664743224,GOOGL,0,0,0,0,0,0.0,0.0,0.0,0.0,[],True
2025-12-15,-0.3537750799447028,-0.0031094149558748,-0.0176545570427024,-0.0216763464406993,-6.829999999999984,0.7317825132559809,1514250.45,597573.6290830815,24674661.0,0.5836076025892364,0.9600000000000364,3.545714285714285,39.806607574536656,8.72463695569644,GOOGL,0,0,0,0,0,0.0,0.0,0.0,0.0,[],True
2025-12-16,-0.5002686991095961,-0.0061174211340236,-0.0339586946239949,-0.0296446443276113,-9.360000000000014,0.5290181773177678,1473803.8,619259.053228649,23894992.0,0.4064952080251873,1.879999999999996,3.3167857142857144,31.60331646387425,7.606527930594837,GOOGL,0,0,0,0,0,0.0,0.0,0.0,0.0,[],True
2025-12-17,-1.860946662803844,-0.0322731688798978,-0.0736056461182937,-0.0719536993586735,-23.0,0.8041662173336007,1454470.45,622574.8777295349,22725356.0,0.7783086749737016,9.730000000000018,3.764285714285717,27.84629981024668,5.867650170978607,GOOGL,0,0,0,0,0,0.0,0.0,0.0,0.0,[],True
2025-12-18,0.8580515803703812,0.0193960446179421,-0.0321434857042287,-0.0478499024113834,-15.200000000000044,0.5867743331619626,1388509.95,616651.8957864298,23540098.0,0.646974370871991,5.810000000000002,4.178928571428576,35.01410135885821,4.901889531154211,GOOGL,0,0,0,0,0,0.0,0.0,0.0,0.0,[],True
2025-12-19,0.6284357934430379,0.0155825155044482,-0.006500226376043,-0.0440167416097463,-14.14500000000004,0.6773320229405777,1324997.15,597283.9622292231,24437561.0,0.658478370580485,4.75,4.1678571428571445,43.247643530419886,4.4682948471760255,GOOGL,0,0,0,0,0,0.0,0.0,0.0,0.0,[],True
2025-12-22,0.225082818843202,0.008233967682209,0.004833582041134,-0.012906309751434,-4.050000000000011,0.5419948837069849,1224050.3,521618.5030033776,25100990.0,0.3498683894747221,2.5400000000000205,4.302857142857143,45.02822045152722,4.280284256057144,GOOGL,0,0,0,0,0,0.0,0.0,0.0,0.0,[],True
2025-12-23,0.5737595265215445,0.0149959553409438,0.0262745610026764,-0.0085763834147878,-2.7199999999999704,0.6750754672664722,1155285.65,481515.6365903154,25880895.0,-0.9972955383163248,4.680000000000007,4.357857142857147,45.72201278478941,4.457537676051743,GOOGL,0,0,0,0,0,0.0,0.0,0.0,0.0,[],True
2025-12-24,-0.2905796617495713,-0.0012092669498058,0.0586549806168887,-0.0192680032477672,-6.170000000000016,0.2217288694463192,1029013.5,354766.73268879723,25652733.0,-1.096287016860675,0.3799999999999954,4.242857142857149,46.96127946127946,4.515299897687953,GOOGL,0,0,0,0,0,0.0,0.0,0.0,0.0,[],True
2025-12-26,-0.3133420120295881,-0.0015933719113599,0.0366660054222047,0.003343946496856,1.045000000000016,0.3435768137058501,947814.25,316780.59023140214,25327086.0,-1.104718695347017,0.5,4.0146428571428645,43.05666755626724,4.469212750563145,GOOGL,0,0,0,0,0,0.0,0.0,0.0,0.0,[],True
2025-12-29,-0.2297116580562153,-0.0001275794981477,0.0205071449497087,0.0138736174891662,4.289999999999964,0.4279159707374637,913167.6,338299.84256284,24936327.0,-1.1141636357536668,0.0400000000000204,3.4778571428571508,49.70219757650439,4.378982504233875,GOOGL,0,0,0,0,0,0.0,0.0,0.0,0.0,[],True
2025-12-30,-0.1608741671840094,0.0011476299515816,0.0133010492332525,0.0181989229870889,5.610000000000014,0.5411338982166309,875685.3,343593.02554377686,25410190.0,-1.2290785783582567,0.3600000000000136,3.264285714285726,46.41137855579873,4.2871043054946085,GOOGL,0,0,0,0,0,0.0,0.0,0.0,0.0,[],True
2025-12-31,-0.3588344408579275,-0.0026479095403066,-0.0044206977705689,0.0217377113388603,6.660000000000025,0.3978799889051954,843457.85,362961.569541935,25074595.0,-1.2367524712415727,0.8299999999999841,3.1042857142857208,41.73953060285321,4.100053246020877,GOOGL,0,0,0,0,0,0.0,0.0,0.0,0.0,[],True
2026-01-02,0.1624186412670603,0.0070032755832917,0.003789205540519,0.0626664419349403,18.590000000000032,0.926025230080888,815023.15,345224.0406403197,25829327.0,-1.293015371169388,2.1999999999999886,2.7103571428571462,53.603900382132046,4.082277592632352,GOOGL,0,0,0,0,0,0.0,0.0,0.0,0.0,[],True
2026-01-05,-0.0076560642882155,0.0041785435917201,0.0095997448572795,0.0466177345764728,14.100000000000025,0.9115340376376172,803719.85,343971.3883136941,26561945.0,-1.2997462300397762,1.3199999999999932,2.570000000000005,60.20011117287376,4.127128261998848,GOOGL,0,0,0,0,0,0.0,0.0,0.0,0.0,[],True
2026-01-06,-0.621275287887528,-0.007323949606812,0.002360371280023,0.0229159207057063,7.0400000000000205,1.0170620370613614,799377.0,343241.0375123092,25748929.0,-1.350548796126761,2.3100000000000023,2.6664285714285745,58.023037771229575,3.930961370340128,GOOGL,0,0,0,0,0,0.0,0.0,0.0,0.0,[],True
2026-01-07,1.0733334435591055,0.0245490161194931,0.0260936056329053,0.0397417271993543,12.310000000000002,1.4696835775588184,800107.6,344066.49105099944,26924834.0,-1.319390117380598,7.810000000000002,3.0900000000000034,68.1229773462783,4.355492023652062,GOOGL,0,0,0,0,0,0.0,0.0,0.0,0.0,[],True
2026-01-08,0.2635918752490377,0.0102251327224436,0.0393879376437515,0.0347931177050535,10.939999999999998,1.1948971092183929,812218.05,345665.19975281775,27895351.0,-1.30922455011091,3.3100000000000023,2.631428571428574,88.97937024972856,4.90251185717392,GOOGL,0,0,0,0,0,0.0,0.0,0.0,0.0,[],True
2026-01-09,0.2720608863517457,0.0099390717113915,0.0424438523030072,0.0463938863238337,14.569999999999991,0.7154194728009389,766319.65,313725.69898027263,28443591.0,-1.315213955555025,3.25,2.4485714285714306,88.15635939323221,5.534478828085014,GOOGL,0,0,0,0,0,0.0,0.0,0.0,0.0,[],True
2026-01-12,0.260638434624717,0.0098111252109566,0.0483320697498104,0.0583957901451124,18.31,1.1688618390639327,742079.15,283331.8496393038,29310979.0,-1.6592203853636258,3.240000000000009,2.3407142857142884,87.61061946902656,6.2250002004161615,GOOGL,0,0,0,0,0,0.0,0.0,0.0,0.0,[],True
2026-01-13,0.4157592971005405,0.0123682043809064,0.0691805887032617,0.0717042518579951,22.48000000000001,1.559429269081035,749943.6,293233.9774675006,30480463.0,-1.7034770106281278,4.129999999999996,2.454285714285715,88.18393480791619,7.024525489844677,GOOGL,0,0,0,0,0,0.0,0.0,0.0,0.0,[],True
2026-01-14,-0.2833707828774234,-0.0001934768540745,0.0430509842886419,0.0702679453276835,22.055000000000007,1.674526900177948,758003.35,305552.8611762234,29211166.0,-1.696579834057693,0.0649999999999977,2.1246428571428573,86.13212304589007,7.565697434669346,GOOGL,0,0,0,0,0,0.0,0.0,0.0,0.0,[],True
2026-01-15,-0.798476829955388,-0.0098270966517707,0.0223437932200263,0.0626118067978531,19.59999999999997,0.8557317624107639,751159.45,306573.26542082394,28568375.0,-1.6217329782702008,3.285000000000025,2.3321428571428595,78.46860643185292,7.641422491900414,GOOGL,0,0,0,0,0,0.0,0.0,0.0,0.0,[],True
2026-01-16,-0.6801269397904308,-0.0080590828725677,0.0041080883695454,0.0467263037685572,14.730000000000018,1.2226872876784851,737781.45,292883.1219040466,27666299.0,-2.312841633627041,2.669999999999959,2.4871428571428567,73.57840321654224,7.40067804965247,GOOGL,0,0,0,0,0,0.0,0.0,0.0,0.0,[],True
2026-01-20,-1.6035213319210415,-0.0246210177353973,-0.0298770565901284,0.0170109931766488,5.384999999999991,1.5410849576431929,755238.7,307740.3075357877,26502412.0,-1.8424249482670532,8.025000000000034,3.057500000000001,59.8528209321341,6.487551457581731,GOOGL,0,0,0,0,0,0.0,0.0,0.0,0.0,[],True
2026-01-21,0.8413237065012622,0.0196689333646343,-0.0227685347778208,0.0448369132856005,14.089999999999977,1.3408279214009924,761411.65,311952.7291211512,27523334.0,-1.7251004518357864,6.394999999999982,3.4885714285714267,64.81367731367729,6.208349125246173,GOOGL,0,0,0,0,0,0.0,0.0,0.0,0.0,[],True
2026-01-22,0.1072670907474561,0.006496486222137,-0.0162089752176824,0.0261441967335278,8.420000000000016,0.8513462710206633,760617.65,312235.32737517345,28170883.0,-1.6926581151131492,2.140000000000043,3.5821428571428595,67.3878364905284,6.089562692501829,GOOGL,0,0,0,0,0,0.0,0.0,0.0,0.0,[],True
2026-01-23,-0.6529208185205534,-0.0078679568057279,-0.0142797017797017,0.0077450287365152,2.519999999999982,1.145000660400936,765444.1,313293.4244464094,27294449.0,-1.6662638337438014,2.590000000000032,3.6100000000000056,62.51483973090617,5.720489986591019,GOOGL,0,0,0,0,0,0.0,0.0,0.0,0.0,[],True
2026-01-26,0.7147099632603153,0.0161547559713135,0.0098796860320635,0.0140283610248919,4.610000000000014,0.844425803511298,787275.8,288081.50790880463,27959245.0,-1.5185216364804617,5.340000000000032,3.897142857142865,65.27675953079176,5.792122596072943,GOOGL,0,0,0,0,0,0.0,0.0,0.0,0.0,[],True
2026-01-27,-0.007619749603591,0.003684348698882,0.0388730994424513,0.0078346290604469,2.599999999999966,0.8137454879412681,803693.55,269121.18726435583,28613247.0,-1.4825265756565782,1.2299999999999611,3.820000000000005,68.89491398653698,5.880357573916911,GOOGL,0,0,0,0,0,0.0,0.0,0.0,0.0,[],True
2026-01-28,0.0897346905038591,0.0050104488954437,0.0237558628251204,0.0004464418583884,0.1499999999999772,1.414191786205122,843821.9,264096.36093188287,29806573.0,-1.4388386189056297,1.6800000000000068,3.382142857142863,64.8680042238648,6.016492014405287,GOOGL,0,0,0,0,0,0.0,0.0,0.0,0.0,[],True
2026-01-29,0.1674154538565235,0.0060209877732081,0.0232691842168966,0.0066830393689067,2.2450000000000045,1.39043055556501,881405.4,262154.45989568863,31032106.0,-1.3913194454233075,2.0300000000000296,3.290714285714293,63.89190362491858,6.216523362202111,GOOGL,0,0,0,0,0,0.0,0.0,0.0,0.0,[],True
2026-01-30,-0.2078483279858207,-0.0004140786808648,0.0309250053371556,0.0162037037037037,5.389999999999986,0.9471745455104366,907608.85,228796.10963620155,30172442.0,-1.35768651845444,0.1400000000000432,3.068571428571439,60.95204841713214,6.291231416889616,GOOGL,0,0,0,0,0,0.0,0.0,0.0,0.0,[],True
2026-02-02,0.8006934207172469,0.016925444007985,0.0317198331482759,0.0419129011728338,13.829999999999984,0.868659620350972,909368.85,227690.93707185792,30962374.0,-1.2404839871262856,5.770000000000039,3.249285714285727,63.12376346449764,6.738353323930994,GOOGL,0,0,0,0,0,0.0,0.0,0.0,0.0,[],True
2026-02-03,-0.8836732347988475,-0.0115851743352296,0.0160856305686778,0.0555840283278199,17.894999999999982,0.8130414200546003,909719.95,227409.2818305397,30222734.0,-1.095089612833908,3.960000000000037,3.237142857142873,54.24757281553392,6.69597472319208,GOOGL,0,0,0,0,0,0.0,0.0,0.0,0.0,[],True
2026-02-04,-1.3464406462313523,-0.0201522646833942,-0.0091628488129945,0.0143753426326369,4.720000000000027,2.3953120967601444,987315.6,395397.5131746202,27857805.0,-0.8844041331881507,6.779999999999973,3.716785714285728,47.247045257999424,6.0456100106679855,GOOGL,0,0,0,0,0,0.0,0.0,0.0,0.0,[],True
2026-02-05,-0.2899391375017789,-0.0022844785695762,-0.0173581334831594,0.005507141128056,1.8199999999999927,2.748720697504936,1076465.5,592189.5809404907,24898902.0,-1.066439475593838,0.7599999999999909,3.536428571428583,49.65663502322766,5.406542386773992,GOOGL,0,0,0,0,0,0.0,0.0,0.0,0.0,[],True
2026-02-06,-1.81851503946396,-0.0284787357084032,-0.0445522586752653,-0.0150050321754245,-4.919999999999959,1.6091810998194356,1117883.5,612992.0481975451,23100025.0,-0.7388555998172475,9.329999999999984,4.01214285714287,43.76891579134772,4.099961856523407,GOOGL,0,0,0,0,0,0.0,0.0,0.0,0.0,[],True
2026-02-09,0.1240933390345889,0.0040170624440756,-0.0568062827225132,-0.0268883353839691,-8.960000000000036,1.057576787325355,1151353.75,598352.090460201,24317670.0,-0.7538274447962074,1.2999999999999543,3.531785714285722,52.35109717868337,3.1332681435746963,GOOGL,0,0,0,0,0,0.0,0.0,0.0,0.0,[],True
2026-02-10,-1.1516247774510702,-0.0176714924323883,-0.0625294256120527,-0.047449620283442,-15.870000000000005,0.7672950871071142,1152187.75,597946.9468133069,23433602.0,-0.6802934382051158,5.680000000000007,3.480714285714295,39.99589575210346,1.887074856864672,GOOGL,0,0,0,0,0,0.0,0.0,0.0,0.0,[],True
2026-02-11,-1.5609728784619636,-0.0248197433052448,-0.0668948537800997,-0.0754447551615399,-25.360000000000014,0.9456897474246316,1147995.95,598113.1483865678,22347954.0,-0.5743484731101746,7.810000000000002,3.885714285714292,31.89338235294116,0.2661875256034136,GOOGL,0,0,0,0,0,0.0,0.0,0.0,0.0,[],True
2026-02-12,-0.4575719910549675,-0.0057439894608425,-0.0701173638278663,-0.0862583907502144,-29.170000000000016,0.9841486076416897,1140660.05,597446.4607250532,21225375.0,-0.5580914013399877,1.7799999999999727,3.827857142857145,32.375443179697726,-1.148766224252029,GOOGL,0,0,0,0,0,0.0,0.0,0.0,0.0,[],True
2026-02-13,-0.7540351790055451,-0.0107043367270132,-0.0534414961141903,-0.095612815430583,-32.31999999999999,0.8989855024516392,1160692.8,586490.6314297831,20181929.0,-0.5336619235176799,3.2900000000000205,3.681428571428573,23.302289483895976,-2.5067070114691887,GOOGL,0,0,0,0,0,0.0,0.0,0.0,0.0,[],True
2026-02-17,-0.7974371191362891,-0.011845750703973,-0.0683381133006444,-0.1212623618382781,-41.69,0.8798754677351144,1166926.5,584255.477575341,19155179.0,-0.4962189755823237,3.599999999999966,3.8507142857142873,19.996290113151588,-3.829233759158228,GOOGL,0,0,0,0,0,0.0,0.0,0.0,0.0,[],True
2026-02-18,0.1515111482115064,0.0036344452879215,-0.0482752126557644,-0.1077860169491525,-36.63,0.6443260623348277,1145640.45,592074.8178080803,19893345.0,-0.618908753956842,1.099999999999966,3.809285714285713,19.12619538721168,-4.734014159664923,GOOGL,0,0,0,0,0,0.0,0.0,0.0,0.0,[],True
2026-02-19,-0.1222807637834395,-0.0012540428017943,-0.0255807967050646,-0.0907644268300006,-30.23000000000001,1.028581674210311,1153940.45,591397.581219221,18706423.0,-0.8138586747397839,0.3799999999999954,3.691428571428568,15.808823529411711,-5.419252203826375,GOOGL,0,0,0,0,0,0.0,0.0,0.0,0.0,[],True
2026-02-20,2.4936777665422083,0.0399088544246009,0.0199352750809063,-0.0515798976828166,-17.139999999999986,0.914711676034921,1175316.8,579742.1939022465,19781499.0,-0.103030794494354,12.33000000000004,4.562142857142853,32.096445905746066,-4.91077201388083,GOOGL,0,0,0,0,0,0.0,0.0,0.0,0.0,[],True
2026-02-23,-0.7792819268829027,-0.011729263402523,0.0188904517353047,-0.035560578381893,-11.485000000000014,0.6077952887278701,1166958.7,585454.7889048222,19072227.0,-0.0640568340870003,3.6750000000000114,4.412499999999994,23.844597329016565,-4.749589278010319,GOOGL,0,0,0,0,0,0.0,0.0,0.0,0.0,[],True
2026-02-24,-0.1094306736481949,-0.0018155386129454,0.0291615636688622,-0.0411693958738087,-13.349999999999966,0.4581451758757006,1160298.15,592187.4698737749,18540642.0,-0.1646167734110463,0.5649999999999977,4.169999999999992,25.23124357656729,-4.6142513592740215,GOOGL,0,0,0,0,0,0.0,0.0,0.0,0.0,[],True
2026-02-25,0.5095984317953804,0.0065397424844335,0.0321559315326012,-0.0176716155560437,-5.629999999999996,0.6227529073653945,1163837.2,589206.4756009252,19265425.0,-0.1192830063132883,2.039999999999964,3.8314285714285625,31.2639821029082,-4.292898273548758,GOOGL,0,0,0,0,0,0.0,0.0,0.0,0.0,[],True
2026-02-26,-1.2565569265064929,-0.0179580871754574,0.0150579533071359,-0.0109080378402728,-3.3899999999999864,0.5544736301842254,1135655.45,601081.4595770806,18635734.0,-0.0454959303279832,5.569999999999993,4.174999999999991,28.691189050470427,-4.436534479620946,GOOGL,0,0,0,0,0,0.0,0.0,0.0,0.0,[],True
2026-02-27,1.0007070628461994,0.0134746363807528,-0.011422769386978,0.008284789644013,2.5600000000000023,0.7422456725099946,1115788.25,604511.2436838523,19463923.0,0.0644030400997924,4.170000000000016,3.806428571428565,39.29442672171135,-4.165861598570814,GOOGL,0,0,0,0,0,0.0,0.0,0.0,0.0,[],True
2026-03-02,-1.2039536408130944,-0.0172228277871583,-0.0168386920718494,0.0017336691635865,0.5300000000000296,0.6947265432044336,1111411.4,606775.9197100172,18691796.0,0.1559983706995607,5.319999999999993,4.093571428571424,34.269760949223524,-4.330709209160318,GOOGL,0,0,0,0,0,0.0,0.0,0.0,0.0,[],True
2026-03-03,-0.5707285574857415,-0.0085921887600203,-0.0234787083494146,0.0049981794710536,1.509999999999991,0.9299895302302372,1124189.0,602324.2436057704,17646312.0,-0.0063021530764794,2.6200000000000045,3.874999999999996,36.20276497695854,-4.619513357523488,GOOGL,0,0,0,0,0,0.0,0.0,0.0,0.0,[],True
2026-03-04,-0.0671898793482838,-0.0017141354408115,-0.0315056237218812,-0.0003627848685727,-0.1099999999999568,0.8947019207404978,1138120.95,596152.2414332979,16628033.0,0.0216095457596716,0.5199999999999818,3.3542857142857088,41.82282793867125,-4.834621868548481,GOOGL,0,0,0,0,0,0.0,0.0,0.0,0.0,[],True
2026-03-05,-0.4609442584204202,-0.0072515673475468,-0.0210807117993426,-0.0063401908661624,-1.919999999999959,1.3748682269568953,1095159.5,530426.5933182563,15122333.0,-0.0387392564290269,2.1899999999999977,3.383571428571425,41.46084019421576,-5.12275962654752,GOOGL,0,0,0,0,0,0.0,0.0,0.0,0.0,[],True
2026-03-06,-0.4846537671157742,-0.0078737937232092,-0.0417576068814995,-0.0527033887549182,-16.610000000000014,0.6044344364769529,976732.9,311741.2431787319,14531962.0,-0.0019433749742729,2.3600000000000136,3.3171428571428527,42.29112833764,-5.478391663423793,GOOGL,0,0,0,0,0,0.0,0.0,0.0,0.0,[],True
2026-03-09,1.9306037599864423,0.0256602380437852,0.0002285788923719,-0.0166139621490601,-5.175000000000011,1.1947204395162798,943127.75,248201.3973907557,15658736.0,0.1925991778965143,7.759999999999991,3.614285714285712,54.150197628458486,-5.075557599284991,GOOGL,0,0,0,0,0,0.0,0.0,0.0,0.0,[],True
2026-03-10,0.2132347754721315,0.0025432031966491,0.0114287596337525,-0.0123182812298985,-3.830000000000041,0.6925242265193717,913890.05,248602.93834747307,16291627.0,0.2254643847612015,0.7799999999999727,3.5914285714285694,53.858392999204455,-4.6398835308083335,GOOGL,0,0,0,0,0,0.0,0.0,0.0,0.0,[],True
2026-03-11,0.4016939610512703,0.0050670846064688,0.0183107885186406,-0.0137717280163599,-4.310000000000002,0.678514042283756,900227.5,257671.3136480376,16902444.0,0.1695071162134334,1.5600000000000025,3.675714285714285,55.654877574815394,-4.121222838630786,GOOGL,0,0,0,0,0,0.0,0.0,0.0,0.0,[],True
2026-03-12,-1.2066629438202576,-0.0169251900134968,0.0085075271675916,-0.0127525293600961,-3.919999999999959,0.6762671800504003,875550.4,262565.73345583404,16310338.0,0.0454316266854873,5.17999999999995,3.164999999999992,36.80884676145336,-4.081118617253708,GOOGL,0,0,0,0,0,0.0,0.0,0.0,0.0,[],True
2026-03-13,-0.2732085337421856,-0.0040282693315059,0.0123932339641601,-0.0298818847092052,-9.310000000000002,0.5680541386305225,843375.6,270022.7513087702,15831255.0,0.081197229566998,1.2200000000000273,2.9896428571428504,38.967865249074144,-4.100511394040893,GOOGL,0,0,0,0,0,0.0,0.0,0.0,0.0,[],True
2026-03-16,0.8294992968182046,0.0112515991594015,-0.0020893865691619,-0.0018612852664576,-0.5699999999999932,0.7791960443983658,823278.05,269305.42430510995,16472750.0,0.1526807634180588,3.420000000000016,3.193571428571423,44.12883023932006,-3.796155177631477,GOOGL,0,0,0,0,0,0.0,0.0,0.0,0.0,[],True
2026-03-17,1.2222373626584662,0.0169973925763099,0.0124393500276793,0.0240102760028984,7.29000000000002,0.8154747041438225,804753.35,267307.7331850975,17129006.0,0.2774763257489357,5.240000000000009,3.422142857142855,47.860571905656485,-3.09643272685338,GOOGL,0,0,0,0,0,0.0,0.0,0.0,0.0,[],True
2026-03-18,-0.8121149984134127,-0.0101507304628827,-0.0028511258707273,0.0154074562850543,4.669999999999959,0.5681815809291358,790296.65,278675.3383946943,16679974.0,0.4518651258606481,3.140000000000043,3.24857142857143,50.41776605101143,-2.763414479356584,GOOGL,0,0,0,0,0,0.0,0.0,0.0,0.0,[],True
2026-03-19,-0.1997823306106055,-0.0022932992070367,0.0118463110027349,0.020454620983018,6.154999999999973,1.06698512200803,772143.85,262855.1422560533,15856108.0,0.5591713906450362,0.7049999999999841,3.001071428571428,44.65071998095917,-2.527250160327924,GOOGL,0,0,0,0,0,0.0,0.0,0.0,0.0,[],True
2026-03-20,-1.5568943724391475,-0.0206969746411062,-0.0048800661703888,0.0074526879919609,2.224999999999966,0.982800963288475,755516.15,253017.9574183109,15113586.0,-0.691424195654107,6.2900000000000205,3.070357142857144,43.64313132488074,-2.8151869455866745,GOOGL,0,0,0,0,0,0.0,0.0,0.0,0.0,[],True
2026-03-23,0.3654901312823218,0.0044949114085747,-0.0115811168907645,-0.013646306029839,-4.180000000000007,1.08759037239494,761460.4,253270.7245393232,15941743.0,-0.7756341427507887,1.3550000000000182,2.9800000000000018,48.21428571428571,-2.900605373403721,GOOGL,0,0,0,0,0,0.0,0.0,0.0,0.0,[],True
2026-03-24,-2.8761704366529948,-0.0395636707086938,-0.0659354797208194,-0.0543163242046303,-16.67999999999995,1.6513004746527586,801017.15,276219.78738531185,14619023.0,0.8441905961415636,11.71999999999997,3.780000000000001,38.01020408163266,-3.8694020860991714,GOOGL,0,0,0,0,0,0.0,0.0,0.0,0.0,[],True
2026-03-25,0.2234867282281624,0.0019608186677736,-0.0545537251843908,-0.0572493115179003,-17.66999999999996,1.3393956015534034,819671.2,283307.2521245777,15716887.0,0.7601551702316712,0.5699999999999932,3.664285714285715,40.32163742690059,-4.538865013867962,GOOGL,0,0,0,0,0,0.0,0.0,0.0,0.0,[],True
2026-03-26,-2.299455359588521,-0.0343306339795379,-0.0843632455668994,-0.07351632780835,-22.31,1.3992389299614143,847477.85,290870.5792772478,14531063.0,1.4933237175070666,9.819999999999991,4.197142857142857,35.20251872021784,-5.795009871648404,GOOGL,0,0,0,0,0,0.0,0.0,0.0,0.0,[],True
2026-03-27,-1.5200621504726588,-0.024482789676584,-0.0878231235973733,-0.0922746071133167,-27.889999999999983,0.9831973320699008,847743.35,290854.469180266,13697564.0,1.455760755857063,6.800000000000011,4.128571428571429,22.36159169550176,-7.255579092169796,GOOGL,0,0,0,0,0,0.0,0.0,0.0,0.0,[],True
2026-03-30,-0.078914084275015,-0.0033223228383389,-0.0949260252209314,-0.1054077927176367,-32.22000000000003,0.9634453576640007,850087.65,290401.5195311984,12878551.0,1.2926991006317552,0.910000000000025,4.137857142857148,20.964957707578165,-8.389807637112028,GOOGL,0,0,0,0,0,0.0,0.0,0.0,0.0,[],True
2026-03-31,3.545169525838584,0.0499997171739234,-0.010123618332702,-0.0753915924222443,-23.44,1.5252845826432884,863681.45,305975.20504007064,14195911.0,3.8899544093797114,14.02000000000004,5.02785714285715,34.95524932518829,-8.06443333315383,GOOGL,1,0,0,0,1,0.5224254594842396,0.5,0.2612127297421198,4.334318894652774,"[{""name"": ""volume_spike"", ""value"": 1.5252845826432884, ""threshold"": 1.5, ""triggered"": true, ""z_score"": null}, {""name"": ""high_volatility"", ""value"": 3.8899544093797114, ""threshold"": 0.8, ""triggered"": true, ""z_score"": null}, {""name"": ""large_return"", ""value"": 3.545169525838584, ""threshold"": 0.05, ""triggered"": true, ""z_score"": null}]",False
2026-04-01,2.184614745772306,0.0341276366672094,0.02223520516874,-0.0335315332878447,-10.319999999999991,1.4799254632895422,877715.15,319573.5415688713,15494864.0,4.295093046253577,9.97999999999996,5.3707142857142935,45.99680808618165,-6.921482715144862,GOOGL,0,0,0,0,0,0.0,0.0,0.0,0.0,[],True
2026-04-02,-0.2936547650585588,-0.0059514451504105,0.0516609759567505,-0.0370605572110139,-11.379999999999995,0.7680898899832992,834477.85,286973.2528376809,14853910.0,3.684984682866151,1.7649999999999864,5.409642857142862,45.66580841090646,-6.087929009124878,GOOGL,0,0,0,0,0,0.0,0.0,0.0,0.0,[],True
2026-04-06,0.8992698429171923,0.0144544422837957,0.0934174077853915,-0.0026099243620645,-0.7849999999999682,0.4477414268878887,823392.65,300845.5863431177,15222577.0,3.348370469754411,4.305000000000007,5.472857142857147,46.29339598016183,-5.022062954446824,GOOGL,0,0,0,0,0,0.0,0.0,0.0,0.0,[],True
2026-04-07,1.1453090143679605,0.0182006378443502,0.1172060705796307,0.011154138946811,3.3700000000000045,0.7246675992892501,795891.8,296764.6803826047,15799334.0,2.8657915318548097,5.509999999999991,5.49214285714286,46.481987254519424,-3.6902070659731407,GOOGL,0,0,0,0,0,0.0,0.0,0.0,0.0,[],True
2026-04-08,2.3043930369495595,0.0377088066034688,0.1035586322050996,0.0923866258048964,26.829999999999984,1.0706601917399792,807473.75,294580.4639707971,16663864.0,3.2333812946856115,11.740000000000007,6.106428571428572,55.5386594923383,-1.6681523719727238,GOOGL,0,0,0,0,0,0.0,0.0,0.0,0.0,[],True
2026-04-09,0.2711096385591653,0.004371969786439,0.0712052445789208,0.0950237129699635,27.649999999999977,0.7811670834095793,808512.05,293886.6110190469,17295447.0,2.930686181617405,1.3899999999999864,6.155357142857143,56.71018276762401,0.0459719879646058,GOOGL,0,0,0,0,0,0.0,0.0,0.0,0.0,[],True
2026-04-10,-0.2095296277435939,-0.0042458902300721,0.0730338028645347,0.1284677763551001,36.11999999999995,0.8372397917946874,812937.95,291109.44456907135,16614823.0,2.5823604470343176,1.3500000000000227,5.802500000000001,60.15879854742414,1.2807307088504558,GOOGL,0,0,0,0,0,0.0,0.0,0.0,0.0,[],True
2026-04-13,0.7725690661753906,0.0127462070458095,0.0712023734124471,0.1712713223501969,46.99000000000001,0.8928304928594568,825851.05,281075.9093055554,17352168.0,2.4270985332974653,4.07000000000005,5.996428571428575,61.44729005360334,2.5582114080190763,GOOGL,0,0,0,0,0,0.0,0.0,0.0,0.0,[],True
2026-04-14,2.054932862058468,0.0352211515505913,0.0895908346972176,0.2172974949716584,59.420000000000016,1.0247355144941117,836643.2,277748.89585864206,18209506.0,2.5879775694057465,11.519999999999982,5.982142857142861,75.34925373134325,4.448907552290564,GOOGL,1,0,0,0,1,0.3037449287553503,0.5,0.15187246437767515,5.060328967387724,"[{""name"": ""high_volatility"", ""value"": 2.5879775694057465, ""threshold"": 0.8, ""triggered"": true, ""z_score"": null}, {""name"": ""large_return"", ""value"": 2.054932862058468, ""threshold"": 0.05, ""triggered"": true, ""z_score"": null}]",False
2026-04-15,0.6865357778058117,0.0126572632200339,0.0626339679737737,0.1726788882318153,49.63999999999999,1.1181749543519546,851432.95,275504.2475686461,19161557.0,2.3866727355836628,4.240000000000009,6.244285714285719,76.38412262640126,6.217756012306268,GOOGL,0,0,0,0,0,0.0,0.0,0.0,0.0,[],True
2026-04-16,-0.2128447030192538,-0.0033874163252087,0.0544204877130214,0.1295007564296522,38.52000000000004,0.7023636353584183,859153.25,265620.6365003085,18558119.0,2.2212902816357287,1.1399999999999864,5.624285714285719,84.8044196088392,7.441808156053014,GOOGL,0,0,0,0,0,0.0,0.0,0.0,0.0,[],True
2026-04-17,0.8948574939844297,0.0168820229927746,0.0769351991931417,0.1555878722288921,46.005,0.8429155161069962,853950.35,267361.63499517314,19277927.0,2.131601679359592,5.71999999999997,5.547142857142859,93.34921452485187,8.772312734133152,GOOGL,0,0,0,0,0,0.0,0.0,0.0,0.0,[],True
2026-04-20,-0.733218555824593,-0.0124569084852952,0.0501322545511122,0.1249041634721155,37.46999999999997,0.6697983440368465,845127.5,274059.87411484047,18711862.0,1.9240342552138745,4.230000000000018,5.784285714285716,89.52210422326499,9.377325577539125,GOOGL,0,0,0,0,0,0.0,0.0,0.0,0.0,[],True
2026-04-21,-0.8742952847671498,-0.0154088094096426,-0.0017123802084897,0.0877250409165302,26.80000000000001,0.8316503999837346,838590.35,276038.1429599284,18014448.0,1.9596907770791472,5.159999999999968,5.151428571428568,81.08014420410429,9.33285044826988,GOOGL,0,0,0,0,0,0.0,0.0,0.0,0.0,[],True
2026-04-22,1.1475209267092548,0.0209938477892188,0.0066447153748034,0.0696948682385576,22.110000000000014,0.7431717733308703,802265.4,256054.6215337248,18610669.0,1.3543438071592353,7.050000000000011,4.942142857142857,80.27894204364796,9.75404115384788,GOOGL,0,0,0,0,0,0.0,0.0,0.0,0.0,[],True
2026-04-23,-0.1047170983752713,-0.0014449804198072,0.0086019585082,0.063490568998525,20.23000000000001,0.9163261872011044,783258.2,246902.850516384,17892949.0,1.3240285026186618,0.4900000000000091,4.85107142857143,81.78605609953618,9.93378838865857,GOOGL,0,0,0,0,0,0.0,0.0,0.0,0.0,[],True
2026-04-24,0.864395645167149,0.0160134571326013,0.0077263016184259,0.0852559253656077,27.05000000000001,1.3124281115192966,774811.2,235008.85640480617,18909833.0,0.7262049792917089,5.46999999999997,4.934285714285713,82.09322524609148,10.397763704950137,GOOGL,0,0,0,0,0,0.0,0.0,0.0,0.0,[],True
2026-04-27,0.9137853132348842,0.0171751567591379,0.0380341373792449,0.0900731289870857,28.945,1.6167749729693948,797614.4,261622.42060637104,20199396.0,0.2735567218311943,5.965000000000032,4.966785714285716,82.21039764147551,11.118624551560856,GOOGL,0,0,0,0,0,0.0,0.0,0.0,0.0,[],True
2026-04-28,-0.1228341606480752,-0.00151415621878,0.0525579295817031,0.0507555502147984,16.894999999999982,1.1780020824092017,804020.65,263734.1299200022,19252258.0,0.2305449826928207,0.5300000000000296,4.166071428571432,77.88255465066433,11.51441439375941,GOOGL,0,0,0,0,0,0.0,0.0,0.0,0.0,[],True
2026-04-29,0.0383863510746101,0.0014427852538856,0.0321791660527477,0.0390377028269703,13.159999999999968,1.294180113604219,789222.45,240713.1022687372,20273654.0,-0.3978656358459622,0.5049999999999955,4.102857142857147,77.54178272980498,11.733572653102897,GOOGL,0,0,0,0,0,0.0,0.0,0.0,0.0,[],True
2026-04-30,5.381608939379006,0.094513074267674,0.1361329162485982,0.1459058844539691,49.01999999999998,2.612003044865918,833074.45,378762.564227036,22449647.0,1.9911442739581249,34.72000000000003,6.486428571428576,87.28113643871819,14.54124852406312,GOOGL,1,0,0,0,1,0.5440925396877376,0.5,0.2720462698438688,8.226027218707124,"[{""name"": ""volume_spike"", ""value"": 2.612003044865918, ""threshold"": 1.5, ""triggered"": true, ""z_score"": null}, {""name"": ""high_volatility"", ""value"": 1.9911442739581249, ""threshold"": 0.8, ""triggered"": true, ""z_score"": null}, {""name"": ""large_return"", ""value"": 5.381608939379006, ""threshold"": 0.05, ""triggered"": true, ""z_score"": null}]",False
2026-05-01,-0.0108325670806132,0.002075820045327,0.1204077483809138,0.1290643565805262,44.10000000000002,1.5339921973924957,867568.95,391543.99955284665,23780491.0,1.8349061053336528,0.8000000000000114,6.252857142857144,86.80603152844412,16.639100006734964,GOOGL,0,0,0,0,0,0.0,0.0,0.0,0.0,[],True
2026-05-04,-0.4249743095651327,-0.0067100381801936,0.09396365920153,0.1355716233035027,45.75,1.0295267136842567,895218.15,373571.6316385409,22858840.0,1.8599417129078848,2.580000000000041,5.61428571428572,82.02290076335873,17.88728450162904,GOOGL,0,0,0,0,0,0.0,0.0,0.0,0.0,[],True
2026-05-05,0.4962062592240138,0.0134783409490528,0.1104884708304148,0.1688534456816131,56.110000000000014,1.082159370819015,915939.95,366402.51975726255,23850033.0,1.775777154502184,5.2000000000000455,5.682857142857151,82.23981900452485,19.07617794347908,GOOGL,0,0,0,0,0,0.0,0.0,0.0,0.0,[],True
2026-05-06,0.9629264843384032,0.0239632956189516,0.135780968966797,0.1723294533667303,58.47999999999996,1.156785404042484,926289.35,367794.6128995418,24921551.0,1.5582016109141583,9.41999999999996,6.27428571428572,85.21174863387972,20.54170781451853,GOOGL,0,0,0,0,0,0.0,0.0,0.0,0.0,[],True
2026-05-07,-0.1593599815050088,0.0001508068167539,0.0335073638276317,0.1742017352298883,59.02999999999997,0.933737555367341,938527.1,361490.5343752959,25797889.0,1.520314855298828,0.0600000000000022,5.870000000000009,84.19323436359205,21.460607766876763,GOOGL,0,0,0,0,0,0.0,0.0,0.0,0.0,[],True
2026-05-08,0.14016725153712,0.0069625606856195,0.0385702065890769,0.1636221066999681,56.34000000000003,0.9127442565195304,947748.5,356888.3519494726,26662941.0,1.4038638191773625,2.7800000000000296,5.766428571428581,89.14901523597172,22.157744678076256,GOOGL,0,0,0,0,0,0.0,0.0,0.0,0.0,[],True
2026-05-11,-1.6094851897067723,-0.0304846806061283,0.0141697763628299,0.1094648796014787,38.34499999999997,0.947639651771154,956187.3,353631.9502431129,25756820.0,1.7709188367470765,12.03000000000003,6.257142857142871,82.15753424657525,21.49176653524881,GOOGL,0,0,0,0,0,0.0,0.0,0.0,0.0,[],True
2026-05-12,-0.3294202828438132,-0.0031440893874316,-0.0025488530161427,0.1076579989421468,37.65500000000003,0.9187909828520004,957298.25,353339.8470677794,24877263.0,1.5567887730525751,1.2199999999999704,5.840714285714297,79.3934205698911,20.627746434341248,GOOGL,0,0,0,0,0,0.0,0.0,0.0,0.0,[],True
2026-05-13,1.6100960692091937,0.0385086502113935,0.0120654550938843,0.1494846832443543,52.360000000000014,1.037810122484611,959483.8,353440.8531510874,25873025.0,1.7159319233639714,15.20999999999998,6.892142857142866,83.04487511659234,20.92906690873741,GOOGL,1,0,0,0,1,0.2872853125909433,0.5,0.14364265629547165,5.182373632644376,"[{""name"": ""high_volatility"", ""value"": 1.7159319233639714, ""threshold"": 0.8, ""triggered"": true, ""z_score"": null}, {""name"": ""large_return"", ""value"": 1.6100960692091937, ""threshold"": 0.05, ""triggered"": true, ""z_score"": null}]",False
2026-05-14,-0.397247388480444,-0.0037698568432572,0.0081052552212923,0.0418842047845398,16.125,0.9166159923712618,973948.75,343893.3528757022,24980288.0,1.6484807515781037,1.5149999999999864,6.609642857142867,80.68298481655586,20.805781617637763,GOOGL,0,0,0,0,0,0.0,0.0,0.0,0.0,[],True
2026-05-15,-0.7122519800813468,-0.0109418098280484,-0.0097836124491477,0.0284092381865781,10.95999999999998,0.5872845206729764,966334.0,351420.645725918,24412775.0,1.6550724289512249,4.365000000000009,6.495357142857151,75.54297025347772,20.123882524979763,GOOGL,0,0,0,0,0,0.0,0.0,0.0,0.0,[],True
2026-05-18,-0.2061031317983073,0.0001638177090607,0.0210348909016055,0.0355027269643277,13.605000000000018,0.940580957968552,984322.5,338835.94140752906,25338610.0,1.5187848657383891,0.0649999999999977,6.462142857142863,76.00309494860173,19.36548428970661,GOOGL,0,0,0,0,0,0.0,0.0,0.0,0.0,[],True
2026-05-19,-1.2374950400082083,-0.0231093750589308,0.0008517887563883,-0.0016992353440952,-0.660000000000025,1.0142722630581622,1000174.25,332055.13712015015,24324161.0,1.5523617564489842,9.064999999999998,7.073571428571435,68.92355851762092,17.827474455350625,GOOGL,0,0,0,0,0,0.0,0.0,0.0,0.0,[],True
2026-05-20,-0.0467423968937909,0.0028585796110313,-0.034200134118173,-0.0225473192066962,-8.96999999999997,1.150472776075966,1029588.9,320234.3015768465,25508675.0,1.456858843216642,1.1100000000000136,4.672857142857148,52.957811066952,16.50786590187687,GOOGL,0,0,0,0,0,0.0,0.0,0.0,0.0,[],True
2026-05-21,-0.33806556834055,-0.0034519213029522,-0.033893023197836,-0.0260624795797833,-10.370000000000005,0.6404746255215448,1026577.75,323586.7231836372,24851178.0,1.412030889420844,1.3400000000000318,4.711428571428578,51.31140084899936,15.178966141726391,GOOGL,0,0,0,0,0,0.0,0.0,0.0,0.0,[],True
2026-05-22,-0.7011791421686674,-0.0116541452699127,-0.0345809703843731,-0.0440262560211646,-17.640000000000043,0.6042867882701813,1006133.2,336875.63007602067,24243185.0,1.409940157946836,4.490000000000009,4.847857142857147,49.86739354648593,13.606649051674369,GOOGL,0,0,0,0,0,0.0,0.0,0.0,0.0,[],True
2026-05-26,0.5238775018417569,0.0152346392873407,-0.0199211219333945,0.0006947303417044,0.2700000000000386,0.961025812365562,989186.75,330328.59867615975,25193819.0,1.350589723973445,5.880000000000052,4.896428571428577,50.36469730123997,12.688774989078922,GOOGL,0,0,0,0,0,0.0,0.0,0.0,0.0,[],True
2026-05-27,-0.1880587177253511,-0.0001800064292872,0.0028110896196003,0.0036652728305197,1.419999999999959,1.0422468432381082,993609.15,330328.0920501657,24158233.0,1.2994864178967975,0.07000000000005,4.22857142857144,42.40709459459461,11.819457418793831,GOOGL,0,0,0,0,0,0.0,0.0,0.0,0.0,[],True
2026-05-28,-0.0389420260166101,0.0033633326099019,0.0033173892917759,-0.030996199985098,-12.480000000000018,0.975695169284771,990879.15,330311.98151640256,25125029.0,1.251860971583193,1.3100000000000025,4.317857142857155,43.59801488833748,11.10817490738765,GOOGL,0,0,0,0,0,0.0,0.0,0.0,0.0,[],True
2026-05-29,-1.3613203395101474,-0.0253605275092551,-0.0184248554913294,-0.0516934046345811,-20.735000000000014,1.201395361574661,938452.1,182410.68355049283,23997577.0,-1.0082664900616294,9.769999999999982,4.817142857142865,34.95699881376039,9.644940177284298,GOOGL,0,0,0,0,0,0.0,0.0,0.0,0.0,[],True
2026-06-01,-0.6765963250682117,-0.0108903592705305,-0.0176748557554238,-0.0516446124763705,-20.49000000000001,0.673676212278604,902302.9,171891.0199696311,23389717.0,-0.9829060755200244,4.1200000000000045,4.252142857142863,39.601881404333966,8.059956383872418,GOOGL,0,0,0,0,0,0.0,0.0,0.0,0.0,[],True
2026-06-02,-1.922892336820087,-0.0390782686133967,-0.0696047928826721,-0.0881393092499024,-34.97500000000002,1.935772670414592,947973.4,270412.099242191,21554656.0,-0.5712937961279628,14.420000000000016,5.195000000000009,32.41440945964527,5.575995219417337,GOOGL,0,0,0,0,0,0.0,0.0,0.0,0.0,[],True
2026-06-03,-0.4547027400010396,-0.0068496267582382,-0.0757895278263552,-0.0731914893617021,-28.379999999999995,1.6374554611893817,978528.6,307530.94834990124,19952359.0,-0.673954327908419,2.4699999999999704,4.285000000000009,13.943990665110944,3.369290657870806,GOOGL,0,0,0,0,0,0.0,0.0,0.0,0.0,[],True
2026-06-04,1.4777263270347836,0.0354549169324015,-0.0456491093169294,-0.0424831558915805,-16.52000000000004,1.5083787071786496,1000401.95,329281.3941913155,21461344.0,-0.4421392276124252,12.96999999999997,5.1032142857142935,29.862131709706773,2.6366384725238845,GOOGL,0,0,0,0,0,0.0,0.0,0.0,0.0,[],True
2026-06-05,-0.546466674364369,-0.0090649733141314,-0.0299700299700299,-0.0478426919900907,-18.539999999999964,1.4773075317966804,1032879.05,347906.41296830284,19935464.0,-0.4542251573363289,3.359999999999957,5.031428571428576,30.288188529244778,1.7645418774797577,GOOGL,0,0,0,0,0,0.0,0.0,0.0,0.0,[],True
2026-06-08,-0.7962974274035686,-0.0151282205784714,-0.0340721841279966,-0.0511448189436858,-19.58999999999997,0.8427966601230124,1033163.8,347764.1239917476,19064717.0,-0.4765981346491983,5.5400000000000205,5.422500000000006,28.01817822564712,0.6192292531292196,GOOGL,0,0,0,0,0,0.0,0.0,0.0,0.0,[],True
2026-06-09,-0.0691992479613054,0.0016769993895722,0.0061076718991821,-0.0639222442210279,-24.860000000000014,0.9190610729638584,1035439.35,347037.2216956557,20016349.0,-0.7101397686269123,0.6100000000000136,4.818571428571436,32.43403498369408,-0.236491227523004,GOOGL,0,0,0,0,0,0.0,0.0,0.0,0.0,[],True
2026-06-10,-1.073982224348314,-0.021433953064489,-0.0084592481286697,-0.083607653533587,-32.50999999999999,1.083699960186463,1048261.55,345709.5673169478,18880348.0,-0.6322778013262275,7.720000000000027,5.2907142857142935,28.041042257324165,-1.5200729006548386,GOOGL,0,0,0,0,0,0.0,0.0,0.0,0.0,[],True
2026-06-11,0.0653181626751041,0.0043125241857331,-0.0388623301283772,-0.0827374086889657,-32.27999999999997,0.9653629499953844,1049112.15,345594.5058349341,19893122.0,-1.3269588685165548,1.5400000000000205,5.305000000000007,30.039046721421883,-2.38555628671935,GOOGL,0,0,0,0,0,0.0,0.0,0.0,0.0,[],True
2026-06-12,0.1031925013512448,0.004961544351401,-0.0252859233562795,-0.0544981334455019,-20.73000000000001,0.8461719098819308,1048850.7,345720.98831284564,20780630.0,-1.2952261374818674,1.7799999999999727,5.111428571428576,33.664058133035226,-2.8944614320778896,GOOGL,0,0,0,0,0,0.0,0.0,0.0,0.0,[],True
2026-06-15,1.0360662521598825,0.0262613360290583,0.0159035879374862,-0.0187104661670121,-7.039999999999964,0.7975650227892186,1062860.05,330532.8567441044,21628330.0,-0.9617763856150906,9.57000000000005,5.375000000000004,36.916943521594696,-2.496772170668464,GOOGL,0,0,0,0,0,0.0,0.0,0.0,0.0,[],True
2026-06-16,0.3418949986488656,0.0111772127416141,0.0256008790001374,0.0318649126685828,11.53000000000003,1.019077299725509,1071147.4,328990.7134383491,22719912.0,-0.9114792388731086,4.149999999999977,5.66642857142857,40.24959031892097,-1.825684889841512,GOOGL,0,0,0,0,0,0.0,0.0,0.0,0.0,[],True
2026-06-17,-1.2792722922955369,-0.0258007068153801,0.0211320966519799,0.0124940868742522,4.490000000000009,0.87418793078121,1067065.75,330235.20894992043,21787096.0,-0.9221605609487996,9.509999999999993,6.252142857142856,34.982291785673496,-2.0377312095372417,GOOGL,0,0,0,0,0,0.0,0.0,0.0,0.0,[],True
2026-06-18,0.3365653910660484,0.0111235244153466,0.0281107664794477,-0.0118440135360153,-4.409999999999968,0.9006841880796618,1055367.7,329999.586393856,22737649.0,-0.9189083781089712,4.069999999999993,5.844999999999999,42.39276548942931,-1.855969993235817,GOOGL,0,0,0,0,0,0.0,0.0,0.0,0.0,[],True
2026-06-22,-2.403119820996863,-0.0513891410101391,-0.0282218823856527,-0.0527941893869586,-19.48000000000001,1.8409812935936043,1126154.3,387068.6387322161,20664420.0,-0.1934237386925407,18.430000000000007,6.8671428571428565,36.08279592261286,-3.1626132568943603,GOOGL,0,0,0,0,0,0.0,0.0,0.0,0.0,[],True
2026-06-23,-0.5339039787163311,-0.0093425041723167,-0.0622122311900764,-0.0472980409421087,-17.189999999999998,1.0310734194316116,1155315.4,367448.87632322445,19473205.0,-0.2348580906191137,3.25,6.069285714285712,40.82617394374486,-4.409554694155133,GOOGL,0,0,0,0,0,0.0,0.0,0.0,0.0,[],True
2026-06-24,-0.281698822069534,-0.0028053754317785,-0.0752336824061923,-0.0515588518060706,-18.77000000000004,1.629907838919548,1206073.1,405800.0113597446,17507417.0,-0.4086132792321975,0.9700000000000272,5.962142857142859,41.55984185935065,-5.413630695494419,GOOGL,0,0,0,0,0,0.0,0.0,0.0,0.0,[],True
2026-06-25,-0.3981712675588572,-0.0050521288608903,-0.0558456549222228,-0.0358936940476523,-12.789999999999964,1.7225949082672964,1263082.8,457398.9872915404,15331637.0,-0.4489982200558676,1.7399999999999525,5.160000000000001,30.06644518272429,-6.2774095490166815,GOOGL,0,0,0,0,0,0.0,0.0,0.0,0.0,[],True
2026-06-26,-1.160255180865425,-0.0228175886395935,-0.0873535726904574,-0.0616983820940564,-22.079999999999984,1.328263281382004,1301156.95,463095.514565724,13603358.0,-0.4245352792705256,7.75,5.473571428571432,28.34399060420202,-7.500855550505435,GOOGL,0,0,0,0,0,0.0,0.0,0.0,0.0,[],True
2026-06-29,2.2316480094934628,0.0513550870523341,0.0114020028612302,-0.0171416655081327,-6.164999999999964,0.9570983564543882,1307347.35,461475.9805306949,14854618.0,0.5825308799340683,17.694999999999993,6.341785714285716,44.39376020724223,-6.962349078161878,GOOGL,0,0,0,0,0,0.0,0.0,0.0,0.0,[],True
2026-06-30,0.324687098005541,0.0105107868547175,0.0316823104693142,-0.032500947944315,-12.0,0.7665583711388653,1327848.0,437237.0695640386,15872491.0,0.6069687576180047,3.7350000000000136,6.565000000000002,46.28440866064629,-6.163150570449204,GOOGL,0,0,0,0,0,0.0,0.0,0.0,0.0,[],True
2026-07-01,0.3373688391105112,0.0110661402242801,0.0460930259499536,-0.0326084045316977,-12.175000000000011,0.9090191970473032,1294951.75,421535.7048816774,17049627.0,0.1983253460446276,3.974999999999966,6.297499999999998,52.75903136165146,-5.1496685422361566,GOOGL,0,0,0,0,0,0.0,0.0,0.0,0.0,[],True
2026-07-02,-0.3289195412298097,-0.004175429330725,0.0470105373464515,-0.0114604518221294,-4.170000000000016,0.6219629771580033,1253828.65,430007.1379868111,16269792.0,0.1848034483157111,1.5049999999999957,6.294999999999996,51.03256552819698,-4.417001214807328,GOOGL,0,0,0,0,0,0.0,0.0,0.0,0.0,[],True
2026-07-06,0.6806532779264608,0.0183193145621781,0.0909794812233835,-0.0043214741934608,-1.5900000000000318,0.6578958167208389,1218460.4,436950.33282133343,17071412.0,-0.1471315690944259,6.649999999999977,6.642857142857139,53.596774193548384,-3.262153579758376,GOOGL,0,0,0,0,0,0.0,0.0,0.0,0.0,[],True
2026-07-07,-0.0393915299971445,0.0017591113526143,0.0381911537971908,0.0500286123032904,17.485000000000014,0.5409608468593989,1173918.6,449196.6349454972,17706456.0,-0.1640580287460545,0.6450000000000387,6.005357142857138,48.67082961641391,-2.2687298932698354,GOOGL,0,0,0,0,0,0.0,0.0,0.0,0.0,[],True
2026-07-08,-0.7514586281630085,-0.0143399667550254,0.0127092548009628,0.0447942238267147,15.509999999999993,0.5576214476521959,1162801.4,459722.8286330343,17058053.0,-0.1636478100648636,5.225000000000023,6.082142857142856,43.18261890780973,-1.8813611372657988,GOOGL,0,0,0,0,0,0.0,0.0,0.0,0.0,[],True
2026-07-09,-0.4620624087211758,-0.0079929377577615,-0.006409280305652,0.0393883225208526,13.600000000000025,0.7653734576524928,1159596.0,461492.78056918073,16170529.0,-0.1373778792291787,2.8799999999999955,5.608571428571428,46.82883341823738,-1.7861706744447474,GOOGL,0,0,0,0,0,0.0,0.0,0.0,0.0,[],True
2026-07-10,-0.3046082391447042,-0.004776211858773,-0.0070060329728376,0.0396751469988938,13.629999999999995,0.5371814133106101,1133233.55,477686.8031815823,15561777.0,-0.2804029049721008,1.7099999999999795,5.439999999999998,42.9359243697479,-1.8276462870557,GOOGL,0,0,0,0,0,0.0,0.0,0.0,0.0,[],True
2026-07-13,-0.6513473590925136,-0.0130477679213177,-0.0376699241142107,0.0498823669555377,16.75,0.5594945193127643,1113751.75,490628.2284807893,14938639.0,-0.2145610500489261,4.629999999999996,4.454285714285711,52.43745991019886,-2.208658276570759,GOOGL,0,0,0,0,0,0.0,0.0,0.0,0.0,[],True
2026-07-14,0.855661205829909,0.0196891585566955,-0.0202596836382958,0.0171577294651823,6.064999999999998,0.631592664728153,1104248.1,497040.2995263592,15636074.0,-0.069634496530511,7.009999999999991,4.722857142857139,60.05747126436784,-1.922799769477706,GOOGL,0,0,0,0,0,0.0,0.0,0.0,0.0,[],True
2026-07-15,1.369212883706122,0.0312949032500293,0.0254865103936312,0.0385196797491742,13.759999999999993,1.0145211598494217,1118605.55,493373.3980288931,16770923.0,0.0440283490355936,11.430000000000009,5.469999999999994,66.77983807782715,-0.7651294317897168,GOOGL,0,0,0,0,0,0.0,0.0,0.0,0.0,[],True
2026-07-16,-2.071258258617465,-0.0459759166570543,-0.0127340615247436,-0.0190617256606542,-6.884999999999991,1.2694755095018302,1136141.65,498567.8967636127,15328619.0,0.6422931352801516,16.670000000000016,6.536428571428571,55.88460277565292,-1.1792039030393653,GOOGL,0,0,0,0,0,0.0,0.0,0.0,0.0,[],True
2026-07-17,-0.964144566597102,-0.0215249190501618,-0.0291317859842652,-0.0359337207039395,-12.925000000000011,0.76739618109102,1132972.8,500127.2026271341,14459180.0,0.5826074032844846,7.545000000000016,6.5217857142857145,56.010076118503896,-2.092063344582129,GOOGL,0,0,0,0,0,0.0,0.0,0.0,0.0,[],True
2025-09-18,0.4240276868237708,0.006390660813657,0.0386056697085273,0.0422199364129416,31.604999999999905,1.3407659045889344,212533.0,58089.508494717455,861697.0,-0.8983053896236668,4.969999999999914,6.9324999999999966,64.94771006130544,7.115231195861838,META,0,0,0,0,0,0.0,0.0,0.0,0.0,[],True
2025-09-19,-0.3596016721609457,-0.0021620797741559,0.0302047838025607,0.0361073771909978,27.129999999999995,2.0796086488842644,227580.8,81420.39562962203,388418.0,-0.9095536252774912,1.6849999999999454,6.127142857142856,73.48449522033107,7.776499172414333,META,0,0,0,0,0,0.0,0.0,0.0,0.0,[],True
2025-09-22,-1.7311203252568803,-0.0173101676552227,0.0007062516348417,0.0164326421084792,12.370000000000005,1.3080853634994367,229219.75,82578.5918344169,88579.0,-0.8825354690344083,13.360000000000014,6.8814285714285655,65.42972804650199,7.140210559486263,META,0,0,0,0,0,0.0,0.0,0.0,0.0,[],True
2025-09-23,-1.1636201538715474,-0.0124143515921559,-0.0297357676604267,-0.0131888221467745,-10.099999999999907,1.309157859495797,239851.9,78855.26701422155,-225425.0,-0.8030950894638762,9.43999999999994,7.444999999999985,58.98973424158114,5.807275486001572,META,0,0,0,0,0,0.0,0.0,0.0,0.0,[],True
2025-09-24,0.5686551793143252,0.0067391831770091,-0.0185819417838922,0.0117894260883439,8.864999999999895,0.9213749696225364,245247.6,73599.20793438195,540.0,-0.764501229800873,5.1099999999999,6.979999999999977,56.25767498976665,5.104408684997793,META,0,0,0,0,0,0.0,0.0,0.0,0.0,[],True
2025-09-25,-1.4287258523538524,-0.0156179697732703,-0.0399456539154174,-0.00288211292824,-2.164999999999964,1.0417252923293665,249286.45,71965.54703063398,-259148.0,-0.6962505964024837,11.789999999999964,7.622857142857121,48.89898800599698,3.555046847345352,META,0,0,0,0,0,0.0,0.0,0.0,0.0,[],True
2025-09-26,-0.5828638377587484,-0.0067649739909435,-0.0443545279383429,-0.0154894630628245,-11.704999999999927,1.4501769907743824,258855.3,75467.12510274696,-634534.0,-0.6722637155457464,5.0499999999999545,7.883571428571405,46.01340944097129,1.89779701046848,META,0,0,0,0,0,0.0,0.0,0.0,0.0,[],True
2025-09-29,-0.0287375399516478,-0.0006453955288363,-0.0282954753378466,-0.0276092074287209,-21.110000000000014,1.0777081242360071,265177.55,71903.69892796657,-920318.0,-0.742040869297407,0.4800000000000182,6.987142857142836,38.59640155387445,0.5394639814569473,META,0,0,0,0,0,0.0,0.0,0.0,0.0,[],True
2025-09-30,-1.1207040950816722,-0.0128326634107216,-0.0287018658197698,-0.0575841614667591,-44.85000000000002,1.6021657992187304,273580.3,81684.0299646979,-1358639.0,-0.6761235333472062,9.480000000000018,6.674642857142844,40.40344587725395,-1.287144106588471,META,0,0,0,0,0,0.0,0.0,0.0,0.0,[],True
2025-10-01,-1.924446821258729,-0.0224152660235209,-0.0566107175247433,-0.0741407222512464,-57.47500000000002,2.0364530127362874,294159.5,106822.90618515344,-1957681.0,-0.5286579173451113,16.269999999999982,7.782499999999978,34.65192051764488,-4.001470738457897,META,0,0,0,0,0,0.0,0.0,0.0,0.0,[],True
2025-10-02,1.243317153988363,0.0128741101762864,-0.0293450108141304,-0.0681184590834225,-53.14499999999998,1.1028813611579518,295148.7,107027.09698659932,-1632167.0,-0.5423368108696837,9.299999999999956,8.126071428571404,37.41484639388208,-5.340598774954401,META,0,0,0,0,0,0.0,0.0,0.0,0.0,[],True
2025-10-03,-1.8254820687315716,-0.0226255726283088,-0.0446187346263963,-0.0869942196531792,-67.72500000000002,1.4421529939620403,304283.25,111235.2632050764,-2070990.0,-0.4258241827352337,16.264999999999986,8.650357142857112,27.777548408405835,-7.626404515514764,META,0,0,0,0,0,0.0,0.0,0.0,0.0,[],True
2025-10-06,0.6765553696061833,0.0064998808968723,-0.0377678247185571,-0.0649946415035157,-49.73000000000002,2.7319466695663013,338433.4,176606.37963216097,-1146408.0,-0.4010209725811631,4.634999999999991,7.962857142857111,21.54198062432709,-8.96062377646092,META,0,0,0,0,0,0.0,0.0,0.0,0.0,[],True
2025-10-07,-0.1627773009080891,-0.0033884098507411,-0.028637212027084,-0.0565171364298002,-42.71000000000004,0.8098022613818772,340146.0,175777.97709491072,-1421859.0,-0.5103813601163459,2.419999999999959,7.87535714285711,21.78132510997221,-10.096885319635703,META,0,0,0,0,0,0.0,0.0,0.0,0.0,[],True
2025-10-08,0.6909724612460555,0.0066678562613439,2.7865243681590712e-05,-0.0565844297525005,-43.04999999999996,0.9482434528303112,346724.25,172580.14644670402,-1093080.0,-0.5430408276086964,4.769999999999982,7.8610714285714,21.639180409795017,-10.491541681728222,META,0,0,0,0,0,0.0,0.0,0.0,0.0,[],True
2025-10-09,1.951132951813979,0.0214196437679102,0.0086102552816902,-0.0209874235667939,-15.720000000000027,1.212156439609697,360427.9,168030.25387643432,-656185.0,-0.3738586455252535,15.539999999999964,8.85071428571426,31.76095553224107,-9.441525535997698,META,0,0,0,0,0,0.0,0.0,0.0,0.0,[],True
2025-10-10,-3.074829519604003,-0.0388182304074313,-0.0075903063557384,-0.051870371117115,-38.59000000000003,1.1792075329313398,374483.7,162076.30125543382,-1097779.0,-0.0505318406833051,27.91999999999996,9.890714285714257,28.42131869719067,-10.738504048191658,META,0,0,0,0,0,0.0,0.0,0.0,0.0,[],True
2025-10-13,1.1876301232808657,0.0143008377031242,0.000181713982192,-0.0375929736781934,-27.950000000000045,0.6627208248835881,373211.45,163013.81892680962,-850444.0,-0.0291757678929242,10.159999999999968,9.942142857142828,35.5736762698469,-10.821794859190504,META,0,0,0,0,0,0.0,0.0,0.0,0.0,[],True
2025-10-14,-0.6198432677235985,-0.0096616395436359,-0.0060730164518436,-0.0345363142191523,-25.350000000000023,0.6700845584493599,372393.3,163620.6939695074,-1099979.0,-0.1490912617747344,6.879999999999996,10.068571428571406,31.50184449489213,-11.312557803885396,META,0,0,0,0,0,0.0,0.0,0.0,0.0,[],True
2025-10-15,1.0495858530906303,0.0126200564376175,-0.0001393223361569,-0.0001114609747262,-0.0800000000000409,0.691204440334014,374170.05,162099.98952871014,-841351.0,-0.0735263701991728,9.0,9.869285714285695,38.65166099732212,-10.850191930881238,META,0,0,0,0,0,0.0,0.0,0.0,0.0,[],True
2025-10-16,-0.490761726804552,-0.0077073559088331,-0.0288422201009136,-0.0204803036971831,-14.889999999999986,0.7867062243575534,374659.55,161830.968650846,-1136098.0,-0.0978982298545246,5.509999999999991,9.90214285714284,38.52340763182569,-10.803834714927802,META,0,0,0,0,0,0.0,0.0,0.0,0.0,[],True
2025-10-17,0.5775374874845233,0.0064524931516198,0.016133148090391,0.0084203861981639,5.985000000000014,0.5653505202017686,361206.0,164365.4401986143,-931890.0,-0.0677831117452342,4.610000000000014,10.19714285714284,40.63813393107311,-10.276645047557736,META,0,0,0,0,0,0.0,0.0,0.0,0.0,[],True
2025-10-20,1.7076108462354622,0.0213126441539208,0.0232831148503229,0.0234690597000322,16.790000000000077,0.7684342935672134,360047.7,164901.41343816704,-655217.0,0.0376095732422684,15.440000000000056,10.622857142857129,49.3914739107047,-8.514811034118907,META,0,0,0,0,0,0.0,0.0,0.0,0.0,[],True
2025-10-21,0.1284849049535685,0.0012147767465095,0.0344735133914713,0.0281911387256483,20.100000000000023,0.600802057169319,355012.1,167892.05723192642,-441925.0,0.0105611911723971,0.8899999999999864,9.5242857142857,55.75596220188993,-6.966424715508879,META,0,0,0,0,0,0.0,0.0,0.0,0.0,[],True
2025-10-22,0.0605495858720488,0.000327327780776,0.0218348521584037,0.0216924877396345,15.57000000000005,0.7210361646896756,356568.8,166773.1629276884,-184826.0,-0.0067951689501451,0.2400000000000091,8.877142857142847,52.53057611844226,-5.654766776819884,META,0,0,0,0,0,0.0,0.0,0.0,0.0,[],True
2025-10-23,0.0975621122434277,0.0008246636214817,0.0305904654918205,0.0008659484522024,0.6349999999999909,0.8444331205645685,358730.6,165728.19808329805,118098.0,-0.0596454934652554,0.6049999999999045,7.758571428571413,60.6610200699687,-4.514410650760851,META,0,0,0,0,0,0.0,0.0,0.0,0.0,[],True
2025-10-24,0.5184073918098064,0.0063157246852149,0.0304495228528378,0.0470739176046954,33.20500000000004,0.51237927226947,348899.75,170452.4536343988,296867.0,-0.056301283622371,4.650000000000091,7.759642857142849,60.66645188014916,-3.1985827952927366,META,0,0,0,0,0,0.0,0.0,0.0,0.0,[],True
2025-10-27,1.2926678940017875,0.0163231932412891,0.0253209505599563,0.0491936160102859,35.200000000000045,0.9772880187128468,351801.1,169814.2454026567,640678.0,0.0167281944853177,12.154999999999973,8.454999999999993,65.94576328461605,-1.1615828196946725,META,0,0,0,0,0,0.0,0.0,0.0,0.0,[],True
2025-10-28,0.0568677636684712,0.0007988922453018,0.0248946241252778,0.0602263426749076,42.680000000000064,1.0668093846649416,348472.75,168677.76001341955,1012432.0,-0.0351327465893783,0.6000000000000227,8.157142857142853,64.70227670753067,0.4954579910408938,META,0,0,0,0,0,0.0,0.0,0.0,0.0,[],True
2025-10-29,0.0129384262368792,0.0002395432719757,0.0248046582029917,0.0471811164060975,33.860000000000014,1.4982001123105522,344313.15,163107.2777537517,1528282.0,-0.2018339117717076,0.1799999999999499,7.059999999999994,59.2169162282477,1.802422067930252,META,0,0,0,0,0,0.0,0.0,0.0,0.0,[],True
2025-10-30,-8.92474892377641,-0.1209733305447289,-0.0927125699142293,-0.0649582250930281,-46.25999999999999,5.42511485853201,450140.7,496392.0196581794,-913783.0,2.3147572832711485,85.63,11.182142857142852,37.38741616097093,-4.025026841263866,META,0,0,1,0,1,0.36387632440938067,0.5,0.18193816220469033,20.016213121061,"[{""name"": ""volume_spike"", ""value"": 5.42511485853201, ""threshold"": 1.5, ""triggered"": true, ""z_score"": null}, {""name"": ""high_volatility"", ""value"": 2.3147572832711485, ""threshold"": 0.8, ""triggered"": true, ""z_score"": null}, {""name"": ""large_return"", ""value"": -8.92474892377641, ""threshold"": 0.05, ""triggered"": true, ""z_score"": null}]",False
2025-10-31,-1.2093221530653426,-0.0271566378645719,-0.1225789854925297,-0.0958619342597243,-68.71000000000004,3.3865530650231674,515485.5,574671.1595056137,-2659502.0,2.204328505077609,17.840000000000032,11.730714285714289,29.452596967667304,-9.967956592441396,META,0,0,0,1,1,0.29203816423071677,0.5,0.14601908211535838,9.10383750804099,"[{""name"": ""volume_spike"", ""value"": 3.3865530650231674, ""threshold"": 1.5, ""triggered"": true, ""z_score"": null}, {""name"": ""high_volatility"", ""value"": 2.204328505077609, ""threshold"": 0.8, ""triggered"": true, ""z_score"": null}, {""name"": ""large_return"", ""value"": -1.2093221530653426, ""threshold"": 0.05, ""triggered"": true, ""z_score"": null}]",False
2025-11-03,-0.67695388257551,-0.0166175192002604,-0.1510110024775555,-0.1295137940453428,-94.83000000000004,1.7646842807504726,514667.7,574069.6669566289,-3567728.0,2.087790008899055,10.67999999999995,12.002142857142855,28.786526215556748,-15.362469000430224,META,0,1,0,0,1,0.32116675182800947,0.5,0.16058337591400473,7.884985458600566,"[{""name"": ""volume_spike"", ""value"": 1.7646842807504726, ""threshold"": 1.5, ""triggered"": true, ""z_score"": null}, {""name"": ""high_volatility"", ""value"": 2.087790008899055, ""threshold"": 0.8, ""triggered"": true, ""z_score"": null}, {""name"": ""large_return"", ""value"": -0.67695388257551, ""threshold"": 0.05, ""triggered"": true, ""z_score"": null}]",False
2025-11-04,-0.6196062084339026,-0.0156226000451481,-0.1648388213059334,-0.1440477976783205,-105.60000000000002,1.1145715461251082,530456.75,571480.7750301313,-4158960.0,1.999002763751475,9.879999999999995,12.064999999999998,23.30827067669173,-20.202016112097567,META,0,1,0,0,1,0.3265217528179495,0.5,0.16326087640897474,8.303717204839648,"[{""name"": ""high_volatility"", ""value"": 1.999002763751475, ""threshold"": 0.8, ""triggered"": true, ""z_score"": null}, {""name"": ""large_return"", ""value"": -0.6196062084339026, ""threshold"": 0.05, ""triggered"": true, ""z_score"": null}]",False
2025-11-05,0.8358168527924777,0.0136830703422425,-0.153535501383862,-0.1325392388147219,-97.19500000000004,0.7772958555938749,534802.8,570195.3812032653,-3743260.0,1.9390277482629048,8.644999999999982,12.288928571428569,27.90839605917056,-23.07383204161352,META,0,1,0,0,1,0.3434314839702796,0.5,0.1717157419851398,7.607836275215903,"[{""name"": ""high_volatility"", ""value"": 1.9390277482629048, ""threshold"": 0.8, ""triggered"": true, ""z_score"": null}, {""name"": ""large_return"", ""value"": 0.8358168527924777, ""threshold"": 0.05, ""triggered"": true, ""z_score"": null}]",False
2025-11-06,-1.1942157583452075,-0.0272732226258785,-0.0703870008559972,-0.156573811032312,-114.91499999999996,0.8997138073967718,537120.8,569870.5512320645,-4226515.0,1.807504553316992,17.11500000000001,13.182142857142852,23.519371444053093,-26.42617976939266,META,0,0,1,0,1,0.3122342232846555,0.5,0.15611711164232775,8.35941170497845,"[{""name"": ""high_volatility"", ""value"": 1.807504553316992, ""threshold"": 0.8, ""triggered"": true, ""z_score"": null}, {""name"": ""large_return"", ""value"": -1.1942157583452075, ""threshold"": 0.05, ""triggered"": true, ""z_score"": null}]",False
2025-11-07,0.3785016899435472,0.0044005003431746,-0.0405832883265179,-0.1581876155080323,-116.83500000000004,1.0941484910434252,544848.35,569554.795855433,-3630370.0,1.635338495020813,2.730000000000018,12.274285714285709,17.862546554934795,-28.533732208314746,META,0,0,0,1,1,0.27649289379980746,0.5,0.13824644689990373,7.679101009739269,"[{""name"": ""high_volatility"", ""value"": 1.635338495020813, ""threshold"": 0.8, ""triggered"": true, ""z_score"": null}, {""name"": ""large_return"", ""value"": 0.3785016899435472, ""threshold"": 0.05, ""triggered"": true, ""z_score"": null}]",False
2025-11-10,0.9551610977434573,0.0159398344132088,-0.0088331738236816,-0.1585102698670645,-119.0,0.6467709202687557,550276.75,567081.9789192162,-3274467.0,1.5925529534306289,9.990000000000007,12.92428571428571,21.99347850116058,-29.06285469227589,META,0,0,0,1,1,0.26653874323805365,0.5,0.13326937161902683,7.605461334831545,"[{""name"": ""high_volatility"", ""value"": 1.5925529534306289, ""threshold"": 0.8, ""triggered"": true, ""z_score"": null}, {""name"": ""large_return"", ""value"": 0.9551610977434573, ""threshold"": 0.05, ""triggered"": true, ""z_score"": null}]",False
2025-11-11,-0.2181301704575164,-0.0071885325301768,-0.0004382539960795,-0.1652048340298666,-124.125,0.8697096681421085,562249.7,562910.6870405214,-3763461.0,1.5433900467036583,4.524999999999977,13.230357142857136,21.35510865163988,-29.507177382646773,META,0,0,1,0,1,0.30666584504047323,0.5,0.15333292252023661,7.797894352195843,"[{""name"": ""high_volatility"", ""value"": 1.5433900467036583, ""threshold"": 0.8, ""triggered"": true, ""z_score"": null}, {""name"": ""large_return"", ""value"": -0.2181301704575164, ""threshold"": 0.05, ""triggered"": true, ""z_score"": null}]",False
2025-11-12,-1.3075768070458142,-0.0293069267241071,-0.0424988406548924,-0.1895092612305726,-142.41999999999996,1.0753888773812696,580533.25,558450.7990867402,-4387760.0,1.5139992682563057,18.11500000000001,14.481071428571427,19.212272177966327,-30.96410054595549,META,0,0,1,0,1,0.3213010077122561,0.5,0.16065050385612806,9.326682609881448,"[{""name"": ""high_volatility"", ""value"": 1.5139992682563057, ""threshold"": 0.8, ""triggered"": true, ""z_score"": null}, {""name"": ""large_return"", ""value"": -1.3075768070458142, ""threshold"": 0.05, ""triggered"": true, ""z_score"": null}]",False
2025-11-13,0.2346840380580765,0.0014027261119382,-0.0146441148912797,-0.0840003604198891,-55.934999999999945,0.8488768096258615,590874.9,554783.0038337798,-3886180.0,1.4827315233233207,0.8550000000000182,14.209999999999996,17.671157132803856,-31.68449219189881,META,0,0,0,0,0,0.0,0.0,0.0,0.0,[],True
2025-11-14,0.1306511248881337,-0.0005657755170129,-0.0195255327704061,-0.0593164107707737,-38.43999999999994,0.7225485771179229,602428.7,548679.125682388,-4321464.0,1.479378619803972,0.3450000000000273,13.366428571428573,12.290920750280565,-31.91534613453939,META,0,0,0,0,0,0.0,0.0,0.0,0.0,[],True
2025-11-17,-0.4808231571720451,-0.0126948623246987,-0.0472029632443727,-0.0556191850887241,-35.450000000000045,0.5201246576886169,604310.9,547566.2708409104,-4635781.0,1.3865999444446615,7.690000000000055,13.872857142857145,11.533312738131997,-32.34595425330849,META,0,0,0,0,0,0.0,0.0,0.0,0.0,[],True
2025-11-18,-0.1884367419549652,-0.0073200543624188,-0.0473282686160249,-0.0477457808092559,-29.96000000000004,0.9329870533645226,622694.6,539865.3630389712,-5216747.0,1.3967559134020204,4.389999999999986,14.173571428571432,11.197903542811076,-32.66490985344615,META,0,0,0,0,0,0.0,0.0,0.0,0.0,[],True
2025-11-19,-0.4303762003317055,-0.012241373954398,-0.0309308816286324,-0.0721151956738742,-45.875,0.8797172401268133,637898.15,533268.9540140013,-5777917.0,1.4091280270701907,7.269999999999982,8.576428571428576,18.50587157491465,-33.122497177161335,META,0,0,0,0,0,0.0,0.0,0.0,0.0,[],True
2025-11-20,0.1009477452869656,-0.0018822976364988,-0.0341090736201852,-0.0482536913185357,-29.870000000000005,0.8818717502257751,651477.95,527719.0569530522,-6352437.0,1.4242857267794171,1.1100000000000136,7.381428571428573,21.50183859105867,-33.19208841736952,META,0,0,0,0,0,0.0,0.0,0.0,0.0,[],True
2025-11-21,0.6259713745360731,0.0085940438608148,-0.0252210429618936,-0.0442541214314434,-27.514999999999983,0.764946756978546,668092.25,517178.82545818033,-5841382.0,1.458733042970274,5.085000000000036,6.9817857142857225,27.93493273313216,-32.462713025311814,META,0,0,0,0,0,0.0,0.0,0.0,0.0,[],True
2025-11-24,1.7944956464224249,0.0313673581016316,0.0186901913875598,-0.0293950042739102,-18.57000000000005,1.017439543918127,685789.15,511523.1332357241,-5143633.0,1.543935789228827,18.934999999999945,7.628571428571433,43.29588014981272,-30.01083529050527,META,0,0,0,0,0,0.0,0.0,0.0,0.0,[],True
2025-11-25,1.997816560689627,0.0369021933542662,0.0647498870349607,0.0143571183724879,9.004999999999995,1.511931144839725,721764.35,513571.85800987337,-4052375.0,1.732418858505956,23.050000000000068,8.657500000000011,50.03506456004291,-25.90909820152001,META,0,0,0,0,0,0.0,0.0,0.0,0.0,[],True
2025-11-26,-0.0855029279724943,-0.0039845396088011,0.0735777454003321,0.0403710392382203,24.590000000000032,0.5965857252284559,717370.5,515797.3660111624,-4480348.0,1.65227123125275,2.5299999999999727,7.6157142857142945,56.879572312886914,-22.602049505574087,META,0,0,0,0,0,0.0,0.0,0.0,0.0,[],True
2025-11-28,1.1844106942435533,0.0222305068117897,0.0997793431214462,0.0622668885409578,37.97999999999991,0.321296558392856,604986.25,332552.73303213884,-4285968.0,0.0265054637656295,14.24499999999989,8.438214285714285,61.08265966902271,-18.61713044743317,META,0,0,0,0,0,0.0,0.0,0.0,0.0,[],True
2025-12-01,-0.4135141383711784,-0.0109325473487982,0.0785127096182485,0.0513114942340184,31.279999999999973,0.6776137109364102,535855.45,200379.90683895192,-4649071.0,-0.0919083565009733,7.044999999999959,8.227857142857138,53.97169893219897,-15.844876137523215,META,0,0,0,0,0,0.0,0.0,0.0,0.0,[],True
2025-12-02,0.5847753566273661,0.0098361576037127,0.0555392468646542,0.0752674774056354,45.305000000000064,0.5333361911506694,503881.05,188503.0635952292,-4380333.0,-0.1380960943487107,6.335000000000036,8.357142857142858,58.55128205128205,-12.986957505684586,META,0,0,0,0,0,0.0,0.0,0.0,0.0,[],True
2025-12-03,-0.4588146287205656,-0.0120386468372744,0.0051240137059507,0.0702056800495374,41.950000000000045,0.5440410416530365,487582.7,194547.9782941125,-4645598.0,-0.168598934729723,7.745000000000003,7.616428571428571,64.24552189815249,-11.217682708595248,META,0,0,0,0,0,0.0,0.0,0.0,0.0,[],True
2025-12-04,1.779323553878829,0.0339604519655868,0.0439962757815335,0.1208111679598822,71.31000000000006,1.4270653116606913,502664.45,200289.1612858182,-3928263.0,0.0025945730011883,22.090000000000032,9.133214285714288,70.18339655104994,-7.941496668612444,META,1,0,0,0,1,0.28875496826944785,0.5,0.14437748413472393,5.060695572383448,"[{""name"": ""large_return"", ""value"": 1.779323553878829, ""threshold"": 0.05, ""triggered"": true, ""z_score"": null}]",False
2025-12-05,0.917848725420846,0.0176049014886028,0.0391783126393852,0.1428668420605958,84.17000000000007,0.8662863063176719,500166.05,200854.8675053121,-3494976.0,-0.1448495741425456,11.75,9.947857142857142,72.87283693544914,-4.3468609202656125,META,0,0,0,0,0,0.0,0.0,0.0,0.0,[],True
2025-12-08,-0.3775485948004501,-0.0097755406881672,0.0403813446925369,0.1220645031006251,72.53499999999997,0.636078610656915,485809.45,203872.5309471264,-3803989.0,-0.1213021773568796,6.550000000000068,9.866428571428573,73.47426337508145,-2.0035211069424577,META,0,0,0,0,0,0.0,0.0,0.0,0.0,[],True
2025-12-09,-0.599260582179659,-0.0148829133933537,0.0149793348526399,0.0713505226935433,43.75,0.5929723204321664,482314.25,206795.140217986,-4089988.0,-0.1082485658285917,9.850000000000025,10.256428571428572,70.68040949926873,-0.9304939471371654,META,0,0,0,0,0,0.0,0.0,0.0,0.0,[],True
2025-12-10,-0.3817211614630926,-0.0105744980826347,0.0164665040345279,0.0216748923328407,13.789999999999964,1.1726417180400226,486382.15,207731.53733840343,-4660340.0,-0.10758935238582,6.909999999999968,10.230714285714289,70.85806046219366,-0.6304243040176516,META,0,0,0,0,0,0.0,0.0,0.0,0.0,[],True
2025-12-11,0.3287630090757047,0.0042524185389395,-0.0132865758725457,0.0301251400527069,19.08999999999992,0.7008508540393492,471696.65,207850.2257272559,-4329751.0,-0.3259637616052898,2.769999999999982,10.349285714285712,71.95803713161709,-0.1671740217557271,META,0,0,0,0,0,0.0,0.0,0.0,0.0,[],True
2025-12-12,-0.4930512846020073,-0.0132774995013429,-0.043292936493792,-0.0058107680554376,-3.7649999999999855,1.0062948715726907,470279.65,207732.34549149423,-4802991.0,-0.2853404172892076,8.610000000000014,10.601071428571426,66.8227605026446,-0.4891611336955748,META,0,0,0,0,0,0.0,0.0,0.0,0.0,[],True
2025-12-15,0.3855217358611289,0.0052951136292986,-0.0287655413410921,0.0104542121112827,6.7000000000000455,1.092802581407488,474438.85,207827.5173726816,-4284523.0,-0.3039705683424977,3.4200000000000728,9.492857142857147,62.949586155003786,-0.463035239817259,META,0,0,0,0,0,0.0,0.0,0.0,0.0,[],True
2025-12-16,0.8305676655688293,0.0148827552159097,0.0005784570419533,0.0155664567963227,10.074999999999932,0.9242916985740094,480949.9,204561.20446995847,-3839985.0,-0.3545439981216777,9.709999999999924,8.539999999999996,58.81565741050515,0.3372974148146568,META,0,0,0,0,0,0.0,0.0,0.0,0.0,[],True
2025-12-17,-0.4499527923685896,-0.0120377811492056,-0.0008846017753573,0.0155673359604677,9.954999999999927,0.784829976749684,470359.2,204593.65797203765,-4209137.0,-0.3452726723208975,7.865000000000009,8.921071428571427,56.30329476760475,0.3330874158532424,META,0,0,0,0,0,0.0,0.0,0.0,0.0,[],True
2025-12-18,1.1634493037724778,0.0224654990028705,0.0174790894328871,0.0039602763124084,2.6200000000000045,0.6713050945320485,457662.25,206531.84923469505,-3901906.0,-0.3628164954839101,14.75500000000011,8.957500000000014,56.48100155496196,1.5030301526685437,META,0,0,0,0,0,0.0,0.0,0.0,0.0,[],True
2025-12-19,-0.2863168496559198,-0.0082696951016007,0.0225872052408526,-0.0216835976950039,-14.600000000000025,1.1254594340030502,454513.05,205131.66352228168,-4413442.0,-0.351213733796985,5.470000000000027,8.845000000000018,57.199386255350085,1.966170129915099,META,0,0,0,0,0,0.0,0.0,0.0,0.0,[],True
2025-12-22,0.2686829406655224,0.003909036659022,0.0211708025139361,-0.0082037284220946,-5.470000000000027,0.907774681989336,449356.0,204931.76839672928,-4005528.0,-0.371291508382898,2.5799999999999272,8.576785714285725,55.86092025817194,2.5124345550522094,META,0,0,0,0,0,0.0,0.0,0.0,0.0,[],True
2025-12-23,0.3421414117332824,0.0056696674690659,0.0118058725087479,0.0123911587407903,8.139999999999986,0.3050782421720704,420888.75,208130.39709072985,-3877124.0,-0.5601324456815076,3.759999999999991,8.292142857142867,61.017314152812425,3.2117307906434007,META,0,0,0,0,0,0.0,0.0,0.0,0.0,[],True
2025-12-24,0.2633092954448527,0.0040815158248359,0.0282476306327807,0.027338040953216,17.769999999999982,0.2107303159482668,370226.75,152156.36635931852,-3799106.0,-0.8860849301687105,2.720000000000028,6.908571428571439,53.210297766749335,3.939991592993806,META,0,0,0,0,0,0.0,0.0,0.0,0.0,[],True
2025-12-26,-0.2510938256404987,-0.0067917077993163,-0.0014002017494995,0.0160544134317841,10.480000000000018,0.3532525054203026,355100.1,160900.30411665377,-3924546.0,-0.8895999404509083,4.519999999999982,6.392142857142866,44.37926025254215,4.105096306026326,META,0,0,0,0,0,0.0,0.0,0.0,0.0,[],True
2025-12-29,-0.2867267990204436,-0.0072632949522786,-0.0003947048821957,0.0221835850784732,14.290000000000076,0.6242540504621626,356508.7,159536.7660351619,-4147098.0,-1.0024407526934471,4.7999999999999545,6.267142857142858,45.26441759744704,3.804764143233911,META,0,0,0,0,0,0.0,0.0,0.0,0.0,[],True
2025-12-30,0.6144825648815733,0.011671139916642,0.0073945259337668,0.0287218764959311,18.600000000000023,0.5792026306624684,348444.55,163219.5991574012,-3945278.0,-1.0254104851960868,7.730000000000018,6.115714285714286,55.41345480028036,4.142740207789757,META,0,0,0,0,0,0.0,0.0,0.0,0.0,[],True
2025-12-31,-0.3887541669173664,-0.0091684273397733,-0.0074429374793251,0.0042750646584512,2.810000000000059,0.4205968863907699,342204.15,168720.62374147755,-4089208.0,-1.0163730884476718,6.080000000000041,6.056428571428577,55.95589102488501,3.875311310130769,META,0,0,0,0,0,0.0,0.0,0.0,0.0,[],True
2026-01-02,-0.6236197778121714,-0.0144961034513668,-0.0257120608583664,0.0018092649764795,1.1750000000000682,0.8002565873445414,342651.35,168517.6917937779,-4363417.0,-0.99996432778632,9.5,6.537142857142864,48.81446678321681,2.8637893953251705,META,0,0,0,0,0,0.0,0.0,0.0,0.0,[],True
2026-01-05,0.6452785242692646,0.0124185351262709,-0.0068148237493591,-0.0082054833707223,-5.4500000000000455,0.9608725670444584,322267.5,143629.04215428705,-4053759.0,-1.335433481677375,8.129999999999995,6.502857142857148,58.00197715289985,2.687197702582125,META,0,0,0,0,0,0.0,0.0,0.0,0.0,[],True
2026-01-06,0.1957904480316013,0.002993662497013,0.0034246575342464,0.0030286009230022,1.9950000000000043,0.9037252274329152,314829.1,141412.00671754952,-3769240.0,-1.450413956848325,1.9750000000000227,6.399642857142859,57.32462749037335,2.6757689096629065,META,0,0,0,0,0,0.0,0.0,0.0,0.0,[],True
2026-01-07,-0.7797862509608174,-0.018213492359572,-0.0261186748525197,-0.0189172841373053,-12.509999999999993,1.305843952194091,320290.95,143272.86749837865,-4187490.0,-1.358963555309456,11.925000000000068,6.557857142857155,45.365428602548754,1.6850395829065974,META,0,0,0,0,0,0.0,0.0,0.0,0.0,[],True
2026-01-08,-0.1512576249203268,-0.0043250658255105,-0.0213903743315507,-0.0286741045920667,-19.069999999999936,0.7519448734584001,317944.85,144244.83221584192,-4426567.0,-1.398670658893836,2.7999999999999545,6.196071428571437,48.01429477203301,0.6662625937624398,META,0,0,0,0,0,0.0,0.0,0.0,0.0,[],True
2026-01-09,0.5933743083572591,0.0107318478708691,0.0036119948970965,-0.022192937793884,-14.819999999999936,1.3535866887194183,310437.45,133957.02454832123,-4006363.0,-1.3657125025583396,6.970000000000027,5.640000000000002,42.88880445795339,0.4164941539057736,META,0,0,0,0,0,0.0,0.0,0.0,0.0,[],True
2026-01-12,-0.7616487391372407,-0.0170677647105264,-0.0255487749339649,-0.0321894882851371,-21.350000000000023,1.1863239372066643,312440.8,134572.44667214152,-4377019.0,-1.255397946946328,11.050000000000068,6.0385714285714345,40.057960728649135,-0.6654212238042874,META,0,0,0,0,0,0.0,0.0,0.0,0.0,[],True
2026-01-13,-0.748240487291889,-0.0173007355702054,-0.0451253566212361,-0.041855237979528,-27.56000000000006,1.2455115486902393,307957.0,130360.86801280775,-4760583.0,-1.1993217840713035,11.009999999999993,6.640714285714296,33.65063999139511,-2.3837831724511034,META,0,0,0,0,0,0.0,0.0,0.0,0.0,[],True
2026-01-14,-1.0977480553606185,-0.024956159758418,-0.0515421014503921,-0.0763145649139135,-50.84000000000003,1.840094033926004,310611.3,135318.87357960342,-5332137.0,-1.035719849674518,15.549999999999956,7.48285714285715,26.274341351661,-4.943368366719028,META,0,0,0,0,0,0.0,0.0,0.0,0.0,[],True
2026-01-15,0.5293993820110116,0.0087613767953358,-0.0390485920834687,-0.0596037024132342,-39.34500000000003,0.8532165962593701,301235.35,132006.84955684587,-5075118.0,-1.0800681277001618,5.414999999999964,7.675357142857146,28.12340049322973,-6.460440887963614,META,0,0,0,0,0,0.0,0.0,0.0,0.0,[],True
2026-01-16,0.0823203119022189,-0.0008138434405004,-0.0500796373437884,-0.0466485298412259,-30.350000000000023,0.7182439674993658,293311.2,132471.269498671,-5285787.0,-1.0918209471078553,0.5049999999999955,7.388571428571432,29.21500386697604,-7.615692112437728,META,0,0,0,0,0,0.0,0.0,0.0,0.0,[],True
2026-01-20,-1.1119943704348787,-0.0260348860090344,-0.0585596111604429,-0.0826122597686491,-54.41999999999996,1.4604940272633469,299845.8,136360.37770192107,-5723710.0,-1.1354392364164545,15.93999999999994,8.184285714285718,26.37458544248561,-9.705581908108911,META,0,0,0,0,0,0.0,0.0,0.0,0.0,[],True
2026-01-21,0.8329750113667972,0.0144078851185492,-0.0282295133935646,-0.0720810031556722,-47.625,1.1880638045696976,291590.4,127585.47754571625,-5377282.0,-1.0185186356499225,8.769999999999982,8.258571428571429,27.03684483653346,-10.53275389151952,META,0,0,0,0,0,0.0,0.0,0.0,0.0,[],True
2026-01-22,2.7990662800112576,0.054854123212875,0.0525067035020718,-0.0017417037870497,-1.1299999999999957,2.8499598275223685,316261.3,185722.43016311948,-4475950.0,-0.1873267176920381,34.569999999999936,10.293571428571422,45.68038304073275,-8.303070928191573,META,1,0,0,0,1,0.37612729562747615,0.5,0.18806364781373808,6.780336401432282,"[{""name"": ""volume_spike"", ""value"": 2.8499598275223685, ""threshold"": 1.5, ""triggered"": true, ""z_score"": null}, {""name"": ""large_return"", ""value"": 2.7990662800112576, ""threshold"": 0.05, ""triggered"": true, ""z_score"": null}]",False
2026-01-23,0.8303849822323384,0.0165682813688175,0.0607556804910072,0.0193346646232914,12.490000000000007,1.8442329905651464,341314.25,192711.33770128444,-3846487.0,-0.142996396459921,10.82000000000005,10.38785714285714,52.70576909853538,-5.598412527542109,META,0,0,0,0,0,0.0,0.0,0.0,0.0,[],True
2026-01-26,1.0143630914606467,0.0206292048613748,0.0837471382968433,0.0294734746385689,19.245000000000005,0.9575291819680468,354379.8,182508.8877304049,-3507158.0,-0.0686838163826292,13.725000000000025,10.787499999999998,54.45787121337528,-2.320706800223661,META,0,0,0,0,0,0.0,0.0,0.0,0.0,[],True
2026-01-27,0.1239607070303152,0.0012116933594236,0.1136814932486098,0.0484647380473899,31.110000000000014,1.2633070733064085,371578.7,175886.4316783331,-3037740.0,-0.0897447033074792,0.8149999999999409,10.704642857142847,54.10536149200946,0.3387573086465636,META,0,0,0,0,0,0.0,0.0,0.0,0.0,[],True
2026-01-28,-0.3024286321715975,-0.0084604009650265,0.0885025037107112,0.057774607703281,36.450000000000045,1.1859398408626098,383172.05,173167.1147261408,-3492159.0,-0.098356523227274,5.669999999999959,10.257857142857128,56.46194554696751,1.9662148605119685,META,0,0,0,0,0,0.0,0.0,0.0,0.0,[],True
2026-01-29,6.152614991740063,0.1008188625862013,0.1397029305499799,0.1995449744048101,122.78999999999996,3.8543149003442334,462143.35,352938.26968708466,-1710913.0,1.5710599701925276,70.78999999999996,15.1142857142857,71.77457466918716,8.86594696114139,META,1,0,0,0,1,0.4475887982006594,0.5,0.2237943991003297,14.548371817135887,"[{""name"": ""volume_spike"", ""value"": 3.8543149003442334, ""threshold"": 1.5, ""triggered"": true, ""z_score"": null}, {""name"": ""high_volatility"", ""value"": 1.5710599701925276, ""threshold"": 0.8, ""triggered"": true, ""z_score"": null}, {""name"": ""large_return"", ""value"": 6.152614991740063, ""threshold"": 0.05, ""triggered"": true, ""z_score"": null}]",False
2026-01-30,-1.4418505790903595,-0.0292529449915962,0.0886587291945084,0.154800931109196,96.09500000000004,1.1550312314181916,482831.1,345348.93359354703,-2268598.0,1.683602452489105,21.279999999999973,16.136428571428553,64.14280023018017,12.473133684299569,META,0,0,1,0,1,0.4055453747731126,0.5,0.2027726873865563,6.912217350442007,"[{""name"": ""high_volatility"", ""value"": 1.683602452489105, ""threshold"": 0.8, ""triggered"": true, ""z_score"": null}, {""name"": ""large_return"", ""value"": -1.4418505790903595, ""threshold"": 0.05, ""triggered"": true, ""z_score"": null}]",False
2026-02-02,-0.767361659031543,-0.0147201488785551,0.0508475836984252,0.1388530616193208,86.125,0.796316051460824,488573.6,342641.6213353325,-2657657.0,1.670082129417514,10.475000000000025,16.09535714285712,64.30647702309896,14.321520619146668,META,0,0,1,0,1,0.37003985090954805,0.5,0.18501992545477403,6.026678792769423,"[{""name"": ""high_volatility"", ""value"": 1.670082129417514, ""threshold"": 0.8, ""triggered"": true, ""z_score"": null}, {""name"": ""large_return"", ""value"": -0.767361659031543, ""threshold"": 0.05, ""triggered"": true, ""z_score"": null}]",False
2026-02-03,-1.0481122552872817,-0.0209502521632932,0.0278149237764109,0.1446584590945194,87.41999999999996,0.6484571381589678,488943.65,342442.1626236245,-2974716.0,1.720108550428007,14.644999999999982,16.35499999999998,63.2855832641831,14.438216700646194,META,0,0,1,0,1,0.3651342253293881,0.5,0.18256711266469405,6.480678225575145,"[{""name"": ""high_volatility"", ""value"": 1.720108550428007, ""threshold"": 0.8, ""triggered"": true, ""z_score"": null}, {""name"": ""large_return"", ""value"": -1.0481122552872817, ""threshold"": 0.05, ""triggered"": true, ""z_score"": null}]",False
2026-02-04,-1.5850539561240142,-0.0338522020808988,0.0020454034614521,0.0907289304996004,55.625,1.032802698459677,500567.05,339066.9071922122,-3491703.0,1.851234031118265,23.024999999999977,16.88892857142855,61.28486540210199,12.5283550357168,META,0,0,1,0,1,0.37775849269903394,0.5,0.18887924634951697,6.562914360339594,"[{""name"": ""high_volatility"", ""value"": 1.851234031118265, ""threshold"": 0.8, ""triggered"": true, ""z_score"": null}, {""name"": ""large_return"", ""value"": -1.5850539561240142, ""threshold"": 0.05, ""triggered"": true, ""z_score"": null}]",False
2026-02-05,0.0429152812346872,0.002471838371229,-0.0918118514103015,0.03506469443844,22.71000000000004,1.0075072396684135,505099.1,338514.0427300813,-2982812.0,1.7762568990184686,1.6549999999999727,16.620357142857124,60.65926037346629,11.021274186718417,META,0,0,0,0,0,0.0,0.0,0.0,0.0,[],True
2026-02-06,-0.6691490472209789,-0.0134407597855322,-0.0773372764556539,0.0044648280889318,2.939999999999941,0.931197947208123,517227.3,332778.1025695653,-3464453.0,1.766890497710692,8.950000000000045,17.22357142857141,58.534815244888655,9.000954157597334,META,0,0,0,0,0,0.0,0.0,0.0,0.0,[],True
2026-02-09,1.0422634520729277,0.0238286134456307,-0.0410753342723868,0.0076836679286824,5.164999999999964,0.6215212225985031,512132.15,335113.7266868128,-3146152.0,1.7814500829693294,15.950000000000044,17.224285714285706,65.14680268723563,8.587872036119734,META,0,0,0,0,0,0.0,0.0,0.0,0.0,[],True
2026-02-10,-0.5218960912814786,-0.0101939497016128,-0.0307051782461618,-0.003744316662209,-2.519999999999982,0.5140876798124044,506621.75,338451.9795405758,-3406600.0,1.7232822176606972,6.8700000000000045,17.08857142857142,61.99841163685002,7.618330521729945,META,0,0,0,0,0,0.0,0.0,0.0,0.0,[],True
2026-02-11,-0.1992119266622602,-0.0025610694324229,0.0001046783756906,0.0021502959466546,1.4349999999999454,0.9999972714785312,513098.4,337210.2956041092,-3919697.0,1.6518182234132452,1.7150000000000318,14.741785714285712,55.11786224774087,6.635090525877672,META,0,0,0,0,0,0.0,0.0,0.0,0.0,[],True
2026-02-12,-1.3334991444545865,-0.0280288384142042,-0.0299386905738622,-0.1190018153737774,-87.84000000000003,0.925908192582621,508040.65,337045.94803540024,-4390096.0,1.6454767858354111,18.485000000000014,15.289285714285713,48.08923148797009,4.314545337949312,META,0,0,0,0,0,0.0,0.0,0.0,0.0,[],True
2026-02-13,-0.7804341184850212,-0.0162781673596884,-0.0326872486468506,-0.1074965823173283,-77.06000000000006,0.5846810456848782,510102.05,335552.6447101034,-4688343.0,1.6521788096103718,10.5,15.058928571428568,42.31471599667969,1.6096789332995058,META,0,0,0,0,0,0.0,0.0,0.0,0.0,[],True
2026-02-17,-0.0498344543305041,0.0001406590660994,-0.0553316503535734,-0.0941342185918443,-66.495,0.6007354398805371,515038.7,331618.75053648447,-4378941.0,1.6184113430027276,0.0900000000000318,15.007142857142858,42.11565920990005,-0.5206828245691213,META,0,0,0,0,0,0.0,0.0,0.0,0.0,[],True
2026-02-18,0.1553539047089166,0.0048484376561023,-0.041014168530947,-0.070459999421748,-48.74000000000001,1.0526440154324443,520539.7,331184.44218736794,-3830998.0,1.5012878155210174,3.1100000000000136,14.82428571428572,44.1336609810157,-1.935744796408585,META,0,0,0,0,0,0.0,0.0,0.0,0.0,[],True
2026-02-19,0.049397417314346,0.0027644491040234,-0.0358934485671778,-0.0357925274593811,-23.93500000000006,0.5004766688957392,516133.95,334194.9719019968,-3572685.0,1.4621576433435943,1.7799999999999727,9.895000000000008,16.30332779903273,-2.880357511708325,META,0,0,0,0,0,0.0,0.0,0.0,0.0,[],True
2026-02-20,0.6748066453745132,0.0166645530710519,0.0081731508534523,-0.0220102331548249,-14.754999999999995,0.8545844326741132,492094.15,322101.8551137408,-3152149.0,1.1427927088932113,10.835000000000036,9.148928571428582,26.09204824920954,-2.7232836275504724,META,0,0,0,0,0,0.0,0.0,0.0,0.0,[],True
2026-02-23,-1.328397202202363,-0.0282547711837646,-0.0038293216630196,-0.0363914003205224,-24.069999999999936,0.5157774927939476,472814.35,324974.0718056193,-3396016.0,1.188477643924119,18.264999999999983,9.705357142857151,24.596136154553847,-4.0262225088791865,META,0,0,0,0,0,0.0,0.0,0.0,0.0,[],True
2026-02-24,0.0952036187124449,0.0030079451170075,-0.000968916532529,-0.0562469551353027,-38.10000000000002,0.684470354910986,472001.45,325345.6716890313,-3072945.0,1.1288442162297214,1.919999999999959,8.796428571428578,28.69671132764921,-4.84799829899282,META,0,0,0,0,0,0.0,0.0,0.0,0.0,[],True
2026-02-25,1.0260961667570194,0.0224592986298915,0.0167807153965784,-0.0249217002237136,-16.710000000000036,0.4564363987478156,459005.9,330602.74231675395,-2863438.0,1.19795228945937,14.519999999999982,8.188928571428578,43.49077587334813,-4.278301287839781,META,0,0,0,0,0,0.0,0.0,0.0,0.0,[],True
2026-02-26,0.1818716217814748,0.0047456009225978,0.0187971090914731,-0.0177710325440911,-11.884999999999993,0.52832845464775,448122.75,334323.38667191146,-2626682.0,1.196887135463227,3.1100000000000136,8.292857142857153,44.19896640826873,-3.535110737359787,META,0,0,0,0,0,0.0,0.0,0.0,0.0,[],True
2026-02-27,-0.6273317378813292,-0.01333250919098,-0.0113099913821372,-0.0032292787944024,-2.099999999999909,0.7549206046332634,373145.2,117365.45417473656,-2908377.0,-0.4899755486554424,8.699999999999932,8.275000000000002,44.29434613724648,-3.606569870318708,META,0,0,0,0,0,0.0,0.0,0.0,0.0,[],True
2026-03-02,0.358419201832639,0.0082197505241136,0.0254177453518473,0.0214910909659269,13.75,0.5894192217967303,355745.1,114323.64729454005,-2698694.0,-0.5586087907435904,5.349999999999909,7.517857142857134,38.6840855106888,-3.1946752323769942,META,0,0,0,0,0,0.0,0.0,0.0,0.0,[],True
2026-03-03,0.0864708654431531,0.0022772612413638,0.0246687628075774,0.023675944302927,15.149999999999975,0.7295576977845064,349023.8,116198.18678791882,-2444061.0,-0.569657775577133,1.490000000000009,7.133571428571421,42.25993791929506,-2.716698803990994,META,0,0,0,0,0,0.0,0.0,0.0,0.0,[],True
2026-03-04,0.8461375810624401,0.0188880306117614,0.0210159225439361,0.0381493001555208,24.529999999999973,0.8095429613402585,347225.55,116994.46430245532,-2162967.0,-0.5378798246758154,12.490000000000007,7.903214285714276,49.432870893397805,-1.3149030403951656,META,0,0,0,0,0,0.0,0.0,0.0,0.0,[],True
2026-03-05,-0.497878334165324,-0.0103752709469059,0.0056934084335515,0.0245975371444524,15.860000000000014,1.087588340346813,339857.45,110182.4793534395,-2532592.0,-0.7293696745056956,6.889999999999986,7.074999999999989,55.21958606764263,-0.7512749858354937,META,0,0,0,0,0,0.0,0.0,0.0,0.0,[],True
2026-03-06,-1.116110902144483,-0.0242688709453615,-0.0052452946621414,-0.0164959618068532,-10.815000000000056,0.8319354652865902,328059.1,103564.6558338777,-2805516.0,-0.6138450867861868,15.840000000000032,7.456428571428562,52.39486540856405,-1.5647142594900745,META,0,0,0,0,0,0.0,0.0,0.0,0.0,[],True
2026-03-09,0.2002409513592632,0.0039778100230658,-0.0094560477392701,0.0157213461991057,10.019999999999982,1.0683989974213088,321131.9,97188.40553920357,-2462419.0,-0.6313362546060425,2.57000000000005,7.633571428571421,53.499578927669134,-1.9791784851796592,META,0,0,0,0,0,0.0,0.0,0.0,0.0,[],True
2026-03-10,0.4701394948722666,0.0100364333517459,-0.0017403517342452,0.0228854787491983,14.629999999999995,0.9483240896921112,320409.45,97264.23032753592,-2158567.0,-0.7343117406165383,6.529999999999973,7.877857142857132,54.941517816665154,-1.760434747640943,META,0,0,0,0,0,0.0,0.0,0.0,0.0,[],True
2026-03-11,0.0441414534025814,0.0012685023441246,-0.0191751681572363,0.0014377705379404,0.9400000000000546,0.556512625041471,316185.1,101737.36985772967,-1982606.0,-0.7393574070201164,0.8300000000000409,7.809999999999994,54.5500274373514,-1.5027815658354484,META,0,0,0,0,0,0.0,0.0,0.0,0.0,[],True
2026-03-12,-1.1950844303395016,-0.0257435976846926,-0.0341335674497456,-0.0286344953569797,-18.809999999999945,0.7590572853492331,301991.7,92171.8563565968,-2211835.0,-0.6125912744717427,16.639999999999986,8.224642857142848,42.39002996222155,-2.6111982289128264,META,0,0,0,0,0,0.0,0.0,0.0,0.0,[],True
2026-03-13,-1.7669109799495188,-0.0389894245708546,-0.0482475186104216,-0.0532397408207343,-34.50999999999999,1.8261542623296927,306453.3,102350.33841514544,-2771466.0,-0.4794744769160284,24.399999999999977,8.662857142857133,40.24571240105541,-5.396297344099821,META,0,0,0,0,0,0.0,0.0,0.0,0.0,[],True
2026-03-16,1.0429907757344927,0.0222696924781306,-0.0306779739561611,-0.0398439293091575,-26.039999999999964,1.3956829688957495,313412.15,106413.7191225957,-2334042.0,-0.4049339313162168,13.819999999999936,9.512857142857133,45.58492266106022,-6.414408646948914,META,0,0,0,0,0,0.0,0.0,0.0,0.0,[],True
2026-03-17,-0.3143184291572552,-0.0075823378911254,-0.0476066676861905,-0.0492641670737664,-32.26999999999998,0.8931098247435539,311868.7,106698.42937141286,-2612575.0,-0.3976213792869912,4.740000000000009,8.814285714285704,37.43111831442462,-7.517095181694458,META,0,0,0,0,0,0.0,0.0,0.0,0.0,[],True
2026-03-18,-0.5035008395279437,-0.0117585707039839,-0.0599331021947978,-0.0779590430392641,-52.03999999999997,1.0457622381163534,300166.7,91145.01717252022,-2926478.0,-0.3867092409777182,7.279999999999973,9.112142857142844,33.76969506937367,-8.876099216817693,META,0,0,0,0,0,0.0,0.0,0.0,0.0,[],True
2026-03-19,-0.5910574376021283,-0.0142194510644517,-0.0490369697064678,-0.0814967304432066,-53.84000000000003,1.2289304090869289,306057.2,92099.64182260804,-3302601.0,-0.3670114852293299,8.690000000000055,9.111428571428569,33.77234242709309,-10.532913213374968,META,0,0,0,0,0,0.0,0.0,0.0,0.0,[],True
2026-03-20,-0.9043190567666828,-0.0214209433146059,-0.0321823722074663,-0.0788771712158807,-50.8599999999999,1.0853872163131422,301386.45,88277.82291777869,-3629722.0,-0.3899990128554813,12.8599999999999,9.647857142857138,27.933664026060583,-12.73682260425744,META,0,0,0,0,0,0.0,0.0,0.0,0.0,[],True
2026-03-23,0.8515584596904076,0.0173090071429734,-0.0369715223661775,-0.0665152849220693,-43.06000000000006,1.153855365096557,306898.95,87938.60807492533,-3275605.0,-0.4157876673824828,10.36999999999989,10.282142857142844,32.37929836748869,-13.49114679820525,META,0,0,0,0,0,0.0,0.0,0.0,0.0,[],True
2026-03-24,-0.7707496071916212,-0.0188254609542802,-0.0477383303627342,-0.0930723352194525,-60.860000000000014,1.0091284995275884,306194.9,87858.64860936126,-3584595.0,-0.3794795203815105,11.269999999999982,10.194999999999984,23.90527569536883,-14.827427613426948,META,0,0,0,0,0,0.0,0.0,0.0,0.0,[],True
2026-03-25,0.211185721926346,0.0030222058150114,-0.0335586280849403,-0.0914804575932063,-59.89499999999998,1.5832184825749651,321141.4,95627.8588385318,-3076158.0,-0.5141511286005561,1.7950000000000728,9.83107142857142,26.094380063210664,-15.56220685482947,META,0,0,0,0,0,0.0,0.0,0.0,0.0,[],True
2026-03-26,-3.442725079474485,-0.0824650776878997,-0.0973137771918258,-0.1415787741541162,-90.34000000000005,2.747723533395777,358565.55,174663.95507749508,-4061397.0,0.3146689920937174,47.08500000000004,12.062857142857135,21.266579819990525,-19.71660988607266,META,0,0,1,0,1,0.35873612830147056,0.5,0.17936806415073528,11.89166307687362,"[{""name"": ""volume_spike"", ""value"": 2.747723533395777, ""threshold"": 1.5, ""triggered"": true, ""z_score"": null}, {""name"": ""large_return"", ""value"": -3.442725079474485, ""threshold"": 0.05, ""triggered"": true, ""z_score"": null}]",False
2026-03-27,-1.5241188862646933,-0.041183386453736,-0.1149779439000573,-0.1434600531212828,-88.04000000000008,2.2890391962323164,389002.95,210024.84575439003,-4951840.0,0.4254742487990373,22.100000000000023,13.457857142857131,17.698105196114824,-24.509756307860584,META,0,0,1,0,1,0.3108997908267348,0.5,0.1554498954133674,9.213236551245995,"[{""name"": ""volume_spike"", ""value"": 2.2890391962323164, ""threshold"": 1.5, ""triggered"": true, ""z_score"": null}, {""name"": ""large_return"", ""value"": -1.5241188862646933, ""threshold"": 0.05, ""triggered"": true, ""z_score"": null}]",False
2026-03-30,0.9813052820881524,0.0207291548511524,-0.1119458556039119,-0.1447785692658284,-90.85000000000002,1.7460825349549982,414726.1,218250.2054530656,-4227694.0,0.488124640322263,11.009999999999993,13.777857142857131,19.60962206438901,-27.107466395496544,META,0,1,0,0,1,0.32497259299230186,0.5,0.16248629649615093,7.6679523904758895,"[{""name"": ""volume_spike"", ""value"": 1.7460825349549982, ""threshold"": 1.5, ""triggered"": true, ""z_score"": null}, {""name"": ""large_return"", ""value"": 0.9813052820881524, ""threshold"": 0.05, ""triggered"": true, ""z_score"": null}]",False
2026-03-31,2.743721043407868,0.0640189698038822,-0.035242142182652,-0.0812980715191804,-50.63,2.2212430994417858,452218.85,251218.61557307027,-3223206.0,1.1088260288391083,35.48000000000002,16.25285714285713,31.85154258591893,-26.00347895537664,META,1,0,0,0,1,0.37096927695123727,0.5,0.18548463847561864,8.079120388925384,"[{""name"": ""volume_spike"", ""value"": 2.2212430994417858, ""threshold"": 1.5, ""triggered"": true, ""z_score"": null}, {""name"": ""high_volatility"", ""value"": 1.1088260288391083, ""threshold"": 0.8, ""triggered"": true, ""z_score"": null}, {""name"": ""large_return"", ""value"": 2.743721043407868, ""threshold"": 0.05, ""triggered"": true, ""z_score"": null}]",False
2026-04-01,0.5137715946756188,0.0118669460822537,-0.0266712617784764,-0.0593348389088368,-36.51999999999998,1.797657471765263,481437.1,263929.2815989881,-2357747.0,1.0378710611846038,6.830000000000041,15.55214285714285,36.42355210581912,-24.29735228342656,META,0,0,0,0,0,0.0,0.0,0.0,0.0,[],True
2026-04-02,-0.2217876608057142,-0.0077592687283827,0.0488270196257416,-0.0532382992748845,-32.30499999999995,0.93439633180691,485645.1,262720.90410986583,-2811532.0,1.0029848634256544,4.475000000000023,14.128928571428569,40.09251535603244,-23.04073050587681,META,0,0,0,0,0,0.0,0.0,0.0,0.0,[],True
2026-04-06,-0.0186660190711567,-0.0024835207285601,0.0902121183296871,-0.0351382294507862,-20.870000000000005,0.4977546541576549,484045.7,264177.4036414686,-3052468.0,0.936474595187936,1.4249999999999543,13.243571428571428,35.31902270643441,-21.907300560436056,META,0,0,0,0,0,0.0,0.0,0.0,0.0,[],True
2026-04-07,0.2005530785545357,0.0036143096177114,0.0717120709574032,-0.0482616537869635,-29.164999999999964,0.6138339344484369,481674.25,265717.64373244724,-2756800.0,0.9054253889173276,2.074999999999932,13.053214285714278,36.969547730444056,-20.6041027335474,META,0,0,0,0,0,0.0,0.0,0.0,0.0,[],True
2026-04-08,2.5002268431063976,0.0630083888202823,0.0706295661900933,0.0328982867934708,19.50999999999999,1.9744388260744103,517577.95,288004.1250557059,-1734874.0,1.3678454856513629,37.40499999999997,15.204999999999991,49.30943768497204,-16.36439956167112,META,1,0,0,0,1,0.36253092720260827,0.5,0.18126546360130413,6.838537949682722,"[{""name"": ""volume_spike"", ""value"": 1.9744388260744103, ""threshold"": 1.5, ""triggered"": true, ""z_score"": null}, {""name"": ""high_volatility"", ""value"": 1.3678454856513629, ""threshold"": 0.8, ""triggered"": true, ""z_score"": null}, {""name"": ""large_return"", ""value"": 2.5002268431063976, ""threshold"": 0.05, ""triggered"": true, ""z_score"": null}]",False
2026-04-09,0.9452072483841816,0.02541901908952,0.0852375770765325,0.0562929215664849,33.485000000000014,1.3665065104438483,546091.8,280535.5432997471,-988636.0,1.4023079278777246,15.770000000000095,15.71071428571428,54.89202091384408,-11.598200215481144,META,0,0,0,0,0,0.0,0.0,0.0,0.0,[],True
2026-04-10,0.0852328416798211,0.0024162280465123,0.0963367827396235,0.1498676403468737,82.09000000000003,0.7043295857007926,554145.4,273175.7829981892,-598335.0,1.2979639942956689,1.5199999999999818,14.900714285714288,58.60457312688749,-7.61057166544083,META,0,0,1,0,1,0.3629005230284795,0.5,0.18145026151423976,5.3199829581695415,"[{""name"": ""high_volatility"", ""value"": 1.2979639942956689, ""threshold"": 0.8, ""triggered"": true, ""z_score"": null}, {""name"": ""large_return"", ""value"": 0.0852328416798211, ""threshold"": 0.05, ""triggered"": true, ""z_score"": null}]",False
2026-04-13,0.2681687225129442,0.0078284166588938,0.1077006299404956,0.2076286502425568,109.14,0.413108186483595,537261.2,283075.15469247475,-376388.0,1.1030426317021071,4.949999999999932,14.513571428571431,57.50036911265318,-4.004759306686196,META,0,0,1,0,1,0.3405757198079638,0.5,0.1702878599039819,6.335934164485689,"[{""name"": ""high_volatility"", ""value"": 1.1030426317021071, ""threshold"": 0.8, ""triggered"": true, ""z_score"": null}, {""name"": ""large_return"", ""value"": 0.2681687225129442, ""threshold"": 0.05, ""triggered"": true, ""z_score"": null}]",False
2026-04-14,1.5303149020095177,0.0425451738434044,0.1516747950516825,0.2342637796742817,125.72000000000004,0.9197531218410686,540234.1,282282.573196639,120494.0,1.201779547395686,27.590000000000032,15.679285714285722,65.79426905380166,1.066857319764722,META,0,0,0,1,1,0.2692261581974946,0.5,0.1346130790987473,8.109760511719328,"[{""name"": ""high_volatility"", ""value"": 1.201779547395686, ""threshold"": 0.8, ""triggered"": true, ""z_score"": null}, {""name"": ""large_return"", ""value"": 1.5303149020095177, ""threshold"": 0.05, ""triggered"": true, ""z_score"": null}]",False
2026-04-15,0.4419210322460598,0.0138979621305121,0.0964819198432782,0.1739259621770894,99.51,0.7128874694634966,545760.75,277937.80286733893,509560.0,1.163318977095961,9.269999999999982,16.213214285714287,66.9207216335881,5.7676753909753415,META,0,0,1,0,1,0.3238782929487177,0.5,0.16193914647435886,6.041650845566837,"[{""name"": ""high_volatility"", ""value"": 1.163318977095961, ""threshold"": 0.8, ""triggered"": true, ""z_score"": null}, {""name"": ""large_return"", ""value"": 0.4419210322460598, ""threshold"": 0.05, ""triggered"": true, ""z_score"": null}]",False
2026-04-16,0.2132908263158114,0.0077418593306764,0.0772695441813087,0.1690933899856641,97.89999999999998,0.5637394697380957,545439.9,278223.10286131705,817046.0,1.1019237748818216,5.220000000000027,13.222857142857142,84.87467588591184,9.801334274220494,META,0,0,1,0,1,0.33091500286765424,0.5,0.16545750143382712,5.871065772506816,"[{""name"": ""high_volatility"", ""value"": 1.1019237748818216, ""threshold"": 0.8, ""triggered"": true, ""z_score"": null}, {""name"": ""large_return"", ""value"": 0.2132908263158114, ""threshold"": 0.05, ""triggered"": true, ""z_score"": null}]",False
2026-04-17,0.5271692437702695,0.0169779883282974,0.0930712561920488,0.1983742243187496,113.96500000000005,0.5779944450206871,542306.25,280573.5207316906,1130496.0,1.040810987147476,11.590000000000032,12.472142857142858,96.62104117748126,13.77447061551834,META,0,0,1,0,1,0.308060872118592,0.5,0.154030436059296,6.79212918758298,"[{""name"": ""high_volatility"", ""value"": 1.040810987147476, ""threshold"": 0.8, ""triggered"": true, ""z_score"": null}, {""name"": ""large_return"", ""value"": 0.5271692437702695, ""threshold"": 0.05, ""triggered"": true, ""z_score"": null}]",False
2026-04-20,-0.98620185505946,-0.0258073143414418,0.0569164605617604,0.1707470291587414,97.84999999999992,0.6982943071366466,544977.95,278664.5338056185,749941.0,1.0395689214433514,17.540000000000077,12.938571428571436,87.0597328033565,15.331150420061933,META,0,0,1,0,1,0.3843870598580593,0.5,0.19219352992902966,6.677152462611122,"[{""name"": ""high_volatility"", ""value"": 1.0395689214433514, ""threshold"": 0.8, ""triggered"": true, ""z_score"": null}, {""name"": ""large_return"", ""value"": -0.98620185505946, ""threshold"": 0.05, ""triggered"": true, ""z_score"": null}]",False
2026-04-21,-0.1556053666641866,-0.0033293302675524,0.0095262538120113,0.162645941458241,93.54500000000009,0.4340399666919495,538968.8,284236.9993826688,516007.0,1.0011294338964345,2.2299999999999045,10.563571428571429,82.64250456420315,16.198165646755,META,0,0,1,0,1,0.31817243972177284,0.5,0.15908621986088642,5.990987585752614,"[{""name"": ""high_volatility"", ""value"": 1.0011294338964345, ""threshold"": 0.8, ""triggered"": true, ""z_score"": null}, {""name"": ""large_return"", ""value"": -0.1556053666641866, ""threshold"": 0.05, ""triggered"": true, ""z_score"": null}]",False
2026-04-22,0.3138165294864019,0.0091846873942299,0.0047792749199733,0.1017223083829892,62.31000000000006,0.7864105658734823,544946.9,280376.59188123554,944559.0,0.900904425627954,6.169999999999959,10.516428571428564,82.5646946953746,17.185050332662627,META,0,0,0,0,0,0.0,0.0,0.0,0.0,[],True
2026-04-23,-0.8677494008055079,-0.0235541357492527,-0.0261793254243799,0.0490673542144128,30.829999999999927,0.7879820292163908,540833.4,281541.5185260194,518392.0,0.9661970130037272,15.710000000000036,11.318928571428566,76.71094563468274,16.509190182502834,META,0,0,0,0,0,0.0,0.0,0.0,0.0,[],True
2026-04-24,0.8701675073620243,0.0236578555872462,-0.019652557882811,0.0715896100596975,45.08999999999992,0.8200097622300023,512587.8,262289.12162838463,938719.0,0.0458353642204284,15.779999999999973,12.344285714285707,79.46996875361646,17.050334621180923,META,0,0,0,0,0,0.0,0.0,0.0,0.0,[],True
2026-04-27,0.1714364928724167,0.0052828666533038,0.011305371728373,0.0688652940342475,43.71500000000003,0.8803701825443881,489617.9,247134.9975335025,1369764.0,-0.3566971603389345,3.575000000000045,12.451428571428576,79.6466268930702,17.565187561784228,META,0,0,0,0,0,0.0,0.0,0.0,0.0,[],True
2026-04-28,-0.3968899407082075,-0.0106757174998232,0.0039031539278289,0.0134665901748241,8.919999999999959,0.8386345627621472,473255.0,241560.6002040636,972876.0,-0.274191349511198,7.205000000000041,10.294285714285722,70.38232028864833,17.193631460413258,META,0,0,0,0,0,0.0,0.0,0.0,0.0,[],True
2026-04-29,-0.0805699080085594,-0.0027297763768295,-0.0079868417153187,-0.0032457381076452,-2.17999999999995,1.217136946138486,450443.15,207958.40140285032,424625.0,-0.7441510171718357,1.8299999999999272,9.298571428571424,65.80503917652482,16.560604526741827,META,0,0,0,0,0,0.0,0.0,0.0,0.0,[],True
2026-04-30,-3.5980440692981204,-0.0894926683159882,-0.0712887810058409,-0.0956018142331615,-64.71000000000004,3.5068611840991992,493744.95,344356.15028469026,-1306870.0,0.4777985626183651,57.31000000000006,13.283571428571433,45.2465451416895,11.304180524272851,META,0,0,1,0,1,0.3663091264654592,0.5,0.1831545632327296,12.899986076402437,"[{""name"": ""volume_spike"", ""value"": 3.5068611840991992, ""threshold"": 1.5, ""triggered"": true, ""z_score"": null}, {""name"": ""large_return"", ""value"": -3.5980440692981204, ""threshold"": 0.05, ""triggered"": true, ""z_score"": null}]",False
2026-05-01,-0.1580705915298002,-0.0058160177705401,-0.0982620419895395,-0.1159834994044679,-79.85000000000002,1.1809401445879977,500615.55,344887.3201265162,-1898067.0,0.4795653009849993,3.5499999999999545,13.183571428571431,42.90783984396165,6.773886157389597,META,0,0,0,0,0,0.0,0.0,0.0,0.0,[],True
2026-05-04,0.1569972290632495,0.0027729710691013,-0.1005224721999101,-0.0903535443868122,-60.620000000000005,0.837818587720437,509930.2,339985.67083096167,-1470838.0,0.4853338764484038,1.6899999999999409,11.333571428571426,33.58858007184722,3.282129759889699,META,0,0,0,0,0,0.0,0.0,0.0,0.0,[],True
2026-05-05,-0.2959830107724078,-0.0088544216679094,-0.098882764784746,-0.0953655655086812,-63.770000000000095,1.2353004877280669,527742.85,337492.4683738611,-2122759.0,0.5127928533183119,5.379999999999996,11.055714285714284,28.443597364000496,0.0798462033312716,META,0,0,0,0,0,0.0,0.0,0.0,0.0,[],True
2026-05-06,0.54287146965244,0.0126404620145999,-0.0849253887403468,-0.0922339448181844,-62.245000000000005,1.0343524814878184,502642.0,316840.11309209344,-1602850.0,0.0012418302015156,7.69500000000005,11.2325,29.56980700136721,-1.816129189451999,META,0,0,0,0,0,0.0,0.0,0.0,0.0,[],True
2026-05-07,0.3077491979874509,0.0064513990898334,0.0072203345530581,-0.0645831753015245,-42.569999999999936,0.7143217567689523,482565.45,313293.92486852297,-1258143.0,-0.0738502820010945,3.965000000000032,10.687857142857142,25.9807525228898,-2.9645870705277275,META,0,0,0,0,0,0.0,0.0,0.0,0.0,[],True
2026-05-08,-0.4066153918308004,-0.0114753017819979,0.0015362876061844,-0.0968767131406219,-65.38499999999999,0.839974304360914,483350.5,313070.152799404,-1664145.0,-0.0421126080932078,7.035000000000082,9.9375,27.942497753818515,-4.39178812184889,META,0,0,0,0,0,0.0,0.0,0.0,0.0,[],True
2026-05-11,-0.6503896017049452,-0.0179354365569714,-0.0189906603309846,-0.1176041444057154,-79.79499999999996,0.8375118065601819,492893.35,307542.8245772877,-2076949.0,-0.0024608906803928,10.834999999999924,10.552142857142858,26.314898801868267,-6.324247200555192,META,0,0,0,0,0,0.0,0.0,0.0,0.0,[],True
2026-05-12,0.32954150608345,0.0072559355771855,-0.0030582556371089,-0.101638611649039,-68.2299999999999,0.911554757477866,490400.6,307710.79439123394,-1629922.0,-0.3143078795719517,4.360000000000014,10.422857142857149,25.40090460526318,-7.418404630304622,META,0,0,0,0,0,0.0,0.0,0.0,0.0,[],True
2026-05-13,0.9155115062503312,0.0222034570648613,0.0065212245864041,-0.0789579816870061,-52.860000000000014,1.1669123206669978,500127.55,307413.5577780106,-1046317.0,-0.2312279414022584,13.539999999999964,10.267857142857142,35.20347826086957,-7.110996296002213,META,0,0,0,0,0,0.0,0.0,0.0,0.0,[],True
2026-05-14,0.1328056830872648,0.0030766265605361,0.0031301696454635,0.0103731050705697,6.350000000000023,0.589547255977008,499476.5,307856.48185417766,-751852.0,-0.2258309249833038,1.8999999999999773,9.276428571428571,28.278278278278293,-6.637545364044399,META,0,0,0,0,0,0.0,0.0,0.0,0.0,[],True
2026-05-15,-0.2498456530475659,-0.0066997306302879,0.0079321461089829,0.0094806197729251,5.769999999999982,0.6634040260993925,500402.45,307294.85336253623,-1083821.0,-0.2874699326445005,4.129999999999996,9.316071428571425,25.41690626797009,-6.520425171040074,META,0,0,0,0,0,0.0,0.0,0.0,0.0,[],True
2026-05-18,-0.181647941706977,-0.005115768423773,0.0209366805298056,0.0015484188104211,0.94500000000005,0.8807396293710946,503549.5,306323.6390920214,-1527317.0,-0.3414105584344702,3.134999999999991,9.025357142857136,26.23560603062799,-6.604442966594547,META,0,0,0,0,0,0.0,0.0,0.0,0.0,[],True
2026-05-19,-0.518262263517233,-0.014078300307527,-0.000613527451208,-0.0036699067645307,-2.2199999999999136,0.5582653336001443,505976.25,304260.58367560274,-1809786.0,-0.3095277431392296,8.544999999999959,9.504999999999995,24.91170060870219,-7.27665698913313,META,0,0,0,0,0,0.0,0.0,0.0,0.0,[],True
2026-05-20,0.1749327261305397,0.0037758391441804,-0.0188611926501354,-0.0124629661369701,-7.634999999999991,0.7584518800123022,503648.3,305061.2102135536,-1427793.0,-0.3145077420585478,2.2799999999999727,5.574285714285703,45.39979497693493,-7.538515189251825,META,0,0,0,0,0,0.0,0.0,0.0,0.0,[],True
2026-05-21,0.1787697253946275,0.0038851337519516,-0.0180676141048647,-0.0149939991566382,-9.245000000000005,0.6826551880226363,499385.35,306791.7256914955,-1086885.0,-0.3483630365916267,2.355000000000018,5.488928571428565,49.17040796408356,-7.46990249488033,META,0,0,0,0,0,0.0,0.0,0.0,0.0,[],True
2026-05-22,0.2401382220931762,0.0050667114480805,-0.0064455223151795,0.0014354969690506,0.875,0.6465988208588892,494351.35,308975.4652786111,-767238.0,-0.4624123028284568,3.0849999999999227,5.588571428571421,50.07668711656442,-7.084922150345619,META,0,0,0,0,0,0.0,0.0,0.0,0.0,[],True
2026-05-26,0.1637751550426562,0.0031731000306694,0.0018241458007837,0.02279901788846,13.649999999999975,0.461161680785481,483958.25,314660.65048236784,-544055.0,-0.4493396730396866,1.9400000000000543,5.34285714285714,54.9732620320856,-6.5478016849655205,META,0,0,0,0,0,0.0,0.0,0.0,0.0,[],True
2026-05-27,1.529128407169169,0.0367927238797196,0.0541065206570432,0.0534597973701227,32.239999999999895,1.1553332195757398,492567.85,314508.5685321375,25025.0,-0.1593822261221621,22.94999999999993,6.432499999999989,62.60063294653266,-4.221592754140943,META,0,0,0,0,0,0.0,0.0,0.0,0.0,[],True
2026-05-28,0.0034782251976593,-6.296337107958762e-05,0.0500677708353993,0.0302622403139747,18.659999999999968,0.9802549982484166,489128.85,314243.58083202626,-454446.0,-0.1786124302100294,0.0399999999999636,6.152142857142841,60.8498780912574,-2.354145953590318,META,0,0,0,0,0,0.0,0.0,0.0,0.0,[],True
2026-05-29,-0.1630459905988684,-0.0043382647174046,0.0414680530514459,0.0226512101663676,14.009999999999993,1.1483866299847183,427076.55,116019.47822239746,-944895.0,-1.917370969333938,2.75,5.846071428571406,64.03567719469737,-1.083591953687801,META,0,0,0,0,0,0.0,0.0,0.0,0.0,[],True
2026-06-01,-1.9806824786767856,-0.0519408727750706,-0.0162429147144588,-0.0225837429603827,-13.875,2.511658129818097,454607.65,195274.6898726792,-2086714.0,-1.1518080989108106,32.014999999999986,7.358928571428554,50.87114777966512,-2.629698170816141,META,0,0,0,0,0,0.0,0.0,0.0,0.0,[],True
2026-06-02,-0.129349792421732,-0.0046318209052169,-0.023891175125743,-0.0221106103117407,-13.514999999999986,1.1939422910493558,460751.75,196298.4014308385,-2636825.0,-1.1663109676022672,2.7749999999999773,7.245714285714265,47.36790220820187,-4.032434401662385,META,0,0,0,0,0,0.0,0.0,0.0,0.0,[],True
2026-06-03,1.6726235420080613,0.0414876254140484,-0.0192976657065054,0.0337647254023558,20.34999999999991,1.4350415592189465,461251.45,196822.6777002656,-1974910.0,-0.7895839326538175,25.319999999999936,8.087142857142835,52.8440204910793,-3.065661540910355,META,0,0,0,0,0,0.0,0.0,0.0,0.0,[],True
2026-06-04,0.2831702903393671,0.0071806416053553,-0.0121680545279959,0.0372904889417831,22.559999999999945,1.5492580858652414,471803.25,205594.2933571832,-1243965.0,-0.8303915196705379,4.490000000000009,8.272142857142837,53.89862706156636,-1.9151054643564287,META,0,0,0,0,0,0.0,0.0,0.0,0.0,[],True
2026-06-05,-2.0767535994384247,-0.0568659980901521,-0.0627173844305317,-0.023850099203899,-14.485000000000014,1.854806445750832,501033.95,227016.30061006983,-2173286.0,-0.2455199514373051,34.68999999999994,10.454999999999975,42.64535082325612,-3.759141524442498,META,0,0,0,0,0,0.0,0.0,0.0,0.0,[],True
2026-06-08,-0.4213245792345444,-0.0129023095330594,-0.0254036186209939,-0.0412339045247533,-25.16999999999996,0.9905417106536716,505783.85,225914.43568220228,-2674286.0,-0.2699100108219519,7.600000000000023,10.77392857142855,41.38296814399838,-5.767327707992081,META,0,0,0,0,0,0.0,0.0,0.0,0.0,[],True
2026-06-09,0.0141925796823114,-0.0006837022743041,-0.0215481906546434,-0.0449245541838134,-27.50999999999999,1.0119158979095808,510998.0,224856.45412035423,-3191373.0,-0.3506377522808855,0.3999999999999772,10.192142857142835,43.74518186277943,-7.306877251137848,META,0,0,0,0,0,0.0,0.0,0.0,0.0,[],True
2026-06-10,-0.8642602926271251,-0.0238961443548659,-0.0834764465131209,-0.1011632116604491,-64.26999999999998,0.8756817842702236,511021.25,224849.515362439,-3638865.0,-0.2947714454356141,13.81000000000006,11.015714285714273,38.99623913889246,-9.531460200882975,META,0,0,0,0,0,0.0,0.0,0.0,0.0,[],True
2026-06-11,-0.1278962255132941,-0.0046514569178617,-0.0942569397966662,-0.1052780707415744,-66.88,1.0889918195655568,509587.85,224453.47498670613,-4193802.0,-0.4510394602138383,2.6499999999999773,11.036785714285696,37.397663657250064,-11.3771424526675,META,0,0,0,0,0,0.0,0.0,0.0,0.0,[],True
2026-06-12,-0.0527383988744796,-0.0025807829776383,-0.043729442523404,-0.1037042306962626,-65.59500000000003,0.9369124217862492,519186.2,218803.40521996605,-4680234.0,-0.483958343071232,1.4650000000000318,10.92107142857142,35.77618627162431,-12.810401852753104,META,0,0,0,0,0,0.0,0.0,0.0,0.0,[],True
2026-06-15,1.7885455963865506,0.0457764952362429,0.0140623665100385,-0.0116984871066851,-7.024999999999977,1.1252122573440615,532549.3,214893.99023952067,-4081003.0,-0.011370650821744,26.555000000000064,12.679285714285706,44.681989747056505,-11.668990820310114,META,0,0,0,0,0,0.0,0.0,0.0,0.0,[],True
2026-06-16,0.41191715804869,0.0112260951425513,0.0262118491921004,0.0040988406136548,2.449999999999932,0.8405628253247933,532765.65,214801.7731604446,-3633180.0,-0.0092843038824213,6.699999999999932,11.51857142857142,39.10765223862085,-10.10727003055797,META,0,0,0,0,0,0.0,0.0,0.0,0.0,[],True
2026-06-17,-2.0320281309941453,-0.0564823746979899,-0.0066895488932472,-0.0896075756359842,-55.82999999999993,1.3422755535346065,555954.4,211364.79611410684,-4379424.0,0.4713268861889277,32.95999999999992,13.869999999999989,32.47759810485117,-11.3978047960735,META,0,0,1,0,1,0.3965931888102366,0.5,0.1982965944051183,7.626875939211141,"[{""name"": ""large_return"", ""value"": -2.0320281309941453, ""threshold"": 0.05, ""triggered"": true, ""z_score"": null}]",False
2026-06-18,0.654860990395229,0.017597504373423,0.0156582628125054,-0.0800745769193995,-50.25,0.9349752038791664,563182.85,207539.82476300924,-3852862.0,0.5125338007615428,10.069999999999936,14.392857142857126,36.29528535980147,-11.47571317593804,META,0,0,0,0,0,0.0,0.0,0.0,0.0,[],True
2026-06-22,-0.8358763181192741,-0.0238402849029905,-0.0057062221634253,-0.049186134772708,-29.159999999999968,1.0552977571874405,576559.55,200977.3956979335,-4461304.0,0.5597456893344099,13.599999999999907,13.077499999999976,39.94592675533222,-12.49087543166172,META,0,0,0,0,0,0.0,0.0,0.0,0.0,[],True
2026-06-23,-0.0620628762726763,-0.002255553255773,-0.0523353777717868,-0.0390089705254165,-22.83000000000004,0.7051660611544792,581064.55,195860.1576903049,-4871051.0,0.520758320806494,1.2700000000000955,12.969999999999986,40.27701288688179,-13.24519485786493,META,0,0,0,0,0,0.0,0.0,0.0,0.0,[],True
2026-06-24,-0.3438016473069739,-0.0083022107125872,-0.0706621346929253,-0.0463024707189878,-27.08000000000004,0.863459779144458,595620.1,177853.37660701264,-5385345.0,0.4964216650580978,4.649999999999977,11.493571428571418,29.715368839724064,-14.056183640698125,META,0,0,0,0,0,0.0,0.0,0.0,0.0,[],True
2026-06-25,-1.090724962061745,-0.0271873402463197,-0.0430344487147845,-0.0494361165592602,-28.23000000000001,1.286277430196934,606149.95,182376.08028596052,-6165022.0,0.2027742391458467,14.960000000000036,12.241428571428562,25.28007935581745,-15.724779597154791,META,0,0,0,0,0,0.0,0.0,0.0,0.0,[],True
2026-06-26,0.4852010522922476,0.013013462318617,-0.0474111798229659,-0.0324952937243794,-18.470000000000027,0.9329947072341128,610663.7,180179.71598119265,-5595276.0,0.265688150875486,7.110000000000014,10.271428571428569,35.073018080667566,-16.285704866775973,META,0,0,0,0,0,0.0,0.0,0.0,0.0,[],True
2026-06-29,0.938386275351894,0.0223871831556521,-0.0023417126434743,-0.008034572474313,-4.55499999999995,0.8244199414942242,611341.35,179728.71822343685,-5091274.0,0.4353389563668703,12.450000000000044,10.617857142857142,42.30406996300034,-15.546421760447402,META,0,0,0,0,0,0.0,0.0,0.0,0.0,[],True
2026-06-30,0.0601042350155634,0.001297236003397,0.001209060844209,-0.0511895935836085,-30.379999999999995,0.8317642251637513,578300.9,131287.5766459587,-4610264.0,0.0184511233042521,0.7300000000000182,10.641428571428571,42.70036246476037,-14.73181053172334,META,0,0,0,0,0,0.0,0.0,0.0,0.0,[],True
2026-07-01,3.597950324949024,0.0848506057976248,0.0989565591552075,0.0213019427505083,12.785000000000082,2.420045721672312,626617.5,247100.8935710911,-3093821.0,1.4825657465720865,49.86500000000001,13.216785714285711,61.328937768530295,-9.94786372253236,META,1,0,0,0,1,0.42314296400155593,0.5,0.21157148200077797,8.57186410756683,"[{""name"": ""volume_spike"", ""value"": 2.420045721672312, ""threshold"": 1.5, ""triggered"": true, ""z_score"": null}, {""name"": ""high_volatility"", ""value"": 1.4825657465720865, ""threshold"": 0.8, ""triggered"": true, ""z_score"": null}, {""name"": ""large_return"", ""value"": 3.597950324949024, ""threshold"": 0.05, ""triggered"": true, ""z_score"": null}]",False
2026-07-02,-1.8701002706312624,-0.0505324002724026,0.0735984967115566,0.0273967772645533,15.539999999999964,1.0757522471521406,627260.6,247214.3043096523,-3768598.0,1.535275506196307,30.20500000000004,15.185000000000002,53.379745049155645,-8.495906949262803,META,0,0,1,0,1,0.4442539060610214,0.5,0.2221269530305107,6.465443086934352,"[{""name"": ""high_volatility"", ""value"": 1.535275506196307, ""threshold"": 0.8, ""triggered"": true, ""z_score"": null}, {""name"": ""large_return"", ""value"": -1.8701002706312624, ""threshold"": 0.05, ""triggered"": true, ""z_score"": null}]",False
2026-07-06,1.0637422369098102,0.0298539725446244,0.0918315391329647,0.0400665176947461,23.129999999999995,1.0610311870348423,623807.3,246169.90346294973,-3106719.0,1.647487632514809,17.659999999999968,16.341785714285713,57.32019144611753,-5.852739597564209,META,0,0,0,0,0,0.0,0.0,0.0,0.0,[],True
2026-07-07,0.927050721434452,0.0246593020192586,0.0943151306079626,0.0917525590306727,51.71999999999992,1.1286225540648154,611869.75,236160.2200638764,-2416149.0,1.2418932016822808,14.990000000000007,15.51571428571428,55.047877727649386,-2.5194006228994112,META,0,0,0,0,0,0.0,0.0,0.0,0.0,[],True
2026-07-08,-0.7433436713873608,-0.0201808207047636,0.0710619783342212,0.0723569574339462,40.69500000000005,0.6727329122021417,607245.45,239329.6688950589,-2824663.0,1.2980148278075203,12.29499999999996,15.915357142857138,50.65861813612191,-0.8598968607216193,META,0,0,0,0,0,0.0,0.0,0.0,0.0,[],True
2026-07-09,1.7544466745311045,0.0459583790186114,0.0302056397999885,0.1321512451368844,73.71000000000004,1.628491378704239,632926.9,256115.01743756107,-1793947.0,1.607731302299162,28.36500000000001,15.58714285714286,64.7236733571625,2.7128185866909007,META,1,0,0,0,1,0.2982318472206304,0.5,0.1491159236103152,6.358045901665886,"[{""name"": ""volume_spike"", ""value"": 1.628491378704239, ""threshold"": 1.5, ""triggered"": true, ""z_score"": null}, {""name"": ""high_volatility"", ""value"": 1.607731302299162, ""threshold"": 0.8, ""triggered"": true, ""z_score"": null}, {""name"": ""large_return"", ""value"": 1.7544466745311045, ""threshold"": 0.05, ""triggered"": true, ""z_score"": null}]",False
2026-07-10,2.1503130688754157,0.0580914117369357,0.1484144416226234,0.2329360181278901,126.44000000000004,2.529707683094012,698960.6,356405.7314133048,-25781.0,1.878365024763175,37.76999999999998,17.56571428571429,68.6971372804164,8.494030762450734,META,1,0,0,0,1,0.2967258590791943,0.5,0.14836292953959715,9.873103220899612,"[{""name"": ""volume_spike"", ""value"": 2.529707683094012, ""threshold"": 1.5, ""triggered"": true, ""z_score"": null}, {""name"": ""high_volatility"", ""value"": 1.878365024763175, ""threshold"": 0.8, ""triggered"": true, ""z_score"": null}, {""name"": ""large_return"", ""value"": 2.1503130688754157, ""threshold"": 0.05, ""triggered"": true, ""z_score"": null}]",False
2026-07-13,-0.6764944105736682,-0.0186791644817011,0.0940091935645048,0.1944737416351469,106.94500000000004,1.4008126586601557,721766.75,361265.0791511577,-1036841.0,1.92518604136547,12.384999999999993,17.478928571428582,69.03822970515516,11.938695221949729,META,0,0,1,0,1,0.3809025977322561,0.5,0.19045129886612805,7.074142071629044,"[{""name"": ""high_volatility"", ""value"": 1.92518604136547, ""threshold"": 0.8, ""triggered"": true, ""z_score"": null}, {""name"": ""large_return"", ""value"": -0.6764944105736682, ""threshold"": 0.05, ""triggered"": true, ""z_score"": null}]",False
2026-07-14,0.2243188405501897,0.0063358344741681,0.0741456914902261,0.1754538826751071,98.66999999999996,1.068930864880641,736825.95,357193.35615490953,-249225.0,1.8707643318793865,4.1749999999999545,17.68642857142857,69.91438148701587,14.83450133441238,META,0,0,1,0,1,0.3244672324615671,0.5,0.16223361623078356,6.523246963962008,"[{""name"": ""high_volatility"", ""value"": 1.8707643318793865, ""threshold"": 0.8, ""triggered"": true, ""z_score"": null}, {""name"": ""large_return"", ""value"": 0.2243188405501897, ""threshold"": 0.05, ""triggered"": true, ""z_score"": null}]",False
2026-07-15,1.0824581574872325,0.0301003145777063,0.1295358265007502,0.2098028769312732,118.14,1.328346755002906,757152.45,360502.9482871595,756536.0,1.690999419333011,20.200000000000045,18.797142857142862,73.45911232710138,18.545637162303024,META,0,0,1,0,1,0.2867679380410497,0.5,0.14338396902052486,8.003835131566913,"[{""name"": ""high_volatility"", ""value"": 1.690999419333011, ""threshold"": 0.8, ""triggered"": true, ""z_score"": null}, {""name"": ""large_return"", ""value"": 1.0824581574872325, ""threshold"": 0.05, ""triggered"": true, ""z_score"": null}]",False
2026-07-16,-0.8899202280657589,-0.0253915826659065,0.0517514410590991,0.0835202662468492,51.194999999999936,1.1299221157378652,778758.1,353876.290309853,-123400.0,1.8012175724937831,17.08000000000004,18.94857142857144,72.87205971049457,19.879368797689608,META,0,0,1,0,1,0.38501780053590523,0.5,0.19250890026795262,6.3789580745011145,"[{""name"": ""high_volatility"", ""value"": 1.8012175724937831, ""threshold"": 0.8, ""triggered"": true, ""z_score"": null}, {""name"": ""large_return"", ""value"": -0.8899202280657589, ""threshold"": 0.05, ""triggered"": true, ""z_score"": null}]",False
2026-07-17,-0.9686755140180748,-0.02767714197193,-0.0346955547254389,0.1085695655158212,63.26999999999998,1.3073341355504982,793301.4,358417.4671247867,-1160510.0,1.3979305736792356,18.129999999999995,19.73571428571429,67.3923271806008,19.251501916038706,META,0,0,1,0,1,0.33538588165642086,0.5,0.16769294082821043,7.2321216358526526,"[{""name"": ""high_volatility"", ""value"": 1.3979305736792356, ""threshold"": 0.8, ""triggered"": true, ""z_score"": null}, {""name"": ""large_return"", ""value"": -0.9686755140180748, ""threshold"": 0.05, ""triggered"": true, ""z_score"": null}]",False
2025-09-18,-0.2487967074295282,-0.002337620032595,0.0151634639381084,0.0010631386214636,0.5400000000000205,0.7943619028651671,473996.8,123028.52087159544,1109806.0,-0.51661444885801,1.1899999999999975,3.4885714285714307,48.84316134316136,-1.0164873751976415,MSFT,0,0,0,0,0,0.0,0.0,0.0,0.0,[],True
2025-09-19,2.057263205428588,0.0185883303943757,0.01580547112462,0.046569419751091,23.05000000000001,1.1809802439496175,478463.55,124704.72281120064,1674862.0,-0.136375813004205,9.539999999999964,3.965714285714285,60.14949567723342,-0.0712130816907006,MSFT,0,0,0,0,0,0.0,0.0,0.0,0.0,[],True
2025-09-22,-0.7707107149386286,-0.0068378652658408,-0.0018237553839586,0.0324082435334016,16.150000000000034,0.7811427931704952,461359.95,115483.16194715624,1314474.0,-0.0902922386559363,3.5299999999999727,4.106428571428568,58.0883631935989,0.388602539509236,MSFT,0,0,0,0,0,0.0,0.0,0.0,0.0,[],True
2025-09-23,-1.0763968563884758,-0.0100899961804766,0.0005893735940984,0.0218385731195955,10.884999999999993,0.8801842760056503,458421.05,116204.36382940758,910979.0,-0.0046234363578107,5.1650000000000205,4.466071428571427,53.20271891243503,0.3324056325917013,MSFT,0,0,0,0,0,0.0,0.0,0.0,0.0,[],True
2025-09-24,0.1577930849097477,0.0015204950913729,0.0008436997213827,0.0194867490106727,9.75,0.687439588840496,439333.15,108326.50982016532,1212994.0,-0.0356681146831879,0.7749999999999773,4.334285714285711,51.77982860909688,0.3464119803617791,MSFT,0,0,0,0,0,0.0,0.0,0.0,0.0,[],True
2025-09-25,-0.6438956868404431,-0.0061156256561585,-0.0029303597065707,0.0121886698278013,6.105000000000018,0.9705782238101964,431857.0,104003.65104674253,793843.0,-0.0765181576332204,3.109999999999957,3.629999999999992,61.82605273514371,0.1053467316874616,MSFT,0,0,0,0,0,0.0,0.0,0.0,0.0,[],True
2025-09-26,0.9514644896234308,0.0087391685502752,-0.0127024574815157,0.0029022453181684,1.4800000000000182,0.7105730767424842,429142.35,106673.39429762356,1098780.0,-0.0215214204161252,4.449999999999989,3.707142857142848,62.62042389210025,0.2702631695445348,MSFT,0,0,0,0,0,0.0,0.0,0.0,0.0,[],True
2025-09-29,0.6524854678781735,0.0062569034711239,0.0003109936246306,-0.0015133289356252,-0.7799999999999727,0.8254804473972691,431571.7,104287.9273550418,1455034.0,-0.0269628990378971,3.2099999999999795,3.929285714285701,64.73368478458465,0.6524596588109262,MSFT,0,0,0,0,0,0.0,0.0,0.0,0.0,[],True
2025-09-30,0.6883762419484595,0.0067392485593102,0.0172879259397427,0.0178874885808866,9.105000000000018,1.0427860817860817,426403.85,100714.18831957591,1899682.0,-0.0070086063002539,3.480000000000018,4.041428571428562,65.71226581831041,1.2220727525802315,MSFT,0,0,0,0,0,0.0,0.0,0.0,0.0,[],True
2025-10-01,0.2637995107399029,0.0030063618712031,0.018800603815013,0.0196601656005963,10.019999999999923,1.1648918271598154,423930.35,98269.90806810145,2393515.0,-0.0051006868360472,1.5599999999999454,4.114642857142842,66.32236785001304,1.778868506928461,MSFT,0,0,0,0,0,0.0,0.0,0.0,0.0,[],True
2025-10-02,-0.8739839517677029,-0.0072809058690406,0.0176141070653674,0.014632131689185,7.439999999999941,1.1794607807137027,433003.8,97441.2021070302,1882804.0,0.0663534199445574,3.769999999999982,3.73571428571427,55.697896749522,1.8940917502847008,MSFT,0,0,0,0,0,0.0,0.0,0.0,0.0,[],True
2025-10-03,0.272896566964623,0.0028646104946721,0.0116535987329644,-0.0011968880909635,-0.6200000000000045,0.8438036311028725,415978.3,77629.36916569079,2233808.0,-1.014103457442102,1.4800000000000182,3.4507142857142736,52.03891533843929,2.0808439580392246,MSFT,0,0,0,0,0,0.0,0.0,0.0,0.0,[],True
2025-10-06,2.345321844838737,0.021094479886533,0.0267759987564122,0.0270953195459491,13.93999999999994,1.1926419351755606,421129.75,79846.15238587827,2736065.0,-0.4628017878952021,11.029999999999973,3.781071428571416,68.32908283744217,3.0833325087525054,MSFT,0,0,0,0,0,0.0,0.0,0.0,0.0,[],True
2025-10-07,-1.0355100660446976,-0.0087242178432771,0.0110206129854089,0.0284990624662537,14.515000000000043,0.7987150470906037,417073.65,82238.90175789487,2402942.0,-0.2711471888622516,4.589999999999918,4.062857142857122,62.45604781997195,3.4674664728868265,MSFT,0,0,0,0,0,0.0,0.0,0.0,0.0,[],True
2025-10-08,0.0880000996068979,0.0016594664905202,0.0096597906403943,0.0286420043521733,14.61000000000007,0.7489919165960753,405621.2,81208.66932434935,2706749.0,-0.2686632154643128,0.8700000000000045,4.03999999999998,64.34759547383318,3.79831255335796,MSFT,0,0,0,0,0,0.0,0.0,0.0,0.0,[],True
2025-10-09,-0.5629525526831177,-0.0044122353332651,0.0125603302901668,0.0303956763580417,15.409999999999968,1.21710934221359,411279.4,83774.67922846093,2206177.0,-0.2005638457099723,2.310000000000059,3.523571428571416,54.43948915467263,3.829963328047711,MSFT,0,0,0,0,0,0.0,0.0,0.0,0.0,[],True
2025-10-10,-2.386392192064962,-0.0215752880958873,-0.0118865845880283,-0.0003715073421582,-0.1899999999999977,1.0870071475914944,407507.9,80325.53268314827,1763213.0,0.1201619806036354,11.149999999999975,4.06785714285713,47.15539947322211,2.921655948353987,MSFT,0,0,0,0,0,0.0,0.0,0.0,0.0,[],True
2025-10-13,0.5514192564843933,0.0055008428965676,-0.0271753529389501,-0.0011270013990363,-0.5800000000000409,0.8258201076560732,403460.75,81996.13283812739,2096399.0,-0.003048810814512,2.8199999999999363,3.900357142857124,54.3448402160974,2.4016811528862263,MSFT,0,0,0,0,0,0.0,0.0,0.0,0.0,[],True
2025-10-14,-0.0579547213232115,-0.0003112961618973,-0.0189565316992155,-0.0081448313132093,-4.220000000000027,0.9599266443399798,399805.55,81113.77451811901,1712615.0,-0.2443956547695117,0.1599999999999681,3.856428571428552,53.52843119096131,1.9541603740680105,MSFT,0,0,0,0,0,0.0,0.0,0.0,0.0,[],True
2025-10-15,-0.1039368656505012,-0.0007591906225012,-0.0213264722698686,-0.0118726908866994,-6.169999999999959,0.8177802529962744,400772.7,80075.2315868938,1384871.0,-0.2397539583915685,0.3899999999999863,3.66214285714284,56.36824653793642,1.5501579362580742,MSFT,0,0,0,0,0,0.0,0.0,0.0,0.0,[],True
2025-10-16,-0.4310196068775662,-0.0038730433230597,-0.0207986370336339,-0.0084995444941946,-4.384999999999991,0.6977600956150736,395753.5,84688.305871714,1108730.0,-0.2197856887179359,1.9850000000000136,3.486071428571413,50.09732609363792,1.0576186139140873,MSFT,0,0,0,0,0,0.0,0.0,0.0,0.0,[],True
2025-10-17,0.4326638880777875,0.0041553738171149,0.0047238087786556,-0.0072189257619977,-3.7350000000000136,0.7779175044710871,382373.45,77353.87504767963,1406185.0,-0.7797785208703006,2.1299999999999955,3.408928571428557,48.9680460974332,0.8295878785858122,MSFT,0,0,0,0,0,0.0,0.0,0.0,0.0,[],True
2025-10-20,0.6379447920850053,0.0061041185986541,0.0053301171069524,-0.0219900836455849,-11.620000000000005,0.8758084290111837,381039.95,77980.1749673894,1739903.0,-0.7781097996059784,3.144999999999982,3.384999999999983,48.60730111837935,0.8923605175326657,MSFT,0,0,0,0,0,0.0,0.0,0.0,0.0,[],True
2025-10-21,0.1347310235086766,0.0015854298481503,0.0072387624051373,-0.0118549911230743,-6.210000000000036,1.451716614110699,389109.0,88116.70452841106,2304779.0,-0.9665629251427056,0.82000000000005,3.3321428571428475,47.79206859592717,0.9967851147983992,MSFT,0,0,0,0,0,0.0,0.0,0.0,0.0,[],True
2025-10-22,0.5725147158856686,0.0055677178497966,0.0136316722167046,-0.0079855155326854,-4.190000000000055,1.359665298742154,401289.2,92186.7065839752,2850398.0,-0.9062312168393823,2.8899999999999864,3.269285714285705,55.02512562814074,1.2977811939689443,MSFT,0,0,0,0,0,0.0,0.0,0.0,0.0,[],True
2025-10-23,-0.0224338997915131,0.000288137385898,0.0178583646938077,-0.0033117019851069,-1.7300000000000182,0.9473579934223008,399242.95,92223.55934271574,3228624.0,-0.9863061573337686,0.1499999999999772,3.174285714285702,53.67911791179117,1.5307806156100696,MSFT,0,0,0,0,0,0.0,0.0,0.0,0.0,[],True
2025-10-24,0.5910475437161647,0.005745381209489,0.0194780543360815,0.0242938737188012,12.41999999999996,0.9876425848453632,403943.7,89520.07845764601,3627576.0,-1.0340237496511169,3.0,2.600714285714276,43.46333424883272,1.9352014660057648,MSFT,0,0,0,0,0,0.0,0.0,0.0,0.0,[],True
2025-10-27,1.617592000220215,0.0148229489613808,0.0284055727554179,0.0338870948916469,17.420000000000073,1.050222204009561,407530.9,88944.09429221877,4055574.0,-0.716033419119423,7.82000000000005,2.8314285714285705,59.64934409687183,2.853819494480831,MSFT,0,0,0,0,0,0.0,0.0,0.0,0.0,[],True
2025-10-28,2.112405474512709,0.019729576668742,0.0472354236698737,0.0548161120840631,28.17000000000008,1.949072104672365,426901.6,130112.19483782352,4887636.0,-0.186168067536124,10.590000000000032,3.5257142857142867,67.5952188006483,4.38579863936036,MSFT,0,0,0,0,0,0.0,0.0,0.0,0.0,[],True
2025-10-29,-0.0676700396542986,0.0006546826175861,0.0421029375036021,0.0563085431637162,28.914999999999964,1.534876562303272,435642.85,140317.80418759736,5556294.0,-0.1809686239617796,0.3549999999999045,3.386071428571418,71.13173715852761,5.5644056772077874,MSFT,0,0,0,0,0,0.0,0.0,0.0,0.0,[],True
2025-10-30,-3.4858821972225664,-0.0313666759549373,0.0096320055314409,0.0276623820927617,14.149999999999975,2.517998553210028,469176.6,217896.6447550668,4374908.0,1.2887924795046672,16.75,3.78607142857142,63.61663993962832,5.088221382903612,MSFT,0,0,0,0,0,0.0,0.0,0.0,0.0,[],True
2025-10-31,-1.5317927380830914,-0.0150651154428566,-0.0111618225566205,0.0080988211932135,4.160000000000082,1.8506019322393088,497676.45,237977.85214937327,3453907.0,1.5659346498171982,7.8599999999999,4.1460714285714175,53.234559393574045,4.030148543971222,MSFT,0,0,0,0,0,0.0,0.0,0.0,0.0,[],True
2025-11-03,-0.1896360827574282,-0.001613846571021,-0.0272823060133965,0.0003482972136223,0.1800000000000636,1.3970399292749631,508052.05,242665.5605191021,2744138.0,0.8864237324644353,0.8350000000000364,4.194285714285708,52.622615803814746,3.088636792169837,MSFT,0,0,0,0,0,0.0,0.0,0.0,0.0,[],True
2025-11-04,-0.4598310841178517,-0.004400553777176,-0.0504731861198738,-0.0056218847803407,-2.909999999999968,1.0081164505133435,517479.9,239149.01458403675,2222458.0,0.8041108587565007,2.269999999999982,4.328571428571422,50.99009900990103,2.134704373611271,MSFT,0,0,0,0,0,0.0,0.0,0.0,0.0,[],True
2025-11-05,-1.5050114726734918,-0.0151518050206022,-0.0653638751901183,-0.0260129488386389,-13.539999999999964,1.511684082104848,543358.9,242786.6441277848,1401071.0,1.0444393557552587,7.740000000000009,4.73964285714285,46.56770401627613,0.7455584117934677,MSFT,0,0,0,0,0,0.0,0.0,0.0,0.0,[],True
2025-11-06,-1.8520551382551556,-0.0192282020974901,-0.0539496837399533,-0.0448373218607152,-23.34499999999997,1.6797839592080035,565856.1,258923.4231320345,450555.0,1.4016276000487065,9.65500000000003,5.277142857142853,38.94152680021658,-1.121499631360507,MSFT,0,0,0,0,0,0.0,0.0,0.0,0.0,[],True
2025-11-07,-0.0590010909609446,-0.0010159689041883,-0.0405646804360632,-0.0512737272275903,-26.84999999999997,1.1143877652743897,575790.6,257769.21639314672,-191099.0,0.8633193367553954,0.5049999999999955,5.088571428571425,35.969960696238104,-2.6117986722206297,MSFT,0,0,0,0,0,0.0,0.0,0.0,0.0,[],True
2025-11-10,1.8318325743216928,0.0184278193937465,-0.0211420170993075,-0.0478475201324603,-25.430000000000007,0.9503524847777016,587025.35,251458.2500827137,366782.0,1.3072751136158756,9.240000000000007,5.689999999999993,42.73788601556616,-3.012553776345157,MSFT,0,0,0,0,0,0.0,0.0,0.0,0.0,[],True
2025-11-11,0.5547311825047395,0.0057732444127881,-0.0111324823687125,-0.061043776634014,-33.09000000000003,0.595440782741977,585260.55,253078.36416632435,715270.0,1.3287097658109703,2.930000000000007,5.692857142857138,42.76662484316187,-3.058472404632425,MSFT,0,0,0,0,0,0.0,0.0,0.0,0.0,[],True
2025-11-12,0.4390092775464795,0.0046260079360499,0.0086198394382308,-0.0573074618610867,-31.08499999999998,1.1575718461261,603821.7,246731.1094709125,1414237.0,1.328191421439432,2.359999999999957,5.85071428571428,44.31082895861312,-2.871332043266193,MSFT,0,0,0,0,0,0.0,0.0,0.0,0.0,[],True
2025-11-13,-1.5161141142634955,-0.0158681862643102,0.012014517961453,-0.0425833452228086,-22.38499999999993,0.7792516848074262,613935.15,236527.1079557769,935827.0,1.572335552026959,8.049999999999955,6.211428571428562,38.28771849126036,-3.33415561150332,MSFT,0,0,0,0,0,0.0,0.0,0.0,0.0,[],True
2025-11-14,1.3140824322275,0.0137930499506512,0.0271129808176162,-0.0145515290209825,-7.535000000000082,0.9972486945692528,630500.7,224491.03873712587,1564593.0,1.834635793404156,6.989999999999952,6.152142857142841,37.69302217578073,-3.1011637562874057,MSFT,0,0,0,0,0,0.0,0.0,0.0,0.0,[],True
2025-11-17,-0.5115651336394467,-0.0052461584722944,0.0030826993380099,-0.0181244922434137,-9.370000000000005,0.5803512884822398,632158.5,222295.72561520283,1197719.0,1.8246488578060065,2.669999999999959,5.5864285714285495,27.96956910880951,-3.0962708354625192,MSFT,0,0,0,0,0,0.0,0.0,0.0,0.0,[],True
2025-11-18,-2.567240784477907,-0.0278461584264384,-0.030079767377893,-0.0408773872666161,-21.04000000000002,1.060329176575594,637724.6,221915.73985101,521521.0,2.615944131667604,13.939999999999998,6.5567857142857,23.443542676616342,-4.169175004782517,MSFT,0,0,0,0,0,0.0,0.0,0.0,0.0,[],True
2025-11-19,-1.1867985566685229,-0.0137674392299606,-0.0477568740955136,-0.0395486912440578,-20.05000000000001,0.9594218116778488,641202.85,220939.1424798088,-93663.0,2.6123667467453418,6.75,5.842499999999985,26.309676630600865,-5.500719012030061,MSFT,0,0,0,0,0,0.0,0.0,0.0,0.0,[],True
2025-11-20,-1.4767772887880275,-0.0174227292251719,-0.049236026942717,-0.0378130561113178,-18.805000000000007,1.0064852913482345,655267.4,212093.6166233156,-753180.0,2.729692169659375,8.410000000000025,5.881785714285708,26.13394863076076,-7.1521484306765615,MSFT,0,0,0,0,0,0.0,0.0,0.0,0.0,[],True
2025-11-21,-1.0689739605934183,-0.0132956623562317,-0.0746452927804341,-0.0495561683540991,-24.620000000000005,1.093966944933989,672081.55,203874.73734249457,-1488415.0,2.623601115540709,6.319999999999993,6.27357142857142,24.50187862916995,-8.8686569674432,MSFT,0,0,0,0,0,0.0,0.0,0.0,0.0,[],True
2025-11-24,0.4177779554405529,0.0036359832891237,-0.0663895510332736,-0.0635115107202844,-32.139999999999986,0.9996073959077192,684913.9,195612.5249955827,-803770.0,2.1167535883595976,1.7200000000000273,6.234285714285709,26.626947754353765,-9.975224545053038,MSFT,0,0,0,0,0,0.0,0.0,0.0,0.0,[],True
2025-11-25,0.6506311095062587,0.0064780960588833,-0.0337877529523771,-0.0628511925812409,-31.99000000000001,0.9971639489197692,677068.2,192522.4044470234,-128622.0,1.4843968989641194,3.079999999999984,5.901428571428563,31.856693294601754,-10.48281766659852,MSFT,0,0,0,0,0,0.0,0.0,0.0,0.0,[],True
2025-11-26,1.5786727296142604,0.0173335456250686,-0.0032654234781894,-0.0508663511557867,-26.00999999999999,1.265640883837189,687117.5,197247.8519313364,741022.0,1.941313428932858,8.339999999999975,5.807499999999989,42.62960457536435,-10.095743130298333,MSFT,0,0,0,0,0,0.0,0.0,0.0,0.0,[],True
2025-11-28,1.2069019050088157,0.0136394819059749,0.028181229232409,-0.0224423294720738,-11.295000000000016,0.4491357383460849,642476.15,179753.94175790052,1029581.0,1.4922818708007857,6.6650000000000205,6.24749999999999,47.247470416738125,-9.14574748926202,MSFT,0,0,0,0,0,0.0,0.0,0.0,0.0,[],True
2025-12-01,-0.8145438082533635,-0.0102865696533735,0.0312797814439103,-0.0457003997805126,-23.32,0.7184067389516965,618648.15,172322.29120253757,585140.0,1.3548166157638508,5.035000000000025,5.947142857142849,38.53591160220991,-8.698876289142277,MSFT,0,0,0,0,0,0.0,0.0,0.0,0.0,[],True
2025-12-02,0.5286749874659147,0.0059172376049824,0.0336350783904115,-0.0349874903961702,-17.75999999999999,0.6184333530225593,601767.35,179320.66108636238,957293.0,1.3830373026091975,2.890000000000043,5.944285714285708,38.50636866137947,-8.019089721650857,MSFT,0,0,0,0,0,0.0,0.0,0.0,0.0,[],True
2025-12-03,-2.077902333727204,-0.0246349435377381,0.0019706912094592,-0.0318836469706483,-15.740000000000007,1.3313996164021873,616739.7,184702.22656797743,136166.0,1.77089837160454,11.920000000000016,6.627142857142856,31.99504203492133,-8.345990961118844,MSFT,0,0,0,0,0,0.0,0.0,0.0,0.0,[],True
2025-12-04,0.5817060846183268,0.0063406198453847,-0.008983578183916,-0.0122196664749856,-5.949999999999989,0.9084063717537312,603061.6,178783.94010807696,683991.0,1.6433841344653664,3.0400000000000205,6.269285714285717,37.28494929930502,-8.26449203521912,MSFT,0,0,0,0,0,0.0,0.0,0.0,0.0,[],True
2025-12-05,0.4045854488960946,0.0042738654266588,-0.018221729895629,0.0094459885895801,4.519999999999982,0.665287047168787,574651.2,165302.72434492013,1066299.0,1.342027196297188,2.059999999999945,5.917142857142859,33.55263157894737,-7.94212687065135,MSFT,0,0,0,0,0,0.0,0.0,0.0,0.0,[],True
2025-12-08,1.4272464142930603,0.0165282837876823,0.0084606538524725,0.0400050826997606,18.889999999999983,0.9508252781003927,569650.4,164680.73721675115,1607937.0,1.59106371395828,8.050000000000011,6.301428571428578,40.63137610519156,-6.956887760284587,MSFT,0,0,0,0,0,0.0,0.0,0.0,0.0,[],True
2025-12-09,0.2090899743175748,0.0019529666879451,0.0044707563539858,0.0382562089848284,18.129999999999995,0.4846187818078074,555209.6,177899.6595983253,1877002.0,1.1825913789346645,0.9600000000000364,5.374285714285723,48.91679957469432,-6.029114807600763,MSFT,0,0,0,0,0,0.0,0.0,0.0,0.0,[],True
2025-12-10,-2.2142113764564386,-0.027485917602121,0.0016111145983721,0.0035849808172079,1.7099999999999795,1.879597087919225,593568.7,210671.99721795024,761332.0,1.6563556098981609,13.340000000000032,5.845000000000011,44.97739215446657,-6.29767884971352,MSFT,0,0,0,0,0,0.0,0.0,0.0,0.0,[],True
2025-12-11,0.9174328571618298,0.0102977462310335,0.0055824687610452,-0.0034512599674448,-1.6750000000000114,1.1679364614624674,593265.15,210516.45589566408,1454228.0,1.6897157591534058,4.954999999999984,5.598214285714294,53.28229665071768,-6.041053197810754,MSFT,0,0,0,0,0,0.0,0.0,0.0,0.0,[],True
2025-12-12,-0.7903735226966287,-0.0106529377770303,-0.0093161915408981,-0.0273681643106129,-13.465000000000032,0.9415166691744588,597471.1,208935.34519732732,891699.0,1.5280694580065193,5.125,5.512857142857151,54.10728167919148,-6.179981211872018,MSFT,0,0,0,0,0,0.0,0.0,0.0,0.0,[],True
2025-12-15,-0.5605679206157383,-0.0079516190996605,-0.0332736010425999,-0.0250944636109741,-12.21999999999997,0.929766564052183,593629.65,209035.93744372364,339762.0,1.2486632516109724,3.789999999999964,5.66071428571429,50.52365930599368,-6.520736992553964,MSFT,0,0,0,0,0,0.0,0.0,0.0,0.0,[],True
2025-12-16,0.3791283482181515,0.0032491288014356,-0.0320197544915047,-0.0276921506583648,-13.564999999999998,0.8845188067634503,601905.8,202768.4522279176,872159.0,1.2397486854447175,1.545000000000016,5.551071428571435,49.54641961011389,-6.590152638472205,MSFT,0,0,0,0,0,0.0,0.0,0.0,0.0,[],True
2025-12-17,0.0656367121641567,-0.0004095025651136,-0.0054522665552538,-0.0038499361831231,-1.840000000000032,1.0738572979862884,600329.3,202282.4272205104,227491.0,0.6404227024355771,0.19500000000005,4.969285714285726,43.35920655454938,-6.584992217029537,MSFT,0,0,0,0,0,0.0,0.0,0.0,0.0,[],True
2025-12-18,1.4389687222707288,0.0163126918095309,0.0005479112177069,0.0061334386760087,2.9499999999999886,0.8021489509219059,593368.6,204131.14636078555,703461.0,0.7507444145526562,7.830000000000041,5.0525000000000135,44.29207605852833,-5.881291120833396,MSFT,0,0,0,0,0,0.0,0.0,0.0,0.0,[],True
2025-12-19,0.3590159044932538,0.0036303670235198,0.014941591958707,0.0054862016851955,2.650000000000034,1.077355330348183,592298.55,203822.0059681784,1341577.0,0.4480797822084351,1.759999999999991,4.818571428571439,49.0512896531278,-5.122536232123309,MSFT,0,0,0,0,0,0.0,0.0,0.0,0.0,[],True
2025-12-22,-0.0965300451559885,-0.0018341633425209,0.021169482242912,-0.012808503706117,-6.289999999999964,0.7444589828687296,577015.0,204000.097940379,912013.0,0.2378260762109927,0.8899999999999864,4.675714285714292,46.13504430186374,-4.5406908209444055,MSFT,0,0,0,0,0,0.0,0.0,0.0,0.0,[],True
2025-12-23,0.3515946813101963,0.0035005389505618,0.0214262468899923,-0.0112795707666043,-5.550000000000011,0.4936261311060094,556518.35,213011.661766075,1186725.0,0.2219731976351706,1.6999999999999886,3.9457142857142906,57.74800868935554,-3.897470731605495,MSFT,0,0,0,0,0,0.0,0.0,0.0,0.0,[],True
2025-12-24,0.3298640673380085,0.003181023276914,0.0251002961624904,0.0195111761019428,9.340000000000032,0.1828766581922044,527585.1,234287.527263965,1283208.0,0.1830280499915859,1.5500000000000114,3.8392857142857184,56.5767441860465,-3.225461023643561,MSFT,0,0,0,0,0,0.0,0.0,0.0,0.0,[],True
2025-12-26,0.043522562986412,-0.0003893881531744,0.0081211770540585,0.0086735379557743,4.19500000000005,0.303908344760097,491572.55,234297.28770370584,1133815.0,-0.1198487346550284,0.1899999999999977,3.7057142857142935,54.6453353893601,-2.677356995768605,MSFT,0,0,0,0,0,0.0,0.0,0.0,0.0,[],True
2025-12-29,-0.0305666494908203,-0.0013537908204816,0.0031090429912699,0.0180970890017344,8.660000000000025,0.3741942927395933,486242.05,240295.1165926192,951866.0,-0.3364995567573339,0.660000000000025,3.177857142857152,45.628231063160285,-2.27006914491767,MSFT,0,0,0,0,0,0.0,0.0,0.0,0.0,[],True
2025-12-30,0.1225829044939137,0.0006155866735208,0.0055694218115058,0.0268568058305598,12.75,0.607704928857584,478561.2,244126.1640452156,1242690.0,-0.4577936327656627,0.3000000000000113,3.130714285714293,44.80949121606205,-1.9011676190952471,MSFT,0,0,0,0,0,0.0,0.0,0.0,0.0,[],True
2025-12-31,-0.5629153438187808,-0.0078152346172227,-0.0057452362844045,0.0155579117545165,7.409999999999968,0.6506558512541429,475420.3,245964.43818057145,933355.0,-0.4680900280626774,3.795000000000016,2.4489285714285773,57.284526760974174,-1.893211522008244,MSFT,0,0,0,0,0,0.0,0.0,0.0,0.0,[],True
2026-01-02,-1.7553579889784798,-0.0224965844597507,-0.0309503319400049,-0.006626898275536,-3.1549999999999727,1.7973678586245478,477254.0,248797.7640293416,75554.0,-0.6008456119881809,10.759999999999993,2.863571428571435,36.630082314791785,-2.723750630877248,MSFT,0,0,0,0,0,0.0,0.0,0.0,0.0,[],True
2026-01-05,0.110678391244862,-0.0002854922381363,-0.0308496464077072,-0.0229790047941809,-11.120000000000005,1.3755862528936162,483089.3,251889.45095023423,-588977.0,-0.6745808503126608,0.1349999999999909,2.507142857142863,41.83760683760691,-3.354187247445566,MSFT,0,0,0,0,0,0.0,0.0,0.0,0.0,[],True
2026-01-06,1.1269923951307277,0.0119419466444131,-0.0178780352634495,-0.014824575852413,-7.199999999999989,1.007352594284713,488582.65,250771.4157439787,-96802.0,-0.5240110683403445,5.680000000000007,2.642142857142866,55.05542038388753,-3.3567893003415747,MSFT,0,0,0,0,0,0.0,0.0,0.0,0.0,[],True
2026-01-07,1.0051111973461833,0.0108711408504021,-0.0077540052103634,-0.0022277687246025,-1.080000000000041,1.1246307115665233,488997.85,250870.73710521343,453140.0,-0.7412315814525132,5.229999999999961,2.905357142857148,59.12722802704357,-2.9033659594442724,MSFT,0,0,0,0,0,0.0,0.0,0.0,0.0,[],True
2026-01-08,-0.9005860922361552,-0.0117911425880234,-0.0116912517185415,-0.0173693189993627,-8.449999999999989,0.9625138814494196,499587.6,245511.2086594225,-27720.0,-0.6144316044085377,5.669999999999959,3.29642857142857,52.11267605633808,-2.9673406529355475,MSFT,0,0,0,0,0,0.0,0.0,0.0,0.0,[],True
2026-01-09,0.2853568993540032,0.0023192897910907,0.0131413407762166,-0.018215720022949,-8.890000000000043,0.9996436930948492,467153.45,198110.1649637006,439267.0,-1.5520327757987014,1.1099999999999568,2.816428571428564,43.95130611209733,-2.8951004195975543,MSFT,0,0,0,0,0,0.0,0.0,0.0,0.0,[],True
2026-01-12,-0.2470671011944863,-0.0040989663597639,0.0092851099830795,-0.0218509787844625,-10.660000000000023,1.1906596205894882,459887.1,191964.37124630547,-108302.0,-1.6803560585660031,1.9599999999999795,2.830714285714277,39.28841786525355,-2.961862625163576,MSFT,0,0,0,0,0,0.0,0.0,0.0,0.0,[],True
2026-01-13,-1.0311080008876543,-0.0137575229170333,-0.0163225213175054,-0.0339087419692522,-16.519999999999982,1.4391653827371085,465238.4,196416.3967258815,-777857.0,-1.5489972966622685,6.519999999999982,3.232857142857134,34.40123729562522,-3.500529736360136,MSFT,0,0,0,0,0,0.0,0.0,0.0,0.0,[],True
2026-01-14,-1.8100744441846048,-0.0237462718915378,-0.0497922308821401,-0.0571601468748077,-27.86500000000001,1.9980179544084269,486214.85,226292.559105121,-1749323.0,-0.9167511217615814,11.045000000000016,3.900357142857136,25.40060434026184,-4.763752917652482,MSFT,0,0,0,0,0,0.0,0.0,0.0,0.0,[],True
2026-01-15,-0.3642094354382597,-0.006362323458246,-0.0446196970964773,-0.0557892887046589,-26.985000000000014,1.3961744151910227,494086.55,230679.27109722,-2439154.0,-0.9487234882136206,2.9150000000000205,3.997857142857137,22.01179203144534,-5.931705519318541,MSFT,0,0,0,0,0,0.0,0.0,0.0,0.0,[],True
2026-01-16,0.6918130043311732,0.0066559980362961,-0.0404674945215485,-0.0278579508811993,-13.175000000000011,1.070587557823253,487974.1,228084.27688764047,-1916735.0,-0.8832366612725528,3.050000000000012,4.202142857142852,26.126126126126067,-6.535865471970624,MSFT,0,0,0,0,0,0.0,0.0,0.0,0.0,[],True
2026-01-20,-0.7367049105780156,-0.0112097149835711,-0.0472662880613592,-0.0384200507614214,-18.16500000000002,1.3447703431364175,497635.9,231614.49430599328,-2585941.0,-1.3015525930521106,5.125,4.521071428571422,24.28311872975744,-7.343559275649966,MSFT,0,0,0,0,0,0.0,0.0,0.0,0.0,[],True
2026-01-21,-1.6873465550536657,-0.0236703367836902,-0.0566639046465676,-0.0720615281725464,-34.48000000000002,2.1778370068201625,522641.5,271194.063836116,-3724169.0,-0.8740350212545814,10.634999999999993,5.2592857142857055,20.46720086921087,-8.74105659447963,MSFT,0,0,0,0,0,0.0,0.0,0.0,0.0,[],True
2026-01-22,1.4103723504958805,0.0154542892412198,-0.0189502311667119,-0.0677988877633292,-32.79499999999996,1.2541418681361225,534692.3,272193.4420593483,-3053589.0,-0.4240521635910126,6.9150000000000205,5.482142857142849,28.64495114006513,-9.184724789067218,MSFT,0,0,0,0,0,0.0,0.0,0.0,0.0,[],True
2026-01-23,2.7190677732561648,0.0324989739877434,0.0199251165947758,-0.0255836331687725,-12.230000000000018,1.6630497164488194,568204.3,279657.5264853519,-2108637.0,0.994123320243704,14.894999999999982,5.777499999999991,45.59559868949743,-8.239453718854463,MSFT,0,0,0,0,0,0.0,0.0,0.0,0.0,[],True
2026-01-26,0.8611283453489897,0.0095929632898141,0.0229250043500957,-0.0184702076593967,-8.849999999999966,1.2424751049924858,600697.75,258951.06655828067,-1362285.0,1.0877250116750687,4.490000000000009,6.088571428571421,48.53355232285312,-7.046783179868896,MSFT,0,0,0,0,0,0.0,0.0,0.0,0.0,[],True
2026-01-27,1.80176131997645,0.0216645343513662,0.05711174898545,0.0071460005448564,3.410000000000025,1.2850979476968187,633963.35,239961.4624075413,-547580.0,1.62203031137393,10.300000000000011,6.418571428571421,51.17961273091476,-5.210397051833297,MSFT,0,0,0,0,0,0.0,0.0,0.0,0.0,[],True
2026-01-28,0.2966292334571654,0.0021616237216497,0.0847747747747746,0.0233072003739349,10.96999999999997,1.0384769385225014,659088.3,215168.8480686006,136868.0,1.578420311725654,1.0399999999999636,6.119285714285708,48.79187580249796,-3.6292922842631583,MSFT,0,0,0,0,0,0.0,0.0,0.0,0.0,[],True
2026-01-29,-7.502074706542395,-0.1061821211580271,-0.0394642005699522,-0.0576665760130541,-26.504999999999995,4.792720999794322,847682.35,781943.8922650112,-3925837.0,8.444332779022986,48.51999999999998,9.179999999999994,32.524120759414856,-6.2197168420442495,MSFT,0,0,1,0,1,0.38123613272806,0.5,0.19061806636403,16.158489189722147,"[{""name"": ""volume_spike"", ""value"": 4.792720999794322, ""threshold"": 1.5, ""triggered"": true, ""z_score"": null}, {""name"": ""high_volatility"", ""value"": 8.444332779022986, ""threshold"": 0.8, ""triggered"": true, ""z_score"": null}, {""name"": ""large_return"", ""value"": -7.502074706542395, ""threshold"": 0.05, ""triggered"": true, ""z_score"": null}]",False
2026-01-30,-0.2333595722670822,-0.0071133448685024,-0.0767694982932954,-0.0583740229029361,-26.659999999999968,1.8587896080846111,917486.3,793583.5659843467,-5631251.0,5.611839630625539,3.069999999999993,9.319999999999997,31.18485591661559,-8.423272072875022,MSFT,0,0,0,0,0,0.0,0.0,0.0,0.0,[],True
2026-02-02,-0.7041754524623347,-0.0159620869615275,-0.1000637890708058,-0.0794327475204453,-36.51999999999998,1.2501684914119089,932911.05,795358.5130497989,-6797547.0,4.4164343718714685,6.810000000000002,9.66642857142857,30.067243035542745,-10.596960392495989,MSFT,0,0,0,0,0,0.0,0.0,0.0,0.0,[],True
2026-02-03,-1.3679087809655437,-0.0287380919563793,-0.1442987931751976,-0.095428200644473,-43.38499999999999,1.9199597276593008,995224.0,821611.6843130883,-8708337.0,3.9018895056061766,11.990000000000007,10.05714285714286,28.899147727272734,-13.135696706814542,MSFT,0,1,0,0,1,0.3063884839118295,0.5,0.15319424195591475,7.7305575304315735,"[{""name"": ""volume_spike"", ""value"": 1.9199597276593008, ""threshold"": 1.5, ""triggered"": true, ""z_score"": null}, {""name"": ""high_volatility"", ""value"": 3.9018895056061766, ""threshold"": 0.8, ""triggered"": true, ""z_score"": null}, {""name"": ""large_return"", ""value"": -1.3679087809655437, ""threshold"": 0.05, ""triggered"": true, ""z_score"": null}]",False
2026-02-04,0.5582524234172083,0.0070993598638576,-0.1400631176812556,-0.0671621621621622,-29.82,1.12570856478981,1028505.1,813604.3422159333,-7550540.0,3.387728933938292,2.930000000000007,9.4775,32.874853977465435,-14.741308386616026,MSFT,0,0,0,0,0,0.0,0.0,0.0,0.0,[],True
2026-02-05,-2.5090874130434004,-0.050838472312963,-0.0911294791281862,-0.1269973276559884,-57.26500000000004,1.8155914978850805,1100951.95,833026.2026396653,-9549419.0,3.337406987040382,20.53000000000003,10.735714285714286,29.02195608782435,-17.468994934761213,MSFT,0,0,1,0,1,0.34781288063236043,0.5,0.17390644031618022,8.21689120561841,"[{""name"": ""volume_spike"", ""value"": 1.8155914978850805, ""threshold"": 1.5, ""triggered"": true, ""z_score"": null}, {""name"": ""high_volatility"", ""value"": 3.337406987040382, ""threshold"": 0.8, ""triggered"": true, ""z_score"": null}, {""name"": ""large_return"", ""value"": -2.5090874130434004, ""threshold"": 0.05, ""triggered"": true, ""z_score"": null}]",False
2026-02-06,1.1444049808423415,0.0185366434602784,-0.0675154051854436,-0.139101779695584,-64.79500000000002,1.3577193941162011,1155340.35,825889.1645913498,-7980791.0,3.160293105944367,7.365000000000009,11.043928571428571,31.002813439834423,-18.81947305727084,MSFT,0,1,0,0,1,0.30521202210980886,0.5,0.15260601105490443,6.186468734669119,"[{""name"": ""high_volatility"", ""value"": 3.160293105944367, ""threshold"": 0.8, ""triggered"": true, ""z_score"": null}, {""name"": ""large_return"", ""value"": 1.1444049808423415, ""threshold"": 0.05, ""triggered"": true, ""z_score"": null}]",False
2026-02-09,1.803451366741191,0.0311180679790708,-0.022564029864852,-0.120369976610674,-56.610000000000014,1.680596145976223,1235838.25,833688.4401626481,-5903846.0,3.1231788767955546,12.675000000000011,11.583214285714288,37.37551259519625,-18.6519619218322,MSFT,1,0,0,0,1,0.2924402217296827,0.5,0.14622011086484135,5.819478543279172,"[{""name"": ""volume_spike"", ""value"": 1.680596145976223, ""threshold"": 1.5, ""triggered"": true, ""z_score"": null}, {""name"": ""high_volatility"", ""value"": 3.1231788767955546, ""threshold"": 0.8, ""triggered"": true, ""z_score"": null}, {""name"": ""large_return"", ""value"": 1.803451366741191, ""threshold"": 0.05, ""triggered"": true, ""z_score"": null}]",False
2026-02-10,0.1172107412081706,-0.0008947897236712,0.0050334346504559,-0.1399916770703287,-67.28000000000003,1.454654873419589,1303248.65,829604.0032718388,-7799623.0,2.850637143055168,0.3700000000000045,10.850000000000003,39.90125082290981,-18.337678702650063,MSFT,0,0,0,0,0,0.0,0.0,0.0,0.0,[],True
2026-02-11,-0.930212657455852,-0.022213350362501,-0.0239992273890579,-0.1607009384602606,-77.39999999999998,0.8679177664733313,1327373.45,817128.0325648568,-8951674.0,2.6549292919142555,9.079999999999984,11.004642857142857,34.852172784214446,-18.606799500126726,MSFT,0,0,0,0,0,0.0,0.0,0.0,0.0,[],True
2026-02-12,-0.1192071245060037,-0.0058552243895396,0.0209068969897117,-0.0721278167713336,-31.24000000000001,0.8372113200699319,1334670.2,814429.7222126855,-10069075.0,2.427891213299979,2.3600000000000136,10.109285714285717,27.41468239949127,-18.793867936894745,MSFT,0,0,0,0,0,0.0,0.0,0.0,0.0,[],True
2026-02-13,0.1014732717590764,-0.001743332197562,0.0004114559305761,-0.0671317288687362,-28.870000000000005,0.6790908799784349,1345877.3,806593.7552601325,-10983048.0,2.277871484973159,0.6999999999999886,9.838571428571427,24.90924931029477,-18.782096849611605,MSFT,0,0,0,0,0,0.0,0.0,0.0,0.0,[],True
2026-02-17,-0.3655973789004793,-0.0110786405187585,-0.0409243636539438,-0.0625649749551082,-26.48000000000001,0.587561205977708,1359701.75,794008.6758579351,-11781956.0,2.1263744988633126,4.420000000000016,9.418571428571427,18.20870620354921,-18.91142609063354,MSFT,0,0,0,0,0,0.0,0.0,0.0,0.0,[],True
2026-02-18,0.5309821136325785,0.007032377786156,-0.0332913964966611,-0.0284255319148936,-11.689999999999998,0.373390422655935,1351472.8,802350.4912172016,-11277329.0,2.033771035087976,2.800000000000012,9.54428571428572,19.28603502469693,-18.573875768464006,MSFT,0,0,0,0,0,0.0,0.0,0.0,0.0,[],True
2026-02-19,0.0108106250722744,-0.002882315866909,-0.0144221254700177,-0.0380752329904872,-15.769999999999982,0.586859374250204,1333696.0,811213.4466902365,-12060021.0,1.8939391865148416,1.1499999999999773,6.16071428571429,29.87826086956524,-18.18948305715213,MSFT,0,0,0,0,0,0.0,0.0,0.0,0.0,[],True
2026-02-20,0.0007955754323613,-0.0028403040371833,-0.0114462028466209,0.0092213895592532,3.629999999999996,0.7065926082946395,1347783.7,801479.6430251991,-13012355.0,1.7553153158827044,1.1300000000000523,6.022142857142866,30.56576918515005,-17.771175570430216,MSFT,0,0,0,0,0,0.0,0.0,0.0,0.0,[],True
2026-02-23,-1.4850685310683964,-0.0323464891056115,-0.0412408395234059,-0.0408463523808336,-16.379999999999995,0.898274642873378,1361694.9,796518.940078039,-14235531.0,1.5566539013013847,12.644999999999982,6.438928571428578,28.587276055244345,-18.24963921393379,MSFT,0,0,0,0,0,0.0,0.0,0.0,0.0,[],True
2026-02-24,0.739981377890163,0.0114387407154259,-0.0194071983062807,-0.0595373347192341,-24.629999999999995,0.6180289738651725,1366607.45,792818.4401459259,-13390928.0,1.5053364203181832,4.425000000000011,5.898571428571436,36.56454347299589,-18.063539342445893,MSFT,0,0,0,0,0,0.0,0.0,0.0,0.0,[],True
2026-02-25,1.6306403799132425,0.0290301294699309,0.0024026429071979,-0.0309687409271267,-12.800000000000011,0.971553246216458,1393568.5,782159.1923774049,-12037002.0,1.5078646884673603,11.45999999999998,6.507857142857148,42.503567116672144,-16.797694265440384,MSFT,0,0,0,0,0,0.0,0.0,0.0,0.0,[],True
2026-02-26,0.3023447831335644,0.0031409722944013,0.0084586230265302,-0.0060854937660796,-2.4600000000000364,0.8340716998962462,1418502.75,766148.3957490413,-10853869.0,1.45348655207921,1.259999999999991,5.131428571428573,55.65840757238306,-15.513995766186042,MSFT,0,0,0,0,0,0.0,0.0,0.0,0.0,[],True
2026-02-27,-0.9506184567195032,-0.0226040986536923,-0.0112766814337493,-0.0225938090972429,-9.079999999999984,0.7695000608781695,1263999.9,452027.143333684,-11826517.0,0.2792990536696313,8.979999999999961,5.246785714285713,44.408141038731216,-15.047804682540232,MSFT,0,0,0,0,0,0.0,0.0,0.0,0.0,[],True
2026-03-02,0.8787082286316054,0.0143818273322108,0.036021162920691,-0.0067052196021736,-2.6899999999999977,0.4820032615292957,1207838.3,463918.6046284756,-11244335.0,0.3193348856645792,5.689999999999998,4.747857142857141,38.56627049796901,-14.057167170481025,MSFT,0,0,0,0,0,0.0,0.0,0.0,0.0,[],True
2026-03-03,0.8107366994093583,0.0132373020662153,0.03788618722048,0.0177437241657425,7.0400000000000205,0.6771954047796868,1189810.2,472543.55523481447,-10438601.0,0.3199886422187817,5.310000000000002,5.100714285714283,43.334266909396455,-12.697241288719738,MSFT,0,0,0,0,0,0.0,0.0,0.0,0.0,[],True
2026-03-04,0.2738422741337717,0.002967361227802,0.0111854589034254,0.0136149764741215,5.439999999999998,0.790075174031517,1139276.4,444598.5497125056,-9538487.0,0.1939794588836325,1.1999999999999886,4.537857142857141,50.59814260979064,-11.391347890887175,MSFT,0,0,0,0,0,0.0,0.0,0.0,0.0,[],True
2026-03-05,0.818686637124209,0.0138785544208135,0.0221016476678781,0.030747220200296,12.25,0.8359401655308724,1128556.85,446708.0504058523,-8595081.0,0.2072301287554276,5.660000000000025,4.773571428571428,56.56890617985937,-9.786886135994052,MSFT,0,0,0,0,0,0.0,0.0,0.0,0.0,[],True
2026-03-06,-0.1094680485787665,-0.00473529650481,0.0405295315682281,0.0287958115183246,11.440000000000056,0.6521721854198754,1063285.15,406400.5895446505,-9288526.0,-0.2543984423430708,1.9399999999999973,4.862142857142857,55.53841633612459,-8.573055574342845,MSFT,0,0,0,0,0,0.0,0.0,0.0,0.0,[],True
2026-03-09,0.2215422577331252,0.0016379219170745,0.0273532585510301,0.0643597176543995,24.754999999999995,0.6919304692567436,1020147.3,395582.4048149366,-8582655.0,-0.3183020983815379,0.6699999999999591,4.59428571428571,59.81809701492538,-7.470902791575156,MSFT,0,0,0,0,0,0.0,0.0,0.0,0.0,[],True
2026-03-10,-0.2970336825917343,-0.0089063951308107,0.0048538880633977,0.0429239705957948,16.69999999999999,0.7955661087135844,954258.85,310998.5805361537,-9341831.0,-0.5200062441090438,3.629999999999996,4.653571428571423,54.75825019186492,-6.8118269328075485,MSFT,0,0,0,0,0,0.0,0.0,0.0,0.0,[],True
2026-03-11,0.0103370485780348,-0.0023440305833661,-0.0004691358024691,0.0107110756017179,4.2900000000000205,0.5262922074637432,882697.85,239364.74760328972,-9806388.0,-0.51870614681116,0.9499999999999886,4.63928571428571,54.92686682063124,-6.293612776419195,MSFT,0,0,0,0,0,0.0,0.0,0.0,0.0,[],True
2026-03-12,-0.223321534559597,-0.007239401891238,-0.0213558661666586,0.0002737816715616,0.1100000000000136,0.7528914128329445,857370.65,236141.4834842323,-10451895.0,-0.6140962785928162,2.920000000000016,4.76714285714285,53.45370092897814,-6.048816924246864,MSFT,0,0,0,0,0,0.0,0.0,0.0,0.0,[],True
2026-03-13,-0.6585789030231612,-0.0159517816530239,-0.0322714816989627,0.0069501018329938,2.7299999999999613,0.8107161116961531,835362.7,231088.58572397075,-11129137.0,-0.5619338414758359,6.360000000000014,4.318214285714281,59.01083450500372,-6.295443342923875,MSFT,0,0,0,0,0,0.0,0.0,0.0,0.0,[],True
2026-03-16,0.6896138287934478,0.0108878481625082,-0.023278536358973,0.0034379783683404,1.3700000000000043,0.8358284152174623,824104.55,232537.48428665323,-10440327.0,-0.5319805171662069,4.330000000000041,4.311428571428569,58.94632206759445,-6.071513120030659,MSFT,0,0,0,0,0,0.0,0.0,0.0,0.0,[],True
2026-03-17,0.1088118004952965,-0.0005253217716585,-0.0150581624605679,-0.0102773650321942,-4.150000000000034,0.9004976005944001,821130.45,233255.9736529518,-11179753.0,-0.5607453371625679,0.2100000000000363,3.507857142857144,49.11423335369578,-5.8436303172507,MSFT,0,0,0,0,0,0.0,0.0,0.0,0.0,[],True
2026-03-18,-0.8458158345098168,-0.0198631821134464,-0.0321632370741828,-0.0326172839506172,-13.20999999999998,0.8537012069831748,831386.9,222885.9248666757,-11889509.0,-0.4887566418126599,7.859999999999957,3.9792857142857128,41.03392568659133,-6.225504129121134,MSFT,0,0,0,0,0,0.0,0.0,0.0,0.0,[],True
2026-03-19,-0.191732868705225,-0.0071723456114383,-0.0320983353653984,-0.0527687137778211,-21.670000000000016,1.268235488274032,845891.8,228908.27805651707,-12962299.0,-0.4842665390371835,2.800000000000012,3.537857142857145,46.15384615384615,-6.67710892042561,MSFT,0,0,0,0,0,0.0,0.0,0.0,0.0,[],True
2026-03-20,-0.7371098094975763,-0.0183948421156727,-0.0344600915227668,-0.0656194950088081,-26.82000000000005,0.9679674678703736,838875.3,227620.9696999996,-13774303.0,-0.4279406043476662,7.090000000000032,3.6378571428571473,33.712939328490066,-7.520421974348835,MSFT,0,0,0,0,0,0.0,0.0,0.0,0.0,[],True
2026-03-23,0.3445548722248097,0.0031503088125689,-0.0419021657580153,-0.0642052810278707,-26.284999999999968,0.7822961678890398,809375.05,212953.75666944365,-13141132.0,-0.6505027226534204,1.205000000000041,3.3446428571428646,27.90176187933801,-7.999309159338793,MSFT,0,0,0,0,0,0.0,0.0,0.0,0.0,[],True
2026-03-24,-1.1688260665101675,-0.0276157934932783,-0.067509070436632,-0.0815506703470031,-33.089999999999975,1.013291588614458,808086.25,212807.2834504624,-13959959.0,-0.5292018916429031,10.435000000000002,4.004285714285722,21.16482340349632,-9.115767105876955,MSFT,0,0,0,0,0,0.0,0.0,0.0,0.0,[],True
2026-03-25,-0.0008267979391718,-0.0043025854957329,-0.052885474361265,-0.0833477433857859,-33.74000000000001,0.97297786960762,778251.0,169720.39793483136,-14717180.0,-0.7932078170744381,1.6000000000000227,3.7142857142857215,11.932692307692363,-10.014236812072111,MSFT,0,0,0,0,0,0.0,0.0,0.0,0.0,[],True
2026-03-26,-0.4876270937493772,-0.0143313258147449,-0.0596416360317745,-0.089825574162084,-36.099999999999966,1.52118036668449,778290.35,169819.2737025767,-15901100.0,-0.7827966686367431,5.279999999999973,3.952857142857149,11.212504517528076,-11.025240293426409,MSFT,0,0,0,0,0,0.0,0.0,0.0,0.0,[],True
2026-03-27,-0.978224105668689,-0.0247298614319454,-0.0655799947630269,-0.0977801936641973,-38.67499999999996,1.5078871936386204,789155.85,188800.54984790343,-17091058.0,-0.7664026631634498,8.935000000000002,4.543214285714295,8.702146057699977,-12.40445680681313,MSFT,0,0,0,0,0,0.0,0.0,0.0,0.0,[],True
2026-03-30,0.512188413518961,0.0054913331829006,-0.0633899322640008,-0.1026359225729005,-41.04000000000002,1.8192772698252773,836101.8,243450.4584241011,-15569957.0,-0.8443419860978683,1.964999999999975,4.424285714285722,12.10849208911857,-13.186926077337546,MSFT,0,0,0,0,0,0.0,0.0,0.0,0.0,[],True
2026-03-31,1.7691726398517764,0.0310334252889511,-0.0068156814339764,-0.0738646315526084,-29.519999999999985,1.1554644682581685,844611.0,245300.31274724143,-14594039.0,-0.5956988552289717,11.310000000000002,5.164285714285724,26.016597510373487,-12.747471220029468,MSFT,0,0,0,0,0,0.0,0.0,0.0,0.0,[],True
2026-04-01,0.0979057577098139,-0.0018118151496981,-0.0043388039992454,-0.0569948186528498,-22.33000000000004,0.7631361966823967,831326.05,249298.4475135801,-15228454.0,-0.6170890408867752,0.6700000000000159,5.003571428571438,26.85224839400432,-12.311345947551274,MSFT,0,0,0,0,0,0.0,0.0,0.0,0.0,[],True
2026-04-02,0.7104658609791628,0.0109022978456835,0.0211050056043085,-0.0397953674901668,-15.480000000000018,0.6590810978896996,810877.45,256295.9506470004,-14694020.0,-0.6524986859198951,4.050000000000011,4.838571428571437,33.74667847652793,-11.506275196207412,MSFT,0,0,0,0,0,0.0,0.0,0.0,0.0,[],True
2026-04-06,0.0892842293285491,-0.0020368243313268,0.0445419007720222,-0.0239591516103691,-9.149999999999975,0.5960342379457233,800048.0,265914.41846895753,-15170876.0,-0.6598805384403502,0.7599999999999909,4.5835714285714335,28.876422004051747,-10.805022895909984,MSFT,0,0,0,0,0,0.0,0.0,0.0,0.0,[],True
2026-04-07,0.1527678324198072,-0.0009394082419358,0.037846273897776,-0.0279427311050496,-10.70500000000004,0.7761573452624785,795631.2,268284.0802346012,-15788411.0,-0.6767640635603778,0.3500000000000227,4.593571428571432,28.81355932203391,-10.160394764384591,MSFT,0,0,0,0,0,0.0,0.0,0.0,0.0,[],True
2026-04-08,0.4299472451782661,0.0049821976467305,0.0111582416988624,0.0042665092441032,1.589999999999975,1.0053778273767928,797775.7,268148.7267875789,-14986345.0,-0.6702437932887643,1.8600000000000136,4.165000000000008,34.968273023495115,-9.39118019108821,MSFT,0,0,0,0,0,0.0,0.0,0.0,0.0,[],True
2026-04-09,0.0239295680565961,-0.0033991334166865,0.009554484923943,0.0051742258872988,1.920000000000016,1.0266879463283185,816460.35,256473.2670891784,-15824595.0,-0.688235261163614,1.2699999999999818,4.055714285714292,35.91053187742165,-8.7828077454447,MSFT,0,0,0,0,0,0.0,0.0,0.0,0.0,[],True
2026-04-10,-0.0842388279843009,-0.0056460869460106,-0.0070145377633797,0.0139424259821208,5.099999999999966,1.171477291771812,832975.6,255518.56753285427,-16800407.0,-0.7094097457381129,2.1000000000000227,3.69928571428572,39.37053485228811,-8.37359505731439,MSFT,0,0,0,0,0,0.0,0.0,0.0,0.0,[],True
2026-04-13,1.927031188002369,0.0355960358495066,0.031066398390342,0.0769920555968108,27.47499999999997,1.255973956306586,852659.4,258041.16569044552,-15729489.0,-0.4130906319960201,13.439999999999998,4.573214285714288,50.95665755564231,-6.885424489037803,MSFT,0,0,0,0,0,0.0,0.0,0.0,0.0,[],True
2026-04-14,1.1955499027388763,0.022358942623169,0.0553705692803436,0.0953124129089793,34.19999999999999,1.202051851340888,870540.65,258480.09145270195,-14683054.0,-0.3410416382939516,8.689999999999998,4.448571428571431,66.33750802825944,-4.94779313794885,MSFT,0,0,0,0,0,0.0,0.0,0.0,0.0,[],True
2026-04-15,2.2732848625485484,0.0454623740767574,0.0989686314326938,0.1112311890416881,41.170000000000016,1.1980058010660757,886681.85,259937.0219834176,-13620804.0,0.0584828471786652,18.28000000000003,5.640000000000002,75.47492401215806,-1.91508717184837,MSFT,0,0,0,0,0,0.0,0.0,0.0,0.0,[],True
2026-04-16,1.0318162745959591,0.0212175095181962,0.1263572749939676,0.1371190385968712,50.660000000000025,1.2020098001109514,905622.4,260167.7415641076,-12532237.0,0.0103683969800951,8.819999999999993,5.892857142857147,82.9272727272727,1.1863786098183482,MSFT,0,0,0,0,0,0.0,0.0,0.0,0.0,[],True
2026-04-17,0.3254078931761272,0.006240603024115,0.1398258243684111,0.1318304730797033,49.24000000000001,1.3220760775660203,912288.65,266312.0290625213,-11326122.0,-0.0358641373422771,2.6299999999999955,5.4425000000000034,93.24102631406257,3.812582528676046,MSFT,0,0,0,0,0,0.0,0.0,0.0,0.0,[],True
2026-04-20,-0.4663054577046202,-0.0110364319791616,0.0878932167668411,0.1216901408450703,45.360000000000014,0.5450092053656937,896107.8,282089.8549787952,-11814509.0,-0.1123549915945928,4.639999999999986,5.633571428571433,87.58716875871686,5.456559017482846,MSFT,0,0,0,0,0,0.0,0.0,0.0,0.0,[],True
2026-04-21,0.6813694302431458,0.014059651646414,0.0789018370566383,0.1386412459720729,51.63,1.019851502632072,910898.3,275250.005787676,-10885528.0,-0.1163341848555064,5.919999999999959,5.24857142857143,86.67664670658681,7.154642488570914,MSFT,0,0,0,0,0,0.0,0.0,0.0,0.0,[],True
2026-04-22,1.003665821266262,0.0204484144589533,0.0522489666909797,0.1563886068508524,58.53000000000003,0.8048695822166188,906435.05,277535.77914804604,-10155966.0,-0.3240789360216545,8.760000000000048,5.826428571428575,88.81941890400883,9.102318797958276,MSFT,0,0,0,0,0,0.0,0.0,0.0,0.0,[],True
2026-04-23,-1.7382608682661718,-0.040252692583088,-0.0104850994953823,0.1145473068983082,42.724999999999966,0.93525304210179,911183.35,275654.54702279915,-11008153.0,0.0707375431228598,17.075000000000045,6.75678571428572,72.30826153602196,9.162437629552755,MSFT,0,0,0,0,0,0.0,0.0,0.0,0.0,[],True
2026-04-24,1.0507780638853454,0.0211240680920499,0.0043524541691306,0.1447868640297662,53.69999999999999,0.7210971125793768,883854.6,274282.6151732049,-10370808.0,0.0137869834713612,8.875,7.336428571428578,75.23610164540938,9.81310124257351,MSFT,0,0,0,0,0,0.0,0.0,0.0,0.0,[],True
2026-04-27,0.1202277885979187,0.0008710494341572,0.0163832484274473,0.1057164415996669,40.63,0.8085822084303499,859088.9,267465.9514454518,-9676164.0,-0.2014985035280355,0.3700000000000045,7.337857142857148,75.58162172685678,10.240565882489191,MSFT,0,0,0,0,0,0.0,0.0,0.0,0.0,[],True
2026-04-28,0.5738475906431985,0.0103938385966664,0.012664198287857,0.0925652638542566,36.38,0.8725910704998975,818755.8,218770.61555562977,-8961725.0,-0.1852576257617135,4.439999999999998,7.522142857142861,76.17984996676476,10.81296050484491,MSFT,0,0,0,0,0,0.0,0.0,0.0,0.0,[],True
2026-04-29,-0.5869950283473445,-0.0107704155169514,-0.0184616095565979,0.0328227571115973,13.5,1.003903469392148,810650.65,215621.7018233241,-9775540.0,-0.2070983260953623,4.599999999999966,7.760000000000003,73.84480854197349,10.77124164196306,MSFT,0,0,0,0,0,0.0,0.0,0.0,0.0,[],True
2026-04-30,-2.188201521966005,-0.0409274418561524,-0.019123678481652,-0.0294082643054366,-12.355000000000018,2.6466902962486576,897730.65,407237.7854177133,-12151555.0,0.2275423350990661,17.035000000000025,8.826785714285718,64.92008901476837,9.256889351762538,MSFT,0,0,0,0,0,0.0,0.0,0.0,0.0,[],True
2026-05-01,0.8716773699463833,0.0162854400377647,-0.0238583103700039,-0.0196096984033117,-8.29000000000002,1.030226694628827,918312.45,398212.4327673245,-11205485.0,0.2625290935474182,6.694999999999993,8.345000000000002,62.89480441667379,8.499013462269147,MSFT,0,0,0,0,0,0.0,0.0,0.0,0.0,[],True
2026-05-04,-0.1152510791819865,-0.0019925256714467,-0.0266495670180723,-0.0107029250675659,-4.475000000000023,0.8457503800732512,933964.7,385909.4204631716,-11995386.0,0.2798774368846181,0.8249999999999886,7.783214285714288,59.45945945945946,7.742569235888084,MSFT,0,0,0,0,0,0.0,0.0,0.0,0.0,[],True
2026-05-05,-0.369471705654641,-0.0055881304012213,-0.0420819748486259,-0.0299507110345965,-12.699999999999989,0.6786379338425468,934807.75,385199.5362320095,-12629782.0,0.3178232532857631,2.305000000000007,6.642142857142858,50.0161307667491,6.877804451847112,MSFT,0,0,0,0,0,0.0,0.0,0.0,0.0,[],True
2026-05-06,0.3112401877070414,0.0060352846345816,-0.0258474576271187,-0.043831881512974,-18.970000000000027,0.8195861343040328,932935.5,385968.9122220104,-11865161.0,0.3442529462386743,2.490000000000009,6.190000000000002,46.36510500807754,6.320535125868105,MSFT,0,0,0,0,0,0.0,0.0,0.0,0.0,[],True
2026-05-07,0.9739396135574382,0.0167028002113157,0.0319424178141822,0.0122078828043252,5.0750000000000455,0.7644498213363592,926433.6,388733.2894567064,-11156949.0,0.3855262598028235,6.970000000000027,6.500000000000004,48.92307692307693,6.367910609777766,MSFT,0,0,0,0,0,0.0,0.0,0.0,0.0,[],True
2026-05-08,-0.8271415344944658,-0.0139397175578641,0.0012184529266998,-0.0226689276714006,-9.625,0.8913957905432938,918584.1,389268.3807895469,-11975771.0,0.4749619868002934,5.8250000000000455,6.584642857142866,48.29419102890924,5.867787007601294,MSFT,0,0,0,0,0,0.0,0.0,0.0,0.0,[],True
2026-05-11,-0.3638598162135458,-0.0056671067649066,-0.0024538542434754,-0.0290380271084337,-12.339999999999977,0.7508034515734411,898778.5,391182.0468980084,-12650577.0,0.3256633356223379,2.3449999999999704,6.329285714285724,43.5616747545424,5.2220173818778335,MSFT,0,0,0,0,0,0.0,0.0,0.0,0.0,[],True
2026-05-12,-0.7204380606554746,-0.0118237825987883,-0.0086548513359103,-0.0503726129482999,-21.629999999999995,1.0073645378944316,891352.6,389638.1521674475,-13548494.0,0.3256711780299561,4.850000000000023,6.050000000000007,35.230224321133406,4.269667761930577,MSFT,0,0,0,0,0,0.0,0.0,0.0,0.0,[],True
2026-05-13,-0.4064156434544775,-0.0065940253199507,-0.0210961287516311,-0.0463983050847458,-19.71000000000004,0.8951347601202851,877514.8,388161.0036647975,-14333988.0,-0.1583894509050049,2.680000000000007,5.021785714285719,42.44363843254393,3.261078541038273,MSFT,0,0,0,0,0,0.0,0.0,0.0,0.0,[],True
2026-05-14,0.5972793302137673,0.0106811077704179,-0.0269730744551914,0.0041077581450099,1.6750000000000114,0.9213222221172708,862833.85,385300.5641556476,-13539040.0,-0.231632822833703,4.350000000000023,4.698571428571435,38.48434174521134,2.780718569785961,MSFT,0,0,0,0,0,0.0,0.0,0.0,0.0,[],True
2026-05-15,1.7526864625477667,0.030214941624533,0.0169532370199896,0.0181923466679534,7.54000000000002,1.2930054957010966,857997.9,381351.9708431952,-12429644.0,0.0821038130861374,12.560000000000002,5.56928571428572,48.10183403873286,3.3746163863856395,MSFT,0,0,0,0,0,0.0,0.0,0.0,0.0,[],True
2026-05-18,0.1534881667881776,0.0038079065891763,0.0266346759730502,0.0241154641169147,9.975000000000025,0.7265465069868355,865001.75,375447.0810848641,-11801180.0,0.0913390553085957,1.6100000000000136,5.3671428571428645,46.14719190843761,3.9298968251872566,MSFT,0,0,0,0,0,0.0,0.0,0.0,0.0,[],True
2026-05-19,-0.886472393213609,-0.0144927488359657,0.0238982759889152,0.0150365886271364,6.185000000000002,0.8765510154078701,856072.25,375968.7321396866,-12551571.0,0.144150726506949,6.095000000000027,5.473928571428583,45.24694982710248,3.833949626810295,MSFT,0,0,0,0,0,0.0,0.0,0.0,0.0,[],True
2026-05-20,0.4085984983270525,0.0085023675939014,0.0394727097681997,0.0175438596491228,7.259999999999991,0.975523220368313,861620.7,374820.5356206589,-11711040.0,0.0616072946219822,3.5649999999999977,4.511785714285724,60.5398559328742,3.9994730511381817,MSFT,0,0,0,0,0,0.0,0.0,0.0,0.0,[],True
2026-05-21,-0.3729581928396541,-0.0049519194609862,0.0233489644392341,-0.0042539033722285,-1.7900000000000205,0.8961349614545794,857430.0,375399.65679161577,-12479413.0,-0.5055474790104394,2.079999999999984,4.182142857142866,53.87702818104184,3.917652679302421,MSFT,0,0,0,0,0,0.0,0.0,0.0,0.0,[],True
2026-05-22,-0.1241168316829952,-0.0011940299926076,-0.0082938388625591,0.0085187907413879,3.535000000000025,0.6294663371931848,852390.3,379167.446551284,-13015964.0,-0.7118639245732432,0.5,4.158928571428581,54.17775869471876,3.769016744909038,MSFT,0,0,0,0,0,0.0,0.0,0.0,0.0,[],True
2026-05-26,-0.391751424681714,-0.0057753069138749,-0.0177521777106302,0.0084096747612814,3.4699999999999704,0.8784227363158512,855220.35,378137.9162803841,-13767209.0,-0.7043806763881528,2.410000000000025,4.166428571428583,54.080233156180334,3.417361619730116,MSFT,0,0,0,0,0,0.0,0.0,0.0,0.0,[],True
2026-05-27,-0.557484776525377,-0.0081564158746412,-0.0115085685544231,0.0121146724869412,4.939999999999998,0.9724291818029897,861379.95,376724.70572239975,-14604840.0,-0.7336980751350679,3.3799999999999955,4.23000000000001,49.06281661600809,2.833274423424882,MSFT,0,0,0,0,0,0.0,0.0,0.0,0.0,[],True
2026-05-28,2.0528034591492603,0.0339685860081878,0.0139878407903486,0.0540126885383496,21.88000000000005,1.5034707367229396,887398.05,390966.7080724357,-13270663.0,-0.0867038042711921,14.260000000000048,4.750714285714297,54.645917907081625,3.480918079613957,MSFT,0,0,0,0,0,0.0,0.0,0.0,0.0,[],True
2026-05-29,3.036659635448751,0.0512886102067317,0.0726491646778042,0.0976944118796405,40.0,1.7888231767538223,844094.05,233769.05737871712,-11760728.0,0.2654136317417054,22.46999999999997,5.939642857142863,70.72936083218086,5.741141250934675,MSFT,1,0,0,0,1,0.4511636911389772,0.5,0.2255818455694886,4.4893834228103255,"[{""name"": ""volume_spike"", ""value"": 1.7888231767538223, ""threshold"": 1.5, ""triggered"": true, ""z_score"": null}, {""name"": ""large_return"", ""value"": 3.036659635448751, ""threshold"": 0.05, ""triggered"": true, ""z_score"": null}]",False
2026-06-01,1.2428975934629596,0.0242670603430694,0.100310633213859,0.0911848341232228,38.48000000000002,1.801922263275727,875686.5,285292.99588234915,-10182809.0,0.3999593779505655,11.04000000000002,6.560714285714296,76.053347849755,8.327229020477262,MSFT,0,0,0,0,0,0.0,0.0,0.0,0.0,[],True
2026-06-02,-2.370010713527212,-0.0424312122327611,0.0607080198995411,0.0418781426311938,17.74000000000001,1.23912662552335,891420.6,288966.6702813935,-11287392.0,1.3476876925097812,19.129999999999995,7.580714285714293,65.8202204843117,8.732429079002259,MSFT,0,0,0,0,0,0.0,0.0,0.0,0.0,[],True
2026-06-03,-1.6984309623939526,-0.03169680609398,0.0360301422306219,0.0241069183143121,10.064999999999998,1.3708733974120229,922964.15,293825.2764907589,-12552659.0,1.7394982812186317,13.77000000000004,8.372857142857153,59.59307285446169,7.851917112558851,MSFT,0,0,0,0,0,0.0,0.0,0.0,0.0,[],True
2026-06-04,0.0141238596888182,0.0011920484775476,0.0026231351148791,0.0166476679015863,7.009999999999991,0.8859847465192275,925742.8,292508.86641129514,-11732465.0,1.6595378400816931,0.5099999999999909,8.098571428571436,58.22455459516667,7.113260533578398,MSFT,0,0,0,0,0,0.0,0.0,0.0,0.0,[],True
2026-06-05,-1.4171657571331695,-0.0271229151097188,-0.0729908330366678,-0.0056443914081145,-2.365000000000009,0.9221553306376468,933367.7,288500.12640535383,-12593175.0,1.77879217412384,11.454999999999984,8.019642857142864,47.61077710977511,5.53968901974946,MSFT,0,0,0,0,0,0.0,0.0,0.0,0.0,[],True
2026-06-08,-0.6198142704118067,-0.0117698833955917,-0.1058026407227241,-0.01610513739546,-6.740000000000009,0.8288215597578799,931008.6,289676.58556658606,-13364815.0,1.682751804238946,4.875,8.252857142857149,44.87190583347758,3.85481459700884,MSFT,0,0,0,0,0,0.0,0.0,0.0,0.0,[],True
2026-06-09,-1.08006675573834,-0.0212311777890709,-0.0866432536535629,-0.0311951741209833,-12.97999999999996,1.0983354708964803,949406.65,284181.0359920284,-14407582.0,1.7549998908327555,8.649999999999977,8.435357142857145,43.9010965747915,1.8007982874883055,MSFT,0,0,0,0,0,0.0,0.0,0.0,0.0,[],True
2026-06-10,-0.7294583976676727,-0.0142409841911481,-0.0705598952242854,-0.0370720360543722,-15.299999999999956,0.858513460700823,945078.95,285661.61879830994,-15218945.0,1.701909445923607,5.699999999999989,8.587857142857144,40.15636696332032,-0.2836965223923471,MSFT,0,0,0,0,0,0.0,0.0,0.0,0.0,[],True
2026-06-11,-0.8991874830101284,-0.0181681217510075,-0.0883809479315096,-0.085989647984636,-36.71500000000003,1.3225290575019784,969943.15,292597.92529992136,-16501723.0,1.7167942097964313,7.15500000000003,8.950357142857147,38.52998683212961,-2.484383948681796,MSFT,0,0,0,0,0,0.0,0.0,0.0,0.0,[],True
2026-06-12,0.0621081648324321,0.001062842242383,-0.0623207363759644,-0.1307627269490922,-58.76999999999998,1.0942346044056712,984033.95,290505.344681783,-15424959.0,1.598531842691953,0.4150000000000204,8.944285714285721,38.88755789809935,-4.1471517732825305,MSFT,0,0,0,0,0,0.0,0.0,0.0,0.0,[],True
2026-06-15,1.186865744754367,0.0237263254404774,-0.0284388964445307,-0.1312326268241834,-60.43000000000001,0.8893868304351249,971778.5,290108.28448819614,-14560672.0,1.4061386934224007,9.379999999999995,9.44214285714286,43.9329752628792,-4.654367000268508,MSFT,0,0,0,0,0,0.0,0.0,0.0,0.0,[],True
2026-06-16,-0.7811689308161562,-0.015314775029138,-0.0226737118900547,-0.1073524413730598,-47.38,1.028136647084274,991315.7,278704.16174712643,-15579880.0,1.390978602998603,6.079999999999984,9.635000000000003,43.05359922900143,-5.4837308732601855,MSFT,0,0,0,0,0,0.0,0.0,0.0,0.0,[],True
2026-06-17,-1.9039670432917384,-0.038606641764682,-0.0461991394277949,-0.113499228214603,-48.52999999999997,1.0424159270585225,1006242.3,273058.8916545101,-16628803.0,1.6721626969151262,14.920000000000016,9.68214285714286,32.32386573220214,-7.261224154113904,MSFT,0,0,0,0,0,0.0,0.0,0.0,0.0,[],True
2026-06-18,0.0020530507684894,7.914209968106548e-05,-0.0286351231886843,-0.1144852717886425,-49.00999999999999,1.138676583468502,1022426.4,272311.5488567809,-15464590.0,1.564303157229512,0.0299999999999727,8.079285714285716,18.897533374591102,-8.568704939351278,MSFT,0,0,0,0,0,0.0,0.0,0.0,0.0,[],True
2026-06-22,-1.5469825746825328,-0.0318133731110049,-0.060050682161415,-0.1186290158052012,-49.42500000000001,1.2968436486415464,1052237.1,275649.9689848667,-16829177.0,1.7068256966847044,11.870000000000005,8.138571428571428,9.070563454449683,-10.442329999701371,MSFT,0,0,0,0,0,0.0,0.0,0.0,0.0,[],True
2026-06-23,0.8712332615338944,0.018134722630442,-0.0652918385201849,-0.0918739071303671,-37.829999999999984,0.8458360068404422,1070691.0,250517.99550594343,-15923548.0,1.8213308838702555,6.720000000000027,7.252142857142859,16.797990741652725,-11.255200574053164,MSFT,0,0,0,0,0,0.0,0.0,0.0,0.0,[],True
2026-06-24,-1.1062673177849724,-0.0229117800449831,-0.0723659161865117,-0.0933988241422937,-37.650000000000034,1.0829252425096096,1092271.15,239917.2492895429,-17106396.0,1.8473932733478755,8.470000000000027,6.87357142857143,17.72316325470227,-12.439470105821044,MSFT,0,0,0,0,0,0.0,0.0,0.0,0.0,[],True
2026-06-25,-1.731562690637282,-0.0363473756535566,-0.0702677746999076,-0.1132206034070607,-44.995000000000005,2.144254231347072,1176528.4,392908.3380420805,-19629172.0,2.0266227194830324,13.04499999999996,7.76892857142857,15.211694938629163,-14.26618304260984,MSFT,0,0,1,0,1,0.3391146422377452,1.0,0.3391146422377452,7.197021863555308,"[{""name"": ""volume_spike"", ""value"": 2.144254231347072, ""threshold"": 1.5, ""triggered"": true, ""z_score"": null}, {""name"": ""high_volatility"", ""value"": 2.0266227194830324, ""threshold"": 0.8, ""triggered"": true, ""z_score"": null}, {""name"": ""large_return"", ""value"": -1.731562690637282, ""threshold"": 0.05, ""triggered"": true, ""z_score"": null}]",False
2026-06-26,2.547803415677586,0.0531969053728656,-0.0195473251028805,-0.0476227082292346,-18.58499999999998,2.3740643483813284,1259302.85,564695.771094702,-16639506.0,2.530854871050352,19.254999999999995,8.326071428571428,30.7124780165573,-13.998779411403234,MSFT,1,0,0,0,1,0.38747070286740015,0.5,0.19373535143370008,5.611479335544161,"[{""name"": ""volume_spike"", ""value"": 2.3740643483813284, ""threshold"": 1.5, ""triggered"": true, ""z_score"": null}, {""name"": ""high_volatility"", ""value"": 2.530854871050352, ""threshold"": 0.8, ""triggered"": true, ""z_score"": null}, {""name"": ""large_return"", ""value"": 2.547803415677586, ""threshold"": 0.05, ""triggered"": true, ""z_score"": null}]",False
2026-06-29,-0.39562982735471,-0.0085249474317212,0.0035538247869066,-0.0567102669772443,-22.15500000000003,1.249590807056583,1262698.95,566483.8254724889,-18217363.0,1.3850148051174969,3.1550000000000296,8.203214285714287,31.17244982367538,-13.88142580391775,MSFT,0,0,1,0,1,0.3512439005339959,0.5,0.17562195026699795,4.246566851656653,"[{""name"": ""high_volatility"", ""value"": 1.3850148051174969, ""threshold"": 0.8, ""triggered"": true, ""z_score"": null}, {""name"": ""large_return"", ""value"": -0.39562982735471, ""threshold"": 0.05, ""triggered"": true, ""z_score"": null}]",False
2026-06-30,0.5277226247222657,0.0118825030644569,-0.0027010403016607,-0.0678165229346331,-27.129999999999995,0.8017534289229414,1233240.75,564544.5515397793,-17228608.0,1.131872196661075,4.40500000000003,7.900000000000006,36.35171790235082,-13.279893196298984,MSFT,0,0,0,0,0,0.0,0.0,0.0,0.0,[],True
2026-07-01,1.369564264984213,0.0302677271777657,0.0517703715864938,-0.0243419549711907,-9.590000000000032,1.227844632782091,1255062.7,567735.7147370694,-15687586.0,1.2344411437929412,11.45999999999998,8.311428571428577,44.40099690615331,-11.743081116867756,MSFT,0,0,0,0,0,0.0,0.0,0.0,0.0,[],True
2026-07-02,0.588425181239808,0.013976485956496,0.1060539420853254,0.0283339928769292,10.740000000000007,1.0691233508591231,1259106.35,568100.1078712207,-14341446.0,1.1163311441171566,5.410000000000025,8.186785714285719,49.79714697029186,-9.973634831081256,MSFT,0,0,0,0,0,0.0,0.0,0.0,0.0,[],True
2026-07-06,-0.3816508495657529,-0.0076745161637177,0.0407350606721015,0.0203914740951778,7.730000000000018,0.8757512305352024,1273876.6,559868.5946166677,-15457045.0,1.0819394732040797,2.980000000000018,8.370000000000005,48.35296125618706,-8.711377657532523,MSFT,0,0,0,0,0,0.0,0.0,0.0,0.0,[],True
2026-07-07,0.1843911018167466,0.0049771232908839,0.054882433550873,0.0586313008904986,21.53000000000003,0.9810825417096908,1294333.5,551387.9099066383,-14187197.0,0.9120679180407134,1.9300000000000068,7.837857142857148,44.846441264923,-7.469194656518141,MSFT,0,0,0,0,0,0.0,0.0,0.0,0.0,[],True
2026-07-08,-0.6793004561564526,-0.0145885854787808,0.0273248954199292,0.0245500494745005,9.180000000000009,0.8572876100876142,1311989.1,539290.903951213,-15311949.0,0.9084723770917972,5.629999999999996,7.805714285714292,45.031112737920935,-6.85997213827028,MSFT,0,0,0,0,0,0.0,0.0,0.0,0.0,[],True
2026-07-09,0.0945998221413774,0.0029452031454288,-0.0003642229044175,0.0513872927269742,18.78000000000003,0.9219348176715916,1320732.2,536104.5339933942,-14094320.0,0.780155566071607,1.1299999999999957,6.82071428571429,52.71756204838203,-6.214342277668436,MSFT,0,0,0,0,0,0.0,0.0,0.0,0.0,[],True
2026-07-10,0.0884378469967694,0.0022097158459127,-0.0120577746991971,0.0927173928465019,32.674999999999955,0.7295526299171635,1328629.3,529326.7902782996,-13125015.0,0.7024705167827163,0.8499999999999659,6.879285714285719,53.12013290416363,-5.569881933576767,MSFT,0,0,0,0,0,0.0,0.0,0.0,0.0,[],True
2026-07-13,0.6969076075864169,0.0151921228756431,0.0107934127866393,0.0519681437834638,19.315,0.9443864968893304,1327157.9,529501.8263552724,-11871665.0,0.654767764055886,5.895000000000039,6.452500000000007,63.15935130348149,-4.531232012324551,MSFT,0,0,0,0,0,0.0,0.0,0.0,0.0,[],True
2026-07-14,-0.6951723195423419,-0.0155817180911472,-0.0097751710654936,0.0445707773089292,16.42500000000001,0.83771941688907,1328985.55,528654.4746321334,-12984982.0,0.7230401136122335,6.045000000000016,6.40428571428572,56.13986169975462,-4.148059202086245,MSFT,0,0,0,0,0,0.0,0.0,0.0,0.0,[],True
2026-07-15,1.363614258146559,0.0273413995007397,0.0326277048367309,0.0608441488791162,22.69,1.1562354978134193,1364664.9,519644.40854278393,-11407108.0,0.7724902010177779,10.670000000000016,6.561428571428577,66.41084258654475,-2.949413163271742,MSFT,0,0,0,0,0,0.0,0.0,0.0,0.0,[],True
2026-07-16,0.6873460422625398,0.0138317569222658,0.0439308765354986,0.0435506529996359,16.74000000000001,0.9046536516563324,1375942.05,514171.3469610447,-10162357.0,0.7254516621953627,5.509999999999991,6.023214285714293,78.87933590275713,-1.5371473133370728,MSFT,0,0,0,0,0,0.0,0.0,0.0,0.0,[],True
2026-07-17,-0.7992896107139577,-0.0178716547707442,0.0231764003220027,0.0108391698093843,4.224999999999966,0.7144934382263166,1372529.05,516676.7493778192,-11143020.0,0.2526451971609014,7.105000000000018,5.155357142857151,65.4797367509525,-0.979934498563864,MSFT,0,0,0,0,0,0.0,0.0,0.0,0.0,[],True
2025-09-18,2.160232200011132,0.034700245618702,-0.0048565620058731,0.0265641384131423,4.560000000000002,0.830238605134126,3270508.0,1118487.330840608,-16456605.0,2.343474851108655,6.009999999999991,2.8514285714285728,45.065130260521045,-0.5636812507194122,NVDA,0,0,0,0,0,0.0,0.0,0.0,0.0,[],True
2025-09-19,0.0816142985046808,0.001814265153503,-0.0070866141732284,0.0566828275573112,9.47,0.5681949241372067,3225892.95,1158464.205970468,-14623669.0,2.020210734904491,0.3199999999999932,2.4496428571428583,53.38970695436651,-0.3737846443771389,NVDA,0,0,0,0,0,0.0,0.0,0.0,0.0,[],True
2025-09-22,2.203485966597823,0.0392119985943033,0.0328532853285328,0.0907470666864695,15.275000000000006,1.7122139925575963,3369261.1,1286556.2687438491,-8854773.0,2.892616257698389,7.060000000000002,2.7064285714285723,66.9569807337028,0.3424452853141417,NVDA,0,0,0,0,0,0.0,0.0,0.0,0.0,[],True
2025-09-23,-1.5564832541357292,-0.028507067926326,0.0202984733260906,0.0450366032210833,7.689999999999998,0.9179924591209776,3374805.5,1285060.9992535682,-11952819.0,2.940945761762688,5.159999999999997,3.0642857142857145,59.13752913752914,0.4880676486299649,NVDA,0,0,0,0,0,0.0,0.0,0.0,0.0,[],True
2025-09-24,-0.4831799540311735,-0.0088374108133616,0.0391281358322073,-0.0022564449709483,-0.4000000000000057,0.4909496847109197,3378415.45,1279863.6504848343,-13611451.0,2.4193031080103897,1.5699999999999932,3.100714285714285,56.000921446671285,0.4713550540924416,NVDA,0,0,0,0,0,0.0,0.0,0.0,0.0,[],True
2025-09-25,0.209893543397126,0.0045691801394696,0.0082850981727387,0.0033882990738649,0.5999999999999943,0.9349323905219036,3406549.0,1268500.16668949,-10426558.0,2.144120158699918,0.8100000000000023,2.830714285714285,63.38632349230382,0.5175049580406323,NVDA,0,0,0,0,0,0.0,0.0,0.0,0.0,[],True
2025-09-26,0.1170181672694906,0.0028662171531512,0.0093463237793134,0.0021934758155228,0.3899999999999863,0.6697889057589009,3335010.45,1293288.441373242,-8192805.0,1.9131014371023327,0.5099999999999909,2.7774999999999994,62.6848399125627,0.5884485584781771,NVDA,0,0,0,0,0,0.0,0.0,0.0,0.0,[],True
2025-09-29,1.0446403999876372,0.0202217878919801,-0.0096405228758168,0.0228960396039605,4.070000000000022,0.9519767233482354,3301522.95,1288931.5384998652,-5049832.0,1.3614269834403978,3.640000000000015,2.864285714285714,63.81546134663344,0.9276955553055471,NVDA,0,0,0,0,0,0.0,0.0,0.0,0.0,[],True
2025-09-30,1.2960444317525686,0.0255735086674138,0.0453934095494283,0.0666132997884385,11.650000000000006,1.3252133014087637,3265906.7,1247531.5661171237,-721809.0,1.271586201450438,4.70999999999998,2.734999999999997,62.10498824758422,1.5586418285429318,NVDA,0,0,0,0,0,0.0,0.0,0.0,0.0,[],True
2025-10-01,0.0800181258155665,0.0037722264724065,0.0586589020184316,0.1000822513365842,17.034999999999997,0.7013409019656016,3213896.4,1267806.66545505,1532228.0,1.1999083612998545,0.7050000000000125,2.7717857142857127,63.09753897693595,2.091449970497621,NVDA,0,0,0,0,0,0.0,0.0,0.0,0.0,[],True
2025-10-02,0.3509481217844843,0.008852791397637,0.0632035119315623,0.0720122574055157,12.689999999999998,0.5917593903515274,3185238.85,1292037.3725459736,3417123.0,1.1593100978709086,1.664999999999992,2.839285714285712,63.97484276729559,2.617878572080372,NVDA,0,0,0,0,0,0.0,0.0,0.0,0.0,[],True
2025-10-03,-0.5020573489180054,-0.0067987726694778,0.0529771592120769,0.0628186246742947,11.090000000000003,0.5269785151490995,3099798.1,1336826.105676265,1783596.0,0.6532942137725057,1.2800000000000011,2.9278571428571394,62.03952183459382,2.89838099700043,NVDA,0,0,0,0,0,0.0,0.0,0.0,0.0,[],True
2025-10-06,-0.7399002143165193,-0.0113631495490014,0.0202386844855082,0.0104030501089324,1.9099999999999968,1.1356178234507233,3108536.1,1339153.5200468164,-1746513.0,0.7888171905881748,2.1200000000000045,2.874285714285711,63.19582504970181,2.9160010621428967,NVDA,0,0,0,0,0,0.0,0.0,0.0,0.0,[],True
2025-10-07,-0.2500306977352052,-0.0027259372101534,-0.0082287981130052,0.0367910782335798,6.564999999999998,0.9853061183941824,3120516.5,1337649.0809035671,-4821177.0,0.7473299823807106,0.5049999999999955,2.5760714285714266,70.51157632053237,2.856290274865444,NVDA,0,0,0,0,0,0.0,0.0,0.0,0.0,[],True
2025-10-08,1.1408708730395818,0.021840240453,0.0098534006248498,0.0690902923050829,12.22,0.7842115076791355,2892324.3,1023575.3746813744,-2552983.0,0.2575074737366012,4.085000000000008,2.438571428571428,68.84885764499123,3.1028269483675786,NVDA,0,0,0,0,0,0.0,0.0,0.0,0.0,[],True
2025-10-09,0.8947570670922184,0.018158735011871,0.019294902334445,0.0837179198559208,14.875,0.8571037187299347,2859813.75,1026906.8272777068,-101826.0,0.3604473689756005,3.4650000000000034,2.663214285714285,71.4764650663806,3.5370328669419564,NVDA,0,0,0,0,0,0.0,0.0,0.0,0.0,[],True
2025-10-10,-2.8810333668131127,-0.0500763379801762,-0.0238767787667216,0.027835456535159,4.960000000000008,1.2752546004032257,2929080.2,1037376.7131242052,-3837149.0,1.7878344432612985,9.405,2.830714285714285,49.43224829674491,3.086658212070688,NVDA,0,0,0,0,0,0.0,0.0,0.0,0.0,[],True
2025-10-13,1.3721469628862035,0.0277840517727267,0.015093525955474,0.0356376835505691,6.47999999999999,0.9588189762978728,2911711.25,1036581.5887798996,-1045345.0,1.998003485180198,5.159999999999997,2.830714285714285,62.452687358062086,3.110248915951388,NVDA,0,0,0,0,0,0.0,0.0,0.0,0.0,[],True
2025-10-14,-2.3237330560318634,-0.0449660373280189,-0.0268911651036458,-0.0348986812479896,-6.509999999999991,1.0261915325742144,2942090.15,1030035.0082897427,-4064493.0,2.642314778594708,8.280000000000001,3.31,53.40958135520068,2.4327744085536267,NVDA,0,0,0,0,0,0.0,0.0,0.0,0.0,[],True
2025-10-15,-0.0829870498609797,-0.0008891359296517,-0.0487598498069702,-0.039386899516676,-7.375,1.7593184786391152,2993655.25,1120071.6292650253,-9331286.0,2.0732952409337884,0.1599999999999966,3.2635714285714283,52.39658568614576,1.8615020804379585,NVDA,0,0,0,0,0,0.0,0.0,0.0,0.0,[],True
2025-10-16,0.4926971091089613,0.0108928118044082,-0.0556464386798577,-0.0374252289450002,-7.069999999999993,1.4141440516105743,3075338.75,1157642.970972615,-4982314.0,1.5518571230676736,1.9699999999999989,3.367857142857144,53.87062566277837,1.5498613438181508,NVDA,0,0,0,0,0,0.0,0.0,0.0,0.0,[],True
2025-10-17,0.3057090852548014,0.007260206408807,8.190008189989939e-05,-0.0237968341949581,-4.465000000000003,1.4902228477843869,3223909.1,1180255.0090626448,-177971.0,1.50020398694381,1.3249999999999886,3.2024999999999983,51.48879223820674,1.3937341416935567,NVDA,0,0,0,0,0,0.0,0.0,0.0,0.0,[],True
2025-10-20,-0.2256602866704418,-0.0033632778514488,-0.0305878604428866,-0.0159560131529296,-2.9599999999999795,1.0312333378109129,3095050.25,1017194.8439039736,-3369690.0,0.8415408695384565,0.6149999999999807,2.909999999999999,45.103092783505176,1.2064694204655382,NVDA,0,0,0,0,0,0.0,0.0,0.0,0.0,[],True
2025-10-21,-0.4445467334793478,-0.0078091025968206,0.0061100927623174,-0.0209453798545985,-3.875,0.921214958306111,3082112.35,1018799.0666959584,-6208978.0,0.5039629813364808,1.420000000000016,2.9610714285714272,42.624532625738745,0.9327267537431396,NVDA,0,0,0,0,0,0.0,0.0,0.0,0.0,[],True
2025-10-22,-0.2656676346706651,-0.0043710474330645,0.002612998276533,-0.0462742609339468,-8.75,0.985049183400194,3154550.1,962192.5941445514,-9316365.0,0.4667353798320485,0.789999999999992,2.8985714285714272,39.440611138491874,0.6446066957271057,NVDA,0,0,0,0,0,0.0,0.0,0.0,0.0,[],True
2025-10-23,0.4653145716602747,0.0098218523948207,0.0015398152221732,-0.0541923086910233,-10.435000000000002,0.9383594612660586,3142757.25,963245.9133958352,-6367329.0,0.4886715802756136,1.7800000000000011,2.9342857142857133,43.2935735150925,0.5535199642817474,NVDA,0,0,0,0,0,0.0,0.0,0.0,0.0,[],True
2025-10-24,1.1313930978421307,0.0226387888350358,0.0170611197554118,0.017144417144417,3.1399999999999864,0.990336511138609,3188977.65,939211.1232102284,-3209168.0,0.6777183824155819,4.169999999999988,3.080714285714284,50.904242986320426,0.8084973688270338,NVDA,0,0,0,0,0,0.0,0.0,0.0,0.0,[],True
2025-10-27,1.3486115115851616,0.0272698442985006,0.0486989865790192,0.0166215283309436,3.1299999999999955,0.970297773578147,3186417.7,939412.868152124,-117394.0,0.8027756410323124,5.150000000000006,3.4124999999999983,56.73469387755103,1.409878556219212,NVDA,0,0,0,0,0,0.0,0.0,0.0,0.0,[],True
2025-10-28,2.4606862361534247,0.0489791897431652,0.1099762601446476,0.1167583180581015,21.02000000000001,1.9027768358540431,3282289.8,1138746.1417492486,6128071.0,1.489131346232062,9.610000000000014,3.807142857142856,61.219512195121965,2.6315888476949,NVDA,0,0,0,0,0,0.0,0.0,0.0,0.0,[],True
2025-10-29,1.3025663000515373,0.0293342277549182,0.1480259509814794,0.1510257408128092,27.164999999999992,1.9157573826679315,3505358.8,1345009.7966201464,12843488.0,1.6849010742699886,5.984999999999985,3.9871428571428544,62.9702615549982,4.036215556427209,NVDA,0,0,1,0,1,0.31425456339040664,1.0,0.31425456339040664,5.046581233327456,"[{""name"": ""volume_spike"", ""value"": 1.9157573826679315, ""threshold"": 1.5, ""triggered"": true, ""z_score"": null}, {""name"": ""high_volatility"", ""value"": 1.6849010742699886, ""threshold"": 0.8, ""triggered"": true, ""z_score"": null}, {""name"": ""large_return"", ""value"": 1.3025663000515373, ""threshold"": 0.05, ""triggered"": true, ""z_score"": null}]",False
2025-10-30,-1.1332269861398772,-0.0201746142664323,0.114100593015594,0.1158161020677519,21.06,0.8570356971657926,3563830.55,1295358.5329214728,9789158.0,1.8377799909037644,4.134999999999991,3.610714285714282,69.53511374876362,4.760852259206899,NVDA,0,0,1,0,1,0.4577387554494169,0.5,0.22886937772470844,4.457036895563542,"[{""name"": ""high_volatility"", ""value"": 1.8377799909037644, ""threshold"": 0.8, ""triggered"": true, ""z_score"": null}, {""name"": ""large_return"", ""value"": -1.1332269861398772, ""threshold"": 0.05, ""triggered"": true, ""z_score"": null}]",False
2025-10-31,-0.2437761599127409,-0.002022744220591,0.0869611895431854,0.1055059645674665,19.325000000000017,0.9876349752620882,3663041.6,1213110.3888432018,6171410.0,1.7330537954921217,0.4099999999999966,3.271428571428568,65.48034934497818,5.241626288345316,NVDA,0,0,0,0,0,0.0,0.0,0.0,0.0,[],True
2025-11-03,0.9393336936111956,0.022028290654191,0.0812787296280819,0.133935907970419,24.44999999999999,1.0039756525960926,3670806.15,1212711.675544576,9856810.0,1.6811145924912547,4.509999999999991,3.002142857142853,82.08422555317634,5.918339544355774,NVDA,0,0,1,0,1,0.3048022960648528,0.5,0.1524011480324264,4.3241407349003325,"[{""name"": ""high_volatility"", ""value"": 1.6811145924912547, ""threshold"": 0.8, ""triggered"": true, ""z_score"": null}, {""name"": ""large_return"", ""value"": 0.9393336936111956, ""threshold"": 0.05, ""triggered"": true, ""z_score"": null}]",False
2025-11-04,-2.135778877388114,-0.0414260416542968,-0.0121860233772693,0.0964500634903109,17.47,1.0710911100207765,3716086.3,1206170.4790703724,5876543.0,2.284432948587641,8.400000000000006,3.590714285714282,68.62940123333996,5.710997057818673,NVDA,0,0,0,0,0,0.0,0.0,0.0,0.0,[],True
2025-11-05,-0.9306835111613238,-0.0173961596047175,-0.0572850001207524,0.0822612842408783,14.835000000000008,1.0694776803399204,3806209.4,1158696.667170371,1805887.0,2.1713532254446903,3.424999999999983,3.6946428571428527,62.890285161914,5.210247279958338,NVDA,0,0,0,0,0,0.0,0.0,0.0,0.0,[],True
2025-11-06,-1.802459269383763,-0.0367102254625494,-0.0727451946771809,0.0330551284867119,6.019999999999982,1.359266493656807,3952260.3,1162991.725307581,-3566288.0,2.360684984252199,7.035000000000025,4.102499999999998,54.33098285017846,4.197349336848845,NVDA,0,0,0,0,0,0.0,0.0,0.0,0.0,[],True
2025-11-07,-0.0514092632861854,0.0003454277359675,-0.0705466936638846,0.0102796714799506,1.9150000000000205,1.400891889250005,4049112.6,1223079.5923862536,2106081.0,1.534014460956671,0.0650000000000261,4.063214285714287,54.97055462775775,3.3611204715995484,NVDA,0,0,0,0,0,0.0,0.0,0.0,0.0,[],True
2025-11-10,2.6233236219267284,0.0559991355343034,-0.0384299516908213,0.0397252402841621,7.60499999999999,0.8738574158275982,4088145.2,1192927.7522208954,5678537.0,2.1651378140465214,10.839999999999977,4.736071428571427,63.509539250433605,3.532381383764914,NVDA,0,0,0,0,0,0.0,0.0,0.0,0.0,[],True
2025-11-11,-1.399709644476024,-0.029468625695147,-0.0268630412890231,-0.03872171101716,-7.785000000000025,0.9909492966208197,4142434.95,1166123.4797787094,1573594.0,1.7425704384919878,5.780000000000001,5.092499999999999,59.06445052247702,3.1652224815154,NVDA,0,0,0,0,0,0.0,0.0,0.0,0.0,[],True
2025-11-12,0.0532981124926513,0.0030739449455326,-0.0067375432304341,-0.0636365831864176,-13.174999999999985,0.7999051056520023,4040704.3,1151530.6970368242,4805774.0,1.678274874894072,0.5950000000000273,5.007857142857144,58.37255740978463,2.8889558489094327,NVDA,0,0,0,0,0,0.0,0.0,0.0,0.0,[],True
2025-11-13,-1.6673448076698705,-0.0361880728872791,-0.0062187732539596,-0.0785115820601282,-15.930000000000009,0.8617692316250201,3995411.85,1156571.209559362,1362651.0,1.9930225973908835,6.890000000000015,5.20214285714286,50.46684058766992,2.0899554290739104,NVDA,0,0,0,0,0,0.0,0.0,0.0,0.0,[],True
2025-11-14,0.7145083174727415,0.0175747721070393,0.0110517786456256,-0.0602745814608129,-12.205000000000013,0.7890969376671259,3909441.1,1157180.6512156532,4447579.0,1.9537060915865017,3.3149999999999977,5.071071428571431,49.186562433974224,1.7045852377033557,NVDA,0,0,0,0,0,0.0,0.0,0.0,0.0,[],True
2025-11-17,-0.8961549839026818,-0.0191805962397165,-0.0621718706825089,-0.0982125603864735,-20.330000000000013,0.8111479460329277,3908368.4,1157890.718679689,1277314.0,1.9647032047389443,3.615000000000009,4.642857142857145,38.93846153846152,1.0948554839206963,NVDA,0,0,0,0,0,0.0,0.0,0.0,0.0,[],True
2025-11-18,-1.2996706485595058,-0.0294098874178698,-0.0621167826559386,-0.0873111782477341,-17.340000000000003,0.9467269630148788,3953550.65,1131303.73480508,-2465619.0,2.0638470428236877,5.409999999999997,4.601785714285717,29.99611951882035,0.1731030502285762,NVDA,0,0,0,0,0,0.0,0.0,0.0,0.0,[],True
2025-11-19,1.265168165872388,0.0295705859210412,-0.0369338698029506,-0.0434225694889203,-8.475000000000023,1.1066413278263332,4020652.3,1118197.6929140594,1983801.0,2.14146997562783,5.439999999999998,4.695000000000003,37.67685988133273,-0.1170802303020082,NVDA,0,0,0,0,0,0.0,0.0,0.0,0.0,[],True
2025-11-20,-1.3382506778021812,-0.0314481059380345,-0.0323581323206931,-0.0383756776868289,-7.219999999999999,1.299849098125326,4142427.0,1127927.1827760674,-3400729.0,2.236734420911916,5.780000000000001,5.078571428571432,34.83122362869199,-0.8041801768111441,NVDA,0,0,0,0,0,0.0,0.0,0.0,0.0,[],True
2025-11-21,-0.4670830686533747,-0.0110602767058718,-0.0596736474236013,-0.0492813687202784,-9.275000000000006,1.72503372046617,4360630.7,1331288.2626572882,-10922964.0,2.0362086666156944,1.989999999999981,4.898571428571431,29.534849810440377,-1.4920883380155772,NVDA,0,0,0,0,0,0.0,0.0,0.0,0.0,[],True
2025-11-24,0.9003809059024713,0.0215894388721388,-0.0205442759950713,-0.081438870607149,-16.20999999999998,0.9824688123911136,4423331.25,1297484.1286476748,-6577179.0,1.8869784834021823,3.905000000000001,4.577500000000002,37.69992978075995,-1.702533896360734,NVDA,0,0,0,0,0,0.0,0.0,0.0,0.0,[],True
2025-11-25,-1.2021677108531692,-0.0279247836961052,-0.0190886020081649,-0.0800196621219567,-15.464999999999977,1.523233728256468,4449975.65,1341593.5884889108,-13355532.0,1.3179651742542935,5.034999999999997,4.6925000000000034,36.77601035086385,-2.2496632210316534,NVDA,0,0,0,0,0,0.0,0.0,0.0,0.0,[],True
2025-11-26,0.5191333040367379,0.0132970281434897,-0.0349223352972682,-0.0705663881151347,-13.680000000000009,0.8499258634850143,4296803.0,1240393.7118151756,-9703568.0,1.080847014230805,2.3799999999999955,4.360000000000001,43.479685452162535,-2.4628310597791483,NVDA,0,0,0,0,0,0.0,0.0,0.0,0.0,[],True
2025-11-28,-0.7968397144870009,-0.0180891444318216,-0.0219434003979659,-0.0535914852650157,-10.02000000000001,0.6693717708446171,4287585.95,1250753.7643263657,-12573557.0,1.0421991865577975,3.230000000000018,4.5860714285714295,41.23510630013238,-2.8594402660937988,NVDA,0,0,0,0,0,0.0,0.0,0.0,0.0,[],True
2025-12-01,0.6738240979029942,0.0168951807475218,0.0057843849550103,-0.0542344378169586,-10.319999999999991,1.042826772323159,4332606.45,1241545.265578575,-8055399.0,1.1389451585127817,3.015000000000015,4.027142857142861,33.079106065980866,-2.897074940373443,NVDA,0,0,0,0,0,0.0,0.0,0.0,0.0,[],True
2025-12-02,0.2534285679322461,0.0075561881269402,-0.0082314655290288,-0.028606632024428,-5.339999999999975,0.9010574306920116,4344048.3,1236310.2312989363,-4141162.0,0.9637307476204762,1.365000000000009,3.71178571428572,38.51630905417112,-2.7846568083660657,NVDA,0,0,0,0,0,0.0,0.0,0.0,0.0,[],True
2025-12-03,-0.4819657226614059,-0.0100598057693893,0.0096456692913384,-0.0096270550590312,-1.7450000000000043,0.8111520570051656,4320254.1,1248202.380583579,-7645545.0,0.6299560752463368,1.815000000000026,3.798928571428576,36.51405471467518,-2.80963226837892,NVDA,0,0,0,0,0,0.0,0.0,0.0,0.0,[],True
2025-12-04,0.8700749632163913,0.0216833809047459,0.0181485181485181,-0.0174076057846812,-3.25,0.995711627677232,4332413.0,1246826.702687814,-3331711.0,0.7332277507824686,3.9350000000000014,3.587857142857146,46.49611785785387,-2.483278201227961,NVDA,0,0,0,0,0,0.0,0.0,0.0,0.0,[],True
2025-12-05,-0.2890216362441983,-0.0059868141254241,0.0305453517942921,0.0079316825116073,1.4350000000000025,0.7261493194702268,4216909.55,1252423.2011865915,-6393817.0,0.3922949907450722,1.0949999999999989,3.429285714285718,41.74130389502187,-2.2866386534461185,NVDA,0,0,0,0,0,0.0,0.0,0.0,0.0,[],True
2025-12-08,0.716225222925134,0.0175037763277437,0.0311727280304503,0.0371374280444865,6.644999999999982,1.0926877403903297,4160603.1,1208073.7523453513,-1847577.0,0.4647894672475274,3.219999999999999,3.401071428571431,48.85015226294235,-1.8496516726660843,NVDA,0,0,0,0,0,0.0,0.0,0.0,0.0,[],True
2025-12-09,-0.1771306096816217,-0.0032114018774966,0.0201290464898251,0.011731889408483,2.144999999999982,0.6405416241231713,4113731.1,1249567.5237494595,-4482593.0,-0.6715274111801605,0.5949999999999989,3.05714285714286,54.34579439252335,-1.5336686914547784,NVDA,0,0,0,0,0,0.0,0.0,0.0,0.0,[],True
2025-12-10,-0.3203183711093212,-0.0066715730331679,0.023591343341782,0.0334645669291338,5.949999999999989,0.9779496007038164,4109424.45,1249747.8223860944,-8501403.0,-0.9404101358015592,1.2299999999999898,2.756428571428574,46.17776626068932,-1.3667456299193643,NVDA,0,0,0,0,0,0.0,0.0,0.0,0.0,[],True
2025-12-11,-0.6827601165340523,-0.0151343569721659,-0.01340964840556,0.0044955044955043,0.8100000000000023,0.998266492084491,4155216.1,1232573.613015888,-12649416.0,-0.923588358475351,2.759999999999991,2.540714285714288,50.0983975260051,-1.4405609448996586,NVDA,0,0,0,0,0,0.0,0.0,0.0,0.0,[],True
2025-12-12,-1.4529958332269994,-0.0332844475883534,-0.0399769680019741,-0.0106527267589714,-1.884999999999991,1.121292330705616,4219632.0,1227052.2424303566,-17380857.0,-1.026769433025403,5.925000000000011,2.821785714285718,45.10821415010758,-1.9546263803411816,NVDA,0,0,0,0,0,0.0,0.0,0.0,0.0,[],True
2025-12-15,0.2459110986011237,0.0058946819697337,-0.0510575239121648,-0.0214763981885367,-3.865000000000009,1.0526810063138807,4291251.55,1198814.416323651,-12863538.0,-1.179614145784647,1.0349999999999966,2.616785714285718,40.80797051999453,-2.2525451530621865,NVDA,0,0,0,0,0,0.0,0.0,0.0,0.0,[],True
2025-12-16,0.3335956539203122,0.0080030968850446,-0.0403557141312574,-0.0210389896873105,-3.815000000000026,0.9042314984339832,4328433.6,1173480.9399681643,-8949632.0,-1.2418445633843582,1.414999999999992,2.358214285714289,49.56837800999541,-2.347409773820061,NVDA,0,0,0,0,0,0.0,0.0,0.0,0.0,[],True
2025-12-17,-1.5984215376820672,-0.0375085217891174,-0.0694965986394557,-0.0475447734172631,-8.534999999999997,1.3466625564003654,4440263.8,1220381.830350717,-14929169.0,-1.0435485122874717,6.534999999999997,2.655000000000004,37.6244283023944,-2.916293339669465,NVDA,0,0,0,0,0,0.0,0.0,0.0,0.0,[],True
2025-12-18,0.782104270308922,0.0174224980038616,-0.0387037957898226,-0.0515944399018805,-9.464999999999977,0.9209307998857325,4421382.15,1223150.9225455918,-10857382.0,-1.291046643403833,3.005000000000024,2.638928571428575,45.98727838679122,-3.089050625281743,NVDA,0,0,0,0,0,0.0,0.0,0.0,0.0,[],True
2025-12-19,1.7431398504354476,0.0395279426638765,0.0339016936566418,-0.0074305612678565,-1.3549999999999898,1.1332354861085931,4401555.6,1209858.7224875465,-5869383.0,-0.925665744466474,7.014999999999986,2.924642857142859,51.263890584931,-2.629597779248286,NVDA,0,0,0,0,0,0.0,0.0,0.0,0.0,[],True
2025-12-22,0.5986523388431807,0.0146708602405155,0.043015332197615,-0.0102384480668191,-1.8999999999999773,0.5821626502565362,4146129.95,1044267.602559474,-3455661.0,-0.8971271759369064,2.675000000000012,3.018214285714288,52.77481954798248,-2.026270361082481,NVDA,0,0,0,0,0,0.0,0.0,0.0,0.0,[],True
2025-12-23,1.2320489144995137,0.0296367651114366,0.065825423203673,0.0228132771110389,4.219999999999999,0.9444965102315264,4123575.85,1044599.679378875,439042.0,-0.7437827288130169,5.524999999999977,3.283214285714284,60.53518981834005,-1.0897457985755352,NVDA,0,0,0,0,0,0.0,0.0,0.0,0.0,[],True
2025-12-24,-0.1663609040421105,-0.0030437395297648,0.1031992045853316,0.026530612244898,4.875,0.3235950941382647,3846900.1,1037225.088323592,-805796.0,-1.0707725819884506,0.5749999999999886,3.0432142857142828,56.07323084145055,-0.3894516735507238,NVDA,0,0,0,0,0,0.0,0.0,0.0,0.0,[],True
2025-12-26,0.3838560218807791,0.0095237558827124,0.0945196424979164,0.0521575777667273,9.439999999999998,0.6915094931430339,3795534.3,1072233.6007701077,1818852.0,-1.0897346971309927,1.8050000000000068,3.0939285714285694,59.321251298626365,0.3076386144151684,NVDA,0,0,0,0,0,0.0,0.0,0.0,0.0,[],True
2025-12-29,-0.5099430198616188,-0.0116200536346387,0.0399447513812154,0.0752006397623739,13.164999999999992,0.5818888282270711,3761472.8,1113219.6559264995,-369907.0,-1.170857462116667,2.200000000000017,3.021071428571428,53.13866887338929,0.6747875452782921,NVDA,0,0,0,0,0,0.0,0.0,0.0,0.0,[],True
2025-12-30,-0.1689321393308623,-0.0038057771254505,0.0209064924458961,0.0648211243611585,11.414999999999992,0.4351587936757832,3614202.5,1199343.185767526,-1942659.0,-1.2233574630853492,0.7150000000000034,3.0296428571428566,52.98832960037722,0.8977129179456824,NVDA,0,0,0,0,0,0.0,0.0,0.0,0.0,[],True
2025-12-31,-0.2345482161440665,-0.0053203702705159,-0.0141649048625791,0.0507281074838747,9.005000000000024,0.4920076361287523,3504707.8,1268480.730506944,-3667002.0,-1.216094833222295,0.994999999999976,3.012857142857141,53.28354670459935,0.9827659829363996,NVDA,0,0,0,0,0,0.0,0.0,0.0,0.0,[],True
2026-01-02,0.5053492176075957,0.0122821882593914,0.0010603048376407,0.104368932038835,17.845,0.7910109240211506,3466594.35,1279891.4511244288,-924888.0,-1.2293411964005068,2.3049999999999784,2.9803571428571405,59.38885560215696,1.2220780312005388,NVDA,0,0,0,0,0,0.0,0.0,0.0,0.0,[],True
2026-01-05,-0.1808484173283659,-0.0036874469764725,-0.0120779288977577,0.0813001120786274,14.144999999999982,1.1302949344570827,3445631.65,1268668.7677457014,-4819468.0,-1.3676002413690005,0.6949999999999932,2.6067857142857105,67.89971228935474,1.3402048150974508,NVDA,0,0,0,0,0,0.0,0.0,0.0,0.0,[],True
2026-01-06,-0.2050037411789854,-0.0046618889125165,-0.0051798331828082,0.0345580110497236,6.254999999999996,1.063415984318851,3477423.75,1266517.0904292008,-8517416.0,-1.3798058513738738,0.875,2.59535714285714,65.35021329296823,1.3476807305141565,NVDA,0,0,0,0,0,0.0,0.0,0.0,0.0,[],True
2026-01-07,0.4434409320782961,0.0101747573670492,0.0088259605898195,0.0299169729141144,5.494999999999976,0.8023420691782424,3385946.1,1251235.900266145,-5800729.0,-1.456504061715928,1.914999999999992,2.631071428571425,65.8205511062848,1.490943277002856,NVDA,0,0,0,0,0,0.0,0.0,0.0,0.0,[],True
2026-01-08,-0.9872466237780017,-0.0218038884089465,-0.0076667381514047,-0.0217230443974629,-4.109999999999985,1.144895893146762,3451792.45,1244270.573124734,-9752672.0,-1.2281857884604452,4.079999999999984,2.455714285714281,70.520651541594,1.260725120810207,NVDA,0,0,0,0,0,0.0,0.0,0.0,0.0,[],True
2026-01-09,-0.0630350159842759,-0.0014598148087309,-0.0212101151860187,-0.0201722995361166,-3.805000000000007,0.7823594124336348,3383195.7,1249173.3864910782,-12399547.0,-1.213297738140871,0.2700000000000102,2.2603571428571376,67.11960815294677,1.0444490711343803,NVDA,0,0,0,0,0,0.0,0.0,0.0,0.0,[],True
2026-01-12,-0.0158720008794111,0.0003245875062308,-0.0172752883644288,-0.0291445675576328,-5.550000000000011,0.8190680793384446,3311408.5,1244152.1723975854,-9687278.0,-1.2697867462770742,0.0600000000000022,1.7635714285714243,57.85743215876874,0.8678857949366829,NVDA,0,0,0,0,0,0.0,0.0,0.0,0.0,[],True
2026-01-13,0.1941996025586407,0.0049100376519539,-0.0078235561133214,-0.0129628645805662,-2.4399999999999977,1.0523542977949436,3245613.2,1199081.8314214463,-6271743.0,-1.7132142181261427,0.9099999999999966,1.6374999999999946,54.61286804798252,0.7922548999677304,NVDA,0,0,0,0,0,0.0,0.0,0.0,0.0,[],True
2026-01-14,-0.6431923215129263,-0.0134928487724198,-0.0310302902151502,-0.0224782017438603,-4.214999999999975,1.3324616346887224,3235292.4,1188400.602943052,-10582646.0,-1.5468800434308654,2.4899999999999807,1.4207142857142807,35.16842634489694,0.5253389007758642,NVDA,0,0,0,0,0,0.0,0.0,0.0,0.0,[],True
2026-01-15,0.9517577552236524,0.0207862795047785,0.0111297206764275,0.0033776538708985,0.6299999999999955,1.3323240397439595,3256535.1,1204852.5384441689,-6243886.0,-1.3715175932468038,3.8499999999999934,1.6546428571428524,46.81631772069934,0.6173524182093217,NVDA,0,0,0,0,0,0.0,0.0,0.0,0.0,[],True
2026-01-16,-0.2801738101831432,-0.0055188073739901,0.0070338707932042,-0.0143254336025419,-2.704999999999984,0.8978647026764374,3096573.45,1022947.8885811736,-9024190.0,-1.9692154810216105,1.0300000000000011,1.599285714285709,40.37516748548456,0.6002421835123357,NVDA,0,0,0,0,0,0.0,0.0,0.0,0.0,[],True
2026-01-20,-1.9817661655462533,-0.0437657349246026,-0.0364019904803114,-0.0530484239621538,-9.97999999999999,1.600243796519584,3144589.6,1091381.8986994324,-14056300.0,-1.1669360874157748,7.969999999999999,2.011428571428565,32.102272727272705,-0.0557871135694654,NVDA,0,0,0,0,0,0.0,0.0,0.0,0.0,[],True
2026-01-21,1.2738311995799043,0.0284982627938142,-0.0134022283222993,-0.0211209313502976,-3.954999999999984,1.727420093191311,3168889.85,1138960.2302396724,-8582296.0,-1.432885088614774,5.150000000000006,2.32821428571428,43.534284399447785,-0.1583082196755185,NVDA,0,0,0,0,0,0.0,0.0,0.0,0.0,[],True
2026-01-22,0.3504908419096688,0.0083664311564062,0.0084015275504636,-0.022889464502828,-4.329999999999984,1.085432485829023,3223128.15,1126870.335565126,-5083808.0,-1.4547943409477135,1.539999999999992,2.367142857142852,47.46529873264935,-0.1139779384802466,NVDA,0,0,0,0,0,0.0,0.0,0.0,0.0,[],True
2026-01-23,0.6600594311312663,0.0150346474581915,0.0026182206785998,0.0137770814198496,2.549999999999983,1.0291746647687865,3192684.5,1115943.8001481076,-1797978.0,-1.6779312427887034,2.799999999999983,2.4024999999999954,48.23844209900401,0.1454144805585713,NVDA,0,0,0,0,0,0.0,0.0,0.0,0.0,[],True
2026-01-26,-0.2868025062114592,-0.006576684579103,0.0015581345368578,0.0086029650470729,1.5900000000000034,0.7922452874945253,3259561.2,1029823.8540420698,-4380350.0,-1.6091196623552386,1.2299999999999898,2.440714285714281,47.48317237342698,0.2488653560953935,NVDA,0,0,0,0,0,0.0,0.0,0.0,0.0,[],True
2026-01-27,0.5820128080809965,0.0114677097467216,0.0584339040134718,0.0199048031155344,3.680000000000007,1.004313519816899,3293725.45,1018928.4200019808,-1072417.0,-1.531517055543684,2.1500000000000057,2.53178571428571,51.84088023698689,0.4985905109337238,NVDA,0,0,0,0,0,0.0,0.0,0.0,0.0,[],True
2026-01-28,0.8006754539151695,0.0155759831817874,0.0448445171849427,0.0308412724043276,5.730000000000018,0.9091336122182744,3335927.7,987756.5203400176,1960387.0,-1.438239335467796,2.960000000000008,2.606428571428568,53.220060290490586,0.9246875352551456,NVDA,0,0,0,0,0,0.0,0.0,0.0,0.0,[],True
2026-01-29,0.2732626117539207,0.005051962516881,0.0413871456394721,0.0501363884342607,9.189999999999998,1.0207585974511817,3432476.6,896499.9541198442,5464117.0,-1.3894783828184936,0.9699999999999988,2.384285714285712,61.0844817255842,1.3253654029114728,NVDA,0,0,0,0,0,0.0,0.0,0.0,0.0,[],True
2026-01-30,-0.3031948549865982,-0.0070903795300376,0.0185994457471754,0.0212663638792411,3.9799999999999898,1.209248875643104,3561602.65,820266.1115393724,1157253.0,-1.3304094384978535,1.3600000000000136,2.462142857142855,59.15288656803018,1.5156929014694072,NVDA,0,0,0,0,0,0.0,0.0,0.0,0.0,[],True
2026-02-02,-1.306581339829536,-0.02903678082472,-0.0040233893031489,-0.0024715237481195,-0.4600000000000079,0.9814394066981325,3601215.7,797419.8261596806,-2377122.0,-1.047075286842026,5.469999999999999,2.848571428571426,50.97793380140421,1.2111837575878042,NVDA,0,0,0,0,0,0.0,0.0,0.0,0.0,[],True
2026-02-03,-1.3540354581280625,-0.029405846149339,-0.0439117522274077,0.0119562166713442,2.1299999999999955,1.4125098934846447,3665354.15,870497.3761375406,-7554471.0,-0.7696622978097327,5.379999999999996,3.1678571428571405,43.78804960541151,0.5296317644316844,NVDA,0,0,0,0,0,0.0,0.0,0.0,0.0,[],True
2026-02-04,-1.5591144387953773,-0.0343358364566167,-0.0904605263157896,-0.0496726677577742,-9.105000000000018,1.288672729738897,3720160.2,906421.7894267768,-12348540.0,-0.4542727132509772,6.085000000000008,3.4246428571428567,40.50474502033578,-0.4957965124220322,NVDA,0,0,0,0,0,0.0,0.0,0.0,0.0,[],True
2026-02-05,-0.601913944961599,-0.0137279441559203,-0.1073822016728142,-0.0704392988530622,-13.02000000000001,1.745964071210394,3927159.85,1114125.3269121856,-19205220.0,-0.4636999150517663,2.375,3.3192857142857144,33.50548741123305,-1.48300332178124,NVDA,0,1,0,0,1,0.30860653836258417,0.5,0.15430326918129209,6.223866511229755,"[{""name"": ""volume_spike"", ""value"": 1.745964071210394, ""threshold"": 1.5, ""triggered"": true, ""z_score"": null}, {""name"": ""large_return"", ""value"": -0.601913944961599, ""threshold"": 0.05, ""triggered"": true, ""z_score"": null}]",False
2026-02-06,3.784087996621548,0.0750428992247999,-0.0309736828336733,-0.0129503304199529,-2.4299999999999784,1.6134406619700836,4056835.9,1258713.095853475,-12659756.0,1.07561308767084,13.390000000000017,4.202142857142858,49.22658507564168,-1.171407479293066,NVDA,1,0,0,0,1,0.5648236727672998,0.5,0.2824118363836499,4.685100980219495,"[{""name"": ""volume_spike"", ""value"": 1.6134406619700836, ""threshold"": 1.5, ""triggered"": true, ""z_score"": null}, {""name"": ""high_volatility"", ""value"": 1.07561308767084, ""threshold"": 0.8, ""triggered"": true, ""z_score"": null}, {""name"": ""large_return"", ""value"": 3.784087996621548, ""threshold"": 0.05, ""triggered"": true, ""z_score"": null}]",False
2026-02-09,1.197346317785245,0.0251126144266473,0.022945168587741,0.0188294619387372,3.509999999999991,1.1761491235691992,4169701.7,1226421.0156635302,-7755565.0,1.2125163205885403,4.70999999999998,3.969285714285714,60.59024653590065,-0.5382038137619816,NVDA,0,0,0,0,0,0.0,0.0,0.0,0.0,[],True
2026-02-10,-0.3566998631415761,-0.0079294172408361,0.0451519857998667,-0.00074246924056,-0.1400000000000147,0.749270072574714,4191101.6,1203165.304688051,-10895832.0,1.2247960545604253,1.5,3.708571428571428,54.93066255778118,-0.1556288186733638,NVDA,0,0,0,0,0,0.0,0.0,0.0,0.0,[],True
2026-02-11,0.3869996667313621,0.0082452898415148,0.0906168374522804,-0.0080409356725147,-1.5400000000000205,0.8018901542832667,4188250.7,1205165.620201598,-7537315.0,1.2249801739740998,1.5600000000000025,3.71,54.94801694262609,0.270327417577505,NVDA,0,0,0,0,0,0.0,0.0,0.0,0.0,[],True
2026-02-12,-0.7755842943832342,-0.0163450890005191,0.0877662670236294,-0.0290404696347862,-5.590000000000003,0.8957032704406901,4158965.5,1209138.0161873244,-11262514.0,1.2493099502749647,3.079999999999984,3.73,49.29145921103027,0.3552751534711831,NVDA,0,0,0,0,0,0.0,0.0,0.0,0.0,[],True
2026-02-13,-1.020768942530108,-0.0222904706174615,-0.013120241887587,-0.0436875425103332,-8.349999999999994,1.0114831074669342,4152012.0,1208449.3217391395,-15462204.0,1.2695760587030038,4.1200000000000045,3.936428571428572,46.70658682634731,0.0891199590463145,NVDA,0,0,0,0,0,0.0,0.0,0.0,0.0,[],True
2026-02-17,0.5966478316938278,0.0126669991275382,-0.0253264532434708,-0.0029624043951308,-0.549999999999983,1.1129285166603236,4249464.3,1169985.218406359,-10732854.0,1.3105791290774902,2.3300000000000125,3.949285714285716,46.88008681497559,0.0654471433682033,NVDA,0,0,0,0,0,0.0,0.0,0.0,0.0,[],True
2026-02-18,0.6783123816531488,0.0149064422338372,-0.0028128648763401,0.0422121144885732,7.609999999999985,0.920676222223463,4190776.2,1158038.1463870408,-6874506.0,0.932167648427387,2.7799999999999727,3.9364285714285705,46.70658682634728,0.267920610932407,NVDA,0,0,0,0,0,0.0,0.0,0.0,0.0,[],True
2026-02-19,-0.0165656698547254,-2.661166921848145e-05,-0.0110274765764817,0.0785900858233588,13.689999999999998,0.7092191596041059,4061086.0,1151990.0413279335,-9754706.0,0.800218381200477,0.0049999999999954,3.867499999999999,45.747529781143214,0.423101582831066,NVDA,0,0,0,0,0,0.0,0.0,0.0,0.0,[],True
2026-02-20,0.4431911017412428,0.0099300422731478,0.015302300695559,0.1044115935281109,17.939999999999998,1.1517021782374144,4123620.75,1153787.564221916,-5005523.0,0.8549531521830788,1.875,3.904285714285712,48.74679839004756,0.68943309548294,NVDA,0,0,0,0,0,0.0,0.0,0.0,0.0,[],True
2026-02-23,0.4092081621056562,0.0095714585625175,0.0481726665937192,0.0344203876680524,6.375,0.90776947091566,4147581.65,1140371.308537856,-1240475.0,0.8725500081325812,1.825000000000017,3.6439285714285705,55.80711555424876,1.0358246441932977,NVDA,0,0,0,0,0,0.0,0.0,0.0,0.0,[],True
2026-02-24,0.278551083963219,0.0066588879161429,0.0418940089676407,0.0155065290648694,2.9450000000000216,0.8995110638644753,4207707.0,1083800.7807565571,2544404.0,0.9112285967681686,1.2800000000000011,3.351071428571428,63.41255462005756,1.397518026867317,NVDA,0,0,0,0,0,0.0,0.0,0.0,0.0,[],True
2026-02-25,0.6868623110834468,0.0152564736407239,0.0422587684283359,0.0393270353465662,7.410000000000025,1.075158845329216,4271962.25,1065590.2861408168,7137442.0,0.9627323537597106,2.9650000000000034,3.128214285714285,74.70030825436697,1.90149411839974,NVDA,0,0,0,0,0,0.0,0.0,0.0,0.0,[],True
2026-02-26,-2.860042302931141,-0.0576481540921134,-0.0161002741038399,-0.0269502052847666,-5.119999999999976,1.53436906296679,4462692.95,1168536.3236398925,290024.0,1.7439945729217097,10.97,3.742142857142856,62.445123115098326,1.3995780178236998,NVDA,0,0,1,0,1,0.42164217163524936,0.5,0.21082108581762468,6.30633177496308,"[{""name"": ""volume_spike"", ""value"": 1.53436906296679, ""threshold"": 1.5, ""triggered"": true, ""z_score"": null}, {""name"": ""high_volatility"", ""value"": 1.7439945729217097, ""threshold"": 0.8, ""triggered"": true, ""z_score"": null}, {""name"": ""large_return"", ""value"": -2.860042302931141, ""threshold"": 0.05, ""triggered"": true, ""z_score"": null}]",False
2026-02-27,-1.9858426910573128,-0.0422915273594457,-0.0661625210792579,-0.0518726591760299,-9.694999999999991,2.310347457466454,4847473.9,1884086.5839490849,-10909325.0,2.0717038478402525,7.655000000000001,3.3324999999999982,41.42106955310256,0.3797340299898053,NVDA,0,0,1,0,1,0.34588929707792404,0.5,0.17294464853896202,7.8813368707911815,"[{""name"": ""volume_spike"", ""value"": 2.310347457466454, ""threshold"": 1.5, ""triggered"": true, ""z_score"": null}, {""name"": ""high_volatility"", ""value"": 2.0717038478402525, ""threshold"": 0.8, ""triggered"": true, ""z_score"": null}, {""name"": ""large_return"", ""value"": -1.9858426910573128, ""threshold"": 0.05, ""triggered"": true, ""z_score"": null}]",False
2026-03-02,1.3389438425656823,0.0288948231630452,-0.0479421666623169,-0.002079002079002,-0.3799999999999954,1.2473824830414697,4940249.75,1901667.3751890475,-4746944.0,2.262403793051529,5.194999999999993,3.367142857142856,42.02375901569794,-0.0092005363186729,NVDA,0,0,0,0,0,0.0,0.0,0.0,0.0,[],True
2026-03-03,-0.6001564423314937,-0.0130785739706998,-0.0665491405905686,-0.0274431419156178,-5.0800000000000125,0.971284663015169,5006676.4,1872961.1405797007,-9609852.0,2.0598662772525658,2.3700000000000045,3.429285714285714,41.26223703395127,-0.5028763300211097,NVDA,0,0,0,0,0,0.0,0.0,0.0,0.0,[],True
2026-03-04,0.7211073689268236,0.0161987013069435,-0.065669202880049,-0.0261855340890946,-4.919999999999988,0.9931291480371752,4995887.0,1872547.7056418965,-4648291.0,1.8675977532494052,2.9399999999999977,3.5278571428571417,42.90342174529258,-0.6493986603575479,NVDA,0,0,0,0,0,0.0,0.0,0.0,0.0,[],True
2026-03-05,0.0737078412105404,0.0018292271840075,-0.0084117710699989,-0.0243766133539131,-4.579999999999984,1.0813899323605245,5028047.55,1874421.6587915272,788989.0,1.541829466376754,0.3350000000000079,3.331785714285715,46.14642512595133,-0.730071156656976,NVDA,0,0,0,0,0,0.0,0.0,0.0,0.0,[],True
2026-03-06,-1.3952919686768692,-0.0310546969998766,0.0027933749047712,-0.0635539629005059,-12.060000000000002,1.1305402422426143,4965922.3,1830704.959998342,-4825186.0,1.689617967973917,5.605000000000018,3.4378571428571445,44.72262622065239,-1.2320787118014491,NVDA,0,0,0,0,0,0.0,0.0,0.0,0.0,[],True
2026-03-09,1.2657651031283923,0.027475018080686,0.0013706140350877,-0.0466372628337291,-8.935000000000002,0.9300408134781244,4864875.75,1794344.870734099,-300653.0,0.4359043062247375,4.950000000000017,3.625000000000002,47.57635467980296,-1.2164768964667587,NVDA,0,0,0,0,0,0.0,0.0,0.0,0.0,[],True
2026-03-10,0.5088208629019001,0.0115129940896011,0.0263011720268844,-0.0419982889585981,-8.100000000000023,0.8980164650734586,4836844.5,1798073.5295323993,4042913.0,0.28691045511384,2.1149999999999807,3.577500000000003,46.88030348407707,-1.021672318680686,NVDA,0,0,0,0,0,0.0,0.0,0.0,0.0,[],True
2026-03-11,0.2815510883083381,0.0067156883779667,0.016614745586708,-0.0501455343920749,-9.820000000000022,0.6367453315546356,4833723.7,1801224.555190164,7120764.0,0.2790300729533755,1.2450000000000043,3.666071428571432,48.17340477350219,-0.7580884207721681,NVDA,0,0,0,0,0,0.0,0.0,0.0,0.0,[],True
2026-03-12,-0.720140011959255,-0.0157133705552369,-0.0010638007692097,-0.009466623390674,-1.75,0.7284246223339687,4842155.1,1794337.2825529366,3593619.0,0.3038764893715635,2.8999999999999773,3.739285714285716,43.6485195797517,-0.7742766669034324,NVDA,0,0,0,0,0,0.0,0.0,0.0,0.0,[],True
2026-03-13,-0.7544615750149795,-0.0159642276234426,0.0141249296567249,0.0169577607855309,3.0049999999999955,0.6847639762735855,4820956.0,1810658.3660082533,292402.0,0.2908768266576161,2.9000000000000057,3.816071428571429,39.35423490875059,-1.0094751313435495,NVDA,0,0,0,0,0,0.0,0.0,0.0,0.0,[],True
2026-03-16,0.7049984272697823,0.0162918458419457,0.0028469750889679,0.00422149122807,0.7699999999999818,1.1823389874850252,4900685.05,1816958.518017184,6086673.0,0.234313983758596,2.9599999999999795,3.936071428571428,41.2031576082025,-0.9461180863169432,NVDA,0,0,0,0,0,0.0,0.0,0.0,0.0,[],True
2026-03-17,-0.328186894952218,-0.0066278006703221,-0.015181446702568,0.010720435482975,1.9300000000000068,0.8979795630815263,4883480.85,1820292.1725501628,1701407.0,0.1896047919612881,1.2099999999999795,3.8107142857142833,37.00093720712277,-0.982221619856574,NVDA,0,0,0,0,0,0.0,0.0,0.0,0.0,[],True
2026-03-18,-0.4548333997136526,-0.0087488656077683,-0.0302940702112789,-0.014182652893917,-2.594999999999999,0.684352115482663,4856749.8,1839957.837149352,-1622320.0,0.1248774343517046,1.585000000000008,3.140357142857141,44.89935175707948,-1.125753201748239,NVDA,0,0,0,0,0,0.0,0.0,0.0,0.0,[],True
2026-03-19,-0.5119393631326202,-0.0104214050621658,-0.0251488176505926,-0.0261858650882409,-4.800000000000011,0.954522289314011,4948933.15,1780957.8341527411,-6346187.0,0.1313960546259341,1.8700000000000043,2.7271428571428555,51.70246202200103,-1.374551413181905,NVDA,0,0,0,0,0,0.0,0.0,0.0,0.0,[],True
2026-03-20,-1.472112133652651,-0.0318743013107834,-0.0405360412851673,-0.0269836803601575,-4.794999999999988,1.0023082635334502,4960048.9,1780339.1632175872,-11317685.0,0.2866388001414635,5.599999999999994,2.756071428571427,37.695995853310855,-2.00053802996689,NVDA,0,0,0,0,0,0.0,0.0,0.0,0.0,[],True
2026-03-23,0.7592055450568554,0.0154948438786598,-0.041300431293334,-0.0385710375034219,-7.045000000000016,1.0408212559018897,5033758.65,1758644.85561158,-6078442.0,0.3299627767407629,2.6999999999999886,2.7796428571428544,44.31453167159191,-2.252800615425599,NVDA,0,0,0,0,0,0.0,0.0,0.0,0.0,[],True
2026-03-24,-0.0336666849285269,-0.0017383626725564,-0.0366014508683226,-0.0512272345952965,-9.464999999999977,1.014401245235171,5103357.3,1733989.903452152,-11255294.0,0.2914113706226359,0.3049999999999784,2.591428571428568,39.42943770672547,-2.449099785053619,NVDA,0,0,0,0,0,0.0,0.0,0.0,0.0,[],True
2026-03-25,0.9431175884591536,0.01892979254223,-0.0095634095634095,-0.0395677651739152,-7.359999999999985,0.8934631612258831,5101610.45,1734548.5736890072,-6697193.0,0.3215870559724763,3.3499999999999943,2.8067857142857093,44.07685456164905,-2.3077489944766683,NVDA,0,0,0,0,0,0.0,0.0,0.0,0.0,[],True
2026-03-26,-1.8998048785199215,-0.0424501033854499,-0.0407831713397384,-0.0649063404510951,-11.88500000000002,1.1157322465049817,5040427.95,1690755.901870752,-12320961.0,-0.0405109924501162,7.425000000000011,2.936785714285709,42.125744861972514,-2.763012631552016,NVDA,0,0,0,0,0,0.0,0.0,0.0,0.0,[],True
2026-03-27,-0.9452491205112278,-0.0224131276155169,-0.0316647870217748,-0.0709172631929415,-12.78,1.0596611665891045,4731130.25,872672.115741182,-17334356.0,-0.3680041731193037,3.794999999999988,2.8542857142857065,30.9559559559559,-3.390948385596204,NVDA,0,0,1,0,1,0.347819007150487,0.5,0.1739095035752435,5.391423765184119,"[{""name"": ""large_return"", ""value"": -0.9452491205112278, ""threshold"": 0.05, ""triggered"": true, ""z_score"": null}]",False
2026-03-30,-0.5314162346850452,-0.0135295650858809,-0.0593661911676773,-0.0982147731615438,-17.98999999999998,1.0051572499406736,4657065.35,805046.2438456052,-22015439.0,-0.6811187203158009,2.25,2.8639285714285654,25.576755206384803,-4.023764735510014,NVDA,0,0,0,1,1,0.3059397358502506,0.5,0.1529698679251253,5.8763818868185425,"[{""name"": ""large_return"", ""value"": -0.5314162346850452, ""threshold"": 0.05, ""triggered"": true, ""z_score"": null}]",False
2026-03-31,2.5924570215307785,0.054373060898006,-0.0050770108385626,-0.0414926357441196,-7.550000000000011,1.4380650980839322,4755883.45,941394.1296664564,-15176169.0,0.2918750616966407,9.22999999999999,3.434285714285707,37.936772046589,-3.737409855978029,NVDA,1,0,0,0,1,0.43159371156501974,0.5,0.21579685578250987,4.275324337864873,"[{""name"": ""large_return"", ""value"": 2.5924570215307785, ""threshold"": 0.05, ""triggered"": true, ""z_score"": null}]",False
2026-04-01,0.3882809462454788,0.007995017174121,-0.0158970053176602,-0.0253083853083853,-4.564999999999998,0.9228554449385368,4725870.15,944056.6460145458,-10814874.0,0.2169273940659873,1.4000000000000057,3.327142857142852,42.1640188922284,-3.3587852653933794,NVDA,0,0,0,0,0,0.0,0.0,0.0,0.0,[],True
2026-04-02,0.3998541084303824,0.0084675470174514,0.0355088334063367,-0.0067225007702864,-1.1999999999999886,0.8173918140507543,4643796.2,950285.7755913298,-7019073.0,0.2253199572455536,1.4950000000000043,3.226785714285709,46.78472606530159,-2.9046060532214426,NVDA,0,0,0,0,0,0.0,0.0,0.0,0.0,[],True
2026-04-06,0.0958872285278319,0.0016061091943541,0.060682076091501,0.0270958040542494,4.685000000000002,0.7565473730302705,4534620.2,958329.3200219544,-3588418.0,-0.0349180089471061,0.2849999999999966,3.0357142857142816,43.43529411764707,-2.4929316727081527,NVDA,0,0,0,0,0,0.0,0.0,0.0,0.0,[],True
2026-04-07,0.1586345004419237,0.00292381428419,0.0782782419179077,0.0142649696762622,2.505000000000024,0.8704737791641323,4504443.55,968115.9679555806,332582.0,-0.2766020964094496,0.5200000000000102,2.986428571428569,45.395838316192304,-2.1005038056654257,NVDA,0,0,0,0,0,0.0,0.0,0.0,0.0,[],True
2026-04-08,0.9847318018202496,0.0222644735158875,0.0442061808382547,0.0389047347404449,6.819999999999993,0.9943338180837834,4511565.35,967393.8436190418,4818584.0,-0.1716457124341772,4.009999999999991,3.159642857142854,51.9724200293885,-1.4492226698836248,NVDA,0,0,0,0,0,0.0,0.0,0.0,0.0,[],True
2026-04-09,0.4114244092215223,0.0096175604714458,0.0459018258347079,0.0292751189476629,5.22999999999999,0.6673377041607065,4508093.85,972918.322911036,7827005.0,-0.1679343076819947,1.759999999999991,3.1517857142857104,56.09065155807366,-0.7820454533037662,NVDA,0,0,0,0,0,0.0,0.0,0.0,0.0,[],True
2026-04-10,1.088629661955057,0.0253980201250521,0.0637601872479625,0.101533070521244,17.38500000000002,1.1292039601196453,4590942.1,955380.6553644548,13011115.0,-0.0760967272570998,4.730000000000018,3.089642857142855,68.15397063923248,0.1269058753933336,NVDA,0,0,0,1,1,0.2951787765756901,0.5,0.14758938828784504,3.804308487301273,"[{""name"": ""large_return"", ""value"": 1.088629661955057, ""threshold"": 0.05, ""triggered"": true, ""z_score"": null}]",False
2026-04-13,0.1187977412953174,0.0033346596998678,0.065600540570978,0.1302633936570507,21.81,0.7131844369524819,4589540.7,957390.5010028172,16284304.0,-0.1930784555904677,0.6299999999999955,2.941785714285712,66.55335680466192,0.8878574192398219,NVDA,0,0,1,0,1,0.36227134158934426,0.5,0.18113567079467213,4.141054762014322,"[{""name"": ""large_return"", ""value"": 0.1187977412953174, ""threshold"": 0.05, ""triggered"": true, ""z_score"": null}]",False
2026-04-14,1.5901444620163936,0.0376463805463686,0.1032508000673739,0.1896113330911732,31.32,0.9920823314634464,4524248.5,914472.0166007468,20772731.0,0.0949068618406015,7.259999999999991,3.438571428571428,72.01911092646448,2.053071792119681,NVDA,0,0,0,1,1,0.2698033423195267,0.5,0.13490167115976334,4.8954874397314825,"[{""name"": ""large_return"", ""value"": 1.5901444620163936, ""threshold"": 0.05, ""triggered"": true, ""z_score"": null}]",False
2026-04-15,0.4531705951838936,0.0118883403443837,0.0918625082363275,0.1401295797259332,24.44,1.051886462293284,4543972.35,915570.0844949136,25552474.0,0.0578773854397567,2.3499999999999943,3.367142857142856,71.42554094187525,3.1300565937535225,NVDA,0,0,1,0,1,0.35116363627276737,0.5,0.17558181813638368,4.257875717656035,"[{""name"": ""large_return"", ""value"": 0.4531705951838936, ""threshold"": 0.05, ""triggered"": true, ""z_score"": null}]",False
2026-04-16,-0.181362575656868,-0.0029714710489482,0.0782031759843375,0.1276946703827994,22.44999999999999,0.7432016148437322,4546743.35,911758.5329519872,22173327.0,-0.0094394417740927,0.5900000000000034,2.87892857142857,83.53802257784395,3.8911124173270366,NVDA,0,0,1,0,1,0.38327213335547344,0.5,0.19163606667773672,4.519674065113486,"[{""name"": ""large_return"", ""value"": -0.181362575656868, ""threshold"": 0.05, ""triggered"": true, ""z_score"": null}]",False
2026-04-17,0.6503048025427214,0.017053397546999,0.0692434123323257,0.1374185725162853,24.36499999999998,0.8917942855845921,4511726.6,918024.8448527872,26196859.0,-0.0668096030938239,3.4099999999999966,2.8514285714285705,92.88577154308616,4.71506085554185,NVDA,0,0,1,0,1,0.3102711809999221,0.5,0.15513559049996106,4.796256610973741,"[{""name"": ""large_return"", ""value"": 0.6503048025427214, ""threshold"": 0.05, ""triggered"": true, ""z_score"": null}]",False
2026-04-20,0.0162962516042885,0.0022288822719575,0.0680617205664764,0.1381271467988063,24.53,0.5497548697052179,4383648.3,1023170.832093369,28606791.0,-0.5643859249557308,0.450000000000017,2.722857142857144,98.45225603357817,5.342769052370642,NVDA,0,0,0,0,0,0.0,0.0,0.0,0.0,[],True
2026-04-21,-0.5684466481547401,-0.0114446191188353,0.0168956743002544,0.1218909662568075,21.70999999999998,0.7540119873999688,4283164.0,1033355.164613231,25377234.0,-0.4973653989362264,2.300000000000012,2.2278571428571445,90.73420968259052,5.590201183192392,NVDA,0,0,1,0,1,0.3557371094676632,0.5,0.1778685547338316,5.097749829337024,"[{""name"": ""large_return"", ""value"": -0.5684466481547401, ""threshold"": 0.05, ""triggered"": true, ""z_score"": null}]",False
2026-04-22,0.5067281647928293,0.0129277854558826,0.0179532310787025,0.1114649681528661,20.299999999999983,0.7016583259795451,4170639.6,1053256.3094660975,28303598.0,-0.5533325267601812,2.5999999999999943,2.313571428571429,91.0774930534115,5.927759676762804,NVDA,0,0,0,0,0,0.0,0.0,0.0,0.0,[],True
2026-04-23,-0.6562729750360137,-0.0136286615796921,0.007162312115404,0.0859256036545574,15.800000000000011,0.8650072231817191,4120967.9,1057438.7904399687,24738931.0,-0.5085748353838481,2.7399999999999807,2.4024999999999994,83.26148357365841,5.906100266577056,NVDA,0,0,0,0,0,0.0,0.0,0.0,0.0,[],True
2026-04-24,1.7851759957490214,0.0416870049062595,0.032280458174245,0.1037590795822065,19.57,1.6920106820378693,4194649.05,1208249.4341502346,31836322.0,-1.0332984695406988,8.5,2.989285714285714,86.54719235364398,6.499887335330982,NVDA,1,0,0,0,1,0.3048719334817761,0.5,0.15243596674088805,5.110041042941793,"[{""name"": ""volume_spike"", ""value"": 1.6920106820378693, ""threshold"": 1.5, ""triggered"": true, ""z_score"": null}, {""name"": ""large_return"", ""value"": 1.7851759957490214, ""threshold"": 0.05, ""triggered"": true, ""z_score"": null}]",False
2026-04-27,1.6240377835176811,0.0393721977954297,0.0713437561844447,0.1442612555485096,27.299999999999983,1.4114478604518397,4243449.7,1261591.5574033775,37825730.0,-1.2199195193815455,8.359999999999985,3.549285714285712,88.66975246528477,7.557926920989104,NVDA,1,0,0,0,1,0.27598611838958853,0.5,0.13799305919479427,5.615462326281195,"[{""name"": ""large_return"", ""value"": 1.6240377835176811, ""threshold"": 0.05, ""triggered"": true, ""z_score"": null}]",False
2026-04-28,-0.7394895922549717,-0.0157791446715328,0.0667100390351316,0.0847328244274809,16.650000000000006,1.1775163366290908,4260219.45,1269916.6415566702,32809252.0,-1.2249108778619886,3.3899999999999864,3.5049999999999977,81.61809659669862,8.030317742561806,NVDA,0,0,0,0,0,0.0,0.0,0.0,0.0,[],True
2026-04-29,-0.8205443273867036,-0.017988650746067,0.034235747455785,0.0528036208197133,10.5,1.071422752820608,4140042.75,1117599.231175556,28373516.0,-1.8292450467769188,3.8000000000000114,3.650714285714285,74.91684601839171,8.005777015958529,NVDA,0,0,0,0,0,0.0,0.0,0.0,0.0,[],True
2026-04-30,-2.039017374872082,-0.0479927749797913,-0.0007011217948719,0.0064561686674065,1.2800000000000011,1.5123760240710968,4242814.55,1228063.2754359045,21956785.0,-0.5190144431962099,9.810000000000002,4.013571428571426,59.72592988076169,7.112751922284076,NVDA,0,0,1,0,1,0.42271070842740516,0.5,0.21135535421370258,5.573654644655756,"[{""name"": ""volume_spike"", ""value"": 1.5123760240710968, ""threshold"": 1.5, ""triggered"": true, ""z_score"": null}, {""name"": ""large_return"", ""value"": -2.039017374872082, ""threshold"": 0.05, ""triggered"": true, ""z_score"": null}]",False
2026-05-01,-0.3151257021818067,-0.0057799271306804,-0.0470266115861275,-0.0162641939802647,-3.280000000000001,0.7344835128900227,4207543.05,1251484.8488016329,18866414.0,-0.4954352386581822,1.1500000000000057,4.050714285714284,58.067360253923454,6.240293493652672,NVDA,0,0,0,1,1,0.3091351301608938,0.5,0.1545675650804469,4.743023129497773,"[{""name"": ""large_return"", ""value"": -0.3151257021818067, ""threshold"": 0.05, ""triggered"": true, ""z_score"": null}]",False
2026-05-04,-0.0661435684147696,0.0008565311016164,-0.0830331578461254,-0.017613299030279,-3.5600000000000023,0.9597917565095698,4239460.25,1238703.427979214,22935413.0,-0.5134307630968876,0.1700000000000159,3.5442857142857145,52.0757758968158,5.499190240523774,NVDA,0,0,0,0,0,0.0,0.0,0.0,0.0,[],True
2026-05-05,-0.5427964745312286,-0.0104288901469811,-0.0781140042223786,-0.0166149534581122,-3.319999999999993,0.9481418206851704,4244636.1,1237518.4283303616,18910896.0,-0.4341078366608543,2.0600000000000023,3.523571428571429,47.61808230285831,4.691554469661838,NVDA,0,0,0,1,1,0.3027114692917435,0.5,0.15135573464587174,5.170292251070744,"[{""name"": ""large_return"", ""value"": -0.5427964745312286, ""threshold"": 0.05, ""triggered"": true, ""z_score"": null}]",False
2026-05-06,2.5262034273222422,0.0552878500455715,-0.0080248387867208,0.0259361723149886,5.25,1.4742651297935494,4340271.55,1327769.0774948872,25309607.0,0.5008934059319073,11.169999999999987,4.279285714285714,57.853446836922046,4.896380524175584,NVDA,1,0,0,0,1,0.4287082327011944,0.5,0.2143541163505972,4.20666560600865,"[{""name"": ""large_return"", ""value"": 2.5262034273222422, ""threshold"": 0.05, ""triggered"": true, ""z_score"": null}]",False
2026-05-07,0.7397903083423956,0.0185583648428915,0.0602385486619225,0.0594951923076922,11.879999999999995,1.0097488165257702,4412633.05,1290271.4226121665,29765258.0,0.5671295182600474,3.890000000000015,4.3135714285714295,58.18844179499918,5.31137095977266,NVDA,0,0,0,0,0,0.0,0.0,0.0,0.0,[],True
2026-05-08,0.6541067737155097,0.0171056494117144,0.0847824991178991,0.0337688538764531,7.030000000000001,0.958543513827996,4362510.35,1278138.7485081672,33946914.0,0.4922888826704537,3.6500000000000057,4.542142857142857,60.29249882056928,5.867145563619147,NVDA,0,0,0,0,0,0.0,0.0,0.0,0.0,[],True
2026-05-11,0.7517155654251247,0.0195101205247493,0.1052074939564866,0.0134386256580769,2.9099999999999966,0.9399745165809384,4405923.7,1253703.6540470188,38088370.0,0.5662030206331541,4.239999999999981,4.680714285714283,64.9778727300473,6.573953067332241,NVDA,0,0,0,0,0,0.0,0.0,0.0,0.0,[],True
2026-05-12,0.1549762431025796,0.0064951514876559,0.1240712468193383,0.0362655406990382,7.72999999999999,0.9257395072154,4384445.05,1255893.6454568044,42147224.0,0.19059328418778,1.4300000000000068,4.597142857142856,64.34120571783717,7.166876860072335,NVDA,0,0,1,0,1,0.38391230603658094,0.5,0.19195615301829047,4.64205929731426,"[{""name"": ""large_return"", ""value"": 0.1549762431025796, ""threshold"": 0.05, ""triggered"": true, ""z_score"": null}]",False
2026-05-13,0.8475004253016213,0.022517122247232,0.0878316559926808,0.0791019823262479,16.560000000000002,0.7294987303792647,4302387.2,1282048.9894067212,45285810.0,0.3138478518044768,5.030000000000001,4.760714285714286,69.6774193548387,7.950998044013176,NVDA,0,0,1,0,1,0.3037348768677695,0.5,0.15186743843388475,4.968790743614911,"[{""name"": ""large_return"", ""value"": 0.8475004253016213, ""threshold"": 0.05, ""triggered"": true, ""z_score"": null}]",False
2026-05-14,1.747978929903964,0.0427624769948504,0.1144828890149367,0.1816177207577429,36.24000000000001,1.0358412167144633,4359201.9,1264032.8915110452,49801251.0,0.8218926556475445,9.870000000000005,4.858571428571429,70.28815054395766,9.262078765972376,NVDA,1,0,0,0,1,0.27870403812530964,1.0,0.27870403812530964,6.153971077743864,"[{""name"": ""high_volatility"", ""value"": 0.8218926556475445, ""threshold"": 0.8, ""triggered"": true, ""z_score"": null}, {""name"": ""large_return"", ""value"": 1.747978929903964, ""threshold"": 0.05, ""triggered"": true, ""z_score"": null}]",False
2026-05-15,-2.0652478767792157,-0.0454441270399892,0.0469076715765997,0.1356671203185646,26.91500000000002,0.86830650309475,4346740.45,1268736.0173426408,46026948.0,1.818476741637886,10.474999999999994,5.009642857142858,56.24866329222216,9.348115471029018,NVDA,0,0,1,0,1,0.4246205531852053,1.0,0.4246205531852053,6.478425809962635,"[{""name"": ""high_volatility"", ""value"": 1.818476741637886, ""threshold"": 0.8, ""triggered"": true, ""z_score"": null}, {""name"": ""large_return"", ""value"": -2.0652478767792157, ""threshold"": 0.05, ""triggered"": true, ""z_score"": null}]",True
2026-05-18,-0.6765810991142315,-0.0132023228672866,0.0132148553201185,0.1198126510878323,23.789999999999992,0.9125927921171028,4428305.85,1187504.5887060913,41985708.0,1.8754204529988707,2.9550000000000125,4.978571428571432,56.59971305595408,9.073265419765391,NVDA,0,0,1,0,1,0.35310687031186816,0.5,0.17655343515593408,5.448271662882955,"[{""name"": ""high_volatility"", ""value"": 1.8754204529988707, ""threshold"": 0.8, ""triggered"": true, ""z_score"": null}, {""name"": ""large_return"", ""value"": -0.6765810991142315, ""threshold"": 0.05, ""triggered"": true, ""z_score"": null}]",False
2026-05-19,-0.4351639552788081,-0.0076976418196746,-0.0010639261137268,0.1228753180661579,24.14500000000001,0.9078207237874272,4469712.9,1157566.328964024,37928010.0,1.7690080480047814,1.704999999999984,4.828928571428572,58.35367206567562,8.618516628379183,NVDA,0,0,0,0,0,0.0,0.0,0.0,0.0,[],True
2026-05-20,0.4181442037290727,0.0127668494539171,-0.0107564959497145,0.0761303991910242,15.810000000000002,1.0706926148760507,4567937.55,1101714.2432437022,42818867.0,1.706640492598121,2.8349999999999795,4.3307142857142855,69.74270163285502,8.390169095203333,NVDA,0,0,0,1,1,0.28773343857773187,0.5,0.14386671928886594,5.196508071658406,"[{""name"": ""high_volatility"", ""value"": 1.706640492598121, ""threshold"": 0.8, ""triggered"": true, ""z_score"": null}, {""name"": ""large_return"", ""value"": 0.4181442037290727, ""threshold"": 0.05, ""triggered"": true, ""z_score"": null}]",False
2026-05-21,-0.8473755732622336,-0.0181063756761807,-0.0691746543387904,0.0373889204008319,7.909999999999997,1.323781895873004,4700849.15,1134175.957242512,36595968.0,1.7097076245520586,4.009999999999991,4.534999999999998,66.60103953378487,7.795763830234165,NVDA,0,0,0,0,0,0.0,0.0,0.0,0.0,[],True
2026-05-22,-0.8574050163128089,-0.0189973745271962,-0.0442289341115377,0.0006040611495747,0.1299999999999954,1.0546499952761732,4587911.65,985719.6973932676,31757327.0,1.320250727067997,4.129999999999996,4.81785714285714,62.43884358784285,6.911762396651682,NVDA,0,0,0,0,0,0.0,0.0,0.0,0.0,[],True
2026-05-26,-0.229918692294917,-0.0025806465934916,-0.0340229368113335,-0.0212576896787423,-4.664999999999992,1.0882902080761978,4535223.2,933652.2498784596,26821688.0,0.8061570717560869,0.5550000000000068,4.7103571428571405,63.86382591553568,6.09612865356965,NVDA,0,0,0,1,1,0.31137969255007847,0.5,0.15568984627503923,4.518829074875123,"[{""name"": ""high_volatility"", ""value"": 0.8061570717560869, ""threshold"": 0.8, ""triggered"": true, ""z_score"": null}, {""name"": ""large_return"", ""value"": -0.229918692294917, ""threshold"": 0.05, ""triggered"": true, ""z_score"": null}]",False
2026-05-27,-0.6046934381597264,-0.0103426605222231,-0.0365745881393189,-0.0375996015936255,-8.305000000000007,0.7375116755868951,4448438.05,966649.7980439244,23540913.0,0.7965610687998385,2.210000000000008,4.070357142857142,54.30376414846012,5.211331519775257,NVDA,0,0,0,0,0,0.0,0.0,0.0,0.0,[],True
2026-05-28,0.2292162032820638,0.0079420347407784,-0.0412117415428673,-0.0515249435615953,-11.639999999999986,1.086645959526222,4469488.85,970933.3823206148,28397665.0,0.744175031181606,1.6950000000000216,3.913571428571428,52.47307902901989,4.593939673984465,NVDA,0,1,0,0,1,0.29984882115572936,0.5,0.14992441057786468,4.4779133640009565,"[{""name"": ""large_return"", ""value"": 0.2292162032820638, ""threshold"": 0.05, ""triggered"": true, ""z_score"": null}]",False
2026-05-29,-0.7873712178658807,-0.014644441064596,-0.0378867271153232,-0.104440580201883,-24.625,1.322861043563317,4442492.3,920117.7680094198,22520865.0,-0.09110177164557,3.115000000000009,3.875357142857143,46.2630172334347,3.8093854965246408,NVDA,0,0,0,0,0,0.0,0.0,0.0,0.0,[],True
2026-06-01,2.673018044668041,0.0609268352886817,0.0421658772174236,-0.0039280086993187,-0.8850000000000193,1.4570852573671131,4624918.8,996451.3293262002,29259766.0,1.331701722070756,13.264999999999986,4.5200000000000005,53.92699115044248,4.209471135306529,NVDA,1,0,0,0,1,0.45797491659933187,0.5,0.22898745829966594,4.0131182987575205,"[{""name"": ""high_volatility"", ""value"": 1.331701722070756, ""threshold"": 0.8, ""triggered"": true, ""z_score"": null}, {""name"": ""large_return"", ""value"": 2.673018044668041, ""threshold"": 0.05, ""triggered"": true, ""z_score"": null}]",False
2026-06-02,-0.4528166573246991,-0.0071550256055497,0.0374095025257816,0.0021137845738701,0.4699999999999988,1.486493665527672,4776479.15,1129135.1811106172,22159560.0,1.4184185421182698,1.5999999999999943,4.532142857142857,51.52876280535855,4.347322035944131,NVDA,0,0,0,0,0,0.0,0.0,0.0,0.0,[],True
2026-06-03,-1.697033175415246,-0.0363776173927739,0.0107491473597554,-0.0262185864170952,-5.784999999999997,0.9853615234366496,4812348.45,1115300.1764613304,17417657.0,2.0443255635573614,7.9599999999999795,4.741428571428569,41.67670985236518,3.770796991874505,NVDA,0,0,1,0,1,0.4139152220590522,0.5,0.2069576110295261,5.150099326974155,"[{""name"": ""high_volatility"", ""value"": 2.0443255635573614, ""threshold"": 0.8, ""triggered"": true, ""z_score"": null}, {""name"": ""large_return"", ""value"": -1.697033175415246, ""threshold"": 0.05, ""triggered"": true, ""z_score"": null}]",False
2026-06-04,0.6143634768949927,0.0174398883814161,0.0203948289541231,-0.0216574190084124,-4.840000000000003,1.128775657013836,4761125.0,1060801.498708204,22791899.0,0.9073378830616332,3.7799999999999727,4.306428571428567,35.78537070824346,3.5776699973256427,NVDA,0,0,0,0,0,0.0,0.0,0.0,0.0,[],True
2026-06-05,-2.7154648814445697,-0.0635876378416981,-0.0283441074092491,-0.0651569690618307,-14.300000000000011,1.631191445176669,4941357.45,1288047.5467045135,14731599.0,2.27008915058184,13.47,4.520357142857138,34.09180690526978,2.311058591370568,NVDA,0,0,1,0,1,0.4101213836451807,1.0,0.4101213836451807,7.105095714188429,"[{""name"": ""volume_spike"", ""value"": 1.631191445176669, ""threshold"": 1.5, ""triggered"": true, ""z_score"": null}, {""name"": ""high_volatility"", ""value"": 2.27008915058184, ""threshold"": 0.8, ""triggered"": true, ""z_score"": null}, {""name"": ""large_return"", ""value"": -2.7154648814445697, ""threshold"": 0.05, ""triggered"": true, ""z_score"": null}]",True
2026-06-08,0.5968111487692992,0.016867229261709,-0.070225470100704,-0.0310207114330826,-6.680000000000007,0.7902318964862239,4926946.15,1298564.2903006463,18625029.0,2.136296851497917,3.490000000000009,4.558571428571424,39.274522093387645,1.5707669360909904,NVDA,0,1,0,0,1,0.33100471609051924,0.5,0.16550235804525962,5.112990735808384,"[{""name"": ""high_volatility"", ""value"": 2.136296851497917, ""threshold"": 0.8, ""triggered"": true, ""z_score"": null}, {""name"": ""large_return"", ""value"": 0.5968111487692992, ""threshold"": 0.05, ""triggered"": true, ""z_score"": null}]",False
2026-06-09,-0.1862793810559655,-0.0022069768589548,-0.065613499685845,-0.0306585655422865,-6.585000000000008,1.1217065043345846,5000317.8,1293292.3795142106,13016140.0,1.8669983295163648,0.4600000000000079,4.469642857142854,40.05593288054333,0.9361707168709188,NVDA,0,1,0,0,1,0.29879340354341094,0.5,0.14939670177170547,5.371270788860963,"[{""name"": ""high_volatility"", ""value"": 1.8669983295163648, ""threshold"": 0.8, ""triggered"": true, ""z_score"": null}, {""name"": ""large_return"", ""value"": -0.1862793810559655, ""threshold"": 0.05, ""triggered"": true, ""z_score"": null}]",False
2026-06-10,-1.599023986616346,-0.0381338880155314,-0.0672530950386298,-0.0572268611078442,-12.164999999999992,0.9738148556851072,5042918.55,1274545.3043171454,8105271.0,2.129943642415373,7.789999999999992,4.823571428571427,32.918702798756115,-0.1931131667558645,NVDA,0,0,0,0,0,0.0,0.0,0.0,0.0,[],True
2026-06-11,0.7975235385937669,0.0219615508430516,-0.0630259787778996,-0.0439165538806178,-9.409999999999997,1.0928349939037705,5168399.65,1198460.2325380591,13753479.0,2.006624260044908,4.450000000000017,4.855,39.25261144622628,-0.7206932674121163,NVDA,0,1,0,0,1,0.33254880743744014,0.5,0.16627440371872007,4.928370832208039,"[{""name"": ""high_volatility"", ""value"": 2.006624260044908, ""threshold"": 0.8, ""triggered"": true, ""z_score"": null}, {""name"": ""large_return"", ""value"": 0.7975235385937669, ""threshold"": 0.05, ""triggered"": true, ""z_score"": null}]",False
2026-06-12,-0.0306832700351005,0.0015120847697256,0.0,-0.0283441074092491,-5.985000000000014,0.7634131860703113,5138778.15,1222528.029518781,17676490.0,1.1626909173540398,0.3099999999999738,4.582142857142856,42.07326578332032,-1.1010971267022,NVDA,0,0,0,1,1,0.31450429281728765,0.5,0.15725214640864382,4.616966544704949,"[{""name"": ""high_volatility"", ""value"": 1.1626909173540398, ""threshold"": 0.8, ""triggered"": true, ""z_score"": null}]",False
2026-06-15,1.2900126698265575,0.034914831573753,0.0182114444550944,-0.0532929328936814,-11.95999999999998,0.8869749722466481,5179779.75,1187609.8101203018,22270825.0,1.1311800690692349,7.29000000000002,5.063214285714285,48.36001975029979,-0.8050477614542331,NVDA,0,0,0,0,0,0.0,0.0,0.0,0.0,[],True
2026-06-16,-1.0490763935309526,-0.0242490980421183,-0.0039865513928913,-0.0693384794901713,-15.449999999999989,0.7890853973670428,5182176.75,1185236.913936033,18181645.0,1.2029633906688912,5.090000000000003,5.26892857142857,46.47190401952148,-0.9699658056451028,NVDA,0,0,1,0,1,0.37445576442523676,0.5,0.18722788221261838,5.127734553311041,"[{""name"": ""high_volatility"", ""value"": 1.2029633906688912, ""threshold"": 0.8, ""triggered"": true, ""z_score"": null}, {""name"": ""large_return"", ""value"": -1.0490763935309526, ""threshold"": 0.05, ""triggered"": true, ""z_score"": null}]",False
2026-06-17,-0.6299840935348081,-0.0129591446425052,0.0214061174592086,-0.0472866052313135,-10.160000000000023,0.7160741087910812,5164188.95,1205753.1696413876,14483703.0,1.1873568681233884,2.670000000000016,5.338571428571427,43.59780572651857,-1.3011128111434118,NVDA,0,0,1,0,1,0.3712381958804357,0.5,0.18561909794021786,4.619949931150982,"[{""name"": ""high_volatility"", ""value"": 1.1873568681233884, ""threshold"": 0.8, ""triggered"": true, ""z_score"": null}, {""name"": ""large_return"", ""value"": -0.6299840935348081, ""threshold"": 0.05, ""triggered"": true, ""z_score"": null}]",False
2026-06-18,0.9635410985228516,0.0273699266438841,0.0269452308893878,-0.037778997438712,-8.259999999999991,0.7861984208887793,5120950.25,1231305.6081139753,18509786.0,1.362556383285101,5.680000000000007,5.521785714285713,49.49873876204644,-1.0926255611931597,NVDA,0,0,0,1,1,0.27764261875257384,0.5,0.13882130937628692,4.301033150813824,"[{""name"": ""high_volatility"", ""value"": 1.362556383285101, ""threshold"": 0.8, ""triggered"": true, ""z_score"": null}, {""name"": ""large_return"", ""value"": 0.9635410985228516, ""threshold"": 0.05, ""triggered"": true, ""z_score"": null}]",False
2026-06-22,-0.4572051291934921,-0.0085448165320919,0.0166691036701271,0.0166691036701271,3.420000000000016,1.126146592541479,5096792.05,1213153.516938544,12770051.0,1.2541404319672638,1.789999999999992,4.702142857142856,37.97660641045117,-1.0596212991387688,NVDA,0,0,1,0,1,0.35827203923023765,0.5,0.17913601961511882,4.457025935042012,"[{""name"": ""high_volatility"", ""value"": 1.2541404319672638, ""threshold"": 0.8, ""triggered"": true, ""z_score"": null}, {""name"": ""large_return"", ""value"": -0.4572051291934921, ""threshold"": 0.05, ""triggered"": true, ""z_score"": null}]",False
2026-06-23,-1.6860279218194745,-0.0417032974667116,-0.0583168596441683,-0.0411674494392791,-8.590000000000003,0.7847324023172064,5053127.65,1238387.5003671932,8804698.0,1.5608307136674748,8.52000000000001,5.196428571428571,34.36426116838487,-1.7013459223253165,NVDA,0,0,0,0,0,0.0,0.0,0.0,0.0,[],True
2026-06-24,-0.330673720373298,-0.0056640335880567,-0.0406519747311568,-0.0444764649375599,-9.259999999999993,0.652787999505003,4968515.05,1302965.044085317,5561311.0,1.5014627718242195,1.1299999999999957,4.70857142857143,37.9247572815534,-2.27487551687517,NVDA,0,0,0,0,0,0.0,0.0,0.0,0.0,[],True
2026-06-25,-0.7197566648526268,-0.0154499945289589,-0.043038593063019,-0.0225537647821965,-4.52000000000001,0.7796142170108474,4999354.7,1267738.9662275873,1663743.0,1.4754719407072123,3.050000000000012,4.656428571428576,32.55100475533058,-2.941602401301708,NVDA,0,0,0,0,0,0.0,0.0,0.0,0.0,[],True
2026-06-26,-0.8995065811371611,-0.0202141673758303,-0.0875083182812054,-0.0629210192326467,-12.890000000000017,0.8461509096404664,4966643.6,1279993.2852324415,-2538787.0,1.460584627140443,3.919999999999988,3.974285714285717,38.13803019410498,-3.743150787660937,NVDA,0,0,0,0,0,0.0,0.0,0.0,0.0,[],True
2026-06-29,0.538560663602024,0.0152501081558267,-0.0655352605589913,-0.0499585709411707,-10.25,0.7578364693465536,4856838.05,1291947.1795286122,1141902.0,1.4845740148582054,2.9499999999999886,3.9357142857142873,37.53176043557168,-4.093159913296688,NVDA,0,0,0,0,0,0.0,0.0,0.0,0.0,[],True
2026-06-30,0.9453896187535932,0.0253780873084359,-0.0006997550857199,-0.0589758072107691,-12.53,1.2009421878270807,4808637.8,1234751.7745203313,6916798.0,0.388836452470344,5.010000000000019,4.260714285714288,43.06789606035208,-3.9210797705520974,NVDA,0,0,0,0,0,0.0,0.0,0.0,0.0,[],True
2026-07-01,-0.565946952448615,-0.0120262098037601,-0.0070372976776917,-0.0474031923614794,-9.830000000000013,1.277076795303676,4757406.15,1153232.8311831274,841225.0,0.384953322862157,2.390000000000015,3.875000000000004,47.354838709677416,-3.932229746800033,NVDA,0,0,0,0,0,0.0,0.0,0.0,0.0,[],True
2026-07-02,-0.6893748918523663,-0.0154575198613804,-0.007044770023993,-0.0497801660967268,-10.189999999999998,1.221408107643447,4814323.7,1180203.552739594,-5039029.0,0.1054839826617062,3.030000000000001,3.773571428571432,40.2044293015332,-4.137863149879763,NVDA,0,0,0,0,0,0.0,0.0,0.0,0.0,[],True
2026-07-06,0.1484198560673102,0.0055370559308257,0.018857113090587,-0.070301359444814,-14.789999999999992,0.9510184784203868,4772550.8,1174112.032047983,-500245.0,-0.0454168598520061,1.0800000000000125,3.828571428571434,41.06343283582092,-4.16566295970145,NVDA,0,0,0,0,0,0.0,0.0,0.0,0.0,[],True
2026-07-07,0.2200013937213697,0.0070308013281769,0.0105171352349682,-0.0557073685219809,-11.620000000000005,1.03460966572238,4607904.95,883795.9099311265,4267138.0,-1.23157014492995,1.3799999999999957,3.406428571428575,33.75969804990565,-4.029886024835804,NVDA,0,0,0,0,0,0.0,0.0,0.0,0.0,[],True
2026-07-08,1.3709564867014752,0.0354116393633911,0.0207072475366376,0.0199930024491428,4.0,1.1693334175043355,4687283.3,887533.7153693766,9748135.0,-0.8281734819086453,7.099999999999994,3.550000000000004,46.68008048289738,-3.311201690968545,NVDA,0,1,0,0,1,0.27755048588745546,0.5,0.13877524294372773,3.5932962217940374,"[{""name"": ""large_return"", ""value"": 1.3709564867014752, ""threshold"": 0.05, ""triggered"": true, ""z_score"": null}]",False
2026-07-09,-0.329091671276288,-0.0067606860828352,0.0260959805608991,0.018875037699809,3.754999999999996,1.0466989513929617,4650207.2,862132.7944891277,4880768.0,-0.8221110482176257,1.375,3.4575000000000022,47.92893296147093,-2.8200820369019937,NVDA,0,0,0,0,0,0.0,0.0,0.0,0.0,[],True
2026-07-10,1.5503343248194368,0.0401083528298776,0.08472572104262,0.0770840777987647,15.100000000000025,1.5785600142932847,4782105.8,1078702.30687333,12429609.0,-0.7806712257588215,8.295000000000016,3.644285714285717,50.59780478243827,-1.7414545924121967,NVDA,1,0,0,0,1,0.27457652703110236,0.5,0.13728826351555118,4.218465321190744,"[{""name"": ""volume_spike"", ""value"": 1.5785600142932847, ""threshold"": 1.5, ""triggered"": true, ""z_score"": null}, {""name"": ""large_return"", ""value"": 1.5503343248194368, ""threshold"": 0.05, ""triggered"": true, ""z_score"": null}]",False
2026-07-13,-1.4529642945624064,-0.0362184468958179,0.0403650493379008,0.0599833307287598,11.515000000000017,0.8140847113155197,4690623.65,1078968.1437000325,8611044.0,-0.4465118764083589,7.5049999999999955,4.052500000000003,45.50101348374021,-1.475219932570809,NVDA,0,0,1,0,1,0.44228419033042116,0.5,0.22114209516521058,4.653392819478173,"[{""name"": ""large_return"", ""value"": -1.4529642945624064, ""threshold"": 0.05, ""triggered"": true, ""z_score"": null}]",False
2026-07-14,1.5469358889202312,0.0400029256072913,0.0752398842463319,0.0865483275189822,16.870000000000005,0.7852275243932505,4678143.45,1089704.4087860363,12284451.0,0.0865619812041138,8.304999999999978,4.037142857142858,60.36801132342533,-0.5873127781927963,NVDA,1,0,0,0,1,0.27871311569008955,0.5,0.13935655784504478,3.939172336518309,"[{""name"": ""large_return"", ""value"": 1.5469358889202312, ""threshold"": 0.05, ""triggered"": true, ""z_score"": null}]",False
2026-07-15,0.0722310280712329,0.0033467706649615,0.0413093546332141,0.0628720052018205,12.569999999999991,0.9053676900298396,4659347.85,1094457.6117948098,16502874.0,-0.3278823076943489,0.710000000000008,4.007142857142859,62.0855614973262,0.1716721749887426,NVDA,0,0,1,0,1,0.3502458139455871,0.5,0.17512290697279356,3.8318279740848533,"[{""name"": ""large_return"", ""value"": 0.0722310280712329, ""threshold"": 0.05, ""triggered"": true, ""z_score"": null}]",False
2026-07-16,-0.9461736873419504,-0.0240034383607895,0.0235082266459458,0.0502176774324187,9.920000000000016,0.866714367932406,4656689.85,1095978.6962112274,12466854.0,-0.3434690366045859,5.039999999999992,4.149285714285715,59.95868479944915,0.3623108457151431,NVDA,0,0,1,0,1,0.4093675612924308,0.5,0.2046837806462154,4.2876806747980085,"[{""name"": ""large_return"", ""value"": -0.9461736873419504, ""threshold"": 0.05, ""triggered"": true, ""z_score"": null}]",False
2026-07-17,-0.8756225028789385,-0.0227182782866538,-0.0388170055452864,0.0426199167137937,8.29000000000002,0.96995004359092,4699717.3,1073009.4200209454,7908363.0,-0.2491800221704907,4.659999999999997,4.202142857142858,59.20448750637431,0.1358048373587337,NVDA,0,0,0,0,0,0.0,0.0,0.0,0.0,[],True
2025-09-18,0.5270566862334332,0.0043885604854175,0.0071629533875752,0.0203999876737235,13.240000000000007,1.2239571935673026,1309205.1,305215.2176241508,489718.0,-1.181201720402379,2.8999999999999773,2.643571428571428,67.99513644960814,6.068711180188075,SPY,0,0,0,1,1,0.3282238486812766,0.5,0.1641119243406383,2.8737378142165064,"[{""name"": ""large_return"", ""value"": 0.5270566862334332, ""threshold"": 0.05, ""triggered"": true, ""z_score"": null}]",False
2025-09-19,0.0506728059819553,0.0019309102393988,0.0091325937022364,0.0252155372207285,16.319999999999936,1.4457830270644905,1370857.15,310571.14793965494,2471680.0,-1.31266775941327,1.2799999999999727,2.455714285714277,76.91972076788839,6.289769743420607,SPY,0,0,0,0,0,0.0,0.0,0.0,0.0,[],True
2025-09-22,0.6116214396511777,0.0048560205473903,0.0089581599455246,0.0277289682172694,17.99000000000001,1.2136210429904817,1376781.5,315310.4914759248,4142571.0,-2.3906708718749647,3.230000000000018,2.3557142857142788,89.97877501516082,6.648949304432676,SPY,0,0,0,0,0,0.0,0.0,0.0,0.0,[],True
2025-09-23,-1.3754668124873852,-0.0052780886875117,0.0050459897261831,0.0199920031987204,13.0,1.1427023823269389,1410843.3,301087.7204613994,2530397.0,-1.9982228330762024,3.509999999999991,2.3774999999999897,79.52531170196794,6.5745862903604575,SPY,0,0,0,0,0,0.0,0.0,0.0,0.0,[],True
2025-09-24,-0.9206355617635908,-0.0033073357792549,0.0025934239262315,0.0134758079352426,8.790000000000077,0.8815423995981854,1431903.9,272510.9410363471,1268113.0,-1.710508319293783,2.189999999999941,2.1471428571428453,70.04324683965424,6.266699754658589,SPY,0,0,1,0,1,0.3586143527847361,0.5,0.17930717639236804,3.339675410838129,"[{""name"": ""large_return"", ""value"": -0.9206355617635908, ""threshold"": 0.05, ""triggered"": true, ""z_score"": null}]",False
2025-09-25,-1.2055336224829074,-0.0049740029456602,-0.0067496149548516,0.0003649912554177,0.2400000000000091,0.9132238974126932,1448896.6,252961.08786455813,-55054.0,-1.3777278002170887,3.2800000000000864,2.2528571428571404,66.7564996829422,5.692410306406032,SPY,0,0,0,0,0,0.0,0.0,0.0,0.0,[],True
2025-09-26,0.9464535612188008,0.0060398875606322,-0.0026599752840823,0.0064483259446266,4.240000000000009,0.8516205500648997,1446771.1,254675.38877701937,1177046.0,-1.1952079237948263,3.9850000000000136,2.4260714285714307,69.12998675106726,5.495489396163634,SPY,0,0,0,1,1,0.308429457775236,0.5,0.154214728887618,3.0192971303994134,"[{""name"": ""large_return"", ""value"": 0.9464535612188008, ""threshold"": 0.05, ""triggered"": true, ""z_score"": null}]",False
2025-09-29,0.2986588228616761,0.0028292830612919,-0.0046792747124195,0.0042369675418021,2.7999999999999545,1.0724798932842614,1445934.8,254285.3699934276,2727782.0,-1.4270130447303615,1.875,2.454285714285715,69.48486612339927,5.428152621516119,SPY,0,0,0,0,0,0.0,0.0,0.0,0.0,[],True
2025-09-30,0.4478877041145447,0.0036248545003995,0.0042215722341163,0.0092888639704211,6.129999999999996,0.982454538794838,1461298.15,243127.80375658852,4163441.0,-1.8112956282725707,2.409999999999968,2.482142857142857,69.82733812949637,5.505787312358962,SPY,0,0,0,0,0,0.0,0.0,0.0,0.0,[],True
2025-10-01,0.4554376354817293,0.0037089946198008,0.0112922988488357,0.0139150084930841,9.174999999999956,0.9377394343500663,1466999.2,239509.60990402568,5539104.0,-1.7238408850542548,2.4750000000000227,2.282500000000003,67.18823345329369,5.70130409507226,SPY,0,0,0,0,0,0.0,0.0,0.0,0.0,[],True
2025-10-02,-0.1118865004932522,0.0009194990499718,0.0172699493759407,0.0104037689125116,6.889999999999986,0.8777588105236624,1454582.95,242753.8804302505,6815877.0,-1.8946842565587687,0.6150000000000091,2.325357142857148,67.83904162187066,5.838574462211568,SPY,0,0,0,0,0,0.0,0.0,0.0,0.0,[],True
2025-10-03,-0.2787026379404708,8.966197441684999e-05,0.0112349363454347,0.0085450764083552,5.670000000000073,0.9637946024601528,1449288.05,242803.70954776395,8212693.0,-1.871207677910118,0.0600000000000591,2.092857142857148,64.26621160409556,5.884372334332511,SPY,0,0,0,0,0,0.0,0.0,0.0,0.0,[],True
2025-10-06,0.4390729665852046,0.0035426780141123,0.0119566036314322,0.0072213806859937,4.815000000000055,0.8342401443035004,1451607.2,240148.4392420209,9423682.0,-1.728327734952661,2.375,2.196785714285714,68.94813851406289,6.042654173352162,SPY,0,0,0,0,0,0.0,0.0,0.0,0.0,[],True
2025-10-07,-1.070159534723496,-0.0036472844325589,0.0046242080293066,0.0088653016916442,5.879999999999996,0.9273159309481104,1466268.35,223791.8842814437,8063988.0,-1.4688012490227191,2.44500000000005,2.330714285714293,64.9862090101133,5.902759270323713,SPY,0,0,0,0,0,0.0,0.0,0.0,0.0,[],True
2025-10-08,0.9434280273271244,0.0058411729185396,0.0067685311913361,0.0181372623171522,11.989999999999895,0.7166838752128653,1449861.0,242667.4290260333,9103080.0,-1.3106028720460186,3.919999999999959,2.403571428571435,66.04754829123317,6.038593642363253,SPY,0,0,0,0,0,0.0,0.0,0.0,0.0,[],True
2025-10-09,-0.8858815574681365,-0.0027822223637989,0.0030486438018382,0.0203712431019018,13.400000000000093,0.749894308559269,1412839.1,242932.4295713992,8043600.0,-1.4252674573474875,1.8699999999998909,2.445714285714286,61.17114485981322,5.927026912281804,SPY,0,0,0,0,0,0.0,0.0,0.0,0.0,[],True
2025-10-10,-5.876624085910456,-0.0270540824971337,-0.0238116585227358,-0.0128442446450832,-8.5,1.5534905895131936,1433050.2,290853.81910064584,5817370.0,1.4537163962722055,17.915000000000077,3.494642857142862,36.20848237097599,4.342955805667884,SPY,0,0,0,0,0,0.0,0.0,0.0,0.0,[],True
2025-10-13,2.186431890263502,0.0148748507400581,-0.0126864060394439,-0.0008814887365327,-0.5849999999999227,0.9687364672227742,1440830.45,287484.7431105045,7213155.0,1.941669368446656,9.790000000000076,3.943214285714297,49.82338556290197,3.833350741446907,SPY,0,0,0,0,0,0.0,0.0,0.0,0.0,[],True
2025-10-14,-0.3168562595126672,-0.0012223464534661,-0.0102893265983202,-0.0057126985556855,-3.80499999999995,0.9686390202880776,1448491.1,284149.8698876123,5810090.0,1.824522483358092,0.8100000000000591,3.844642857142877,51.10078959591263,3.325787221143287,SPY,0,0,0,0,0,0.0,0.0,0.0,0.0,[],True
2025-10-15,0.4920285367433619,0.0042566560296258,-0.0118562981012092,-0.0051680166333848,-3.4549999999999272,0.9517711397523096,1439239.9,283516.05736181705,7179917.0,1.761793141550769,2.825000000000045,3.8121428571428737,56.829679595278286,3.115578910693216,SPY,0,0,0,0,0,0.0,0.0,0.0,0.0,[],True
2025-10-16,-1.102194745082702,-0.0064712452518309,-0.0154948673251986,-0.0124934618545916,-8.360000000000014,1.1476664535504348,1441857.95,285338.0207289651,5525145.0,1.7372782720125166,4.290000000000077,3.8339285714285927,49.08244061481136,2.573158394976417,SPY,0,0,0,0,0,0.0,0.0,0.0,0.0,[],True
2025-10-17,0.6647338730013598,0.0052977657508476,0.016876506830967,-0.0073370093094844,-4.910000000000082,0.8413827947105911,1401729.4,260758.85612560992,6704536.0,1.7110655797060803,3.509999999999991,3.950714285714306,50.58759717953352,2.3988613140589905,SPY,0,0,0,0,0,0.0,0.0,0.0,0.0,[],True
2025-10-20,1.4240941638972766,0.0104375858662989,0.0123743524390518,-0.000469039659909,-0.3150000000000545,0.7276985644075743,1367957.9,267709.9964307209,7699997.0,1.8172408124524368,6.970000000000027,4.276428571428596,54.35109403708034,2.7909777171685164,SPY,0,0,0,0,0,0.0,0.0,0.0,0.0,[],True
2025-10-21,-0.1700925776736827,-1.4897246244333114e-05,0.0135974813327193,0.0031682458080521,2.1200000000000045,0.7545877654356009,1337824.5,272646.872711996,6690491.0,1.6600646237487244,0.0099999999999909,4.100357142857165,52.37348663008449,3.06558768863988,SPY,0,0,0,0,0,0.0,0.0,0.0,0.0,[],True
2025-10-22,-0.9281837697590885,-0.0051378671436078,0.0041198051362241,-0.0077853386027989,-5.239999999999895,0.7676115737698412,1325587.1,281562.6791684501,5672955.0,1.6276859941332888,3.439999999999941,4.302142857142875,48.89589905362782,2.971386524537479,SPY,0,0,0,0,0,0.0,0.0,0.0,0.0,[],True
2025-10-23,0.6811375938482531,0.0055325692045339,0.0162457058974863,0.000499113514802,0.3349999999999227,0.8190617378639055,1313208.7,287062.8943772093,6748554.0,1.5416014710814414,3.7049999999999272,4.562500000000008,51.81213307240699,3.15927579454808,SPY,0,0,0,0,0,0.0,0.0,0.0,0.0,[],True
2025-10-24,1.0833125674926305,0.0082677271394236,0.0192684028300467,0.0364700929929968,23.825000000000045,0.8843190864454324,1309504.7,288638.1380778759,7906574.0,1.5408377027090354,5.5750000000000455,4.79107142857144,54.11106969809912,3.7152086893479455,SPY,0,0,0,0,0,0.0,0.0,0.0,0.0,[],True
2025-10-27,1.6098211637255426,0.0119136851373154,0.0207740551491948,0.0334054730682511,22.149999999999977,1.085808797723114,1302691.6,284218.704477157,9321048.0,1.6984653279354598,8.115000000000009,5.196071428571437,61.04886933809885,4.755780516449136,SPY,0,0,0,0,0,0.0,0.0,0.0,0.0,[],True
2025-10-28,0.1630874842540137,0.0025579655176833,0.0234037481750737,0.0373194615367193,24.715000000000032,1.0169984112701085,1296853.55,282537.91817261087,10639946.0,1.6258065123485692,1.7549999999999957,5.041428571428583,59.85406630773594,5.656846414987626,SPY,0,0,0,0,0,0.0,0.0,0.0,0.0,[],True
2025-10-29,-0.1449973463324396,0.0005020792735821,0.0291919978437302,0.0334320683226079,22.235000000000014,1.380197155427172,1319101.4,305644.0014689257,12460566.0,1.5597776210976697,0.3450000000000273,4.9325000000000205,61.67547606979939,6.325865607119226,SPY,0,0,0,0,0,0.0,0.0,0.0,0.0,[],True
2025-10-30,-1.7969800930209248,-0.0105528562385875,0.0127694426864226,0.0292225971942674,19.31000000000006,0.8893804001177302,1313680.85,307390.5353356272,11292204.0,1.7459580566840722,7.215000000000032,4.168214285714304,72.98432010967349,6.202380750730981,SPY,0,0,0,0,0,0.0,0.0,0.0,0.0,[],True
2025-10-31,0.2376884739698057,0.0028337989642081,0.0072810515433465,0.0266897486075567,17.730000000000018,1.0977402132324476,1316075.5,308257.5921307746,12736913.0,1.6837150678978696,1.92999999999995,3.606785714285723,68.7790870383205,6.18891106836702,SPY,0,0,0,0,0,0.0,0.0,0.0,0.0,[],True
2025-11-03,0.1056110565984033,0.0019627954155605,-0.0026925855388455,0.0180255336898713,12.100000000000025,0.7429242547346134,1303963.35,317232.493569866,13705659.0,1.613727911000352,1.3400000000000318,3.644642857142864,70.69083782459576,6.214723584254443,SPY,0,0,0,0,0,0.0,0.0,0.0,0.0,[],True
2025-11-04,-1.9589931006838184,-0.0118645958568286,-0.0169730847053002,0.0060334296695765,4.0499999999999545,1.2012280555528516,1314956.8,323022.30552175385,12126096.0,1.7805804726635357,8.06000000000006,4.018571428571436,59.0917170280838,5.521161041610526,SPY,0,0,0,0,0,0.0,0.0,0.0,0.0,[],True
2025-11-05,0.3220850771721996,0.0032229477927892,-0.0142947556797102,0.0144799496870413,9.66999999999996,0.8816835986966416,1321248.35,318561.0631923482,13291019.0,1.6803893373944787,2.180000000000064,3.8678571428571495,65.4201292705448,5.088755504876872,SPY,0,0,0,0,0,0.0,0.0,0.0,0.0,[],True
2025-11-06,-1.7349169076491138,-0.0107589352985976,-0.014497867960594,-0.0019135549681694,-1.2849999999999682,1.1892371278989775,1348456.05,318264.6760283306,11687385.0,1.7879884358176532,7.25,4.135000000000007,55.1304197616169,4.113637144132554,SPY,0,0,0,0,0,0.0,0.0,0.0,0.0,[],True
2025-11-07,0.0230858033050894,0.0010140476278294,-0.0162896060290603,-0.0091271599468322,-6.180000000000064,1.4221074141495118,1331845.95,275890.8454089604,13581413.0,0.491554180896466,0.67999999999995,3.6857142857142873,49.660852713178265,3.3570214809381014,SPY,0,0,0,0,0,0.0,0.0,0.0,0.0,[],True
2025-11-10,2.1386458592617217,0.0153675106671611,-0.0030144723941643,-0.0056989412082339,-3.9050000000000864,1.0777704677748818,1333940.8,276560.1402629697,15019095.0,0.512684993739845,10.389999999999986,4.427142857142859,58.10745401742494,3.554806685205336,SPY,0,0,0,0,0,0.0,0.0,0.0,0.0,[],True
2025-11-11,0.1736331351783984,0.0023310204733279,0.0112392826997971,-0.0059245673027934,-4.07000000000005,0.7198038764590727,1310969.6,289302.8799617231,15962736.0,0.4946608644889256,1.5900000000000318,4.295000000000008,62.53949775486438,3.796093592420904,SPY,0,0,0,0,0,0.0,0.0,0.0,0.0,[],True
2025-11-12,-0.0738406310999544,0.0006148351118133,0.0086052930670563,-0.0058124731745997,-3.995000000000005,0.9842633415710792,1306789.5,289011.52842631657,17248961.0,0.4758070964752212,0.4200000000000727,4.060357142857161,60.37470314011788,3.975379988758732,SPY,0,0,0,0,0,0.0,0.0,0.0,0.0,[],True
2025-11-13,-2.5383528368024377,-0.0166007693140112,0.0027303652423014,-0.0118070871930597,-8.029999999999973,1.2893444343235148,1308399.8,291134.3713645856,15561983.0,0.9361673006314828,11.25,4.4657142857143,45.97728726807425,3.1731071655048027,SPY,0,0,0,0,0,0.0,0.0,0.0,0.0,[],True
2025-11-14,-0.1507327009028377,-0.0002008921104521,0.0015128480295714,-0.0148014016978725,-10.095000000000027,1.0344951245343883,1317581.85,289744.0274633117,14198951.0,0.8794445022510674,0.1350000000001046,3.895714285714308,37.82544921158782,2.497615840556477,SPY,0,0,0,0,0,0.0,0.0,0.0,0.0,[],True
2025-11-17,-1.406657564598295,-0.0092924479358678,-0.0228823883401093,-0.0258278824063098,-17.649999999999977,1.0742130740258775,1339768.65,280625.5932716782,12759754.0,0.8246870352454323,6.214999999999918,4.21428571428573,31.991525423728888,1.4441384111461275,SPY,0,0,0,0,0,0.0,0.0,0.0,0.0,[],True
2025-11-18,-1.2489264560537918,-0.0083869318356387,-0.033299165324352,-0.0224341413573025,-15.149999999999975,1.6022853923632896,1401579.9,334942.68932270503,10514023.0,0.9185659374255184,5.560000000000059,4.586785714285733,28.85618624931871,0.1587741754412945,SPY,0,0,0,0,0,0.0,0.0,0.0,0.0,[],True
2025-11-19,0.4647520714612006,0.0038099891874497,-0.0302054674237547,-0.0218601012561071,-14.81000000000006,1.0333007896114907,1424289.05,322707.39262412366,11985742.0,0.9043143905287075,2.519999999999982,4.251428571428586,35.36626344086021,-0.6490613274664838,SPY,0,0,0,0,0,0.0,0.0,0.0,0.0,[],True
2025-11-20,-2.220007396232416,-0.0156036927541249,-0.0292380258008839,-0.0265874910479828,-17.82000000000005,2.090628527864667,1530493.8,501762.69138724153,8786048.0,1.1747147382673504,10.259999999999993,4.846428571428589,28.17980840088437,-2.0930457092035795,SPY,0,0,0,0,0,0.0,0.0,0.0,0.0,[],True
2025-11-21,1.3570045105787725,0.0102625998877671,-0.019027138041626,-0.0175430751803493,-11.769999999999982,1.0793514436107214,1556598.65,494898.781640541,10466165.0,1.2187707886534522,6.730000000000018,5.231428571428588,33.46531949754237,-2.6636540343913566,SPY,0,0,0,0,0,0.0,0.0,0.0,0.0,[],True
2025-11-24,1.899056051828706,0.0145638394256083,0.0046566123895932,-0.0183323303635641,-12.489999999999895,0.8285937848063367,1550094.9,497711.5279143445,11750564.0,1.310715650326073,9.670000000000073,5.346428571428589,45.66466265865072,-2.308960795898656,SPY,0,0,0,0,0,0.0,0.0,0.0,0.0,[],True
2025-11-25,1.1105457032820452,0.0091977252429425,0.0224793989335918,-0.0115683116122419,-7.899999999999977,0.5858707154900984,1528938.0,516688.2599683852,12646324.0,1.4034774025868788,6.17999999999995,5.632142857142867,48.42105263157895,-1.5117628364425857,SPY,0,0,0,0,0,0.0,0.0,0.0,0.0,[],True
2025-11-26,0.7690071427295271,0.006850555345028,0.025593046417577,-0.0053854709360183,-3.680000000000064,0.528387837851105,1476926.5,537710.066580054,13426714.0,1.431649476181382,4.639999999999986,5.445714285714295,56.16474291710386,-0.4998070239178105,SPY,0,0,0,0,0,0.0,0.0,0.0,0.0,[],True
2025-11-28,0.5829509641221764,0.0054585608755985,0.0474234388890593,0.0167988453583702,11.289999999999964,0.4804982101438403,1453426.85,561642.5749284319,14125083.0,1.2733010590836462,3.7200000000000273,5.662857142857157,57.84561049445007,0.5954837924354024,SPY,0,0,0,0,0,0.0,0.0,0.0,0.0,[],True
2025-12-01,-0.7018381783537206,-0.0045540792179307,0.0320185086854283,0.0123821500591576,8.32000000000005,0.706504356027556,1431768.95,570281.6585147777,13113532.0,1.249795051174049,3.105000000000018,5.142500000000017,49.26731022987711,1.199139175134519,SPY,0,0,0,0,0,0.0,0.0,0.0,0.0,[],True
2025-12-02,0.1137119581762523,0.0017404782996779,0.0188690529589425,0.0236135312143244,15.720000000000027,0.5417055115064948,1421842.65,580403.1431556656,13883752.0,1.2069444105225589,1.1850000000000591,5.113571428571447,48.98030451180339,1.752953059868787,SPY,0,0,0,0,0,0.0,0.0,0.0,0.0,[],True
2025-12-03,0.3389683974147638,0.0034718950824762,0.0130518518518518,0.0358246485700435,23.649999999999977,0.5842489694552768,1383273.3,594821.8449092748,14691928.0,0.9790337104893198,2.369999999999891,5.252857142857148,50.33315202610817,2.3559359831235724,SPY,0,0,0,0,0,0.0,0.0,0.0,0.0,[],True
2025-12-04,0.0171586265337157,0.0010012388425459,0.0071434877287976,0.0329193577594013,21.81500000000005,0.5347472799060311,1361428.15,611063.9271633036,15419948.0,0.9387594978346404,0.6850000000000591,4.498214285714296,59.865025803890376,2.8561541026750774,SPY,0,0,0,0,0,0.0,0.0,0.0,0.0,[],True
2025-12-05,0.1044367944914659,0.0016421982867517,0.0033071880121751,0.0508874651298243,33.200000000000045,0.679637570861631,1326317.2,616564.1720443172,16321363.0,0.7165959904623778,1.125,4.568928571428573,60.697256312045695,3.305257710840237,SPY,0,0,0,0,0,0.0,0.0,0.0,0.0,[],True
2025-12-08,-0.4618495767409792,-0.0028335664909626,0.005034876627147,0.0372145945535917,24.529999999999973,0.7399345125515263,1278932.1,606979.8831456136,15375037.0,0.714972554093402,1.9400000000000543,4.26357142857144,65.04439604623879,3.464694922811873,SPY,0,0,0,0,0,0.0,0.0,0.0,0.0,[],True
2025-12-09,-0.2113776937137074,-0.0009511894242492,0.0023332942005165,0.0212463742112973,14.209999999999924,0.8514826204965147,1260722.15,607429.5605117537,14301554.0,0.3541461222256451,0.6499999999999773,3.912857142857149,70.87440671778018,3.498274562700658,SPY,0,0,0,0,0,0.0,0.0,0.0,0.0,[],True
2025-12-10,0.7924373145177855,0.0066539475923227,0.0055278513037249,0.0186518518518519,12.590000000000032,1.2218442386815835,1292501.9,606593.3483697379,15880790.0,0.394971821184405,4.560000000000059,4.05857142857144,71.92009855684618,3.84847770434908,SPY,0,0,0,0,0,0.0,0.0,0.0,0.0,[],True
2025-12-11,0.2011639846544702,0.0022662240766595,0.0068006340440762,0.0139927020187158,9.509999999999993,0.9608555185803592,1290174.2,606708.0133681402,17120461.0,0.3818846752302213,1.5599999999999454,3.4371428571428657,88.1650041562759,4.203440533796197,SPY,0,0,0,0,0,0.0,0.0,0.0,0.0,[],True
2025-12-12,-1.4791289132042795,-0.0107225944366451,-0.0055715994282548,-0.0022828377429174,-1.5600000000000591,0.999801067773649,1269276.5,599475.9752956608,15851437.0,0.0913239627425668,7.350000000000023,3.48142857142858,73.23553549446032,3.8473180721516655,SPY,0,0,0,0,0,0.0,0.0,0.0,0.0,[],True
2025-12-15,-0.2682739122563279,-0.0015926433534206,-0.0043368242452608,0.0006762170068577,0.4600000000000364,0.9540301327128998,1261290.35,599225.0916860321,14648128.0,0.0815428324691774,1.0849999999999227,2.868214285714284,64.81135599551735,3.437907960354437,SPY,0,0,0,0,0,0.0,0.0,0.0,0.0,[],True
2025-12-16,-0.4050489118223986,-0.0027287956178624,-0.0061051491149729,-0.0037861000234797,-2.580000000000041,1.2548310265175555,1268946.15,602586.3769855362,13055815.0,-0.0956307856817054,1.8550000000000184,2.5592857142857173,55.38654758582196,2.929989405979313,SPY,0,0,0,0,0,0.0,0.0,0.0,0.0,[],True
2025-12-17,-1.43745237732582,-0.0110051544323719,-0.0235023778705334,-0.0181044442169608,-12.379999999999995,0.8715150836604834,1209358.3,558201.3708320204,12001841.0,-0.0229662229630852,7.430000000000064,2.758571428571437,39.370792335577406,1.905950773281006,SPY,0,0,0,0,0,0.0,0.0,0.0,0.0,[],True
2025-12-18,0.9235246213071586,0.0075448540138812,-0.0183341797866937,-0.011658229789845,-7.980000000000018,1.1168834018967204,1202950.1,555761.2585888879,13345396.0,0.0143310254141132,5.085000000000036,2.856071428571437,41.44054020257596,1.4875620921268364,SPY,0,0,0,0,0,0.0,0.0,0.0,0.0,[],True
2025-12-19,0.6890054508979888,0.005902591499908,-0.0018773833968905,-0.0074385227968846,-5.100000000000023,1.4176554343090102,1122533.7,316484.44842679054,14936762.0,-0.5580706682282822,4.004999999999996,2.92035714285715,50.32407973584443,1.4622995972951005,SPY,0,0,0,0,0,0.0,0.0,0.0,0.0,[],True
2025-12-22,0.6960284893844232,0.0061381791428977,0.0058688290988151,0.0015065527732274,1.0300000000000864,1.0062373222091576,1093546.2,287994.19208774494,16037129.0,-0.7017211472423633,4.190000000000055,3.135000000000008,53.72522214627476,1.760087675734212,SPY,0,0,0,0,0,0.0,0.0,0.0,0.0,[],True
2025-12-23,0.5100047130895917,0.0046626244661289,0.0133311728485989,0.0071446349355079,4.879999999999996,0.8473336225480287,1074864.7,287079.22834317887,16947898.0,-1.1186802031156369,3.199999999999932,3.194285714285724,54.5840787119857,2.2286100998589973,SPY,0,0,0,0,0,0.0,0.0,0.0,0.0,[],True
2025-12-24,0.3500456999458306,0.0034248099765872,0.0280595147669899,0.0038976715775389,2.67999999999995,0.481828917304872,1055505.35,311784.9537957157,17456471.0,-1.307511720241512,2.3600000000000136,3.3139285714285784,56.22373100549625,2.758550915342994,SPY,0,0,0,0,0,0.0,0.0,0.0,0.0,[],True
2025-12-26,-0.0801697854698542,-1.4487189702751558e-05,0.0203173617732053,0.0016106798229702,1.1100000000000136,0.45696820199682,1040254.0,332709.1275681464,16981108.0,-1.449774151979628,0.0099999999999909,3.2342857142857206,55.12367491166075,3.141512512484724,SPY,0,0,0,0,0,0.0,0.0,0.0,0.0,[],True
2025-12-29,-0.4850216421576504,-0.0033158381460192,0.0109548580497267,0.0090569081842184,6.175000000000068,0.942905186723496,1055077.45,323142.0149105812,15986270.0,-1.5234953738183086,2.284999999999968,3.258928571428572,54.706849315068574,3.2234737351742524,SPY,0,0,0,0,0,0.0,0.0,0.0,0.0,[],True
2025-12-30,-0.2514856038324718,-0.0015201053181496,0.0032422485431786,0.0091301058445898,6.214999999999918,0.998928695091604,1057308.7,322979.6766981008,14930094.0,-1.6535081892880583,1.0450000000000728,3.287142857142864,54.23728813559318,3.167591801553044,SPY,0,0,0,0,0,0.0,0.0,0.0,0.0,[],True
2025-12-31,-0.9871871685449632,-0.0074667013565368,-0.0088529022691921,0.0043602510090445,2.9600000000000364,1.1175303868422175,1079093.7,317239.34447371913,13724174.0,-1.5461871739112596,5.1099999999999,3.326428571428567,43.80502469400903,2.680076419923239,SPY,0,0,0,0,0,0.0,0.0,0.0,0.0,[],True
2026-01-02,0.2394346925321944,0.0022122120145235,-0.0100540368261693,0.0177233665460287,11.900000000000093,0.9616190135832584,1091148.35,310920.7085233465,14773443.0,-1.658031872218822,1.509999999999991,3.3228571428571416,43.74462596732595,2.3880335833765685,SPY,0,0,0,0,0,0.0,0.0,0.0,0.0,[],True
2026-01-05,0.752481832331005,0.006418413643753,-0.0036652855445773,0.0165776072962167,11.215000000000032,1.1007778579221088,1116180.7,300112.15994394553,16002110.0,-1.613523937100474,4.399999999999977,3.1121428571428527,56.80514115216901,2.483008186271604,SPY,0,0,0,0,0,0.0,0.0,0.0,0.0,[],True
2026-01-06,0.687756827641378,0.0059150323959868,0.0055743304625892,0.0165902545112559,11.289999999999964,1.319939541066169,1146794.95,308172.1583357467,17515810.0,-1.6069906353144203,4.079999999999927,3.3260714285714243,61.91345431117784,2.854592183568116,SPY,0,0,0,0,0,0.0,0.0,0.0,0.0,[],True
2026-01-07,-0.45478192480291,-0.0031416291357553,0.0039450890192596,0.0072001285215637,4.92999999999995,1.2551901392713567,1173101.95,312583.8137883509,16043344.0,-1.7260096072658688,2.169999999999959,3.3485714285714203,61.49744027303754,2.9400828688164893,SPY,0,0,0,0,0,0.0,0.0,0.0,0.0,[],True
2026-01-08,-0.1678750732086367,-0.0002900484401225,0.0111759701974127,0.0022241281562995,1.5300000000000864,1.280793210451108,1196020.55,321570.0581254204,14511489.0,-1.6742208855148748,0.1999999999999318,2.832142857142839,72.71122320302676,2.9576031165888708,SPY,0,0,0,0,0,0.0,0.0,0.0,0.0,[],True
2026-01-09,0.8464506550886389,0.0065994912242744,0.015622027424524,0.0054109261593289,3.7350000000000136,1.3515080068690286,1198015.1,324185.1457433244,16130616.0,-1.611344697326927,4.564999999999941,2.7949999999999755,72.34858165090745,3.301784471776955,SPY,0,0,0,0,0,0.0,0.0,0.0,0.0,[],True
2026-01-12,0.1267186211835578,0.0016988321018622,0.0108400098876011,0.0071349926114796,4.9249999999999545,1.144508967935352,1204987.5,326618.66442357755,17509735.0,-1.556540594500598,1.17999999999995,2.5932142857142577,70.19694256989413,3.627946109354184,SPY,0,0,0,0,0,0.0,0.0,0.0,0.0,[],True
2026-01-13,-0.4091872053255379,-0.0021239914529444,0.0027464188144143,0.008336058723064,5.735000000000014,1.245595411847552,1217352.75,333773.4935697797,15993406.0,-1.916712748190156,1.474999999999909,2.399285714285676,63.39684429889869,3.724477921024686,SPY,0,0,0,0,0,0.0,0.0,0.0,0.0,[],True
2026-01-14,-0.7560335116800156,-0.0044642608798145,0.0014210312626878,0.0053717263767778,3.690000000000055,1.3108449445680477,1238351.65,345836.62613638374,14370119.0,-1.750180421739476,3.090000000000032,2.3914285714285404,54.04719235364407,3.5111683384756134,SPY,0,0,0,0,0,0.0,0.0,0.0,0.0,[],True
2026-01-15,0.2265871648371757,0.0022562925395013,0.0039742399628681,0.0151946261476634,10.3599999999999,1.414186941052988,1246903.75,356985.4471086388,16133474.0,-1.7127801002788492,1.5599999999999454,2.334285714285678,52.92227662178701,3.428476576210983,SPY,0,0,0,0,0,0.0,0.0,0.0,0.0,[],True
2026-01-16,-0.2034935302720563,-0.0008672024593888,-0.0034942111368072,0.0120732296255103,8.25,1.0081795923320094,1257599.35,354093.6561131919,14865588.0,-2.164683154342381,0.599999999999909,2.3764285714285296,51.983769161406784,3.276755376987012,SPY,0,0,0,0,0,0.0,0.0,0.0,0.0,[],True
2026-01-20,-2.9970791350442965,-0.0203331477074792,-0.0252091169976337,-0.0146423741875445,-10.07000000000005,0.8999530449654023,1246511.7,354731.76341554866,13743786.0,-0.8178344593832118,13.920000000000073,3.2074999999999654,38.51464202204635,2.0101161995097527,SPY,0,0,0,0,0,0.0,0.0,0.0,0.0,[],True
2026-01-21,1.5042135610173444,0.0112693782525534,-0.0120655605368237,-0.0093522788048739,-6.469999999999914,1.7335241153439107,1277688.6,409767.394360623,15958690.0,-0.5603944793417387,7.680000000000064,3.681428571428536,48.45750873108272,1.6074773430872256,SPY,0,0,0,0,0,0.0,0.0,0.0,0.0,[],True
2026-01-22,0.6586968718419909,0.0052681486899061,-0.0024036373114012,-0.0009860216924771,-0.67999999999995,0.769970131546938,1271625.95,413409.810668284,16937804.0,-0.5661606977361372,3.620000000000005,3.574999999999972,57.132867132867176,1.562475648248096,SPY,0,0,0,0,0,0.0,0.0,0.0,0.0,[],True
2026-01-23,0.0042853861282815,0.0003482904777762,-0.0043052385217716,-0.0003481086098863,-0.2400000000000091,0.8629118248229184,1281373.1,406697.56779505097,18043516.0,-0.5974279208469693,0.2400000000000091,3.484285714285688,56.016810168101735,1.5285572189781078,SPY,0,0,0,0,0,0.0,0.0,0.0,0.0,[],True
2026-01-26,0.6938190270441,0.005144896674237,0.0016990080684808,-0.0018011397612409,-1.25,0.9374333122158512,1317707.6,364269.8212151908,19278779.0,-0.5395709582656991,3.55499999999995,3.4239285714285432,55.24147282778765,1.7681532391343353,SPY,0,0,0,0,0,0.0,0.0,0.0,0.0,[],True
2026-01-27,0.5274362025629339,0.0039977435408806,0.0263701561254907,0.0004962707768436,0.3450000000000273,0.9555114131535648,1358859.75,305916.7144945573,20577185.0,-0.484501013034346,2.7749999999999773,3.330714285714261,53.98884838087075,2.157088545648321,SPY,0,0,0,0,0,0.0,0.0,0.0,0.0,[],True
2026-01-28,-0.0583228614957322,-0.0002013056113547,0.0146642542387718,0.0024217612547028,1.67999999999995,0.6759537731896279,1354910.7,311325.129596916,19661328.0,-0.4997089084669442,0.1399999999999863,3.185714285714263,56.446188340807225,2.4260596428242707,SPY,0,0,0,0,0,0.0,0.0,0.0,0.0,[],True
2026-01-29,-0.3414786029841672,-0.0020513122991401,0.0072645726892708,0.0048434739799021,3.345000000000028,1.05371444543764,1374519.45,303778.1390215863,18212977.0,-0.4707593772903447,1.4249999999999543,3.2732142857142645,54.93726132024005,2.495469366904331,SPY,0,0,0,0,0,0.0,0.0,0.0,0.0,[],True
2026-01-30,-0.4796437366202881,-0.0031246304553291,0.0037724898432964,-0.0005489901470715,-0.3799999999999954,1.0054344271731044,1383788.9,301180.10502406204,16821668.0,-0.582358109984684,2.1650000000000773,3.101785714285703,47.461139896373,2.3487052548085785,SPY,0,0,0,0,0,0.0,0.0,0.0,0.0,[],True
2026-02-02,0.6917121206062126,0.0051759427544694,0.0038036535283036,0.0055091240348188,3.8099999999999454,1.2698135676524482,1421582.7,304401.88383176306,18626813.0,-0.5123476488874883,3.590000000000032,3.273928571428566,50.22362823170072,2.493335021630287,SPY,0,0,0,0,0,0.0,0.0,0.0,0.0,[],True
2026-02-03,-1.2927238505655227,-0.0086004176790135,-0.0087631015197043,0.017375970250568,11.774999999999975,1.2584602387809585,1451480.9,313680.9677873195,16800182.0,-0.3607282729039205,5.955000000000041,3.593928571428575,45.75176388750861,2.103192132141544,SPY,0,0,0,0,0,0.0,0.0,0.0,0.0,[],True
2026-02-04,-0.7250056977091187,-0.0048490318816788,-0.0133594098275787,0.0011089386290017,0.7599999999999909,1.250271798957832,1467536.9,325045.8257531826,14965362.0,-0.375038095747979,3.3349999999999227,3.611428571428568,45.53006329113926,1.507516738586105,SPY,0,0,0,0,0,0.0,0.0,0.0,0.0,[],True
2026-02-05,-1.863993843734637,-0.0127024017503448,-0.023812440108651,-0.0167208546214584,-11.519999999999982,1.0578243712309494,1471756.6,325660.3971169319,13408502.0,0.0184449135009054,8.659999999999968,4.1185714285714266,37.218175511619926,0.3328136041641301,SPY,0,0,0,0,0,0.0,0.0,0.0,0.0,[],True
2026-02-06,2.699546360839589,0.0194135438606669,-0.0015611448395489,0.0022054556006965,1.5199999999999818,1.2128426178963556,1485231.45,333752.90805947327,15209854.0,0.959292914328893,13.279999999999973,5.024285714285717,49.38868353710548,0.4680426173188152,SPY,0,0,0,0,0,0.0,0.0,0.0,0.0,[],True
2026-02-09,0.6106211753232422,0.0047374286996371,-0.0019988783272695,0.0017971721604319,1.2450000000000043,0.7137263247367944,1456243.05,346447.89581612166,16249213.0,0.8960234461586334,3.2799999999999727,4.26428571428571,63.68509212730323,0.830309877000559,SPY,0,0,0,0,0,0.0,0.0,0.0,0.0,[],True
2026-02-10,-0.4092429694985919,-0.0027270579842912,0.0038799886863882,-0.0049171135680703,-3.419999999999959,0.754313620205814,1441660.3,355875.013724304,15161749.0,0.88800968909435,1.8899999999999864,3.8507142857142753,56.27898349100352,0.9539060505176168,SPY,0,0,0,0,0,0.0,0.0,0.0,0.0,[],True
2026-02-11,-0.0911582192742466,-0.0004335510791074,0.0083224019822181,-0.0051481902241907,-3.580000000000041,0.7436629662710171,1418591.55,365600.9102286943,14106795.0,0.8632825531135305,0.3000000000000682,3.613571428571423,52.81676220596947,1.0159383112444402,SPY,0,0,0,0,0,0.0,0.0,0.0,0.0,[],True
2026-02-12,-2.2477885821751897,-0.0154700827391363,0.0055355455833727,-0.018408709372951,-12.774999999999975,1.1011019611129238,1415349.4,363974.02563693706,12548351.0,1.2882225619092635,10.61999999999989,4.354999999999985,43.43119567000163,0.2057819535660883,SPY,0,0,0,0,0,0.0,0.0,0.0,0.0,[],True
2026-02-13,0.0492761377161926,0.0006163780647157,-0.0131891359740561,-0.0147296906620409,-10.18999999999994,1.332010811604583,1421879.6,371637.2819075353,14442310.0,1.2533536680246555,0.4199999999999591,4.131071428571415,40.36483098469783,-0.3977967534874551,SPY,0,0,0,0,0,0.0,0.0,0.0,0.0,[],True
2026-02-17,0.1751797058939972,0.0016857601271471,-0.0161959654178674,-0.018162469980874,-12.629999999999995,0.6845307187710821,1406629.35,384330.2719104567,15405191.0,1.242951628813139,1.1499999999999773,4.014999999999986,38.64081124355095,-0.7744148658116501,SPY,0,0,0,0,0,0.0,0.0,0.0,0.0,[],True
2026-02-18,0.6207460515106203,0.0050111504112457,-0.0085535536258686,-0.0047067526307772,-3.244999999999891,1.1560559717939265,1433393.4,382082.90119118587,17062274.0,0.4358509162722648,3.430000000000064,4.249999999999992,42.26890756302525,-0.7870425621816821,SPY,0,0,0,0,0,0.0,0.0,0.0,0.0,[],True
2026-02-19,-0.4276946004610473,-0.0024586080036537,-0.0105592575996298,-0.0023247340037896,-1.5950000000000273,1.0085798217052635,1392890.25,334900.28702237754,15657433.0,0.1816682327215836,1.6850000000000591,4.268571428571428,42.08500669344039,-0.9223828648969176,SPY,0,0,0,0,0,0.0,0.0,0.0,0.0,[],True
2026-02-20,0.9316894170226832,0.0071837245638035,0.0121111584139521,0.0177137458667926,12.0,0.9397541739663292,1410196.45,321049.41359326,16982671.0,0.2565042176276229,4.935000000000059,4.46642857142857,48.11290580521358,-0.6242320152874754,SPY,0,0,0,0,0,0.0,0.0,0.0,0.0,[],True
2026-02-23,-1.6189939866317564,-0.0102783319592137,0.0011443494080192,-0.012059879545981,-8.330000000000041,1.08127026195752,1432348.65,314145.0689620747,15433915.0,0.5100293144885789,7.050000000000068,4.713571428571429,40.15002273071678,-0.9459174520289936,SPY,0,0,0,0,0,0.0,0.0,0.0,0.0,[],True
2026-02-24,1.037674943447602,0.0072713788433814,0.0067520065616029,-0.0095533141210374,-6.629999999999996,0.8971154318228279,1434951.35,312638.29006078903,16721232.0,0.5990288259483754,4.980000000000018,4.64392857142857,48.41190494501273,-0.7899055582849996,SPY,0,0,0,0,0,0.0,0.0,0.0,0.0,[],True
2026-02-25,1.204779178866865,0.0083015681722436,0.0100700972033984,0.0014304084610827,0.9900000000000092,0.5060403404123143,1405595.45,351307.3284971996,17432520.0,0.7578360652229225,5.730000000000018,4.815000000000006,55.19210799584631,-0.2015782277642301,SPY,0,0,0,0,0,0.0,0.0,0.0,0.0,[],True
2026-02-26,-0.8690590731088915,-0.0054686845105626,0.0070342802463094,-0.0035992541304692,-2.4899999999998954,0.763199978553513,1413751.35,341083.93294216,16353545.0,0.8562308180426133,3.7799999999999727,4.466428571428578,59.499440268671016,-0.0398792853018221,SPY,0,0,0,0,0,0.0,0.0,0.0,0.0,[],True
2026-02-27,-0.7108213876479806,-0.0045947677312103,-0.0047574843351126,0.0072960554324048,4.969999999999914,1.7921537060239263,1473358.0,437880.273303944,13713061.0,0.921451516703661,3.160000000000082,3.7435714285714425,45.64968517458497,-0.1648173869590437,SPY,0,0,0,0,0,0.0,0.0,0.0,0.0,[],True
2026-03-02,0.0165816209179383,0.0002768650155026,0.005803133105702,0.0069541233256553,4.740000000000009,1.473289136506904,1515425.55,468898.9036348289,15945721.0,0.9396086318515962,0.1900000000000545,3.5228571428571627,42.24452554744532,-0.245668408064148,SPY,0,0,0,0,0,0.0,0.0,0.0,0.0,[],True
2026-03-03,-1.342741182082429,-0.0088685238520154,-0.0103001294790288,-0.0036176694592536,-2.470000000000028,2.0948127888244623,1591905.5,619271.9011077698,12610977.0,1.0515425087612582,6.060000000000059,3.820714285714311,38.95120583286599,-0.78963238861013,SPY,0,0,0,0,0,0.0,0.0,0.0,0.0,[],True
2026-03-04,1.0610130382243426,0.0070894234323299,-0.011499062184389,-0.0015447616549353,-1.0600000000000591,1.5099268655378009,1623113.05,646836.4562233863,15061759.0,1.0701789619372537,4.840000000000032,4.145000000000023,44.24435636739625,-0.8207194686548291,SPY,0,0,0,0,0,0.0,0.0,0.0,0.0,[],True
2026-03-05,-0.8019684292874002,-0.0054517582441672,-0.0114823304125806,-0.0045288200962739,-3.1000000000000227,1.1404694592783142,1623976.85,647145.5159144962,13209663.0,1.1075304978891023,3.725000000000023,3.652500000000032,50.21022782829756,-1.1328735117821225,SPY,0,0,0,0,0,0.0,0.0,0.0,0.0,[],True
2026-03-06,-1.906200227651892,-0.0132439548689578,-0.0199953363646961,-0.0246576932002784,-17.0,1.0603143691137864,1632692.2,647367.7457612156,11478496.0,1.1500713580491142,8.964999999999918,4.262857142857172,42.317359249329854,-2.079685100992606,SPY,0,0,0,0,0,0.0,0.0,0.0,0.0,[],True
2026-03-09,1.2705191302678174,0.0086767797871758,-0.0117287098419175,-0.0059936400005862,-4.090000000000032,1.2288135064722356,1643609.05,652184.6610303811,13498185.0,0.3022947288366919,5.8599999999999,4.599285714285737,46.53672930579282,-2.330324550077762,SPY,0,0,0,0,0,0.0,0.0,0.0,0.0,[],True
2026-03-10,-0.2285497598465833,-0.0017263898402588,-0.0046450778344528,-0.0148973624103466,-10.240000000000007,0.8005763538412105,1658009.25,641228.177451503,12170822.0,0.2169609767939452,1.169999999999959,4.437857142857159,42.70883631096086,-2.593471417024034,SPY,0,0,0,0,0,0.0,0.0,0.0,0.0,[],True
2026-03-11,-0.1318755492469014,-0.0011673699302008,-0.0128296819581684,-0.0241812148319146,-16.75999999999999,0.5193482583242047,1646388.5,654089.1770751061,11315773.0,0.2237211833251531,0.7899999999999636,4.37392857142858,43.33306115783461,-2.833105327970202,SPY,0,0,0,0,0,0.0,0.0,0.0,0.0,[],True
2026-03-12,-2.1048868578320143,-0.0153311653841022,-0.0225343224660811,-0.0337579063424825,-23.27000000000009,1.0981440930721775,1686226.8,640289.6069227785,9464053.0,0.7700870193969666,10.290000000000076,4.756428571428581,32.437302898333044,-3.809421294347203,SPY,0,0,0,0,0,0.0,0.0,0.0,0.0,[],True
2026-03-13,-0.7287116523202507,-0.005646117306538,-0.0150794122895724,-0.0347732307333567,-23.860000000000014,1.1182866164983298,1703557.9,641339.0451100112,7558987.0,0.2771919910336442,3.75,4.520714285714291,34.128614315057675,-4.830074301687205,SPY,0,0,0,0,0,0.0,0.0,0.0,0.0,[],True
2026-03-16,1.4470551577154134,0.0100205905824878,-0.0137549756744802,-0.025322357397829,-17.379999999999995,1.237212109652443,1714947.65,646897.0680321215,9680741.0,0.6338418364357993,6.670000000000073,4.641428571428581,35.84179747614655,-5.042607862404338,SPY,0,0,0,0,0,0.0,0.0,0.0,0.0,[],True
2026-03-17,0.3902627786711165,0.0026572732323119,-0.0094221198292794,-0.0140234311837598,-9.539999999999964,0.6025006462473359,1718575.75,642646.6483092748,10716184.0,0.6433043541564089,1.7799999999999727,4.35928571428572,31.689333114861554,-5.00966284174217,SPY,0,0,0,0,0,0.0,0.0,0.0,0.0,[],True
2026-03-18,-1.895509686050747,-0.0138260389469799,-0.0218824851406098,-0.0344314217739699,-23.590000000000032,1.062943319476211,1727535.2,642993.2139756179,8879912.0,0.9454979727299172,9.210000000000036,4.747142857142868,29.10021065302436,-5.66146189573351,SPY,0,0,0,0,0,0.0,0.0,0.0,0.0,[],True
2026-03-19,-0.2946802065420632,-0.0025276044363303,-0.0092785826889872,-0.0316038185807265,-21.534999999999968,0.6350028823269221,1711637.9,655205.8345665847,7793017.0,0.934685606360673,1.669999999999959,4.640714285714288,29.76758503924892,-6.240831959165575,SPY,0,0,0,0,0,0.0,0.0,0.0,0.0,[],True
2026-03-20,-2.2818402014763737,-0.0174116830424246,-0.0208666767325984,-0.0356314318006067,-23.96000000000004,1.2216748903402403,1752420.4,655273.5686982716,5652129.0,1.2338737519758043,11.389999999999986,5.440714285714283,25.141131679138752,-7.532237770012216,SPY,0,0,0,0,0,0.0,0.0,0.0,0.0,[],True
2026-03-23,1.5115148440575297,0.0105687987636835,-0.0203297606768614,-0.0338051009877634,-22.92999999999995,1.2947427770085431,1790921.75,665223.582306286,7970912.0,1.4640961633057474,6.889999999999986,5.499999999999992,33.81818181818181,-7.908555852356244,SPY,0,0,0,0,0,0.0,0.0,0.0,0.0,[],True
2026-03-24,-0.3280847170446609,-0.0033166005473717,-0.02616474096161,-0.0353403334662472,-23.92999999999995,0.9627062227469332,1813866.95,654771.0183696182,6224691.0,1.1970416035950502,2.169999999999959,5.309285714285701,28.52145836136148,-8.286371377242858,SPY,0,0,0,0,0,0.0,0.0,0.0,0.0,[],True
2026-03-25,0.8186136988946165,0.0054048408593152,-0.0072557970795416,-0.028979507348375,-19.600000000000023,0.7466875970215927,1847269.2,611150.8492420889,7604024.0,1.0238048062566,3.539999999999964,5.296071428571411,33.36705104862092,-8.205555946572872,SPY,0,0,0,0,0,0.0,0.0,0.0,0.0,[],True
2026-03-26,-2.181761255670526,-0.0178673570649359,-0.0223680421901283,-0.0314390811500637,-20.93999999999994,0.4903568272283758,1838393.9,624048.2636371292,6702555.0,1.5001910841547177,11.629999999999995,5.48642857142856,32.20934774117947,-8.976477692383241,SPY,0,0,0,0,0,0.0,0.0,0.0,0.0,[],True
2026-03-27,-2.003390066831264,-0.0173088009609974,-0.0222674562052801,-0.0426694851275857,-28.25999999999999,0.9170816875296132,1788373.95,595828.7662426685,5062470.0,1.8674195876611768,11.07000000000005,5.858571428571428,23.01877590831505,-10.36125709217913,SPY,0,0,0,0,0,0.0,0.0,0.0,0.0,[],True
2026-03-30,-0.2268661506911015,-0.0031910047139246,-0.03562872880968,-0.0552341659566198,-36.950000000000045,1.0254268856412687,1767355.65,586675.430344696,3250176.0,1.7632112558476365,2.019999999999982,5.9192857142857145,22.782671654398456,-11.489260814615475,SPY,0,0,0,0,0,0.0,0.0,0.0,0.0,[],True
2026-03-31,3.6089440707742426,0.0282359220192079,-0.0047152480097979,-0.0307566157286619,-20.629999999999995,1.6203644840890554,1741730.35,522267.856435885,6072414.0,3.5995161504715782,18.100000000000023,7.15571428571429,36.91355559992014,-10.798218023765116,SPY,0,0,0,0,0,0.0,0.0,0.0,0.0,[],True
2026-04-01,0.9397139497919396,0.0077530458074611,-0.0023753692481043,-0.0096139311303927,-6.360000000000014,0.9096621099812546,1696346.35,496196.8727172157,7615516.0,3.269638450347924,5.059999999999945,6.782142857142852,44.27593470247498,-9.730099392486068,SPY,0,0,0,0,0,0.0,0.0,0.0,0.0,[],True
2026-04-02,0.1807012735210511,0.0008848613023388,0.0165088124505898,-0.0062284995529422,-4.110000000000014,0.8965244296473209,1679005.0,496527.6027311017,9120785.0,2.9823766732960943,0.5800000000000409,6.555714285714283,46.43713227282634,-8.736102181170736,SPY,0,0,0,0,0,0.0,0.0,0.0,0.0,[],True
2026-04-06,0.617014805343997,0.0047541441011156,0.0391852249069459,0.0160452134221564,10.404999999999973,0.7490048534079785,1654404.5,505906.9626376084,10359942.0,2.609776503370237,3.125,6.302499999999993,44.2851476171587,-7.608484967961772,SPY,0,0,0,0,0,0.0,0.0,0.0,0.0,[],True
2026-04-07,0.1361770457599435,0.0005234748225735,0.0430524350495238,0.0058898027068678,3.8600000000000136,1.1016676766166509,1643975.8,500097.1222122864,12171057.0,2.3116693465945723,0.3450000000000273,6.199999999999997,43.36405529953917,-6.610796439459364,SPY,0,0,0,0,0,0.0,0.0,0.0,0.0,[],True
2026-04-08,2.864470368055032,0.0251205887744995,0.039808035439611,0.0349050826699326,22.799999999999955,1.2748444493820883,1685014.2,506385.088348217,14319188.0,3.0766167963114377,16.769999999999982,6.739999999999993,57.66214497668506,-4.416017148587457,SPY,0,0,0,0,0,0.0,0.0,0.0,0.0,[],True
2026-04-09,0.6313036824755409,0.0057085273800491,0.0376843004975733,0.0352194171209305,23.129999999999995,0.8145725494566641,1711988.7,473123.5752631653,15713727.0,2.865091549563729,3.870000000000005,6.897142857142853,60.35625517812759,-2.3374177936470915,SPY,0,0,0,0,0,0.0,0.0,0.0,0.0,[],True
2026-04-10,-0.0452772106970969,-0.0007651447526807,0.0359735269000853,0.0530762195594549,34.24000000000001,0.5754341125047414,1667375.95,500527.8038198094,14754262.0,2.3785593584020748,0.5199999999999818,6.120714285714281,68.0126035710118,-0.7237297771706608,SPY,0,0,0,0,0,0.0,0.0,0.0,0.0,[],True
2026-04-13,1.0386957800786758,0.0097411690555525,0.0411528567200649,0.0819506655731501,51.96000000000004,0.8128258693227765,1638722.45,502603.55074902094,16086258.0,2.282676534701292,6.649999999999977,6.103571428571423,67.92276184903454,1.0792876690962885,SPY,0,0,0,0,0,0.0,0.0,0.0,0.0,[],True
2026-04-14,1.2519794709029488,0.0121129302744632,0.0532894437449751,0.0986361191101548,62.34000000000003,0.9771758281438636,1611364.05,489651.89676990506,17660844.0,2.217699614244576,8.360000000000014,6.5457142857142845,72.45744216499344,3.1465031877488627,SPY,0,0,0,0,0,0.0,0.0,0.0,0.0,[],True
2026-04-15,0.7732479061029756,0.0077325703952144,0.0351331360946745,0.0763397526610472,49.63,1.0136413726541451,1642855.2,470543.1986439323,19326110.0,2.154220837863837,5.389999999999986,6.677857142857143,73.00246015616642,5.1602304096247735,SPY,0,0,0,0,0,0.0,0.0,0.0,0.0,[],True
2026-04-16,0.2309268566407745,0.0025405357350292,0.0318590318737406,0.0707439177020055,46.35000000000002,0.8604614516463203,1620772.2,471351.28167826944,20720722.0,1.7955841498597462,1.7799999999999727,5.974285714285713,83.727881396461,6.821125179930505,SPY,0,0,0,0,0,0.0,0.0,0.0,0.0,[],True
2026-04-17,1.2024602211422446,0.0120858093765033,0.0452049753440788,0.0828046846407222,54.29999999999996,0.8053711423970753,1632151.85,460403.9303105452,22035210.0,1.7685505514014035,8.529999999999973,5.7928571428571365,96.86806411837242,8.725118231538545,SPY,0,0,0,0,0,0.0,0.0,0.0,0.0,[],True
2026-04-20,-0.2522878965799841,-0.0017901826678926,0.0332215743440231,0.0757415937530827,49.90499999999997,0.6232022139576298,1574158.4,465965.9189613718,21054191.0,1.2218111534974745,1.2699999999999818,5.739285714285708,97.7722464219042,10.016108591270722,SPY,0,0,0,0,0,0.0,0.0,0.0,0.0,[],True
2026-04-21,-0.7714872804215422,-0.0069087837625969,0.0137536724465694,0.0677760417456729,44.67999999999995,0.8407284053408228,1522207.4,435502.4468861587,19774428.0,1.2705311766202985,4.879999999999996,4.794999999999992,90.06405481900794,10.524136837884155,SPY,0,0,0,0,0,0.0,0.0,0.0,0.0,[],True
2026-04-22,1.032696625831258,0.010303177123089,0.0163629867809933,0.0520710059171598,35.200000000000045,0.7436390957727256,1490308.95,441553.0010261597,20882680.0,1.213996941477831,7.290000000000077,4.954285714285716,90.38350634371402,11.38376994462817,SPY,0,0,0,0,0,0.0,0.0,0.0,0.0,[],True
2026-04-23,-0.4538823183260397,-0.0039306620721866,0.0098071358316822,0.0419786135584743,28.539999999999964,0.9832089461752724,1494828.75,440819.2912133968,19412951.0,1.2455558814306948,2.7900000000000773,5.112142857142861,86.78217130082433,11.704977991853411,SPY,0,0,0,0,0,0.0,0.0,0.0,0.0,[],True
2026-04-24,0.7716090210842278,0.0078179225226228,0.0055065769089936,0.0509604769264737,34.620000000000005,0.7073224010556073,1502907.3,430738.1531447345,20475991.0,0.6297135138577481,5.560000000000059,5.286071428571437,87.21707992703193,12.266779419259478,SPY,0,0,0,0,0,0.0,0.0,0.0,0.0,[],True
2026-04-27,0.1216255057680614,0.0016723406515227,0.0089942013854598,0.0425145772594752,29.164999999999964,0.893960768631525,1487386.3,431127.58639276674,21805656.0,-0.0805250566311811,1.1949999999999363,5.346785714285716,87.36223365172663,12.66247251002767,SPY,0,0,0,0,0,0.0,0.0,0.0,0.0,[],True
2026-04-28,-0.5555561607524547,-0.0048849131195455,0.0110383429699818,0.0249438331701132,17.319999999999936,0.8404187594879097,1458039.8,427810.5366533672,20580292.0,-0.052335300534885,3.4850000000000136,4.397857142857147,78.97515023550423,12.550181085301574,SPY,0,0,0,0,0,0.0,0.0,0.0,0.0,[],True
2026-04-29,-0.0660648012457866,-0.0001264693278435,0.0005483689538807,0.0169203286888175,11.840000000000032,0.6536664282520412,1361423.75,303700.7542757688,19690375.0,-0.9278447429640324,0.0899999999999181,4.12785714285714,77.44419449731791,12.31200197948715,SPY,0,0,0,0,0,0.0,0.0,0.0,0.0,[],True
2026-04-30,0.938521478000334,0.0095385338586715,0.0141161191965104,0.0240616937265689,16.879999999999995,1.429328777047779,1383114.95,331573.178783948,21667301.0,-0.9204654581105932,6.819999999999936,4.577857142857137,80.47277266344203,12.529132287131231,SPY,0,0,0,0,0,0.0,0.0,0.0,0.0,[],True
2026-05-01,0.2217496968627965,0.0028910993798023,0.009132036360071,0.0146888995296172,10.430000000000064,1.0417749087885155,1379719.35,330602.6929363486,23104658.0,-0.9582206239668196,2.080000000000041,4.25142857142857,78.9734543010753,12.722392416628622,SPY,0,0,0,0,0,0.0,0.0,0.0,0.0,[],True
2026-05-04,-0.4310541210805083,-0.0033366267105272,0.0040899652527739,0.0131209526093767,9.300000000000068,0.7863466222174528,1371692.8,336098.0113971453,22026032.0,-0.861524672652527,2.3999999999999773,3.8257142857142816,72.15272591486188,12.537369527583904,SPY,0,0,0,0,0,0.0,0.0,0.0,0.0,[],True
2026-05-05,0.7106819459477968,0.0077958502747417,0.0169036645683453,0.0281285959852823,19.800000000000068,0.9577544444803648,1345573.5,320067.620951129,23314761.0,-0.8813412255012667,5.6200000000000045,3.8421428571428544,72.27179773192049,12.697851656935311,SPY,0,0,0,0,0,0.0,0.0,0.0,0.0,[],True
2026-05-06,1.4047487638291596,0.0138048683540856,0.0311696341994687,0.0317350956130482,22.569999999999936,1.3212597141715905,1325749.95,277144.3286950669,25066421.0,-1.5760211585545352,10.059999999999944,4.433571428571424,75.97067826647337,13.481387779282612,SPY,0,0,0,0,0,0.0,0.0,0.0,0.0,[],True
2026-05-07,-0.4259676971320871,-0.0030573967718542,0.0182625520246098,0.0326364675823322,23.120000000000005,0.94977654504664,1318643.85,277109.7497421085,23814004.0,-1.4330869333176526,2.240000000000009,3.984285714285712,69.24524919325927,13.762945849164112,SPY,0,0,0,0,0,0.0,0.0,0.0,0.0,[],True
2026-05-08,0.7667572141596543,0.0081820927921374,0.0236644505822425,0.0330125915654717,23.569999999999936,1.0637523414719454,1342051.1,264665.89098311105,25241614.0,-1.402678346317747,6.009999999999991,4.322857142857141,73.7524785194977,14.306127290248924,SPY,0,0,0,0,0,0.0,0.0,0.0,0.0,[],True
2026-05-11,0.1199396646116961,0.0022481962961524,0.029397429291593,0.0336076290086904,24.03500000000008,0.9944994819108371,1342191.75,264661.01361988025,26576423.0,-1.4313612297009222,1.660000000000082,4.092857142857148,80.79406631762656,14.701085658161446,SPY,0,0,0,0,0,0.0,0.0,0.0,0.0,[],True
2026-05-12,-0.2996507385355199,-0.0013672762877031,0.0200080142598555,0.0372498875899283,26.510000000000105,1.1330588200158287,1339340.0,262322.0920971208,25058872.0,-1.4987038510657595,1.009999999999991,3.644285714285713,76.45041160329285,14.762422434638095,SPY,0,0,0,0,0,0.0,0.0,0.0,0.0,[],True
2026-05-13,0.4533459724512297,0.00555223008373,0.0116248960846041,0.0431568740426369,30.709999999999923,0.8346854532243826,1310781.2,255986.47414074503,26152962.0,-1.4820766728165145,4.1099999999999,3.738571428571415,82.37485670615219,14.9701088272094,SPY,0,0,0,0,0,0.0,0.0,0.0,0.0,[],True
2026-05-14,0.6878514410236838,0.007783184754858,0.0226511557967548,0.0413273757325205,29.69000000000005,0.789611519788196,1292061.95,263122.7807872357,27173189.0,-1.387382190414526,5.800000000000068,3.755714285714273,82.4553062000762,15.42490461823013,SPY,0,0,0,0,0,0.0,0.0,0.0,0.0,[],True
2026-05-15,-1.4536949252702385,-0.0121034290875181,0.0021151395178566,0.025829643714694,18.610000000000014,1.0241169929569878,1292522.25,263172.1248798514,25849495.0,-1.1156437596317643,9.0,4.313214285714277,69.81866357539133,14.88749500016104,SPY,0,0,0,0,0,0.0,0.0,0.0,0.0,[],True
2026-05-18,-0.2403872782619663,-0.0009475466021987,-0.0010822510822511,0.0282833628096756,20.309999999999945,1.0428863713958834,1311878.3,253098.9420515014,24481355.0,-1.1149545374710426,0.7000000000000455,4.114285714285708,73.19444444444451,14.240949060076671,SPY,0,0,0,0,0,0.0,0.0,0.0,0.0,[],True
2026-05-19,-0.7875411924891227,-0.0062491712674607,-0.00594697842019,0.0139420486106311,10.089999999999918,1.3367300583241135,1337268.5,274291.1933825261,22693788.0,-1.1231446037490391,4.600000000000023,4.436428571428572,67.87956850748665,13.205154388385722,SPY,0,0,0,0,0,0.0,0.0,0.0,0.0,[],True
2026-05-20,0.9604390643037078,0.0101823794656951,-0.0013336925771251,0.0102756994698611,7.539999999999964,0.930567225800808,1344409.05,269838.2164858424,23944851.0,-1.108692463167251,7.509999999999991,4.48571428571429,68.23248407643308,12.842236575654852,SPY,0,0,0,0,0,0.0,0.0,0.0,0.0,[],True
2026-05-21,0.0623442750607062,0.0018867675844271,-0.0072049191284587,0.0152830369226142,11.180000000000064,1.0046577293444272,1338141.3,268225.14266624243,25289225.0,-1.1601581195340722,1.400000000000091,4.437142857142866,67.88473921442369,12.52322989530262,SPY,0,0,0,0,0,0.0,0.0,0.0,0.0,[],True
2026-05-22,0.2985318430718169,0.0039774841134108,0.0088891895548639,0.0110231309488297,8.129999999999995,0.8531818700622031,1342248.4,264392.5527252389,26434407.0,-1.1889940922935542,2.9599999999999227,4.477142857142861,72.00063816209308,12.36670637200325,SPY,0,0,0,0,0,0.0,0.0,0.0,0.0,[],True
2026-05-26,0.5446357692246001,0.0064032087669578,0.0163326110509209,0.0152326839826839,11.259999999999993,0.9509865334443584,1339455.35,264827.18179821846,27708211.0,-1.1316146850325377,4.790000000000077,4.4178571428571525,71.62489894907029,12.485251117315784,SPY,0,0,0,0,0,0.0,0.0,0.0,0.0,[],True
2026-05-27,-0.1465881184864356,0.000173212085307,0.0228808939765605,0.016797843373657,12.399999999999975,0.9867453285635596,1344522.2,263495.49742335017,29034912.0,-1.1994994594994433,0.1299999999999954,3.708571428571442,66.19799691833589,12.446216360881747,SPY,0,0,0,0,0,0.0,0.0,0.0,0.0,[],True
2026-05-28,0.4208897454973722,0.0054342544064325,0.0180356396109588,0.0166778930351609,12.379999999999995,0.8950754932323095,1360933.25,243125.2972381618,30253050.0,-1.174752542131715,4.089999999999918,3.840714285714293,71.52687372140592,12.600064157283782,SPY,0,0,0,0,0,0.0,0.0,0.0,0.0,[],True
2026-05-29,0.0463376649096825,0.00219719218518,0.0183517119737177,0.0110145702446198,8.240000000000009,1.2439299611588848,1345790.4,209900.8669196505,31927119.0,-1.233422216554963,1.660000000000082,3.530000000000013,69.02063941723998,12.709431357800668,SPY,0,0,0,0,0,0.0,0.0,0.0,0.0,[],True
2026-06-01,0.1181920560676974,0.0027726816374106,0.0171255381066692,0.0261669598159923,19.340000000000032,1.0745531154011398,1346253.6,210123.6705164486,33373740.0,-1.2019802670336202,2.1000000000000227,3.5614285714285807,69.29402326514236,12.817802453843228,SPY,0,0,0,0,0,0.0,0.0,0.0,0.0,[],True
2026-06-02,-0.0513871992293262,0.001357129418856,0.0120059696719345,0.0285346695557964,21.07000000000005,0.8621516335474043,1350540.85,205192.6333658392,34538111.0,-1.2372334731889458,1.0299999999999727,3.5628571428571507,71.33119486768237,12.83880200255078,SPY,0,0,0,0,0,0.0,0.0,0.0,0.0,[],True
2026-06-03,-1.0122706403616106,-0.006989755277158,0.004782904115429,0.0277732352139548,20.379999999999995,1.3802101816863823,1381438.15,239115.46913512924,32631436.0,-1.09304787563675,5.290000000000077,3.6471428571428777,61.63337250293765,12.286949204500502,SPY,0,0,0,0,0,0.0,0.0,0.0,0.0,[],True
2026-06-04,0.2111300745825107,0.0036925562255636,0.0030343986855356,0.0211247656176229,15.660000000000082,1.1279981846427354,1371190.15,226471.18729049305,34178136.0,-1.3482761804560284,2.7900000000000773,3.4321428571428783,59.22996878251816,11.937127790592172,SPY,0,0,0,0,0,0.0,0.0,0.0,0.0,[],True
2026-06-05,-3.0939944080222728,-0.0261253332277531,-0.0249755401010127,-0.0070821720456166,-5.259999999999991,1.951213271810712,1450035.75,394850.0079453053,31348807.0,-0.1964551549926179,19.519999999999985,4.183571428571448,48.59142905924537,9.96986454276555,SPY,0,0,0,0,0,0.0,0.0,0.0,0.0,[],True
2026-06-08,0.096801257577042,0.0024175783859073,-0.0253217129898212,-0.0086298228438852,-6.434999999999945,1.1673089004463193,1464108.6,399002.5338783014,33057874.0,-0.2834673723535708,1.7849999999999682,4.261071428571443,50.69985751403908,8.457337900818516,SPY,0,0,0,0,0,0.0,0.0,0.0,0.0,[],True
2026-06-09,-0.5023894007407593,-0.0029330003651447,-0.0294942525708717,-0.0178423900007994,-13.389999999999986,2.184844546349241,1568740.9,591337.0111585136,29630419.0,-0.279719425221197,2.164999999999964,4.087142857142867,52.85739252009794,7.003223433186804,SPY,0,0,0,0,0,0.0,0.0,0.0,0.0,[],True
2026-06-10,-1.8632075323157935,-0.0157115323010348,-0.0379219814898299,-0.0333204545757337,-25.00999999999999,1.4236954799950474,1607277.0,612557.8456704484,27342146.0,0.0149055388912476,11.490000000000007,4.371428571428583,37.148692810457625,4.867569950761094,SPY,0,0,0,0,0,0.0,0.0,0.0,0.0,[],True
2026-06-11,1.5984457363981526,0.0165252351003153,-0.0254963869109741,-0.0225393544283669,-17.00999999999999,1.825454489478176,1708513.15,686168.622537552,30460959.0,0.3223638495567903,12.089999999999918,5.134999999999999,46.49464459591036,4.103310727199528,SPY,0,0,0,0,0,0.0,0.0,0.0,0.0,[],True
2026-06-12,0.3887094913414439,0.0054078301785991,0.0057224218591089,-0.0193960388185208,-14.670000000000073,1.2653001295659918,1769445.8,675862.630356012,32699839.0,0.2709345364149982,4.0,5.209285714285719,47.25764431646785,3.77685907652085,SPY,0,0,0,0,0,0.0,0.0,0.0,0.0,[],True
2026-06-15,1.6424654557269236,0.0174821682827945,0.0209879131805177,-0.0048652497231159,-3.690000000000055,1.076946638448272,1800196.9,668464.884622883,34638555.0,0.4299144088820623,13.08000000000004,5.801428571428573,52.64097512927848,4.521469788080026,SPY,0,0,0,0,0,0.0,0.0,0.0,0.0,[],True
2026-06-16,-0.8020597221706723,-0.0055403275914076,0.0183293309997694,-0.0117055314890647,-8.889999999999986,0.9881890439107276,1821804.25,660703.3743751608,32838268.0,0.4609989696119335,4.169999999999959,6.089999999999999,49.994135585268594,4.720677954822008,SPY,0,0,0,0,0,0.0,0.0,0.0,0.0,[],True
2026-06-17,-1.609644781940648,-0.0128186255103857,0.0212795281016564,-0.0174494152589567,-13.159999999999968,1.375950421465756,1860418.05,680856.9880559953,30278425.0,0.5961673923689,9.56000000000006,6.480714285714295,42.47217017524527,4.060334746943909,SPY,0,0,0,0,0,0.0,0.0,0.0,0.0,[],True
2026-06-18,0.5876167563243573,0.0077028416110643,0.0123090270717258,-0.0135011955559666,-10.220000000000027,0.7975741604575626,1872539.35,671531.7666197167,31771914.0,0.5383110708632368,5.730000000000018,6.771428571428577,44.941983122362856,3.953794230834888,SPY,0,0,0,0,0,0.0,0.0,0.0,0.0,[],True
2026-06-22,-0.5835662643250425,-0.0033265848707695,0.0035056022220125,0.0092480846159059,6.819999999999936,0.8860368792145652,1889007.15,661866.8219505124,30098184.0,0.5373673545428697,2.480000000000018,6.798571428571433,42.556209287665446,3.627430074557651,SPY,0,0,0,0,0,0.0,0.0,0.0,0.0,[],True
2026-06-23,-1.7103632530580144,-0.0144126888412958,-0.0279960251738986,-0.0075956901391303,-5.615000000000009,0.9888634890747602,1927026.35,638310.8985252676,28192618.0,0.7121976768669342,10.649999999999975,7.48571428571429,37.66698473282442,2.48082077747938,SPY,0,0,0,0,0,0.0,0.0,0.0,0.0,[],True
2026-06-24,-0.2734098583200018,-0.0004090146893292,-0.0229955501079165,-0.0050877121575969,-3.75,0.7349664663562847,1934422.95,631160.1667513795,26770882.0,0.6422239636036406,0.2999999999999545,7.12928571428571,39.550145276024494,1.5302770743270455,SPY,0,0,0,0,0,0.0,0.0,0.0,0.0,[],True
2026-06-25,-0.2678490328363402,1.3636518597087516e-05,-0.010377587649456,0.0106811102841863,7.75,1.0148642654614992,1967947.9,614775.8046562393,28768082.0,0.6334391452357062,0.0099999999999909,6.930714285714275,37.818200556528886,0.7689077675914859,SPY,0,0,0,0,0,0.0,0.0,0.0,0.0,[],True
2026-06-26,-0.8695795197442593,-0.0054420786811992,-0.0233009708737863,-0.0112787560833433,-8.319999999999936,1.0274381418988778,2010314.7,589041.7753491105,26702608.0,0.5931481024276317,3.980000000000018,5.820714285714279,45.03006503865503,-0.1538620056924173,SPY,0,0,0,0,0,0.0,0.0,0.0,0.0,[],True
2026-06-29,1.621095795349933,0.0156579470404676,-0.004581670630282,-0.0010921299230115,-0.8099999999999454,0.8046530660068592,2007373.2,590953.0499891994,28317847.0,0.8958244509719124,11.509999999999993,6.515357142857137,50.890752617442296,0.0431002745631303,SPY,0,0,0,0,0,0.0,0.0,0.0,0.0,[],True
2026-06-30,0.6596365478812267,0.0077848609305876,0.0177612387884735,-0.0107320304736667,-8.100000000000023,0.7505730248037391,2010493.25,587993.9506059992,29826869.0,0.9688695015246124,5.789999999999964,6.774285714285709,55.05061155630533,0.6588046220617798,SPY,0,0,0,0,0,0.0,0.0,0.0,0.0,[],True
2026-07-01,-0.4042568428539296,-0.001320096820099,0.0168343969890361,-0.0065482693383783,-4.915000000000077,0.7619416352926129,2029596.4,564806.9233120291,28280435.0,0.9746908538951148,0.9850000000000136,6.0239285714285655,61.90786743344989,1.0551108245514342,SPY,0,0,0,0,0,0.0,0.0,0.0,0.0,[],True
2026-07-02,-0.364899465023423,-0.001080156425781,0.0157227987399941,0.005182046368519,3.840000000000032,0.9624717828374793,2032052.3,564350.9077357067,26324642.0,0.9425832419933904,0.80499999999995,5.21785714285714,54.92128678986999,1.289366557846165,SPY,0,0,0,0,0,0.0,0.0,0.0,0.0,[],True
2026-07-06,0.7484786468372435,0.0085688265338257,0.0300541578117501,0.0060528958821559,4.519999999999982,0.7491628367881847,2030786.8,565523.702044174,27846032.0,1.0120898743517333,6.409999999999968,5.389999999999994,56.36098595282271,1.969545647375185,SPY,0,0,0,0,0,0.0,0.0,0.0,0.0,[],True
2026-07-07,-0.7853167452360705,-0.0046696637314692,0.0093269983532651,0.0047025944885592,3.5,0.7322821612816969,1961125.2,547504.1762231112,26409935.0,0.3313281244293711,3.5,4.7057142857142775,44.7024893746205,2.200802248603168,SPY,0,0,0,0,0,0.0,0.0,0.0,0.0,[],True
2026-07-08,-0.6007010156911027,-0.0033354573637778,-0.0018348623853211,0.0158937869741828,11.659999999999968,0.6315698223309415,1936834.15,569606.8317180006,25186689.0,0.3799909549026219,2.490000000000009,4.585714285714281,45.87227414330212,2.1582733492961097,SPY,0,0,0,0,0,0.0,0.0,0.0,0.0,[],True
2026-07-09,0.8272543223013114,0.008377753883259,0.0078922840685831,0.0248595429007798,18.229999999999905,0.7965431934263025,1838691.25,457280.5048978922,26651286.0,0.4656395016822195,6.269999999999982,4.350714285714275,58.64390083730093,2.600528219077887,SPY,0,0,0,0,0,0.0,0.0,0.0,0.0,[],True
2026-07-10,0.3586138970254371,0.0045005353131906,0.0135327444083452,0.0294683157650716,21.610000000000014,0.7121749699046791,1787944.05,461063.35337422095,27924615.0,0.1283035548174014,3.3900000000001,4.183571428571424,56.99163394229133,3.1878159008832654,SPY,0,0,0,0,0,0.0,0.0,0.0,0.0,[],True
2026-07-13,-1.1220421275553554,-0.0077257426828213,-0.0028485098566427,0.0271200383903476,19.779999999999973,0.8855035556900777,1707608.05,341422.18674715335,26412522.0,-0.0536567603437669,5.810000000000059,4.42142857142857,53.92568659127626,3.148137407700688,SPY,0,0,0,0,0,0.0,0.0,0.0,0.0,[],True
2026-07-14,0.3158345132763913,0.0037440003230222,0.0055765810342753,0.014955592149664,11.08000000000004,0.6697717032492947,1650952.1,342635.69235143537,27518283.0,-0.0409508078431236,2.810000000000059,3.861428571428576,66.94413614502407,3.305333603552413,SPY,0,0,0,0,0,0.0,0.0,0.0,0.0,[],True
2026-07-15,0.3147221249459916,0.0037565335439091,0.0127334693001288,0.0108752427509541,8.120000000000005,0.8891494364909993,1626318.3,338544.0623055238,28964323.0,-0.4872982113702691,2.8299999999999272,4.042142857142859,68.95211168050885,3.6165803825981584,SPY,0,0,0,0,0,0.0,0.0,0.0,0.0,[],True
2026-07-16,-0.771676105829194,-0.0051805328263332,-0.0009047967533762,0.0069803464022049,5.205000000000041,1.0231149489153708,1619131.85,336173.9829884889,27307765.0,-0.4683167556721466,3.899999999999977,4.320000000000001,64.50066137566134,3.508108994299618,SPY,0,0,0,0,0,0.0,0.0,0.0,0.0,[],True
2026-07-17,-1.3725255095389923,-0.0101597099171455,-0.0154449360214057,-0.0021212039846414,-1.580000000000041,1.2629539817094684,1591648.65,271459.97767166834,25297586.0,-0.5573859876092041,7.590000000000032,4.5778571428571455,60.86753003588699,2.77767575281996,SPY,0,0,0,0,0,0.0,0.0,0.0,0.0,[],True
2025-09-18,-1.1832713965530215,-0.0212163887442601,0.1296868645790971,0.2305386569015415,78.065,0.8036829885357896,834832.9,458189.5443139455,7443744.0,1.6112126352103944,8.935000000000002,9.3425,77.05952062387706,22.22152045681917,TSLA,0,0,1,0,1,0.4218105471608567,0.5,0.21090527358042835,6.286062440721567,"[{""name"": ""high_volatility"", ""value"": 1.6112126352103944, ""threshold"": 0.8, ""triggered"": true, ""z_score"": null}, {""name"": ""large_return"", ""value"": -1.1832713965530215, ""threshold"": 0.05, ""triggered"": true, ""z_score"": null}]",False
2025-09-19,0.3654130380583841,0.0220970684510228,0.0757449494949495,0.2142836782395532,75.17500000000001,0.6831369709781374,846954.6,447381.6593522571,8022330.0,1.3123468876891968,9.310000000000002,9.147500000000004,85.97196736032481,23.8005644151686,TSLA,0,0,0,1,1,0.3000296326785076,0.5,0.1500148163392538,5.879190208404819,"[{""name"": ""high_volatility"", ""value"": 1.3123468876891968, ""threshold"": 0.8, ""triggered"": true, ""z_score"": null}, {""name"": ""large_return"", ""value"": 0.3654130380583841, ""threshold"": 0.05, ""triggered"": true, ""z_score"": null}]",False
2025-09-22,0.2427962112847603,0.0189164193067226,0.0583115964993541,0.2534792400531271,87.79000000000002,0.9789093384045452,852761.3,446381.1489754492,8857106.0,0.548828477110166,8.134999999999991,9.40357142857143,89.81010254462589,25.41542148321821,TSLA,0,0,0,1,1,0.29581163777420344,0.5,0.14790581888710172,6.549140091723054,"[{""name"": ""large_return"", ""value"": 0.2427962112847603, ""threshold"": 0.05, ""triggered"": true, ""z_score"": null}]",False
2025-09-23,-1.1391905496011223,-0.0196209010134641,0.0098447378097237,0.2265393148356238,78.625,0.7327612873559305,857489.35,443314.8845546619,8228771.0,0.8115263524399617,8.435000000000002,9.666071428571431,83.85368557177165,25.71811096407515,TSLA,0,0,1,0,1,0.35269704828221554,0.5,0.17634852414110777,6.616232093467276,"[{""name"": ""high_volatility"", ""value"": 0.8115263524399617, ""threshold"": 0.8, ""triggered"": true, ""z_score"": null}, {""name"": ""large_return"", ""value"": -1.1391905496011223, ""threshold"": 0.05, ""triggered"": true, ""z_score"": null}]",False
2025-09-24,1.0394596189274998,0.0395757255847032,0.0405526056106386,0.2732290708371665,95.04000000000002,0.904579514083918,870240.8,437089.1300733453,9015973.0,1.0336627399405696,17.185000000000002,10.568571428571431,85.23249526899161,27.033060147492108,TSLA,0,1,0,0,1,0.26483950110660204,0.5,0.13241975055330102,7.279939221708965,"[{""name"": ""high_volatility"", ""value"": 1.0336627399405696, ""threshold"": 0.8, ""triggered"": true, ""z_score"": null}, {""name"": ""large_return"", ""value"": 1.0394596189274998, ""threshold"": 0.05, ""triggered"": true, ""z_score"": null}]",False
2025-09-25,-2.003594785097005,-0.0451232142972257,0.0159712972629204,0.1477294293073063,54.48999999999995,1.017114352704564,895780.3,422878.0886003985,8104862.0,1.7675623465817505,19.54000000000002,11.092857142857149,73.34835801674177,26.1964754889442,TSLA,0,0,1,0,1,0.40476237348829114,0.5,0.20238118674414557,6.68237866999237,"[{""name"": ""high_volatility"", ""value"": 1.7675623465817505, ""threshold"": 0.8, ""triggered"": true, ""z_score"": null}, {""name"": ""large_return"", ""value"": -2.003594785097005, ""threshold"": 0.05, ""triggered"": true, ""z_score"": null}]",False
2025-09-26,1.0151628072990906,0.0395077661565004,0.0338149508797049,0.112121212121212,44.39999999999998,0.8209942105986275,911622.75,410321.2843090639,8853299.0,1.7327240697763588,17.060000000000002,11.991428571428576,78.01405766023349,26.60340801584892,TSLA,0,0,0,0,0,0.0,0.0,0.0,0.0,[],True
2025-09-29,-0.1502048178406318,0.0067550622621324,0.0213184990670998,0.0808732112820262,33.17500000000001,0.915496813198534,916938.2,408572.3869280244,9692753.0,1.0166164954032435,2.9850000000000136,12.152500000000003,78.30546330854908,26.857176713385684,TSLA,0,0,0,0,0,0.0,0.0,0.0,0.0,[],True
2025-09-30,-0.2812896146505976,0.0028714780806654,0.0445506759534408,0.0548340034871721,23.11500000000001,1.0694862269523528,932424.35,405274.3645670017,10689968.0,0.7976991652404652,1.275000000000034,12.188571428571436,78.36966713548992,26.851643052328825,TSLA,0,0,0,0,0,0.0,0.0,0.0,0.0,[],True
2025-10-01,0.7821163826671247,0.0326984113647185,0.0373916184971099,0.0794605516658051,33.81999999999999,0.9586889755007126,930576.05,405374.60983008327,11582101.0,0.8565825584554454,14.779999999999973,11.74357142857143,77.55002737059789,27.720337271702192,TSLA,0,0,0,0,0,0.0,0.0,0.0,0.0,[],True
2025-10-02,-2.19815590209424,-0.052423454300517,0.0298459866773752,0.0462939630656251,19.29000000000002,1.4672224788854176,967329.1,415069.8878015227,10162814.0,1.9483575997396625,23.46499999999997,11.480357142857144,62.43583761082595,26.213185024525217,TSLA,0,0,0,0,0,0.0,0.0,0.0,0.0,[],True
2025-10-03,-0.7803638160270926,-0.0141253279763942,-0.0239327883742052,0.0090728764422118,3.865000000000009,1.1517819509343747,942121.9,389854.3486029381,9077695.0,1.828884294312311,6.115000000000009,10.90214285714286,56.43713555657473,24.245835713779456,TSLA,0,0,0,0,0,0.0,0.0,0.0,0.0,[],True
2025-10-06,1.5231674280579035,0.0530284001407295,0.0222943942623228,0.0440881763527054,19.139999999999983,1.0580335380934702,945602.35,390059.2751574366,10078174.0,1.9617320489238343,23.409999999999968,11.764642857142857,59.63085516529552,24.295623738536733,TSLA,0,0,0,0,0,0.0,0.0,0.0,0.0,[],True
2025-10-07,-1.789665319841583,-0.0455424158216485,-0.0260198803580264,0.0173715923372366,7.394999999999982,1.024791153838649,966028.05,380567.8571158294,9088197.0,2.4665215960438758,20.180000000000007,12.915,52.06570433051268,22.44795767544298,TSLA,0,0,0,0,0,0.0,0.0,0.0,0.0,[],True
2025-10-08,0.1325690740155961,0.0126650769432667,-0.0453378025422253,-0.0096414378612715,-4.269999999999982,0.7155006259488566,963297.55,382437.15752367344,9777437.0,2.2164470466682427,5.520000000000039,12.671071428571432,56.17971194227571,21.1848807579143,TSLA,0,0,0,0,0,0.0,0.0,0.0,0.0,[],True
2025-10-09,-0.5188717902355476,-0.0074603302668527,-0.0014335684385572,0.0283696319742996,12.010000000000048,1.2055046391669648,978974.25,384685.30615691526,8597279.0,1.6613714971870197,3.259999999999991,12.238928571428572,52.72987247950042,19.693810457766062,TSLA,0,0,0,0,0,0.0,0.0,0.0,0.0,[],True
2025-10-10,-1.9024973045702704,-0.0515411595743406,-0.0381054296747778,-0.0611262488646684,-26.91999999999996,1.847239576342993,971951.35,367180.10765667295,6801852.0,1.3146152628692036,21.870000000000005,13.220000000000002,44.4213313161876,16.556546713116973,TSLA,0,0,0,0,0,0.0,0.0,0.0,0.0,[],True
2025-10-13,1.4952970984837894,0.0527807722393898,-0.0383435921194872,-0.01690404501731,-7.495000000000003,1.3479508291274829,938405.15,298754.66689105786,8066776.0,1.5401569335174072,22.409999999999968,14.218214285714286,52.56085001632715,15.697590255478929,TSLA,0,0,0,0,0,0.0,0.0,0.0,0.0,[],True
2025-10-14,-0.7215535348116694,-0.0155135065913264,-0.0090281465746149,-0.0348131156389152,-15.480000000000018,1.3756022320686778,966529.4,308106.3808434731,6737216.0,1.4203732080542495,6.70999999999998,13.47,46.36758935199916,14.310458099147354,TSLA,0,0,0,0,0,0.0,0.0,0.0,0.0,[],True
2025-10-15,0.2085707514174351,0.013906305988212,-0.0077973598413169,-0.0527816472227059,-24.25,1.052731021324107,983907.55,301309.95575730846,7773006.0,1.3819120467782195,6.009999999999991,12.503571428571425,53.38474721508141,13.540021702031195,TSLA,0,0,0,0,0,0.0,0.0,0.0,0.0,[],True
2025-10-16,-0.7102395722615732,-0.0151419822117945,-0.015389916159412,-0.0168014220998911,-7.325000000000045,0.8391535428953204,991981.75,294570.26208161114,6940581.0,1.2927554661755172,6.5400000000000205,11.752142857142855,46.42922263417006,12.260391798854355,TSLA,0,0,0,0,0,0.0,0.0,0.0,0.0,[],True
2025-10-17,0.5697270769286181,0.0245645790852511,0.062469768791719,0.0219839017354486,9.449999999999989,0.8379555351366097,1005166.7,280666.25239786727,7782866.0,1.2697143580650174,10.660000000000023,12.30035714285714,48.81681716558753,11.96848356361494,TSLA,0,0,0,0,0,0.0,0.0,0.0,0.0,[],True
2025-10-20,0.3585406129507292,0.0183818340349142,0.0265433939755441,-0.0128179672160081,-5.810000000000002,1.2777097514966806,1029177.4,285815.9668989087,9097856.0,1.2278591779155603,8.149999999999977,12.791428571428566,50.78177350904623,12.2535300053662,TSLA,0,0,0,0,0,0.0,0.0,0.0,0.0,[],True
2025-10-21,-0.6031361147066506,-0.0110788894848627,0.0311058297217949,0.0217968551571265,9.439999999999998,1.02436975525074,1051623.2,269862.02462693333,8020605.0,1.143684292244861,4.930000000000007,12.08785714285714,45.00384092654966,11.943939268785355,TSLA,0,0,0,0,0,0.0,0.0,0.0,0.0,[],True
2025-10-22,-0.5006248269726377,-0.0081910946374688,0.008570969002045,0.0007067782312304,0.3100000000000023,0.8065514559552083,1054800.65,266943.1124428213,7169854.0,0.8703519135029658,3.609999999999957,10.669642857142852,50.985774058577405,11.277291947888273,TSLA,0,0,0,0,0,0.0,0.0,0.0,0.0,[],True
2025-10-23,0.5307747520203415,0.0227279950865669,0.0474979587075703,0.0313770529459054,13.659999999999968,1.4965923909603378,1090874.85,293892.7944170114,8802449.0,0.5623829695007155,10.089999999999977,10.953571428571422,56.24388653407238,11.431374053192428,TSLA,0,0,0,0,0,0.0,0.0,0.0,0.0,[],True
2025-10-24,-1.3718476262190542,-0.0347612829992292,-0.0128383146297602,0.0488294476153623,20.19,0.970894375352352,1107201.8,282725.8504729314,7727473.0,0.5130888199320045,15.339999999999977,10.377142857142852,43.25440528634362,10.198117878679229,TSLA,0,0,0,0,0,0.0,0.0,0.0,0.0,[],True
2025-10-27,1.2062386711747437,0.0421281257329131,0.0108836544048629,0.0377159375071691,16.439999999999998,1.943623759945239,1179892.45,380313.4016685211,10020740.0,0.8236970513089477,18.659999999999968,10.26857142857142,56.69170840289373,10.604220672109877,TSLA,0,0,0,0,0,0.0,0.0,0.0,0.0,[],True
2025-10-28,0.366259228976191,0.0181179854437356,0.0408333898266786,0.0732093760193859,31.420000000000016,1.2569841691474894,1205816.3,384849.71457428107,11536432.0,0.856615093802856,8.270000000000039,10.464999999999993,57.5046071940482,11.46126165645461,TSLA,0,0,0,0,0,0.0,0.0,0.0,0.0,[],True
2025-10-29,-0.1870784329791529,0.0016486619205723,0.051125489838695,0.0601346538293618,26.170000000000016,0.5220996723615261,1192335.55,400807.20099522825,12158950.0,0.6618135787268965,0.7599999999999909,10.286428571428562,59.03062287341157,12.06274662531206,TSLA,0,0,0,0,0,0.0,0.0,0.0,0.0,[],True
2025-10-30,-1.779704440312601,-0.0472675680551622,-0.0199327409189105,0.0266184532835647,11.410000000000023,0.6888425777354753,1161371.3,406235.9175379568,11358948.0,0.5637632523859055,21.30000000000001,10.245714285714277,59.26519799219186,10.697383035382018,TSLA,0,0,0,0,0,0.0,0.0,0.0,0.0,[],True
2025-10-31,1.0199674621939163,0.0366995243481379,0.0526667742753705,0.0391523070269286,17.19999999999999,1.4417207750232928,1193122.85,424374.5116751276,13079098.0,0.7344277674900914,16.44999999999999,9.819999999999991,57.49927262147222,10.81799694030434,TSLA,0,0,0,0,0,0.0,0.0,0.0,0.0,[],True
2025-11-03,0.6177759369116097,0.0253490225854972,0.035151327570579,0.0464175568765923,20.77000000000004,0.820101278050115,1191975.95,424953.1472963849,14056639.0,0.3229657501164586,11.720000000000027,10.17785714285714,63.70271598006879,11.7241417724764,TSLA,0,0,0,0,0,0.0,0.0,0.0,0.0,[],True
2025-11-04,-1.936140246458269,-0.0532026356037636,-0.0361050803300043,0.0032540166768355,1.4400000000000546,0.7913443810676872,1189544.05,426306.9929607164,13115300.0,0.4597170560298615,24.25999999999999,11.481428571428568,52.73111857658331,10.365205196286752,TSLA,0,0,0,0,0,0.0,0.0,0.0,0.0,[],True
2025-11-05,1.1232276761022946,0.040240705258414,0.0018207040055486,0.0530392782283786,23.279999999999973,0.8308800054765024,1205148.75,412518.8442221861,14116634.0,0.7153039681686563,18.22999999999996,12.316428571428563,59.72858551296179,10.636634315268791,TSLA,0,0,0,0,0,0.0,0.0,0.0,0.0,[],True
2025-11-06,-1.341396744326435,-0.035914199546238,0.0132595555151568,-0.006937484688537,-3.115000000000009,1.2590238116047163,1223138.9,419163.6996608345,12576673.0,0.9469503947417072,16.305000000000007,12.719642857142848,51.8489400533483,9.427393490365604,TSLA,0,0,0,0,0,0.0,0.0,0.0,0.0,[],True
2025-11-07,-1.3635738731459952,-0.0377179014298073,-0.059407241900506,-0.0098692554246316,-4.28000000000003,1.2024007845328184,1205864.15,401065.6224169068,11126741.0,0.7109172668107722,16.504999999999995,13.316428571428563,45.153676983318135,7.055909727374569,TSLA,0,0,0,0,0,0.0,0.0,0.0,0.0,[],True
2025-11-10,0.999144730126215,0.0361804840998066,-0.0491638724558444,-0.0157407202705989,-7.1200000000000045,1.0026363706760364,1202922.65,400825.3310826338,12332835.0,0.414885446903391,15.819999999999991,14.094285714285704,50.67909993918508,6.379494702497027,TSLA,0,0,0,0,0,0.0,0.0,0.0,0.0,[],True
2025-11-11,-0.5865230234893388,-0.0129766255542532,-0.0101358199878369,-0.04587494572297,-21.129999999999995,0.7653487594907487,1181663.9,405008.576630032,11428450.0,0.3953967723547482,5.739999999999952,14.246428571428565,50.137879167711205,5.318947378704081,TSLA,0,0,0,0,0,0.0,0.0,0.0,0.0,[],True
2025-11-12,-0.8093555593844814,-0.0203318136418653,-0.0683145824318476,-0.0666182590601699,-30.735000000000014,0.4987675318093123,1158772.3,426078.08202847454,10850492.0,0.4430535946977442,8.845000000000027,14.157499999999995,45.36212507252592,3.721835402755687,TSLA,0,0,0,0,0,0.0,0.0,0.0,0.0,[],True
2025-11-13,-2.277291232064752,-0.0689348180196918,-0.0985770192534116,-0.0866245511975639,-38.120000000000005,1.37156992253822,1199404.4,432025.14130903897,9205425.0,1.1993469232409268,28.685,15.110714285714282,42.50059087686125,0.1398606591750422,TSLA,0,0,1,0,1,0.3698329293367927,0.5,0.18491646466839634,8.095066565203096,"[{""name"": ""high_volatility"", ""value"": 1.1993469232409268, ""threshold"": 0.8, ""triggered"": true, ""z_score"": null}, {""name"": ""large_return"", ""value"": -2.277291232064752, ""threshold"": 0.05, ""triggered"": true, ""z_score"": null}]",False
2025-11-14,0.0549424596057179,0.0059038198916528,-0.0583851510282027,-0.1143238921381788,-52.19,0.9800915841119384,1216925.05,423807.3034165507,10398123.0,1.03801371518529,2.3799999999999955,13.947857142857142,37.70676499206228,-2.478266113250527,TSLA,0,0,0,0,0,0.0,0.0,0.0,0.0,[],True
2025-11-17,0.220994578970251,0.0115574109628648,-0.0812874823117181,-0.1264549473549324,-59.21000000000004,0.8875253381186373,1204632.65,424378.2456134198,11467265.0,0.9653920400135964,4.699999999999989,13.692857142857138,36.54668753260301,-4.126333913717872,TSLA,0,0,0,0,0,0.0,0.0,0.0,0.0,[],True
2025-11-18,-0.7220249456786001,-0.0195034201927656,-0.0872642046100985,-0.0965155303286258,-42.85000000000002,0.9588402924254076,1208718.5,423479.7145298267,10308297.0,0.9687797915830336,7.899999999999977,14.202857142857138,34.8521424260712,-6.000730806805166,TSLA,0,0,0,0,0,0.0,0.0,0.0,0.0,[],True
2025-11-19,0.1391171626770859,0.0073274958688499,-0.06166618287373,-0.1257680657723928,-58.13,0.7174508556274914,1209571.35,422737.38237191766,11176105.0,0.960184332370384,2.9499999999999886,12.892142857142847,40.0299185550446,-7.165563349174988,TSLA,0,0,0,0,0,0.0,0.0,0.0,0.0,[],True
2025-11-20,-0.7918230708839825,-0.0225757911100908,-0.0171418619694481,-0.1140290875654581,-50.84499999999997,1.4571634805407472,1216579.35,431196.35095898615,9403350.0,0.8445049938535663,9.019999999999982,12.361428571428563,32.243152663816005,-8.716066755884356,TSLA,0,0,0,0,0,0.0,0.0,0.0,0.0,[],True
2025-11-21,-0.4029063565351801,-0.0103559313867687,-0.0329936683814799,-0.0894524790982556,-38.40999999999997,1.3455215789410782,1246703.9,441700.7629286816,7725883.0,0.6573840779744574,4.069999999999993,11.814999999999989,26.64893295447673,-10.156192595831726,TSLA,0,0,0,0,0,0.0,0.0,0.0,0.0,[],True
2025-11-24,2.061008769189685,0.0660352392601081,0.0211481101168646,-0.0618584488219041,-27.539999999999964,1.3897365772118253,1216576.6,383240.7168628044,9416604.0,1.2416024425095196,26.69,11.98857142857142,42.16515729265966,-9.039639420909223,TSLA,0,0,0,0,0,0.0,0.0,0.0,0.0,[],True
2025-11-25,-0.0021933888423086,0.0041811574608916,0.0456222576785001,-0.0456231369604296,-20.05000000000001,1.1000680794967397,1207191.65,377789.80093436793,10744597.0,1.1306782730911182,1.75,10.811428571428564,35.8681289640592,-7.922230073936873,TSLA,0,0,0,0,0,0.0,0.0,0.0,0.0,[],True
2025-11-26,0.3795824578367791,0.016763008812743,0.0555349320662261,-0.00955587808418,-4.115000000000009,0.943435183978538,1234289.35,352216.5545510587,11909069.0,1.1902642369469558,7.089999999999975,10.153214285714276,43.181258573991336,-6.390901040566064,TSLA,0,0,0,0,0,0.0,0.0,0.0,0.0,[],True
2025-11-28,0.1202153696907878,0.0084749237771196,0.0888241994684215,0.0701597253321391,28.19999999999999,0.5511216528682692,1228131.75,361171.2183628029,12585919.0,0.7710569264667764,3.629999999999996,9.23357142857142,50.29009050823857,-4.828738395724884,TSLA,0,0,0,0,0,0.0,0.0,0.0,0.0,[],True
2025-12-01,-0.1273645281991154,0.0003719027517181,0.1005678039797433,0.0642560348239018,25.98000000000001,0.705199754634683,1183867.4,351825.3176218657,13420782.0,0.3974595434884241,0.160000000000025,8.114999999999993,43.4380776340111,-3.5370299030918204,TSLA,0,0,0,0,0,0.0,0.0,0.0,0.0,[],True
2025-12-02,-0.2108289651035418,-0.0028858705561943,0.0272703330380443,0.0489951591609212,20.04000000000002,0.9150648426694352,1189409.7,349267.7761694123,12332395.0,0.1529620566112256,1.240000000000009,7.7935714285714255,45.22958482265602,-2.5836169256375,TSLA,0,0,0,0,0,0.0,0.0,0.0,0.0,[],True
2025-12-03,1.1586628020895604,0.0405590596622496,0.0653283105240569,0.1139309932189867,45.69999999999999,1.1244237354586937,1210392.45,346172.16539514874,13693389.0,-0.0822701969490048,17.75999999999999,8.430357142857137,56.86083456894725,-0.3904458814708391,TSLA,0,0,0,0,0,0.0,0.0,0.0,0.0,[],True
2025-12-04,0.3889115711384669,0.0172510837271893,0.0658483974584418,0.1250402158041923,50.525000000000034,0.8059113437391779,1209044.9,347080.0681888689,14667772.0,-0.5965527977943964,7.775000000000034,6.936785714285711,77.10961231529633,1.9525279665966764,TSLA,0,0,0,0,0,0.0,0.0,0.0,0.0,[],True
2025-12-05,-0.1298816824645883,0.0007586294459172,0.0576556469986515,0.1516010631565625,59.88999999999999,0.6359799563318366,1169227.1,352752.0817411666,15411377.0,-1.232141103146653,0.3449999999999704,6.791428571428567,76.61968868321416,3.7934615744376288,TSLA,0,0,0,0,0,0.0,0.0,0.0,0.0,[],True
2025-12-08,-1.18767144086386,-0.0343230678056723,0.0215895886590749,0.1243286101590872,48.60999999999996,0.6224230776688912,1131958.35,360817.0887174768,14706820.0,-1.4270630617753564,15.350000000000025,7.552142857142854,64.4566348245531,3.968056719333731,TSLA,0,0,0,0,0,0.0,0.0,0.0,0.0,[],True
2025-12-09,0.3422830360049155,0.0126699141128219,0.0376054631053932,0.0659013096463714,27.524999999999977,0.5278202834681094,1100702.3,380590.98136161896,15287793.0,-1.8957982098666284,5.605000000000018,7.388214285714286,71.30565089186445,4.50675027480122,TSLA,0,0,0,0,0,0.0,0.0,0.0,0.0,[],True
2025-12-10,0.3996052798108655,0.0139190094997132,0.0103285439326799,0.0763316007820322,32.014999999999986,0.7304297644149951,1095492.05,384116.93965023296,16087973.0,-1.854430108312318,6.240000000000009,7.623214285714288,72.19020847973763,5.375222430511599,TSLA,0,0,0,0,0,0.0,0.0,0.0,0.0,[],True
2025-12-11,-0.3826656989573,-0.0100741658709671,-0.0169051573378501,0.0478300626011114,20.40000000000004,0.6859364108221279,1104474.1,373326.9569611662,15330374.0,-1.9429927216593368,4.524999999999977,7.302142857142859,75.36437444977012,5.633424576090874,TSLA,0,0,0,0,0,0.0,0.0,0.0,0.0,[],True
2025-12-12,0.8603678768963559,0.0270415011376846,0.0092759484767221,0.0674664062863255,29.02000000000004,1.4387778313380772,1101458.45,368948.2587457541,16915128.0,-3.937613183757811,12.25,7.886428571428573,80.8758264649941,6.748729110933937,TSLA,0,0,0,0,0,0.0,0.0,0.0,0.0,[],True
2025-12-15,1.076712928916432,0.034242333397401,0.0809049341431789,0.1042412270508945,44.85499999999996,1.3571568499514548,1117665.95,380117.9662212186,18431976.0,-3.169649490411251,15.994999999999948,7.122499999999998,78.82465025322166,8.821589027281846,TSLA,0,0,0,0,0,0.0,0.0,0.0,0.0,[],True
2025-12-16,0.931646452821016,0.0303356612184216,0.1001695886072395,0.1415419754812847,60.73000000000002,1.0964895218901078,1125937.8,380805.8846658868,19666555.0,-2.7390943952952904,14.635000000000048,8.042857142857144,81.24777975133215,11.51255803265667,TSLA,0,0,0,1,1,0.29467887661110886,0.5,0.14733943830555443,4.974533736794795,"[{""name"": ""large_return"", ""value"": 0.931646452821016, ""threshold"": 0.05, ""triggered"": true, ""z_score"": null}]",False
2025-12-17,-1.5802365028738483,-0.0472192962991014,0.0349219710478805,0.0456112080927442,20.379999999999995,0.9124502325849068,1119042.95,381424.2414002216,18645484.0,-1.8292701164560643,22.590000000000032,9.150000000000006,65.88212334113973,11.68761855786306,TSLA,0,0,0,0,0,0.0,0.0,0.0,0.0,[],True
2025-12-18,1.0378081287681933,0.0339008382051072,0.0814481662974646,0.0631661148934765,28.71499999999997,0.9491368486415476,1129242.85,377054.802436669,19717290.0,-1.578523220181117,16.110000000000014,10.04142857142858,68.91094038981362,12.976710210855458,TSLA,0,0,0,0,0,0.0,0.0,0.0,0.0,[],True
2025-12-19,-0.2109045629589785,-0.0046454800563175,0.0477175712170048,0.0574361454257703,26.129999999999995,0.7622224848418435,1081835.05,350562.4169139876,18892691.0,-1.8322841084919048,2.240000000000009,10.190000000000008,67.79405579699984,13.660110107520495,TSLA,0,0,0,0,0,0.0,0.0,0.0,0.0,[],True
2025-12-22,0.4390064992667788,0.0158894712237467,0.0286643305868612,0.1118883505084282,49.185,0.6257877749270794,1030195.9,333874.9954619639,19537375.0,-1.900653649422012,7.704999999999984,10.65178571428572,70.02179379715002,14.654510481175294,TSLA,0,0,0,0,0,0.0,0.0,0.0,0.0,[],True
2025-12-23,-0.2832641096520356,-0.0063934702896366,-0.008432185222238,0.0908927548602298,40.46500000000003,0.4338482313290315,966628.35,322325.1009560762,19118005.0,-2.935851089509093,3.1149999999999523,9.605714285714289,64.44080904223678,15.01810609607668,TSLA,0,0,0,0,0,0.0,0.0,0.0,0.0,[],True
2025-12-24,-0.0828413838794917,-0.000535497304416,0.0389554794520548,0.0752378526255164,33.964999999999975,0.4148250174685293,919296.05,335695.57475901686,18736658.0,-2.7027981445072204,0.2600000000000477,9.068928571428572,62.13129602646396,15.111087206371678,TSLA,0,0,0,0,0,0.0,0.0,0.0,0.0,[],True
2025-12-26,-0.7608353498659506,-0.021321703871162,-0.0168628830357326,0.063211832359983,28.25,0.5504592647438578,885442.45,343713.5041855695,18249258.0,-2.3173151284375706,10.239999999999952,9.775714285714288,57.3871109162648,14.19486343573243,TSLA,0,0,0,0,0,0.0,0.0,0.0,0.0,[],True
2025-12-29,-1.1157746998121072,-0.0331209941903594,-0.0444633837071527,0.0011325028312569,0.5199999999999818,0.6800844350234517,881577.3,346605.1216460505,17649711.0,-1.7871155219852783,15.480000000000018,9.785,57.33265201839552,12.08038767884159,TSLA,0,0,0,0,0,0.0,0.0,0.0,0.0,[],True
2025-12-30,-0.4530446697623848,-0.0121911357883958,-0.0709222034678532,-0.0442908103671432,-21.04499999999996,0.5697990537821385,864462.65,357318.4725298726,17157141.0,-1.6432233870616637,5.569999999999993,9.7825,53.2547187032237,9.841748408584124,TSLA,0,0,0,0,0,0.0,0.0,0.0,0.0,[],True
2025-12-31,-0.3650004813559402,-0.0095141880613408,-0.0738170736729399,-0.0816268196574042,-39.98000000000002,0.5444453998239006,832711.6,364514.7519220294,16703775.0,-1.543587592732976,4.300000000000011,9.643928571428573,49.39821501314669,7.632652132358714,TSLA,0,0,0,0,0,0.0,0.0,0.0,0.0,[],True
2026-01-02,-0.9127523892748896,-0.0263780765613899,-0.0974454058508446,-0.0622859589041094,-29.09999999999997,1.0304334440670078,806198.6,342699.1865192988,15873041.0,-1.7351660530686364,11.70999999999998,10.157142857142857,46.90225035161744,4.88076585175628,TSLA,0,0,0,0,0,0.0,0.0,0.0,0.0,[],True
2026-01-05,1.053938310277889,0.0301060293976665,-0.0498147992255241,-0.0658376611284682,-31.82,1.0918887993173425,801221.7,340845.91838666965,16747886.0,-1.4906751739578183,13.389999999999986,10.238571428571428,47.32454304450955,3.737256476905373,TSLA,0,0,0,0,0,0.0,0.0,0.0,0.0,[],True
2026-01-06,-1.4636990748019338,-0.0419309763237091,-0.0581491472328576,-0.1000270230943521,-48.120000000000005,1.3697830983722672,820217.45,347977.8124535305,15624366.0,-1.0196320605751543,18.54000000000002,10.420357142857146,35.53483908558111,1.3197803971571034,TSLA,0,0,0,0,0,0.0,0.0,0.0,0.0,[],True
2026-01-07,-0.1348042766708685,-0.0036096945504916,-0.0500319305895048,-0.1174057592961996,-57.38499999999999,0.7623326875150603,816096.45,349902.3527994289,15002229.0,-1.2575775736643349,1.5600000000000025,9.486428571428572,28.0137037873654,-0.7137382453482815,TSLA,0,0,0,0,0,0.0,0.0,0.0,0.0,[],True
2026-01-08,0.3138359035789156,0.0099643310888771,-0.0313465685511661,-0.1028497302639708,-49.950000000000045,0.6568243654158635,813773.1,351695.4168987252,15536735.0,-1.231896414981254,4.319999999999993,8.181428571428569,36.2537104941505,-1.95420170320466,TSLA,0,0,0,0,0,0.0,0.0,0.0,0.0,[],True
2026-01-09,0.7621962704277935,0.0211423405443259,0.0157954804839077,-0.0831891223733003,-40.38,0.809479237660999,806402.4,353535.2010015406,16189501.0,-1.1199755491722985,9.310000000000002,7.695714285714282,32.23036940783366,-2.16112661516388,TSLA,0,0,0,0,0,0.0,0.0,0.0,0.0,[],True
2026-01-12,0.2770876741241715,0.0085918101358469,-0.0058251567033599,-0.0553497769172489,-26.30000000000001,1.0840259450172878,812564.5,353713.7954236443,17070342.0,-1.0903556304297894,3.840000000000032,7.809999999999998,35.27071520029267,-1.9922942628223268,TSLA,0,0,0,0,0,0.0,0.0,0.0,0.0,[],True
2026-01-13,-0.1680528571672365,-0.003749836990711,0.0328675366670516,-0.0271928297946397,-12.5,0.8818133587781284,767151.0,304194.28446410893,16393858.0,-1.254098536699504,1.6800000000000068,7.379642857142857,29.869815612447383,-1.9713310891892768,TSLA,0,0,0,0,0,0.0,0.0,0.0,0.0,[],True
2026-01-14,-0.6873687257916955,-0.0179835395152291,0.0181274484804931,-0.0328114333531524,-14.900000000000034,1.448796611985396,745297.85,259989.1003950725,15314073.0,-1.5265037058983908,7.970000000000027,7.726428571428577,28.5291670518628,-2.5682251145287864,TSLA,0,0,0,0,0,0.0,0.0,0.0,0.0,[],True
2026-01-15,-0.0706665634257039,-0.001572237800089,0.0064492437630534,-0.0250994864498343,-11.29000000000002,1.034928005189275,720871.4,233166.28434533603,14568023.0,-1.8278088336330256,0.6899999999999977,7.757142857142859,28.416206261510126,-3.061652341053673,TSLA,0,0,0,0,0,0.0,0.0,0.0,0.0,[],True
2026-01-16,-0.0837887690738753,-0.0022601459310116,-0.0168307042380118,-0.001301072814426,-0.57000000000005,1.138266018406878,710239.95,223400.99214251505,13759581.0,-2.2939642534174896,0.9900000000000092,7.096428571428577,31.06190236537492,-3.4923243579486893,TSLA,0,0,0,0,0,0.0,0.0,0.0,0.0,[],True
2026-01-20,-1.5394680046980755,-0.0427255795436431,-0.0660116740186249,-0.0714523023765753,-32.25999999999999,1.4396352539427548,707582.7,219149.5978518821,12740920.0,-2.2324811611920734,18.299999999999955,7.297857142857144,30.204561025741413,-5.249775945453905,TSLA,0,0,0,0,0,0.0,0.0,0.0,0.0,[],True
2026-01-21,1.0554468837538695,0.028546495176075,-0.0353548906480611,-0.0036493821457442,-1.579999999999984,1.040797185166786,702933.3,217516.6762950168,13472531.0,-1.7432562067727282,12.139999999999986,7.767142857142858,39.543866102630126,-5.598437149961342,TSLA,0,0,0,0,0,0.0,0.0,0.0,0.0,[],True
2026-01-22,1.502707015266044,0.0407913938712408,0.0230413697320188,0.0415864994552492,17.939999999999998,1.1721840050231904,712455.55,218996.0155980904,14307660.0,-1.209087311235518,17.95999999999998,8.742857142857142,49.80392156862744,-4.375098354063027,TSLA,0,0,0,0,0,0.0,0.0,0.0,0.0,[],True
2026-01-23,-0.0523647095238846,-0.0004897377774745,0.024149411657393,0.0307544008629594,13.400000000000034,0.7483451862688167,718366.35,212157.75050339333,13770074.0,-1.1677679956155202,0.2199999999999704,7.9221428571428545,54.963483905869616,-3.3843332193386004,TSLA,0,0,0,0,0,0.0,0.0,0.0,0.0,[],True
2026-01-26,-1.1240564413500111,-0.0311405116148345,-0.0050053710602701,-0.021751831378365,-9.680000000000009,0.5128135818610345,717701.35,213287.55868231063,13402027.0,-0.9610588868456224,13.77000000000004,7.949285714285716,42.7441818671938,-3.66798636769596,TSLA,0,0,0,0,0,0.0,0.0,0.0,0.0,[],True
2026-01-27,-0.3464519981862108,-0.0102048769606991,0.0278844548338621,-0.0399679187274428,-17.939999999999998,0.414630058963196,708009.45,228187.00652372843,13108465.0,-0.987356348056762,4.419999999999959,6.940714285714283,48.95543892147784,-4.201013918486467,TSLA,0,0,0,0,0,0.0,0.0,0.0,0.0,[],True
2026-01-28,-0.020363755818182,-0.0013236269305082,-0.002364559426942,-0.0376358513350328,-16.829999999999984,0.7545587254784806,704615.8,230379.1656834664,12576791.0,-1.1619373749009114,0.5699999999999932,6.8699999999999966,49.45934705760035,-4.616223379436519,TSLA,0,0,0,0,0,0.0,0.0,0.0,0.0,[],True
2026-01-29,-1.195708807309366,-0.0329044647684352,-0.0732423831037321,-0.0518886182008605,-22.789999999999964,1.3620051348634865,729678.6,233343.3069702904,11582965.0,-0.933207016320554,13.930000000000009,7.556428571428569,40.88288117969564,-6.000148474147352,TSLA,0,0,0,0,0,0.0,0.0,0.0,0.0,[],True
2026-01-30,1.2805923731527322,0.0327650336471831,-0.0419051012001513,-0.0187676730821854,-8.229999999999961,1.78065947253716,776109.65,265624.7478719342,12964952.0,-0.5969895508327892,13.870000000000005,7.8821428571428545,43.32578160398733,-5.909603765169834,TSLA,0,0,0,0,0,0.0,0.0,0.0,0.0,[],True
2026-02-02,-0.6875875581054823,-0.0198570107033972,-0.0310332154178343,-0.0358832537197448,-15.699999999999989,1.3322067695605926,786994.95,272356.5611623024,11916512.0,-0.6400619542881816,8.460000000000036,8.212142857142855,38.24475950247889,-6.446190061382083,TSLA,0,0,0,0,0,0.0,0.0,0.0,0.0,[],True
2026-02-03,0.04184871199675,0.0005924802581155,-0.020514248584424,0.006798177611335,2.849999999999966,0.9922288995326906,782051.4,271574.24962001346,12692486.0,-0.8776256337024828,0.25,8.109999999999998,38.94662673947506,-6.773188554865953,TSLA,0,0,0,0,0,0.0,0.0,0.0,0.0,[],True
2026-02-04,-1.4450655004199846,-0.0392112363217649,-0.0569304054839084,-0.0591603495838838,-25.519999999999985,1.125261433024488,769150.15,260397.67892899425,11826991.0,-0.8962643664410347,16.22999999999996,8.699999999999992,36.30541871921183,-8.24689747648597,TSLA,0,0,0,0,0,0.0,0.0,0.0,0.0,[],True
2026-02-05,-0.774769572456765,-0.0215059373987692,-0.0461193026271553,-0.1159837980993924,-52.11500000000001,1.192545626265184,784841.25,260527.82318550165,10891032.0,-0.7866879995783176,8.635000000000048,9.267499999999997,34.0822382365409,-9.996362899675546,TSLA,0,0,0,0,0,0.0,0.0,0.0,0.0,[],True
2026-02-06,1.4040719538899855,0.0343344728178038,-0.0446210695112599,-0.084656320277883,-38.02000000000004,0.9256860890893372,794907.7,254157.78286810595,11626867.0,-0.4472176743998433,13.875,10.18785714285714,40.731262707705255,-10.146270420411838,TSLA,0,0,0,0,0,0.0,0.0,0.0,0.0,[],True
2026-02-09,0.6217285451541897,0.0147535545003981,-0.0109759855866107,-0.0416685808793126,-18.139999999999983,0.7244660041716025,790919.1,257114.62138056903,12199861.0,-0.4921659764474725,6.110000000000014,9.317142857142857,49.22186445875497,-9.660684911924136,TSLA,0,0,0,0,0,0.0,0.0,0.0,0.0,[],True
2026-02-10,0.7762602726631448,0.0191115081493537,0.0075104245640638,-0.0131578947368421,-5.670000000000016,0.7857033934316292,777418.05,259225.0406931504,12810681.0,-0.3859403675445532,8.050000000000011,9.025000000000002,47.578155916106056,-8.527981907702497,TSLA,0,0,0,0,0,0.0,0.0,0.0,0.0,[],True
2026-02-11,0.2707644792172561,0.0070065548091547,0.0551681655784155,-0.0049029859416753,-2.1100000000000136,0.9938331686425302,782476.4,258136.58628991395,13588332.0,-0.346131381516309,2.990000000000009,7.955714285714289,40.53241156401509,-7.304833036500895,TSLA,0,0,0,0,0,0.0,0.0,0.0,0.0,[],True
2026-02-12,-1.14184259202105,-0.0264297126667616,0.0499855242123283,0.0015609240670475,0.6499999999999773,1.2213406923260886,775867.05,251736.54936637977,12640734.0,-0.2390142884034832,11.170000000000016,8.73785714285715,36.90427532085342,-7.154333686852851,TSLA,0,0,0,0,0,0.0,0.0,0.0,0.0,[],True
2026-02-13,0.0043238810240074,0.0009107032216452,0.015471064730351,-0.029840340235655,-12.840000000000032,1.1023034048510894,781645.05,252341.6237829544,13502344.0,-0.2093277581515079,0.3799999999999954,7.781428571428576,41.78905819717277,-6.92457683243515,TSLA,0,0,0,0,0,0.0,0.0,0.0,0.0,[],True
2026-02-17,-0.691389696138705,-0.016253059517179,-0.0155321188878234,-0.0263376241613919,-11.109999999999957,0.9975198454981098,780132.85,252263.1956198613,12724146.0,-0.1340520632652711,6.729999999999961,7.946428571428576,40.921348314606746,-7.2025214412824425,TSLA,0,0,0,0,0,0.0,0.0,0.0,0.0,[],True
2026-02-18,0.0362790899684617,0.0015570263947489,-0.0326631393298059,-0.0253980288097042,-10.71999999999997,0.545863166841946,749660.4,258661.82676317505,13133358.0,-0.535886650103409,0.6399999999999864,7.951428571428575,41.470535393460295,-7.287150163982915,TSLA,0,0,0,0,0,0.0,0.0,0.0,0.0,[],True
2026-02-19,0.0090187075803796,0.000801895432072,-0.0386465533345787,0.0143895527904398,5.839999999999975,1.045496280927452,752412.05,258752.41632626584,13920002.0,-0.781884387420792,0.3299999999999841,6.980000000000002,47.579819893573465,-7.244085486167251,TSLA,0,0,0,0,0,0.0,0.0,0.0,0.0,[],True
2026-02-20,-0.0105542697017339,0.0007163019701057,-0.012192197952382,0.037183892853996,14.77000000000004,0.9772233723879608,747162.85,258049.9841243066,14650147.0,-1.4145052238520983,0.2950000000000159,6.010357142857146,39.12294253966368,-7.104258909688724,TSLA,0,0,0,0,0,0.0,0.0,0.0,0.0,[],True
2026-02-23,-1.3066680402762456,-0.0305854586650401,-0.0428194993412385,-0.0280108978569169,-11.514999999999986,1.571376057733595,781700.85,274241.8631650521,13421801.0,-1.1660469084577156,12.410000000000023,6.292500000000002,37.36874964526932,-7.903719467607914,TSLA,0,0,0,0,0,0.0,0.0,0.0,0.0,[],True
2026-02-24,1.1121063161736595,0.0243400417577582,-0.0031651733541099,-0.0186481303930967,-7.779999999999973,1.0363365548809138,805011.65,256468.81361581248,14256064.0,-1.1149869544542617,9.845000000000027,6.977857142857147,43.52031937762311,-7.654650452101748,TSLA,0,0,0,0,0,0.0,0.0,0.0,0.0,[],True
2026-02-25,0.8573935692305275,0.0192315945449658,0.0146100739012058,-0.018530276308054,-7.8799999999999955,0.9703138783739736,830632.25,226534.6114530783,15062038.0,-0.9663962744513344,7.949999999999989,6.386428571428577,56.442232412481815,-6.738090392065885,TSLA,0,0,0,0,0,0.0,0.0,0.0,0.0,[],True
2026-02-26,-0.9286201143621216,-0.0215546463666738,-0.0078214190288808,-0.0461657014758078,-19.769999999999985,1.033383475460355,847856.6,215431.50587072017,14185877.0,-0.8255711216882748,8.899999999999977,6.405357142857143,56.27543908558686,-6.653171936002877,TSLA,0,0,0,0,0,0.0,0.0,0.0,0.0,[],True
2026-02-27,-0.6171809858851166,-0.0148973035002543,-0.0231925919632997,-0.0351020212434363,-14.639999999999986,1.0297928623334582,841493.5,212755.9833977088,13319313.0,-1.1602609143072338,6.0400000000000205,5.845714285714288,44.70918866080159,-6.992644120728357,TSLA,0,0,0,0,0,0.0,0.0,0.0,0.0,[],True
2026-03-02,0.1377893408868524,0.0023206905469216,0.0094850778952637,-0.0337405677326625,-14.08499999999998,0.7320936862890932,801741.65,177866.3068653628,13906263.0,-1.7895797058734582,0.9350000000000024,5.47607142857143,40.97697776038611,-7.104337209949392,TSLA,0,0,0,0,0,0.0,0.0,0.0,0.0,[],True
2026-03-03,-1.121417133897454,-0.0269869013786238,-0.0410214449709345,-0.0440567783404752,-18.095000000000027,0.9574881926117474,786996.65,168305.33998948458,13152723.0,-1.649383851191243,10.740000000000007,5.668214285714287,29.443639342196462,-7.967637069482123,TSLA,0,0,0,0,0,0.0,0.0,0.0,0.0,[],True
2026-03-04,1.5855609855955424,0.0333996747218067,-0.0273378537029495,-0.0131271878646441,-5.400000000000034,1.0950797296098809,791537.8,169215.09483668758,14019520.0,-0.9412090692191268,13.33499999999998,6.407142857142857,37.58082497212931,-7.489451636700323,TSLA,0,0,0,0,0,0.0,0.0,0.0,0.0,[],True
2026-03-05,0.0310613479101972,-0.0009118354399265,-0.0070507013978996,-0.0148169739367,-6.100000000000023,0.7288265457233293,776562.0,175463.72112715818,13453541.0,-1.752998037276717,0.3700000000000045,5.635714285714284,42.72496831432191,-7.058970723418781,TSLA,0,0,0,0,0,0.0,0.0,0.0,0.0,[],True
2026-03-06,-0.8903735690380297,-0.0223389409505758,-0.0144124444002683,-0.0372707744213989,-15.355000000000018,0.7867537913672511,759646.8,175595.32759986783,12855886.0,-1.702202275979915,8.95999999999998,6.248571428571426,38.10013717421125,-7.356013076563897,TSLA,0,0,0,0,0,0.0,0.0,0.0,0.0,[],True
2026-03-09,0.2860256336179019,0.005029812178407,-0.0117387477842648,-0.0023650128261277,-0.9449999999999932,0.9635031017870046,759441.25,175627.0717574365,13587610.0,-2.489110141826074,2.0,5.910714285714286,42.69486404833835,-7.345365198525826,TSLA,0,0,0,0,0,0.0,0.0,0.0,0.0,[],True
2026-03-10,0.1319709870878491,0.0014038256548274,0.0167207895574657,-0.0249865663621708,-10.230000000000018,0.8092029181745817,761606.25,173461.25185360003,14203904.0,-2.5564909274410463,0.5600000000000023,5.905000000000001,42.63940970122172,-7.208642613754932,TSLA,0,0,0,0,0,0.0,0.0,0.0,0.0,[],True
2026-03-11,1.0392825172442803,0.0214374466044556,0.0046309981278944,-0.0228334571243741,-9.53000000000003,0.9082725023815196,765845.05,170594.75271206835,14899500.0,-2.363297857506699,8.649999999999977,6.4992857142857146,47.88438289921968,-6.3293455161281145,TSLA,0,0,0,0,0,0.0,0.0,0.0,0.0,[],True
2026-03-12,-1.324687503355464,-0.0319132292436019,-0.0260361448753667,-0.0329032731901977,-13.440000000000056,0.8164182985976923,757900.7,173687.56345506586,14280736.0,-1.7972848966531614,12.810000000000002,7.393214285714285,41.80957441669482,-6.590188581906261,TSLA,0,0,0,0,0,0.0,0.0,0.0,0.0,[],True
2026-03-13,-0.3349068776162894,-0.0099217258399223,-0.01386682802612,-0.0280794175384538,-11.300000000000011,0.6509873902867532,734425.9,178364.0491380941,13802634.0,-2.021226414232935,3.899999999999977,6.785357142857139,45.55502921206379,-7.030562054160782,TSLA,0,0,0,0,0,0.0,0.0,0.0,0.0,[],True
2026-03-16,0.652647139543988,0.0114647213273591,-0.00750068986278,-0.0191513889405378,-7.725000000000023,0.7037289555752283,716558.55,182796.30132687703,14306897.0,-1.8049191760554304,4.509999999999991,6.404285714285708,42.31541378541153,-6.935691560295709,TSLA,0,0,0,0,0,0.0,0.0,0.0,0.0,[],True
2026-03-17,0.5710295537504487,0.0091456956707331,0.0002129311856509,0.016937281120662,6.649999999999977,0.4241580497089869,692331.55,204962.35477340728,14600555.0,-1.7723938736914495,3.634999999999991,6.096071428571422,39.39891030523168,-6.4923520957542,TSLA,0,0,0,0,0,0.0,0.0,0.0,0.0,[],True
2026-03-18,-0.6515454923553363,-0.0163498260620622,-0.036877206747744,-0.0324169868952605,-13.159999999999968,0.7864196236932363,699370.9,196989.5264167204,14050556.0,-1.5875475441896338,6.474999999999966,5.922857142857136,40.55113362276892,-6.587543659480957,TSLA,0,0,0,0,0,0.0,0.0,0.0,0.0,[],True
2026-03-19,-1.385243035132888,-0.0324716453409086,-0.0374148798825405,-0.062476885524791,-25.33999999999997,1.3311575036073302,707101.9,203520.70985577747,13109292.0,-1.071443542333928,12.550000000000011,6.387857142857135,37.599239628759904,-7.588191822976455,TSLA,0,0,0,0,0,0.0,0.0,0.0,0.0,[],True
2026-03-20,-1.3514936233702315,-0.0326780604953254,-0.0590724311609951,-0.0721201119431208,-28.60500000000001,1.6047866888475315,729096.9,228392.85595147952,11939247.0,-0.6410434329167808,12.225000000000025,7.194285714285708,32.456314535345484,-9.260913981578597,TSLA,0,0,0,0,0,0.0,0.0,0.0,0.0,[],True
2026-03-23,1.847419816791672,0.0340971714241188,-0.0375341219290262,-0.0447532799839449,-17.839999999999975,1.975727903732275,740867.2,259432.60855051727,13402999.0,-0.2015867187958734,12.765000000000043,7.338928571428568,44.24059564942333,-9.4476232057645,TSLA,0,0,0,0,0,0.0,0.0,0.0,0.0,[],True
2026-03-24,0.4579318912078245,0.0061524155687594,-0.0404107444743597,-0.0402064179964428,-16.05000000000001,1.218512934712246,744514.05,261320.3442245333,14310199.0,-0.5499434485364593,2.349999999999966,6.55428571428571,37.56538796861376,-9.29877575228329,TSLA,0,0,0,0,0,0.0,0.0,0.0,0.0,[],True
2026-03-25,0.5077354182960944,0.0073591886002504,-0.0173879837067209,-0.0536239701843859,-21.869999999999948,1.006567924279837,741535.65,260922.1461316063,15056605.0,-0.7595340167539094,2.830000000000041,6.729999999999998,39.58819783485461,-8.850433436851745,TSLA,0,0,0,0,0,0.0,0.0,0.0,0.0,[],True
2026-03-26,-1.510912616090313,-0.0367717103683653,-0.0216042077580538,-0.0582107688023693,-22.994999999999948,1.069913205037803,737162.6,259274.79632913688,14267905.0,-0.35268597654763,13.935000000000002,7.085357142857142,37.6027017490801,-9.509932381321562,TSLA,0,0,0,0,0,0.0,0.0,0.0,0.0,[],True
2026-03-27,-1.110211487528033,-0.0279240028695036,-0.016941783846206,-0.0750134226472016,-29.33999999999997,1.4710651966919293,748919.9,270538.4866752149,13166195.0,-0.1175153864154583,10.245000000000005,7.674285714285714,32.85554728220403,-10.73552349301366,TSLA,0,0,0,0,0,0.0,0.0,0.0,0.0,[],True
2026-03-30,-0.6494312953780269,-0.018016997848696,-0.0668609995010374,-0.1018855525224952,-40.31,1.7899258567727545,790301.45,305498.0558657189,11751614.0,-0.0541611783522452,6.460000000000036,8.095714285714289,30.65113816834304,-12.088729936726622,TSLA,0,0,0,0,0,0.0,0.0,0.0,0.0,[],True
2026-03-31,2.2505777434836656,0.0450401421525662,-0.0298585373492717,-0.069062676100432,-27.57499999999999,1.2505823970087604,802824.35,309024.82709020964,12755612.0,0.9688625482028878,16.370000000000005,8.647142857142862,35.07351726416654,-11.705302165427952,TSLA,0,0,0,0,0,0.0,0.0,0.0,0.0,[],True
2026-04-01,1.242873482466594,0.025551840322171,-0.0120475684638703,-0.0292260692464358,-11.480000000000018,1.389559329709063,816191.85,317601.1176513665,13889759.0,0.7107314223204423,9.620000000000005,8.419285714285719,44.18427080682109,-10.504094627624966,TSLA,0,0,0,0,0,0.0,0.0,0.0,0.0,[],True
2026-04-02,-2.29492677921625,-0.0562301821162835,-0.031085784939589,-0.0520184089414857,-19.779999999999973,2.078104479177892,879251.75,383645.4237546455,12062582.0,1.8777538930770048,20.84999999999997,9.630000000000004,38.629283489096586,-11.106520691994431,TSLA,0,0,0,0,0,0.0,0.0,0.0,0.0,[],True
2026-04-06,-0.8042814150308893,-0.0216491447761704,-0.0249868708366732,-0.0415053325181712,-15.274999999999975,1.464423963420253,916474.35,390931.426616818,10720475.0,1.8569702226004876,7.720000000000027,9.85928571428572,34.463522422661754,-12.06777734422701,TSLA,0,0,0,0,0,0.0,0.0,0.0,0.0,[],True
2026-04-07,-0.6077430699809655,-0.0173862719272267,-0.0243717108040412,-0.0896031933611701,-34.120000000000005,1.3642242931271842,944300.0,396850.0755069788,9432238.0,1.8185870878847072,6.079999999999984,10.033928571428577,31.27602776294717,-13.16838836983112,TSLA,0,0,0,0,0,0.0,0.0,0.0,0.0,[],True
2026-04-08,-0.2518937806744583,-0.0094482502072018,-0.0761097659402743,-0.103695777000574,-39.72999999999996,1.1821245846829609,970869.75,391486.35676649417,8284549.0,1.753578415602009,3.259999999999991,9.804285714285722,32.00859682354657,-14.14068033154564,TSLA,0,0,0,0,0,0.0,0.0,0.0,0.0,[],True
2026-04-09,0.4675521911095643,0.0067185927522274,-0.0933467953424944,-0.1042697618985931,-40.245000000000005,0.749086762017053,972514.85,390336.1630717912,9013047.0,1.4519807408276184,2.3149999999999977,9.073214285714291,36.410155481204505,-14.556627819139123,TSLA,0,0,0,0,0,0.0,0.0,0.0,0.0,[],True
2026-04-10,0.5713964370482129,0.0090556986223393,-0.0321802091713596,-0.0622656470493367,-23.16500000000002,0.5831759646916838,969856.5,393043.8049852916,9578644.0,1.2944494096461976,3.144999999999982,8.42464285714286,41.87968968587055,-14.46574191546864,TSLA,0,0,0,0,0,0.0,0.0,0.0,0.0,[],True
2026-04-13,0.6128299083690278,0.0102519665694641,-0.0008079376328845,-0.0257746206362808,-9.325000000000044,0.6670121304381548,978587.9,383365.10026494,10231374.0,1.3744783216511425,3.5949999999999704,7.769642857142855,36.98000459664442,-13.94290262438244,TSLA,0,0,0,0,0,0.0,0.0,0.0,0.0,[],True
2026-04-14,1.58204642134033,0.0326420049553859,0.0504514379669427,0.0248501393071229,8.830000000000041,0.7797491735189176,992052.35,370336.7587803348,11004926.0,1.8088488362021973,11.69500000000005,8.437142857142861,41.96579749407384,-12.441442751031332,TSLA,0,0,0,0,0,0.0,0.0,0.0,0.0,[],True
2026-04-15,3.3591820796222938,0.0736685082925509,0.14149267639265,0.0546139359698683,20.30000000000001,1.6236874575490434,1063727.5,366758.2381535917,12732087.0,3.862992006009109,27.83999999999997,10.223571428571429,52.10647662963738,-8.902447776171869,TSLA,1,0,0,0,1,0.46107059346499274,0.5,0.23053529673249637,5.713713689846918,"[{""name"": ""volume_spike"", ""value"": 1.6236874575490434, ""threshold"": 1.5, ""triggered"": true, ""z_score"": null}, {""name"": ""high_volatility"", ""value"": 3.862992006009109, ""threshold"": 0.8, ""triggered"": true, ""z_score"": null}, {""name"": ""large_return"", ""value"": 3.3591820796222938, ""threshold"": 0.05, ""triggered"": true, ""z_score"": null}]",False
2026-04-16,-0.261798485620224,-0.0082739306750298,0.1245064719068622,0.0195373964124618,7.449999999999989,0.6446945958489653,1070742.65,357643.30109647964,12041785.0,3.360714556244344,3.230000000000018,9.458928571428572,56.31867094581837,-6.285942336881135,TSLA,0,0,0,0,0,0.0,0.0,0.0,0.0,[],True
2026-04-17,1.2507248424167534,0.0301003191086467,0.1484220483274572,0.1114655865952782,40.17999999999995,1.0167058937848814,1078505.6,356367.6785030054,13138308.0,2.972409123114304,11.879999999999995,9.575714285714286,64.49351036849171,-3.216646709666122,TSLA,0,0,0,0,0,0.0,0.0,0.0,0.0,[],True
2026-04-20,-0.7779792293963501,-0.0207555334321239,0.1133587732115246,0.1124592487597448,39.670000000000016,0.749643232611205,1059724.1,361155.57485745865,12343893.0,2.5494602773997403,8.229999999999961,9.702142857142851,63.65309578149159,-1.4317951873789525,TSLA,0,0,0,0,0,0.0,0.0,0.0,0.0,[],True
2026-04-21,-0.549794126367086,-0.015666653226669,0.0608523725834797,0.1143739002509589,39.64999999999998,0.5622311920314993,1015071.75,363771.0474820634,11773188.0,2.2000258330721927,6.100000000000023,8.968571428571424,55.82191780821919,-0.5037001749046226,TSLA,0,0,0,0,0,0.0,0.0,0.0,0.0,[],True
2026-04-22,0.187269800843555,0.0024302605099658,-0.0120918367346939,0.1276899333158614,43.849999999999966,0.7681367367521125,1008442.85,367033.55979217135,12547810.0,2.07410515986762,0.9399999999999976,8.348571428571423,52.54106776180698,0.304165720052822,TSLA,0,0,0,0,0,0.0,0.0,0.0,0.0,[],True
2026-04-23,-1.370074968736383,-0.0358570639628365,-0.0389690562543405,0.0806855159447537,27.894999999999985,1.0879741753919674,1026989.45,362438.69621488405,11430472.0,2.2459831191014987,13.639999999999986,7.8335714285714255,55.995258502781056,-0.154448359055209,TSLA,0,0,0,0,0,0.0,0.0,0.0,0.0,[],True
2026-04-24,0.3649537126546138,0.006974710046321,-0.0609384749781604,0.0784389600710866,27.36500000000001,0.7690692158496973,1027048.0,362398.26816072816,12220343.0,1.8421540539405417,2.615000000000009,7.468928571428568,61.2298570267298,-0.3033973001335539,TSLA,0,0,0,0,0,0.0,0.0,0.0,0.0,[],True
2026-04-27,0.3260495753677568,0.0061606326312853,-0.0353193007491973,0.0740357198587093,26.095000000000027,0.8031533814639098,1012627.25,364999.9539081265,13033638.0,1.5698205785495576,2.3249999999999886,7.200714285714282,65.81688324570976,-0.2311675838828364,TSLA,0,0,0,0,0,0.0,0.0,0.0,0.0,[],True
2026-04-28,-0.2107199398929506,-0.0064929269939784,-0.0264288672603022,0.032815246045694,11.949999999999989,0.676689511975721,974882.85,360246.7965278185,12373945.0,1.434583371359225,2.4499999999999886,7.142857142857139,66.35,-0.3673845573742937,TSLA,0,0,0,0,0,0.0,0.0,0.0,0.0,[],True
2026-04-29,-0.2838253443613711,-0.0088529830917166,-0.0373521665031244,-0.0489923469387755,-19.204999999999984,0.6306791861216163,954791.3,369620.953710562,11771778.0,0.9734695470328752,3.3149999999999977,7.21428571428571,63.40099009900991,-0.7343649832452002,TSLA,0,0,0,0,0,0.0,0.0,0.0,0.0,[],True
2026-04-30,1.0570990352006897,0.0233966783978688,0.021412129971629,-0.0183913367801012,-7.149999999999977,0.7105624659734608,931166.55,372641.5622811192,12433430.0,0.9272348045724188,8.824999999999989,7.6199999999999966,65.34964379452569,-0.3095278242181507,TSLA,0,0,0,0,0,0.0,0.0,0.0,0.0,[],True
2026-05-01,1.0376622703620837,0.023540247717024,0.0384732946163965,-0.0248096842630725,-9.939999999999998,0.88797286927202,878826.4,308091.4752602579,13213804.0,0.2212698306884263,9.089999999999977,8.012499999999998,67.0470247381324,0.7519773895405137,TSLA,0,0,0,0,0,0.0,0.0,0.0,0.0,[],True
2026-05-04,0.2139617037786134,0.0047747412904826,0.0370350803043111,0.000407726415575,0.1599999999999681,0.5550844039447697,834892.85,301121.05619506066,13677240.0,0.0315119268602659,1.8700000000000043,7.310714285714279,63.88373229115778,1.724245264826834,TSLA,0,0,0,0,0,0.0,0.0,0.0,0.0,[],True
2026-05-05,-0.3546672684022285,-0.0084157709539596,0.0350429395655527,0.0076879271070615,2.970000000000028,0.7584359981204987,800850.7,285238.7151765856,13069846.0,-0.059995048457293,3.289999999999964,5.55714285714285,48.25835475578408,2.2038939390274663,TSLA,0,0,0,0,0,0.0,0.0,0.0,0.0,[],True
2026-05-06,1.0452619903448688,0.0235836637494621,0.0691667001971592,0.0292310075917987,11.319999999999991,1.0492343995587723,784629.25,273457.7836805168,13893106.0,-0.050222450327712,9.289999999999964,5.989999999999989,55.84903410445983,3.2956540804777887,TSLA,0,0,0,0,0,0.0,0.0,0.0,0.0,[],True
2026-05-07,1.4305319815411792,0.0326902709278412,0.0791494156490748,0.1022563031957604,38.204999999999984,1.23298237767977,797360.95,276616.2771104964,14876238.0,0.115567114136516,13.245000000000005,6.08749999999999,56.55617483132885,5.170045597790988,TSLA,0,0,0,0,0,0.0,0.0,0.0,0.0,[],True
2026-05-08,1.6900794487121975,0.0392487306361925,0.0962350592511069,0.1384108336544978,52.07499999999999,1.3758456871830411,825896.4,280853.8213857689,16012544.0,0.3514325972566354,16.485000000000014,6.67714285714285,69.19661959777494,7.894710796850688,TSLA,0,0,0,0,0,0.0,0.0,0.0,0.0,[],True
2026-05-11,1.5899885725770526,0.0383169332977993,0.1336288145091446,0.1756128486897719,66.48000000000002,1.5238343347391077,858684.55,297366.52303237794,17321037.0,0.5400275643002365,16.730000000000018,7.436428571428564,78.20094131207381,11.27403867877092,TSLA,0,0,0,1,1,0.27614066849933405,0.5,0.13807033424966703,5.283591729266591,"[{""name"": ""volume_spike"", ""value"": 1.5238343347391077, ""threshold"": 1.5, ""triggered"": true, ""z_score"": null}, {""name"": ""large_return"", ""value"": 1.5899885725770526, ""threshold"": 0.05, ""triggered"": true, ""z_score"": null}]",False
2026-05-12,-1.1125780705347923,-0.0263761811630544,0.1134501271545633,0.1524686926696976,57.34499999999997,1.0221213651667578,864171.35,296724.7360402132,16437749.0,0.7348680205611524,11.585000000000036,8.19678571428571,70.12766328264564,12.869021621258128,TSLA,0,0,0,0,0,0.0,0.0,0.0,0.0,[],True
2026-05-13,1.062879840575585,0.0270163680745651,0.1172788398815796,0.1945573304362986,72.52999999999997,1.0633139875516182,821488.3,216644.8516450973,17311249.0,-0.3895198832708409,11.870000000000005,8.070357142857139,81.73208833030934,14.918891201596978,TSLA,0,0,1,0,1,0.3043844247618453,0.5,0.15219221238092265,5.256124538280059,"[{""name"": ""large_return"", ""value"": 1.062879840575585, ""threshold"": 0.05, ""triggered"": true, ""z_score"": null}]",False
2026-05-14,-0.2559908081461188,-0.0047606543231238,0.0762095550294421,0.1613909124259733,61.589999999999975,0.7682373324319105,818409.85,219031.3683884893,16682516.0,-0.4033357105537133,2.115000000000009,8.034642857142854,79.77063608481131,16.186180574208947,TSLA,0,0,0,0,0,0.0,0.0,0.0,0.0,[],True
2026-05-15,-1.9493848216299825,-0.0483987784843017,-0.0141019355139969,0.0807760231373653,31.56,0.9378498479126988,801151.7,209348.8589058185,15931156.0,0.1605377861329361,20.94,9.364285714285712,66.67048054919908,15.324185859597662,TSLA,0,0,0,0,0,0.0,0.0,0.0,0.0,[],True
2026-05-18,-1.1574864886952518,-0.0295609335815852,-0.0788019054467014,0.0442967038565389,17.390000000000043,1.2265349701055075,811177.85,213764.40832233333,14936218.0,0.2742627807892794,12.299999999999956,10.067857142857138,62.0113515431004,13.493002697328563,TSLA,0,0,0,0,0,0.0,0.0,0.0,0.0,[],True
2026-05-19,-0.5517108737970283,-0.0142484047573383,-0.067561799956166,0.0382234324025789,14.879999999999995,0.9791047663511312,822929.3,206174.3941700299,14130484.0,0.2441453601123368,5.800000000000011,10.24535714285714,60.9370097953777,11.441870559398808,TSLA,0,0,0,0,0,0.0,0.0,0.0,0.0,[],True
2026-05-20,1.2250096623557585,0.0316941869691514,-0.0631898051984505,0.0466782076371117,18.60500000000001,0.8288193231863397,818101.1,208482.941804006,14808542.0,0.4395894480589807,13.014999999999986,10.544642857142852,62.045723962743445,10.742700131568938,TSLA,0,0,0,0,0,0.0,0.0,0.0,0.0,[],True
2026-05-21,0.0305459025694006,0.0014371776309903,-0.0573655829065227,0.0144721665756086,5.960000000000036,1.007099343339085,802651.7,196229.7640742657,15616892.0,0.0095323024256977,0.6000000000000227,9.938214285714285,59.72975886728718,10.120356347581833,TSLA,0,0,0,0,0,0.0,0.0,0.0,0.0,[],True
2026-05-22,0.7417095901980574,0.0193550223565084,0.0087148033248869,-0.0055100277836147,-2.3600000000000136,0.9829124016613204,802602.55,196233.25683789628,16405780.0,0.0465737247965021,8.164999999999964,10.38785714285714,61.47287354741113,10.16877239890158,TSLA,0,0,0,0,0,0.0,0.0,0.0,0.0,[],True
2026-05-26,0.6489234036093589,0.0176390294894992,0.0574676195819205,-0.0258628437893224,-11.510000000000048,0.8844546569595924,797191.8,197411.2892915378,17110860.0,0.0694441948822302,7.579999999999984,10.694285714285712,64.77424525781457,10.695494121173112,TSLA,0,0,0,0,0,0.0,0.0,0.0,0.0,[],True
2026-05-27,0.5555272587733179,0.0158018769185243,0.0897270950342676,0.0161031710327486,6.980000000000018,0.8538700713488563,798288.9,196666.4966399232,17792495.0,0.021441391273258,6.90500000000003,10.523928571428574,64.20402484134796,11.537108073138938,TSLA,0,0,0,0,0,0.0,0.0,0.0,0.0,[],True
2026-05-28,0.0713492304334136,0.0036375008237082,0.0595778851109221,-0.0073766350418232,-3.284999999999968,0.6988647670237208,795995.2,199323.79131178776,18348788.0,-0.0731352507233627,1.6050000000000182,9.692500000000004,61.13342422344228,12.193049396495098,TSLA,0,0,0,0,0,0.0,0.0,0.0,0.0,[],True
2026-05-29,-0.6604363523226998,-0.0147448575568755,0.0425697428102971,-0.0172378782067191,-7.639999999999986,0.7971662129592824,794583.35,200422.43039620973,17715373.0,-0.020350980675534,6.470000000000027,8.977142857142862,52.888287714831314,12.051886052725765,TSLA,0,0,0,0,0,0.0,0.0,0.0,0.0,[],True
2026-06-01,-1.8695916791861733,-0.0470766389470659,-0.0244394882028405,-0.0159376702110023,-6.729999999999961,0.7895737627100071,786619.35,204146.7486275172,17094279.0,0.5619361316339665,20.029999999999973,9.212857142857144,38.56411846797953,10.20610980273301,TSLA,0,0,0,0,0,0.0,0.0,0.0,0.0,[],True
2026-06-02,0.7290036238367756,0.0195883780196312,-0.022535926002814,0.0336366075566503,13.789999999999964,0.6630362094009049,789625.05,199528.3023152021,17617829.0,0.6020944734620667,8.21999999999997,8.972499999999997,46.14098634717192,9.299406361254569,TSLA,0,0,0,0,0,0.0,0.0,0.0,0.0,[],True
2026-06-03,-0.0478705242407187,0.0001887682874883,-0.0376786585988853,0.0486676398545165,19.66999999999996,0.7985338453013832,790830.6,198439.1796897394,18249334.0,0.5408007491788885,0.079999999999984,8.130357142857138,40.56226663738194,8.489431797574753,TSLA,0,0,0,0,0,0.0,0.0,0.0,0.0,[],True
2026-06-04,-0.5368940484654722,-0.0127149785304866,-0.053287032847706,0.0031161235423133,1.3000000000000114,0.7521084984063703,778960.75,203434.4892572424,17663471.0,0.4788601086415654,5.354999999999961,8.361785714285705,39.43962755733994,7.330911193010024,TSLA,0,0,0,0,0,0.0,0.0,0.0,0.0,[],True
2026-06-05,-2.573426027548257,-0.0683811575298849,-0.1027274605689096,-0.064530799334586,-26.96000000000004,1.2787097005065915,779651.55,204186.3486739176,16666523.0,1.297284825893499,27.660000000000025,8.841785714285708,37.29854182655409,4.133199480681412,TSLA,0,0,1,0,1,0.37447138225227883,0.5,0.18723569112613941,7.6331910148080535,"[{""name"": ""high_volatility"", ""value"": 1.297284825893499, ""threshold"": 0.8, ""triggered"": true, ""z_score"": null}, {""name"": ""large_return"", ""value"": -2.573426027548257, ""threshold"": 0.05, ""triggered"": true, ""z_score"": null}]",False
2026-06-08,1.7064711781406636,0.045333009717595,-0.0158588824180585,-0.0399107876511327,-17.0,1.4209234941819924,778118.6,201464.75109123293,17772170.0,1.4063780070853664,18.125,9.25785714285714,49.60651184322196,3.026636749020099,TSLA,0,0,0,0,0,0.0,0.0,0.0,0.0,[],True
2026-06-09,-1.1274200169787083,-0.0307655454686645,-0.0641872758164998,-0.0852766821211911,-36.96999999999997,1.2998032749892914,762231.5,167023.54185452824,16781419.0,1.0932017934191756,12.389999999999986,9.728571428571424,47.20631424375917,1.136803990607234,TSLA,0,0,0,0,0,0.0,0.0,0.0,0.0,[],True
2026-06-10,-1.3720588061081254,-0.0385068264131538,-0.0997074367685919,-0.1336292528977034,-58.85500000000002,1.307401642321919,768290.3,173710.00241694352,15776955.0,1.2256681888063607,14.980000000000018,9.868928571428569,37.11504360728114,-1.5517749966462588,TSLA,0,0,0,0,0,0.0,0.0,0.0,0.0,[],True
2026-06-11,1.6337478136046395,0.0451169667241847,-0.0461067899685772,-0.0969369287847253,-42.85000000000002,1.132109419997771,768093.6,173586.78194778904,16646521.0,1.6001503676231663,17.610000000000014,11.083928571428569,44.00837763815046,-2.235741154789025,TSLA,0,0,0,0,0,0.0,0.0,0.0,0.0,[],True
2026-06-12,0.6212936796032922,0.0182448311074664,0.0402098125759611,-0.0666482999288288,-29.029999999999973,2.035442142153024,820122.55,262693.34146761,18315833.0,1.6974692115521948,7.350000000000023,11.025714285714288,43.71274941694741,-2.159808758407621,TSLA,0,0,0,0,0,0.0,0.0,0.0,0.0,[],True
2026-06-15,0.3631378296203811,0.0114460259596397,0.0055508008313975,-0.0103961110843721,-4.319999999999993,0.9315582034272069,820785.0,262527.46528275736,19080442.0,1.188066069385844,4.680000000000007,10.818571428571431,42.63501914696952,-1.7023710261041174,TSLA,0,0,0,0,0,0.0,0.0,0.0,0.0,[],True
2026-06-16,-0.6097260712306066,-0.0159081729716201,0.0206021787371395,-0.044907494808382,-19.029999999999973,0.9149280400246904,808001.25,259811.7551655376,18341179.0,0.9998775618416632,6.490000000000009,10.788928571428572,38.18067463338741,-1.842300198503381,TSLA,0,0,0,0,0,0.0,0.0,0.0,0.0,[],True
2026-06-17,-0.7830259356998654,-0.0204936969541387,0.0391529954400124,-0.0644582861457153,-27.32,0.7886164762831369,799228.8,262836.7135527701,17710894.0,1.0294699648840409,8.210000000000036,11.260714285714288,35.56295591500158,-2.5858652173516816,TSLA,0,0,0,0,0,0.0,0.0,0.0,0.0,[],True
2026-06-18,0.3166077352585696,0.009962316242978,0.0032565946040732,-0.0430003464879267,-17.995000000000005,1.4075770973054955,823266.45,272960.4217760428,18869705.0,0.7160852293604666,3.9700000000000273,11.08214285714286,38.6948114727683,-2.822266696878444,TSLA,0,0,0,0,0,0.0,0.0,0.0,0.0,[],True
2026-06-22,0.3627662564669532,0.0113217188688254,-0.0036650760072809,0.0363973645493507,14.225000000000025,1.3930146523818416,841457.05,283820.5596044008,20041867.0,0.7369488963607425,4.560000000000002,9.977142857142862,46.24498854524628,-2.61155826406457,TSLA,0,0,0,0,0,0.0,0.0,0.0,0.0,[],True
2026-06-23,-2.0945921942021646,-0.059807926640865,-0.0721876367880939,-0.0670375351509964,-27.414999999999964,2.018039635135636,892019.15,355089.8990652004,18241737.0,1.4546952770355148,23.514999999999983,11.069642857142863,36.37683497338283,-4.292552417682657,TSLA,0,0,0,0,0,0.0,0.0,0.0,0.0,[],True
2026-06-24,-0.5885272809736398,-0.0163170241705245,-0.0725668964494848,-0.0534597538833971,-21.19999999999999,0.8172125949256911,893264.5,354442.8575312172,17511750.0,1.2858488881382963,6.175000000000011,11.505000000000008,34.95064257776124,-6.053245245529467,TSLA,0,0,0,0,0,0.0,0.0,0.0,0.0,[],True
2026-06-25,-0.0577359907695184,-0.0006395906837797,-0.0539695349541006,-0.0169296084700455,-6.45999999999998,0.6210500739497036,886717.55,359727.5231030279,16961054.0,1.1060794824639522,0.2400000000000091,11.139642857142867,36.09695104357027,-7.382867885631356,TSLA,0,0,0,0,0,0.0,0.0,0.0,0.0,[],True
2026-06-26,0.3152991463369121,0.0102902303010955,-0.0536592673974382,-0.0505774192740299,-20.19,1.1640786002867705,911983.95,352981.0596438755,18022675.0,1.1360543410804165,3.879999999999996,9.441071428571435,45.52676376016645,-8.030944109236714,TSLA,0,0,0,0,0,0.0,0.0,0.0,0.0,[],True
2026-06-29,3.043993696520117,0.0826615608484281,0.0163189729663004,0.0125940866827372,5.1200000000000045,1.231226310854885,938061.5,350575.15038763924,19177641.0,3.345071389696125,32.660000000000025,10.479285714285725,50.92359075727627,-5.841819280332231,TSLA,1,0,0,0,1,0.4703294553278324,0.5,0.2351647276639162,5.532577722479935,"[{""name"": ""high_volatility"", ""value"": 3.345071389696125, ""threshold"": 0.8, ""triggered"": true, ""z_score"": null}, {""name"": ""large_return"", ""value"": 3.043993696520117, ""threshold"": 0.05, ""triggered"": true, ""z_score"": null}]",False
2026-06-30,0.647929020726099,0.0209375099167083,0.1017862057216243,0.0222508632848597,9.149999999999975,0.8295733845879486,946256.25,344641.3468311164,19962630.0,2.6594417314971253,8.70999999999998,10.21642857142858,58.323428651331874,-3.3653047359730976,TSLA,0,0,0,0,0,0.0,0.0,0.0,0.0,[],True
2026-07-01,0.3046861766957031,0.0118005933485203,0.1332054560954816,0.0509722531070095,20.629999999999995,1.0891938669077863,973071.95,330599.1381453847,21022494.0,2.4169024485719364,4.990000000000009,9.502857142857152,66.45369813589897,-0.988601833857274,TSLA,0,0,0,0,0,0.0,0.0,0.0,0.0,[],True
2026-07-02,-2.758118224719008,-0.0795843775150281,0.0471849008317337,-0.0093311812771108,-3.6999999999999886,1.5594267184669377,1021114.35,347721.87966129923,19430141.0,3.450715675333089,32.54000000000002,10.569285714285725,47.84753666283706,-1.7110300235515865,TSLA,0,0,1,0,1,0.45694672948921083,0.5,0.22847336474460542,7.591504695136011,"[{""name"": ""volume_spike"", ""value"": 1.5594267184669377, ""threshold"": 1.5, ""triggered"": true, ""z_score"": null}, {""name"": ""high_volatility"", ""value"": 3.450715675333089, ""threshold"": 0.8, ""triggered"": true, ""z_score"": null}, {""name"": ""large_return"", ""value"": -2.758118224719008, ""threshold"": 0.05, ""triggered"": true, ""z_score"": null}]",False
2026-07-06,2.1535578701841303,0.0664030945546767,0.1076253298153036,0.0481909660665684,19.30000000000001,1.1899563758744065,1054565.55,335616.1548783274,20685028.0,3.923179296610273,26.970000000000027,11.970714285714296,53.95309982695865,-0.1060831063770706,TSLA,1,0,0,0,1,0.36299021537226267,0.5,0.18149510768613134,5.300574573155924,"[{""name"": ""high_volatility"", ""value"": 3.923179296610273, ""threshold"": 0.8, ""triggered"": true, ""z_score"": null}, {""name"": ""large_return"", ""value"": 2.1535578701841303, ""threshold"": 0.05, ""triggered"": true, ""z_score"": null}]",False
2026-07-07,-1.3780987000662357,-0.0408180242890487,-0.0210367779235292,-0.0050611035674608,-2.050000000000012,0.6535960612380511,1038661.4,345870.2332217742,20006163.0,3.0017599652570794,16.79000000000002,12.835714285714298,47.71285475792988,-0.1868103580907814,TSLA,0,0,0,0,0,0.0,0.0,0.0,0.0,[],True
2026-07-08,-0.796924150876836,-0.0229410457426326,-0.0630634916858957,0.0323037204974641,12.324999999999989,0.9216944395080277,1030887.2,346032.7242534641,19056000.0,2.5209058402918934,9.139999999999986,13.02500000000001,47.01946805593639,-0.977046121022056,TSLA,0,0,0,0,0,0.0,0.0,0.0,0.0,[],True
2026-07-09,0.9108456825650768,0.0316130127272363,-0.0443154034229829,0.0829869991474849,31.149999999999977,0.7082266414108526,1017376.3,352889.74015019747,19776533.0,2.3657000641317154,12.649999999999975,13.342142857142862,52.67412602387708,-0.5759254666688776,TSLA,0,0,0,0,0,0.0,0.0,0.0,0.0,[],True
2026-07-10,0.0059655538464816,0.0030947610297247,0.0380581436790388,0.0870388142461078,32.64999999999998,0.7689215314761378,1005823.05,357092.1191097064,20549932.0,1.989747824049814,1.259999999999991,13.148571428571431,51.977401129943495,-0.1545810740369688,TSLA,0,0,0,0,0,0.0,0.0,0.0,0.0,[],True
2026-07-13,-1.0500598841696676,-0.0321720182649286,-0.0593868362752805,0.0418469656992084,15.860000000000014,0.9440862262278108,1010022.15,355897.30167390424,19596384.0,1.7795405341750572,12.909999999999968,13.745,47.352283947409454,-0.8525638880827273,TSLA,0,0,0,0,0,0.0,0.0,0.0,0.0,[],True
2026-07-14,0.0865502496289957,0.003299519443614,-0.0169602977667493,-0.0376402856726424,-15.495000000000005,0.65441604643826,957899.8,329625.4976507991,20223249.0,1.6722244937307602,1.3050000000000068,12.158571428571433,54.29737986135589,-1.2855981282829705,TSLA,0,0,0,0,0,0.0,0.0,0.0,0.0,[],True
2026-07-15,-0.1746150282146186,-0.0046680287425745,0.001167927690042,-0.0619692175940242,-26.05000000000001,0.8689294413471534,961440.55,327815.30866752844,19387825.0,1.598728615962264,1.8450000000000275,11.849285714285717,55.71463017662306,-1.7573987651545622,TSLA,0,0,0,0,0,0.0,0.0,0.0,0.0,[],True
2026-07-16,-0.2764228583464337,-0.0083912658368171,-0.0380925438488598,-0.0807198608237729,-34.33500000000004,0.7090228213456907,958455.75,330207.7742385329,18708258.0,1.5269328815018686,3.295000000000016,12.067500000000004,54.70715321554352,-2.369864805265877,TSLA,0,0,0,0,0,0.0,0.0,0.0,0.0,[],True
2026-07-17,-0.8518084032941597,-0.0262346230757468,-0.0658949898226941,-0.0303446871340563,-11.920000000000016,0.7875786655291863,964939.8,324651.0345777125,17948292.0,1.510528533137014,10.125,12.513571428571431,50.54226839431473,-3.630402417258836,TSLA,0,0,0,0,0,0.0,0.0,0.0,0.0,[],True
